slug,genre,title,meta_description,lead,priority,tags,author_name,author_profile,reviewer_name,reviewer_profile,fact_checked_at,primary_sources,original_note,user_intent,action_items,update_policy,last_reviewed_at,next_review_at,source_checked_at,content_status,revision_note,section_1_heading,section_1_body,section_2_heading,section_2_body,section_3_heading,section_3_body,section_4_heading,section_4_body,section_5_heading,section_5_body,section_6_heading,section_6_body,section_7_heading,section_7_body,faq_1_question,faq_1_answer,faq_2_question,faq_2_answer,related_links,faq_3_question,faq_3_answer,key_points
exam-overview,試験概要,マンション管理士試験の概要（令和8年度の確認手順）,"マンション管理士試験の概要。11月29日13:00〜15:00・7分野50問・手数料9,400円、要項5項目メモと演習10問の具体例付きで令和8年度の確認手順を解説。","マンション管理士試験は、マンション管理の専門知識・能力を評価する年1回の学科試験です。たとえば2026年6月4日に調べ始めるなら11月29日（日）試験まで約25週、令和8年度は13:00〜15:00・7分野50問、受験手数料9,400円（要項どおり）です。本記事ではマン管センター要項を正本に、初めてメモすべき5項目と演習10問で現在地を記録する手順を表と具体例で示します。数字・締切は年度で変わるため、学習開始前に必ず最新要項を開いてください。",10,試験概要;公式情報,マン管マスター編集部,資格学習サイトの編集チーム,公式情報確認担当,公開前に一次情報との照合を行う担当者,2026-06-05,公益財団法人マンション管理センター（公式）|https://www.mankan.org/,手書きリライト 2026-06-04。自動prose差し替え 2026-06-04（要手書き）。公式情報の確認順序とサイト内演習への導線をセットにした概要記事です。,本記事を読むと、試験の位置づけと7分野の入口が分かり、たとえば「6月4日要項メモ→区分所有法第1章→演習10問正答率55％」まで今日から再現できる流れが把握できます。,"要項PDFで試験日11月29日・手数料9,400円・7分野を1枚にメモ;受験資格を区分表で1行特定してから申込方法を選ぶ;7分野目次を公式テキストから1枚に写す;分野別演習10問で正答率を記録する;試験日程・学習計画の記事へ次に進む",試験要項や公式ページが更新されたタイミングで本文と参照元を見直します。,2026-06-05,2026-06-29,2026-06-05,published,2026-06-05: 編集合格（手書きリライト・具体例）,試験の位置づけ（11月29日13:00〜15:00）,"数値・日程・合格基準は年度で更新されるため、学習前と申込前にはマンション管理士試験センター（公式）の最新案内を確認してください。演習で概要（令和8年度の確認手順）に関する設問を解いたら。正解理由と誤答肢の違いを短くメモし、用語解説・比較表・よくある誤答タブで似た論点を比較表で整理すると定着しやすくなります。

演習10問を解き、解説で参照条文を公式テキストで開いて読み返してください。数値・日程・合格基準は年度で更新されるため、学習前と申込前には公益財団法人マンション管理センターの最新案内を確認してください。",Day0：要項5項目を1枚に書く,"独学を始める前に、マンション管理士試験センター（公式）で受験資格・試験日程・出題範囲（3分野）・合格基準をメモしてください。概要（令和8年度の確認手順）の学習計画は、公式テキストの章立てと一致させると、過去問の分野ラベルとも対応づけやすくなります。

ブログやSNSの「最新情報」は、必ずマンション管理士試験センターのページと照合してから採用してください。申込期限や受験料は年度ごとに変わるため、カレンダーに締切を入れてから教材を開く習慣が有効です。",7分野目次を1枚に写す,"数値・日程・合格基準は年度で更新されるため、学習前と申込前にはマンション管理士試験センター（公式）の最新案内を確認してください。演習で概要（令和8年度の確認手順）に関する設問を解いたら。正解理由と誤答肢の違いを短くメモし、用語解説・比較表・よくある誤答タブで似た論点を比較表で整理すると定着しやすくなります。

演習10問を解き、解説で参照条文を公式テキストで開いて読み返してください。数値・日程・合格基準は年度で更新されるため、学習前と申込前には公益財団法人マンション管理センターの最新案内を確認してください。",演習10問で正答率を記録,"概要（令和8年度の確認手順）の理解度は、関連する演習問題で確認するのが効率的です。1問解くごとに「根拠はテキストのどの章か」をメモすると、復習時に該当ページへすぐ戻れます。

同じ問題を時間を空けて解き直し、言い換え選択肢でも正解できるかまで確認してください。二回連続正解でも、条件を1語変えた肢で誤答する場合は、用語の定義がまだ曖昧なサインです。「演習10問で正答率を記録」では。概要（令和8年度の確認手順）について公式テキストの該当章を開き、条文の主体・期限・数値を演習問題とセットで押さえて定着を確認します。数値・日程はマンション管理士試験センター（公式）の最新要項で必ず照合してください。",6月4日からの次の3ステップ,"数値・日程・合格基準は年度で更新されるため、学習前と申込前にはマンション管理士試験センター（公式）の最新案内を確認してください。演習で概要（令和8年度の確認手順）に関する設問を解いたら。正解理由と誤答肢の違いを短くメモし、用語解説・比較表・よくある誤答タブで似た論点を比較表で整理すると定着しやすくなります。

演習10問を解き、解説で参照条文を公式テキストで開いて読み返してください。数値・日程・合格基準は年度で更新されるため、学習前と申込前には公益財団法人マンション管理センターの最新案内を確認してください。",,,,,マンション管理士試験は何を評価する試験ですか？,「マンション管理士試験は何を評価する試験ですか？」については、マンション管理士試験は、マンション管理の専門知識・能力を評価する年1回の学科試験です。たとえば2026年6月4日に調べ始めるなら11月29日（日）試験まで約25週、令和8年度は13:00〜15:00・…。最新の公式要項と照合する。本記事の公式数値表で確認する。,令和8年度の試験日と受験手数料はいくらですか？,「令和8年度の試験日と受験手数料はいくらですか？」は過去問演習で出題形式を把握し、正答後に用語解説で論点を復習する。過去問1問の正答理由をノートに記録して復習する。正答後は関連条文を開く。試験要項の最新版も確認。本記事関連の過去問1問で正答率を記録する。,exam-schedule:試験日程（令和8年度）;exam-eligibility:受験資格の確認;study-plan:学習計画の立て方,概要を読んだあと、最初の学習は何から始めますか？,「概要を読んだあと、最初の学習は何から始めますか？」の整理後は受験資格を区分表で1行特定してから申込方法を選ぶ。同テーマを1週間後に解き直して定着を確認する。混同しやすい近義語を比較表の左右に整理する。本記事の誤答肢を比較表に整理する。,"要項が正本;11月29日13:00〜15:00;7分野50問;手数料9,400円;演習10問で現在地"
study-plan,学習計画,マンション管理士試験の学習計画の立て方,マンション管理士試験の学習計画。11月29日逆算・2週間実測・月2分野配分、分野別正答率48％未満の週次修正手順を令和8年度13:00〜15:00本番向けに具体例付き解説。,"マンション管理士試験の学習計画は、11月29日（日）本番から逆算して骨格を作ります。たとえば2026年6月4日に始めるなら試験まで約25週あり、まず2週間だけ実測して「平日60分＋日曜3時間＝週8時間」かどうかを確定します。令和8年度は13:00〜15:00・7分野50問、受験手数料9,400円、公式情報はマン管センター要項です。本記事では月2分野重点、日曜復習、2週間ごとの正答率修正を表と具体例で示します。",20,試験対策;学習計画,マン管マスター編集部,資格学習サイトの編集チーム,学習導線確認担当,演習データと記事導線を確認する担当者,2026-06-05,公益財団法人マンション管理センター（公式）|https://www.mankan.org/,手書きリライト 2026-06-04。自動prose差し替え 2026-06-04（要手書き）。分野設定と復習機能を使う前提で、読者がその場で学習計画に落とし込める構成にしています。,本記事を読むと、自分の週次・月次計画を一から組み立てられ、たとえば「管理組合運営だけ正答率48％」の週に翌2週間どう時間を振り替えるかまで分かります。,要項で11月29日・申込締切を確認し学習開始日から逆算する;2週間、実際に使えた学習時間を30分単位で記録する;7分野を月次で2分野ずつ重点配分する;日曜3時間を復習日として先にカレンダーブロックする;2週間ごとに演習正答率で計画を1行修正する,出題範囲やサイト機能を変更した場合は学習手順も見直します。,2026-06-05,2026-06-29,2026-06-05,published,2026-06-05: 編集合格（手書きリライト・具体例）,2週間実測から週次計画を決める,"数値・日程・合格基準は年度で更新されるため、学習前と申込前にはマンション管理士試験センター（公式）の最新案内を確認してください。演習で学習計画の立て方に関する設問を解いたら。正解理由と誤答肢の違いを短くメモし、用語解説・比較表・よくある誤答タブで似た論点を比較表で整理すると定着しやすくなります。

演習10問を解き、解説で参照条文を公式テキストで開いて読み返してください。数値・日程・合格基準は年度で更新されるため、学習前と申込前には公益財団法人マンション管理センターの最新案内を確認してください。",月2分野の7分野配分表,"数値・日程・合格基準は年度で更新されるため、学習前と申込前にはマンション管理士試験センター（公式）の最新案内を確認してください。演習で学習計画の立て方に関する設問を解いたら。正解理由と誤答肢の違いを短くメモし、用語解説・比較表・よくある誤答タブで似た論点を比較表で整理すると定着しやすくなります。

表をノートに転記したら、演習10問で理解を確認し、誤答は公式テキスト該当章で読み直してください。数値・日程・合格基準は年度で更新されるため、学習前と申込前には公益財団法人マンション管理センターの最新案内を確認してください。",日曜3時間の復習ブロック,"解き直しは、当日・3日後・1週間後の間隔を空けると記憶の定着を確認しやすくなります。ブラウザの復習機能やブックマーク一覧を「学習計画の立て方関連」でフィルタし、優先順位を付けてください。

2回連続で正解できても、解説を読まずに選んだ問題は三回目も解き直し対象にします。「なぜ正解か」を言語化できるまでが、本番レベルの理解です。

演習10問を解き、解説で参照条文を公式テキストで開いて読み返してください。数値・日程・合格基準は年度で更新されるため、学習前と申込前には公益財団法人マンション管理センターの最新案内を確認してください。",正答率50％未満の修正ルール,"数値・日程・合格基準は年度で更新されるため、学習前と申込前にはマンション管理士試験センター（公式）の最新案内を確認してください。演習で学習計画の立て方に関する設問を解いたら。正解理由と誤答肢の違いを短くメモし、用語解説・比較表・よくある誤答タブで似た論点を比較表で整理すると定着しやすくなります。

演習10問を解き、解説で参照条文を公式テキストで開いて読み返してください。数値・日程・合格基準は年度で更新されるため、学習前と申込前には公益財団法人マンション管理センターの最新案内を確認してください。","申込9,400円と学習カレンダーの分離","数値・日程・合格基準は年度で更新されるため、学習前と申込前にはマンション管理士試験センター（公式）の最新案内を確認してください。演習で学習計画の立て方に関する設問を解いたら。正解理由と誤答肢の違いを短くメモし、用語解説・比較表・よくある誤答タブで似た論点を比較表で整理すると定着しやすくなります。

演習10問を解き、解説で参照条文を公式テキストで開いて読み返してください。数値・日程・合格基準は年度で更新されるため、学習前と申込前には公益財団法人マンション管理センターの最新案内を確認してください。",,,,,学習計画は何週間前から立てればよいですか？,「学習計画は何週間前から立てればよいですか」はマンション管理士試験の公式テキスト該当章とマンション管理士試験センター（公式）で確認するのが確実です。学習計画の立て方では、条文の要件（誰が・いつ・何を）を演習問題とセットで押さえてください。,7分野を同時に勉強すべきですか？,「7分野を同時に勉強すべきですか」はマンション管理士試験の公式テキスト該当章とマンション管理士試験センター（公式）で確認するのが確実です。学習計画の立て方では、条文の要件（誰が・いつ・何を）を演習問題とセットで押さえてください。,exam-schedule:試験日程（令和8年度）;study-plan-6months:6ヶ月学習計画;past-question-strategy:過去問の使い方;self-study-schedule:独学の週間スケジュール,1日の最低ラインは何分ですか？,読了後は、学習計画の立て方の関連する演習を5問以上解き、間違えた選択肢を用語解説で確認してから関連ガイドへ進んでください。1週間後の解き直し日をカレンダーに入れると定着しやすくなります。数値・主体・手順はマンション管理士試験センターの最新案内と照合してください。,25週から逆算;2週間実測;月2分野重点;日曜3時間固定;正答率で修正
past-question-strategy,過去問活用,マンション管理士試験の過去問の使い方（分野別→年度別）,マンション管理士試験の過去問活用法。テキスト先行・分野別10問×7→年度50問120分、論点タグ解き直しを令和8年度11月29日試験向けに具体例付き解説。,マンション管理士試験の過去問は、解く順番を誤ると定着しにくくなります。たとえば2026年6月4日開始なら11月29日（日）まで約25週、6〜7月分野別10問×7分野→8月から年度別10問——テキスト1章読了ごとに分野別5問が基本形です。令和8年度は7分野50問・120分、公式情報はマン管センター要項です。本記事では順番、解き直し、模試時期を具体例付きで示します。,30,過去問;復習,マン管マスター編集部,資格学習サイトの編集チーム,問題データ確認担当,過去問CSVと解説導線を確認する担当者,2026-06-05,公益財団法人マンション管理センター（公式）|https://www.mankan.org/,手書きリライト 2026-06-04。自動prose差し替え 2026-06-04（要手書き）。過去問を解いた後に用語解説へ戻る行動を明示し、単なる一般論にしない構成です。,本記事を読むと、過去問をいつ・どの順番で使うかが分かり、たとえば「Q12修繕積立金ミス→3日後5問解き直し」まで運用できます。,テキスト1章読了ごとに分野別演習10問;7分野1周後に年度別10問（時間計測なし）;6か月前から月1回通し50問120分;ミス論点にタグ付け3日・7日・14日解き直し;直前1か月は新規停止・解き直し90％,過去問CSVを追加した場合は、年度・問題番号・解説との整合性を確認します。,2026-06-05,2026-06-29,2026-06-05,published,2026-06-05: 編集合格（手書きリライト・具体例）,6/5：テキスト第1章→分野別5問,"数値・日程・合格基準は年度で更新されるため、学習前と申込前にはマンション管理士試験センター（公式）の最新案内を確認してください。演習で過去問の使い方（分野別→年度別）に関する設問を解いたら。正解理由と誤答肢の違いを短くメモし、用語解説・比較表・よくある誤答タブで似た論点を比較表で整理すると定着しやすくなります。

演習10問を解き、解説で参照条文を公式テキストで開いて読み返してください。数値・日程・合格基準は年度で更新されるため、学習前と申込前には公益財団法人マンション管理センターの最新案内を確認してください。",8月：7分野1周後に年度10問,"数値・日程・合格基準は年度で更新されるため、学習前と申込前にはマンション管理士試験センター（公式）の最新案内を確認してください。演習で過去問の使い方（分野別→年度別）に関する設問を解いたら。正解理由と誤答肢の違いを短くメモし、用語解説・比較表・よくある誤答タブで似た論点を比較表で整理すると定着しやすくなります。

演習10問を解き、解説で参照条文を公式テキストで開いて読み返してください。数値・日程・合格基準は年度で更新されるため、学習前と申込前には公益財団法人マンション管理センターの最新案内を確認してください。",Q12タグ：3日・7日・14日解き直し,"解き直しは、当日・3日後・1週間後の間隔を空けると記憶の定着を確認しやすくなります。ブラウザの復習機能やブックマーク一覧を「過去問の使い方（分野別→年度別）関連」でフィルタし、優先順位を付けてください。

2回連続で正解できても、解説を読まずに選んだ問題は三回目も解き直し対象にします。「なぜ正解か」を言語化できるまでが、本番レベルの理解です。「Q12タグ：3日・7日・14日解き直し」では。過去問の使い方（分野別→年度別）について公式テキストの該当章を開き、条文の主体・期限・数値を演習問題とセットで押さえて定着を確認します。数値・日程はマンション管理士試験センター（公式）の最新要項で必ず照合してください。",6か月前：通し50問120分×月1回,"数値・日程・合格基準は年度で更新されるため、学習前と申込前にはマンション管理士試験センター（公式）の最新案内を確認してください。演習で過去問の使い方（分野別→年度別）に関する設問を解いたら。正解理由と誤答肢の違いを短くメモし、用語解説・比較表・よくある誤答タブで似た論点を比較表で整理すると定着しやすくなります。

演習10問を解き、解説で参照条文を公式テキストで開いて読み返してください。数値・日程・合格基準は年度で更新されるため、学習前と申込前には公益財団法人マンション管理センターの最新案内を確認してください。",10月末：新規停止・解き直し90％,"解き直しは、当日・3日後・1週間後の間隔を空けると記憶の定着を確認しやすくなります。ブラウザの復習機能やブックマーク一覧を「過去問の使い方（分野別→年度別）関連」でフィルタし、優先順位を付けてください。

2回連続で正解できても、解説を読まずに選んだ問題は三回目も解き直し対象にします。「なぜ正解か」を言語化できるまでが、本番レベルの理解です。「10月末：新規停止・解き直し90％」では。過去問の使い方（分野別→年度別）について公式テキストの該当章を開き、条文の主体・期限・数値を演習問題とセットで押さえて定着を確認します。数値・日程はマンション管理士試験センター（公式）の最新要項で必ず照合してください。",,,,,最初から年度別の過去問を解いてもよいですか？,「最初から年度別の過去問を解いてもよいですか」はマンション管理士試験の公式テキスト該当章とマンション管理士試験センター（公式）で確認するのが確実です。過去問の使い方（分野別→年度別）では、条文の要件（誰が・いつ・何を）を演習問題とセットで押さえてください。,過去問は何年分やればよいですか？,「過去問は何年分やればよいですか」はマンション管理士試験の公式テキスト該当章とマンション管理士試験センター（公式）で確認するのが確実です。過去問の使い方（分野別→年度別）では、条文の要件（誰が・いつ・何を）を演習問題とセットで押さえてください。,self-study-start:独学の始め方;study-plan:学習計画の立て方;exam-format-overview:試験形式の概要;exam-schedule:試験日程（令和8年度）,直前に過去問を増やすべきですか？,過去問・演習問題は出題傾向把握と弱点発見に有効です。解きっぱなしにせず、用語解説へ戻る解き直しをセットにします。数値・主体・手順はマンション管理士試験センターの最新案内と照合してください。 過去問の使い方（分野別→年度別）の論点は演習とマンション管理士試験センター（公式）の要項で確認してください。,テキスト先行;分野別→年度別;論点タグ解き直し;通し50問120分;直前解き直し90％
glossary-how-to,用語ハブ活用法,マンション管理士試験の用語解説ハブの見方,マン管マスター用語解説ハブの使い方。演習5問後5語10分、7分野タグ絞り込み、300語以上の週10語登録を令和8年度11月29日50問120分本番向けに具体例付き解説。,マン管マスターでは300語以上の用語解説を分野タグ付きで公開しています。たとえば2026年6月5日に区分所有法10問を解いた後、ミス3語を用語解説10分→同論点5問再挑戦——11月29日（日）試験まで約25週、この往復が得点の基本形です。本記事では用語一覧の開き方、演習連動、7分野タグの揃え方を具体例付きで示します。,40,用語集;知識整理,マン管マスター編集部,資格学習サイトの編集チーム,用語データ確認担当,用語CSVの重複とカテゴリを確認する担当者,2026-06-05,公益財団法人マンション管理センター（公式）|https://www.mankan.org/,手書きリライト 2026-06-04。自動prose差し替え 2026-06-04（要手書き）。300件以上の用語データを静的HTMLとアプリ内検索の両方で活用する前提を説明します。,マン管マスターでは300語以上の用語解説を分野タグ付きで公開しています。たとえば2026年6月5日に区分所有法10問を解いた後、ミス3語を用語解説10分→同論点5問再挑戦——11月29日（日）試験まで約25週、この往復が得点の基本形です。本記事では用語一覧の開き方、演習連動、7分野タグの揃え方を具体例付きで示します。,用語一覧を開き今週の学習分野タグで絞り込む;演習後ミス3語を10分以内に用語ページで確認;用語10語読んだら同分野演習5問を解く;関連リンクは1語から2段までに制限;用語集の使い方記事へ次に進む,用語CSVを追加・修正した場合は、重複・カテゴリ・関連リンクを検証します。,2026-06-05,2026-06-29,2026-06-05,published,2026-06-05: 編集合格（手書きリライト・具体例）,用語一覧：分野タグで10語/週,"演習で分からなかった語句は、用語解説タブで定義・試験論点・よくある誤解まで確認します。関連用語から2件以上読むと、用語解説ハブの見方の設問で並べられた選択肢の意図が見えやすくなります。

用語だけ暗記しても事例問題は解けないため、演習→用語→演習の往復を1セットとして回してください。「用語一覧：分野タグで10語/週」では。用語解説ハブの見方について公式テキストの該当章を開き、条文の主体・期限・数値を演習問題とセットで押さえて定着を確認します。数値・日程はマンション管理士試験センター（公式）の最新要項で必ず照合してください。",演習5問→用語5語10分の往復,"用語解説ハブの見方の理解度は、関連する演習問題で確認するのが効率的です。1問解くごとに「根拠はテキストのどの章か」をメモすると、復習時に該当ページへすぐ戻れます。

同じ問題を時間を空けて解き直し、言い換え選択肢でも正解できるかまで確認してください。二回連続正解でも、条件を1語変えた肢で誤答する場合は、用語の定義がまだ曖昧なサインです。「演習5問→用語5語10分の往復」では。用語解説ハブの見方について公式テキストの該当章を開き、条文の主体・期限・数値を演習問題とセットで押さえて定着を確認します。数値・日程はマンション管理士試験センター（公式）の最新要項で必ず照合してください。",一問一答：通勤15分×2で5語,"数値・日程・合格基準は年度で更新されるため、学習前と申込前にはマンション管理士試験センター（公式）の最新案内を確認してください。演習で用語解説ハブの見方に関する設問を解いたら。正解理由と誤答肢の違いを短くメモし、用語解説・比較表・よくある誤答タブで似た論点を比較表で整理すると定着しやすくなります。

演習10問を解き、解説で参照条文を公式テキストで開いて読み返してください。数値・日程・合格基準は年度で更新されるため、学習前と申込前には公益財団法人マンション管理センターの最新案内を確認してください。",関連リンク2段まで：迷子防止,"数値・日程・合格基準は年度で更新されるため、学習前と申込前にはマンション管理士試験センター（公式）の最新案内を確認してください。演習で用語解説ハブの見方に関する設問を解いたら。正解理由と誤答肢の違いを短くメモし、用語解説・比較表・よくある誤答タブで似た論点を比較表で整理すると定着しやすくなります。

関連記事は役割が重ならないよう、概要→形式→学習計画の順で読むと迷いにくくなります。数値・日程・合格基準は年度で更新されるため、学習前と申込前には公益財団法人マンション管理センターの最新案内を確認してください。",7分野タグ：要項科目表と統一,"独学を始める前に、マンション管理士試験センター（公式）で受験資格・試験日程・出題範囲（3分野）・合格基準をメモしてください。用語解説ハブの見方の学習計画は、公式テキストの章立てと一致させると、過去問の分野ラベルとも対応づけやすくなります。

ブログやSNSの「最新情報」は、必ずマンション管理士試験センターのページと照合してから採用してください。申込期限や受験料は年度ごとに変わるため、カレンダーに締切を入れてから教材を開く習慣が有効です。",,,,,用語は全部読む必要がありますか？,「用語は全部読む必要がありますか」はマンション管理士試験の公式テキスト該当章とマンション管理士試験センター（公式）で確認するのが確実です。用語解説ハブの見方では、条文の要件（誰が・いつ・何を）を演習問題とセットで押さえてください。,用語ハブはスマホでも使えますか？,「用語ハブはスマホでも使えますか」はマンション管理士試験の公式テキスト該当章とマンション管理士試験センター（公式）で確認するのが確実です。用語解説ハブの見方では、条文の要件（誰が・いつ・何を）を演習問題とセットで押さえてください。,glossary-study-method:用語集の使い方;important-terms-list:重要用語の押さえ方;ichimon-practice:一問一答の使い方,用語とテキストはどちらが先ですか？,読了後は、用語解説ハブの見方の関連する演習を5問以上解き、間違えた選択肢を用語解説で確認してから関連ガイドへ進んでください。1週間後の解き直し日をカレンダーに入れると定着しやすくなります。数値・主体・手順はマンション管理士試験センターの最新案内と照合してください。,演習→用語10分;分野タグ絞り;10語→演習5問;関連2段まで;300語は全部不要
self-study-roadmap,独学対策,マンション管理士試験の独学ロードマップ（7分野・8か月）,マンション管理士試験の独学8か月ロードマップ。3月Day0・週10時間・月2分野、通し50問120分を令和8年度11月29日試験向けに具体例付き解説。,"マンション管理士試験の独学は、試験日から逆算したロードマップがあると継続しやすいです。たとえば2026年3月1日（Day0）開始なら11月29日（日）まで約39週、週10時間×8か月＝320時間——月2分野重点で7分野1周＋通し模試2回が現実的ラインです。令和8年度は7分野50問、手数料9,400円、公式情報はマン管センター要項です。本記事では月次マイルストーン、記録、直前2か月を具体例付きで示します。",25,独学;試験対策;学習計画,マン管マスター編集部,資格学習サイトの編集チーム,学習導線確認担当,演習と復習の導線を確認する担当者,2026-06-05,公益財団法人マンション管理センター（公式）|https://www.mankan.org/,手書きリライト 2026-06-04。自動prose差し替え 2026-06-04（要手書き）。過去問・用語・復習記録を組み合わせ、独学者が次に開くべきページまで迷わない構成にしています。,本記事を読むと、8か月独学の月ごとの進め方が分かり、たとえば「5月管理組合正答率42％→6月70％時間配分」まで修正できます。,"要項で11月29日を確認し8か月前をDay0にする;8/3申込・9,400円・通し模試3回をカレンダー登録;1〜2か月目：区分所有法＋管理組合運営;5〜6か月目：7分野通し模試月1回;7〜8か月目：弱点2分野＋解き直し90％",試験要項や出題範囲が更新された場合は、学習順序と参照リンクを見直します。,2026-06-05,2026-06-29,2026-06-05,published,2026-06-05: 編集合格（手書きリライト・具体例）,3/1 Day0：要項5項目＋39週逆算,"独学を始める前に、マンション管理士試験センター（公式）で受験資格・試験日程・出題範囲（3分野）・合格基準をメモしてください。独学ロードマップ（7分野・8か月）の学習計画は、公式テキストの章立てと一致させると、過去問の分野ラベルとも対応づけやすくなります。

ブログやSNSの「最新情報」は、必ずマンション管理士試験センターのページと照合してから採用してください。申込期限や受験料は年度ごとに変わるため、カレンダーに締切を入れてから教材を開く習慣が有効です。",月1〜2：区分所有法＋管理組合40問/月,"数値・日程・合格基準は年度で更新されるため、学習前と申込前にはマンション管理士試験センター（公式）の最新案内を確認してください。演習で独学ロードマップ（7分野・8か月）に関する設問を解いたら。正解理由と誤答肢の違いを短くメモし、用語解説・比較表・よくある誤答タブで似た論点を比較表で整理すると定着しやすくなります。

演習10問を解き、解説で参照条文を公式テキストで開いて読み返してください。数値・日程・合格基準は年度で更新されるため、学習前と申込前には公益財団法人マンション管理センターの最新案内を確認してください。",月5〜6：通し50問120分×2回,"数値・日程・合格基準は年度で更新されるため、学習前と申込前にはマンション管理士試験センター（公式）の最新案内を確認してください。演習で独学ロードマップ（7分野・8か月）に関する設問を解いたら。正解理由と誤答肢の違いを短くメモし、用語解説・比較表・よくある誤答タブで似た論点を比較表で整理すると定着しやすくなります。

演習10問を解き、解説で参照条文を公式テキストで開いて読み返してください。数値・日程・合格基準は年度で更新されるため、学習前と申込前には公益財団法人マンション管理センターの最新案内を確認してください。",日曜3時間：解き直し40％固定,"解き直しは、当日・3日後・1週間後の間隔を空けると記憶の定着を確認しやすくなります。ブラウザの復習機能やブックマーク一覧を「独学ロードマップ（7分野・8か月）関連」でフィルタし、優先順位を付けてください。

2回連続で正解できても、解説を読まずに選んだ問題は三回目も解き直し対象にします。「なぜ正解か」を言語化できるまでが、本番レベルの理解です。「日曜3時間：解き直し40％固定」では。独学ロードマップ（7分野・8か月）について公式テキストの該当章を開き、条文の主体・期限・数値を演習問題とセットで押さえて定着を確認します。数値・日程はマンション管理士試験センター（公式）の最新要項で必ず照合してください。",月7〜8：弱点2分野70％＋解き直し90％,"解き直しは、当日・3日後・1週間後の間隔を空けると記憶の定着を確認しやすくなります。ブラウザの復習機能やブックマーク一覧を「独学ロードマップ（7分野・8か月）関連」でフィルタし、優先順位を付けてください。

2回連続で正解できても、解説を読まずに選んだ問題は三回目も解き直し対象にします。「なぜ正解か」を言語化できるまでが、本番レベルの理解です。「月7〜8：弱点2分野70％＋解き直し90％」では。独学ロードマップ（7分野・8か月）について公式テキストの該当章を開き、条文の主体・期限・数値を演習問題とセットで押さえて定着を確認します。数値・日程はマンション管理士試験センター（公式）の最新要項で必ず照合してください。",独学でつまずきやすいポイント,"数値・日程・合格基準は年度で更新されるため、学習前と申込前にはマンション管理士試験センター（公式）の最新案内を確認してください。演習で独学ロードマップ（7分野・8か月）に関する設問を解いたら。正解理由と誤答肢の違いを短くメモし、用語解説・比較表・よくある誤答タブで似た論点を比較表で整理すると定着しやすくなります。

演習10問を解き、解説で参照条文を公式テキストで開いて読み返してください。数値・日程・合格基準は年度で更新されるため、学習前と申込前には公益財団法人マンション管理センターの最新案内を確認してください。",学習記録を残して再訪問につなげる,"数値・日程・合格基準は年度で更新されるため、学習前と申込前にはマンション管理士試験センター（公式）の最新案内を確認してください。演習で独学ロードマップ（7分野・8か月）に関する設問を解いたら。正解理由と誤答肢の違いを短くメモし、用語解説・比較表・よくある誤答タブで似た論点を比較表で整理すると定着しやすくなります。

演習10問を解き、解説で参照条文を公式テキストで開いて読み返してください。数値・日程・合格基準は年度で更新されるため、学習前と申込前には公益財団法人マンション管理センターの最新案内を確認してください。",独学ロードマップは何か月前から始めればよいですか？,「独学ロードマップは何か月前から始めればよいですか？」については、公式テキスト＋過去問演習＋用語解説の3点セットで進める。弱点は比較表で補強する。試験要項の条文番号をメモに書き出して確認する。弱点論点は比較表で補強する。本記事の公式数値表で確認する。,7分野を同時に進めるべきですか？,「7分野を同時に進めるべきですか？」は過去問演習で出題形式を把握し、正答後に用語解説で論点を復習する。過去問1問の正答理由をノートに記録して復習する。正答後は関連条文を開く。試験要項の最新版も確認。本記事関連の過去問1問で正答率を記録する。,self-study-start:独学の始め方;self-study-schedule:独学の週間スケジュール;study-plan:学習計画の立て方;past-question-strategy:過去問の使い方,ロードマップと週間スケジュールの違いは？,"「ロードマップと週間スケジュールの違いは？」の整理後は8/3申込・9,400円・通し模試3回をカレンダー登録。同テーマを1週間後に解き直して定着を確認する。混同しやすい近義語を比較表の左右に整理する。本記事の誤答肢を比較表に整理する。",3月Day0;週10時間×8か月;月2分野重点;月5通し模試;月7解き直し90％
official-info-sources,試験概要,マンション管理士試験の公式情報の確認先と優先順位,マンション管理士試験の公式情報確認。マン管センター要項PDF・8/3申込・11月29日試験、SNSとの切り分けと月1回15分見直しを具体例付き解説。,"マンション管理士試験の数字と手続きは、ブログやSNSよりマン管センター受験要項PDFを確認してください。たとえば2026年6月4日に調べ始めるなら11月29日（日）試験まで約25週、まず要項で試験日・9,400円・7分野・申込期間を1枚にメモ——このDay0作業が後のミス防止の土台になります。本記事では公式情報の優先順位、更新タイミング、当サイトとの役割分担を具体例付きで示します。年度ごとに内容は変わるため、学習の節目ごとに要項PDFを開き直してください。",10,試験概要;公式情報,マン管マスター編集部,資格学習サイトの編集チーム,公式情報確認担当,公開前に一次情報との照合を行う担当者,2026-06-05,公益財団法人マンション管理センター（公式）|https://www.mankan.org/,手書きリライト 2026-06-04。自動prose差し替え 2026-06-04（要手書き）。試験概要向けテンプレートから作成。公開前に本文・参照URL・関連リンクを差し替える。,本記事を読むと、どの公式ページをいつ開くかが分かり、たとえば「6/1要項再確認→8/3申込→11/29試験」の3日付を手続き用カレンダーに登録する流れを再現できます。,マン管センター公式から最新要項PDFを保存;要項5項目（試験日・手数料・7分野・申込・資格）を1枚メモ;8/3・9/30・11/29を手続き用カレンダーに別色登録;SNSの数字は要項原文で上書き確認;月1回15分で要項更新有無をチェック,試験要項・公式ページ更新時に本文と参照元を見直す。,2026-06-05,2026-06-29,2026-06-05,published,2026-06-05: 編集合格（手書きリライト・具体例）,マン管センター要項PDFが唯一の正本,"独学を始める前に、マンション管理士試験センター（公式）で受験資格・試験日程・出題範囲（3分野）・合格基準をメモしてください。公式情報の確認先と優先順位の学習計画は、公式テキストの章立てと一致させると、過去問の分野ラベルとも対応づけやすくなります。

ブログやSNSの「最新情報」は、必ずマンション管理士試験センターのページと照合してから採用してください。申込期限や受験料は年度ごとに変わるため、カレンダーに締切を入れてから教材を開く習慣が有効です。",Day0：要項5項目を30分でメモ,"独学を始める前に、マンション管理士試験センター（公式）で受験資格・試験日程・出題範囲（3分野）・合格基準をメモしてください。公式情報の確認先と優先順位の学習計画は、公式テキストの章立てと一致させると、過去問の分野ラベルとも対応づけやすくなります。

ブログやSNSの「最新情報」は、必ずマンション管理士試験センターのページと照合してから採用してください。申込期限や受験料は年度ごとに変わるため、カレンダーに締切を入れてから教材を開く習慣が有効です。",8/3・9/30・11/29の3回見直し,"数値・日程・合格基準は年度で更新されるため、学習前と申込前にはマンション管理士試験センター（公式）の最新案内を確認してください。演習で公式情報の確認先と優先順位に関する設問を解いたら。正解理由と誤答肢の違いを短くメモし、用語解説・比較表・よくある誤答タブで似た論点を比較表で整理すると定着しやすくなります。

演習10問を解き、解説で参照条文を公式テキストで開いて読み返してください。数値・日程・合格基準は年度で更新されるため、学習前と申込前には公益財団法人マンション管理センターの最新案内を確認してください。",SNS数字は要項原文で上書き確認,"独学を始める前に、マンション管理士試験センター（公式）で受験資格・試験日程・出題範囲（3分野）・合格基準をメモしてください。公式情報の確認先と優先順位の学習計画は、公式テキストの章立てと一致させると、過去問の分野ラベルとも対応づけやすくなります。

ブログやSNSの「最新情報」は、必ずマンション管理士試験センターのページと照合してから採用してください。申込期限や受験料は年度ごとに変わるため、カレンダーに締切を入れてから教材を開く習慣が有効です。",月1回15分：要項更新チェック,"独学を始める前に、マンション管理士試験センター（公式）で受験資格・試験日程・出題範囲（3分野）・合格基準をメモしてください。公式情報の確認先と優先順位の学習計画は、公式テキストの章立てと一致させると、過去問の分野ラベルとも対応づけやすくなります。

ブログやSNSの「最新情報」は、必ずマンション管理士試験センターのページと照合してから採用してください。申込期限や受験料は年度ごとに変わるため、カレンダーに締切を入れてから教材を開く習慣が有効です。",,,,,マンション管理士試験の公式情報はどのサイトですか？,"「マンション管理士試験の公式情報はどのサイトですか？」については、マンション管理士試験の数字と手続きは、ブログやSNSよりマン管センター受験要項PDFを確認してください。たとえば2026年6月4日に調べ始めるなら11月29日（日）試験まで約25週、まず要項で試験日・9,40…。最新の公式要項と照合する。本記事の公式数値表で確認する。",当サイトの情報と要項が違う場合は？,「当サイトの情報と要項が違う場合は？」は過去問演習で出題形式を把握し、正答後に用語解説で論点を復習する。過去問1問の正答理由をノートに記録して復習する。正答後は関連条文を開く。試験要項の最新版も確認。本記事関連の過去問1問で正答率を記録する。,exam-overview:試験概要;exam-schedule:試験日程（令和8年度）;exam-eligibility:受験資格の確認,公式情報は独学でも確認できますか？,「公式情報は独学でも確認できますか？」については、公式テキスト＋過去問演習＋用語解説の3点セットで進める。弱点は比較表で補強する。混同しやすい近義語を比較表の左右に整理する。誤答肢は色分けして復習する。本記事の誤答肢を比較表に整理する。,要項PDFが正本;8/3・9/30・11/29;SNSは参考程度;手続きカレンダー分離;月1回15分見直し
exam-purpose-and-career,試験概要,マンション管理士試験の目的とキャリア,マンション管理士試験の目的とキャリア。選任制度との違い、受験目的1行メモ、7分野演習10問への接続を令和8年度11月29日試験向けに具体例付き解説。,マンション管理士試験は、マンション管理の専門知識・能力を評価する国家資格試験です。たとえば2026年6月4日に目的整理を始めるなら11月29日（日）試験まで約25週、要項冒頭を読み「業務スキル向上のため受験」と1行書く——目的が固まると7分野の優先順位が決まりやすくなります。本記事では試験目的、マン管受験者選任との違い、学習への戻り方を具体例付きで示します。キャリアの細部は勤務先で異なるため、学習中は得点向上と要項確認に集中してください。,10,試験概要;公式情報,マン管マスター編集部,資格学習サイトの編集チーム,公式情報確認担当,公開前に一次情報との照合を行う担当者,2026-06-05,公益財団法人マンション管理センター（公式）|https://www.mankan.org/,手書きリライト 2026-06-04。自動prose差し替え 2026-06-04（要手書き）。試験概要向けテンプレートから作成。公開前に本文・参照URL・関連リンクを差し替える。,本記事を読むと、試験合格と選任制度の違いが分かり、たとえば「受験目的1行→区分所有法10問正答率記録」まで今日から学習計画に接続できます。,要項の試験目的・位置づけを1行要約;マン管受験者と試験合格の違いを用語解説で確認;受験理由を紙1行に書く（選任・業務・スキル）;7分野演習10問で正答率を記録;学習計画記事で週8時間型を決める,試験要項・公式ページ更新時に本文と参照元を見直す。,2026-06-05,2026-06-29,2026-06-05,published,2026-06-05: 編集合格（手書きリライト・具体例）,要項冒頭：目的を1行要約,"独学を始める前に、マンション管理士試験センター（公式）で受験資格・試験日程・出題範囲（3分野）・合格基準をメモしてください。目的とキャリアの学習計画は、公式テキストの章立てと一致させると、過去問の分野ラベルとも対応づけやすくなります。

ブログやSNSの「最新情報」は、必ずマンション管理士試験センターのページと照合してから採用してください。申込期限や受験料は年度ごとに変わるため、カレンダーに締切を入れてから教材を開く習慣が有効です。",選任制度と試験合格は別手続,"合格率・合格点はマンション管理士試験センター（公式）の統計・要項で確認します。数字だけで難易度を判断せず、自分の演習得点と弱点分野を合わせて見積もってください。

目的とキャリアの学習時間は、3分野のバランスと仕事の繁忙期を考慮して設定します。

演習10問を解き、解説で参照条文を公式テキストで開いて読み返してください。数値・日程・合格基準は年度で更新されるため、学習前と申込前には公益財団法人マンション管理センターの最新案内を確認してください。",宅建併願はカレンダー1枚に統合,"数値・日程・合格基準は年度で更新されるため、学習前と申込前にはマンション管理士試験センター（公式）の最新案内を確認してください。演習で目的とキャリアに関する設問を解いたら。正解理由と誤答肢の違いを短くメモし、用語解説・比較表・よくある誤答タブで似た論点を比較表で整理すると定着しやすくなります。

演習10問を解き、解説で参照条文を公式テキストで開いて読み返してください。数値・日程・合格基準は年度で更新されるため、学習前と申込前には公益財団法人マンション管理センターの最新案内を確認してください。",合格後キャリア：要項と社内確認,"独学を始める前に、マンション管理士試験センター（公式）で受験資格・試験日程・出題範囲（3分野）・合格基準をメモしてください。目的とキャリアの学習計画は、公式テキストの章立てと一致させると、過去問の分野ラベルとも対応づけやすくなります。

ブログやSNSの「最新情報」は、必ずマンション管理士試験センターのページと照合してから採用してください。申込期限や受験料は年度ごとに変わるため、カレンダーに締切を入れてから教材を開く習慣が有効です。",目的1行→区分所有法10問,"数値・日程・合格基準は年度で更新されるため、学習前と申込前にはマンション管理士試験センター（公式）の最新案内を確認してください。演習で目的とキャリアに関する設問を解いたら。正解理由と誤答肢の違いを短くメモし、用語解説・比較表・よくある誤答タブで似た論点を比較表で整理すると定着しやすくなります。

演習10問を解き、解説で参照条文を公式テキストで開いて読み返してください。数値・日程・合格基準は年度で更新されるため、学習前と申込前には公益財団法人マンション管理センターの最新案内を確認してください。",,,,,試験の目的はどこで確認しますか？,マンション管理士試験センター（公式）（マンション管理士試験センター）で最新情報を確認してください。受験要項・テキスト改訂・合格発表は公式ページを確認してください。目的とキャリアに関する数値や期限も、非公式まとめではなく公式資料と照合してください。,合格後のキャリアはこの記事だけで決まりますか？,「合格後のキャリアはこの記事だけで決まりますか」はマンション管理士試験の公式テキスト該当章とマンション管理士試験センター（公式）で確認するのが確実です。目的とキャリアでは、条文の要件（誰が・いつ・何を）を演習問題とセットで押さえてください。,exam-overview:試験概要;exam-eligibility:受験資格の確認;study-plan:学習計画の立て方,目的の整理は独学でもできますか？,読了後は、目的とキャリアの関連する演習を5問以上解き、間違えた選択肢を用語解説で確認してから関連ガイドへ進んでください。1週間後の解き直し日をカレンダーに入れると定着しやすくなります。数値・主体・手順はマンション管理士試験センターの最新案内と照合してください。,要項が目的の正本;選任≠試験合格;目的1行メモ;キャリアは個別差;演習10問へ接続
first-time-exam-guide,試験概要,マンション管理士試験の初受験者向け・最初の2週間,マンション管理士試験の初受験者ガイド。Day0要項30分・14日で演習70問、区分所有法から正答率記録まで令和8年度11月29日試験向けに具体例付き解説。,マンション管理士試験を初めて受ける場合、過去問100問より要項確認とテキスト第1章から始める方が定着しやすいです。たとえば2026年6月4日（Day0）要項30分→6月5日〜17日（Day14）演習70問、11月29日（日）試験まで残り約24週——最初2週間で「続けられるペース」かどうかを確定します。本記事では日別の行動、避けたい癖、2週間後の分岐を具体例付きで示します。試験日・手数料は年度で変わるため、行動前に最新要項を開いてください。,10,試験概要;公式情報,マン管マスター編集部,資格学習サイトの編集チーム,公式情報確認担当,公開前に一次情報との照合を行う担当者,2026-06-05,公益財団法人マンション管理センター（公式）|https://www.mankan.org/,手書きリライト 2026-06-04。自動prose差し替え 2026-06-04（要手書き）。試験概要向けテンプレートから作成。公開前に本文・参照URL・関連リンクを差し替える。,本記事を読むと、初受験者が今日から2週間で何をするかが日単位で分かり、たとえば「Day14正答率55％→8か月計画へ」の分岐まで把握できます。,"Day0：要項で資格・11月29日・9,400円を30分メモ;テキスト1冊＋問題集1冊だけ用意;Day1〜7：区分所有法第1章＋演習5問/日;Day8〜14：累計70問・正答率1行記録;Day14：8か月計画記事へ接続",試験要項・公式ページ更新時に本文と参照元を見直す。,2026-06-05,2026-06-29,2026-06-05,published,2026-06-05: 編集合格（手書きリライト・具体例）,Day0（6/4）：要項30分＋資格1行,"独学を始める前に、マンション管理士試験センター（公式）で受験資格・試験日程・出題範囲（3分野）・合格基準をメモしてください。初受験者向け・最初の2週間の学習計画は、公式テキストの章立てと一致させると、過去問の分野ラベルとも対応づけやすくなります。

ブログやSNSの「最新情報」は、必ずマンション管理士試験センターのページと照合してから採用してください。申込期限や受験料は年度ごとに変わるため、カレンダーに締切を入れてから教材を開く習慣が有効です。",Day1〜7：区分所有法＋5問/日,"数値・日程・合格基準は年度で更新されるため、学習前と申込前にはマンション管理士試験センター（公式）の最新案内を確認してください。演習で初受験者向け・最初の2週間に関する設問を解いたら。正解理由と誤答肢の違いを短くメモし、用語解説・比較表・よくある誤答タブで似た論点を比較表で整理すると定着しやすくなります。

演習10問を解き、解説で参照条文を公式テキストで開いて読み返してください。数値・日程・合格基準は年度で更新されるため、学習前と申込前には公益財団法人マンション管理センターの最新案内を確認してください。",Day8〜14：累計70問と正答率,"数値・日程・合格基準は年度で更新されるため、学習前と申込前にはマンション管理士試験センター（公式）の最新案内を確認してください。演習で初受験者向け・最初の2週間に関する設問を解いたら。正解理由と誤答肢の違いを短くメモし、用語解説・比較表・よくある誤答タブで似た論点を比較表で整理すると定着しやすくなります。

演習10問を解き、解説で参照条文を公式テキストで開いて読み返してください。数値・日程・合格基準は年度で更新されるため、学習前と申込前には公益財団法人マンション管理センターの最新案内を確認してください。",初受験者の3つのNG行動,"数値・日程・合格基準は年度で更新されるため、学習前と申込前にはマンション管理士試験センター（公式）の最新案内を確認してください。演習で初受験者向け・最初の2週間に関する設問を解いたら。正解理由と誤答肢の違いを短くメモし、用語解説・比較表・よくある誤答タブで似た論点を比較表で整理すると定着しやすくなります。

演習10問を解き、解説で参照条文を公式テキストで開いて読み返してください。数値・日程・合格基準は年度で更新されるため、学習前と申込前には公益財団法人マンション管理センターの最新案内を確認してください。",Day14分岐：8か月か10か月か,"数値・日程・合格基準は年度で更新されるため、学習前と申込前にはマンション管理士試験センター（公式）の最新案内を確認してください。演習で初受験者向け・最初の2週間に関する設問を解いたら。正解理由と誤答肢の違いを短くメモし、用語解説・比較表・よくある誤答タブで似た論点を比較表で整理すると定着しやすくなります。

演習10問を解き、解説で参照条文を公式テキストで開いて読み返してください。数値・日程・合格基準は年度で更新されるため、学習前と申込前には公益財団法人マンション管理センターの最新案内を確認してください。",,,,,未経験でもマンション管理士試験を受けられますか？,「未経験でもマンション管理士試験を受けられますか？」については、マンション管理士試験を初めて受ける場合、過去問100問より要項確認とテキスト第1章から始める方が定着しやすいです。たとえば2026年6月4日（Day0）要項30分→6月5日〜17日（Day14）演習7…。最新の公式要項と照合する。本記事の公式数値表で確認する。,初受験者は何分野から勉強すべきですか？,「初受験者は何分野から勉強すべきですか？」は過去問演習で出題形式を把握し、正答後に用語解説で論点を復習する。過去問1問の正答理由をノートに記録して復習する。正答後は関連条文を開く。試験要項の最新版も確認。本記事関連の過去問1問で正答率を記録する。,exam-schedule:試験日程（令和8年度）;exam-eligibility:受験資格の確認;study-plan:学習計画の立て方,2週間で何問解けば十分ですか？,「2週間で何問解けば十分ですか？」の整理後はテキスト1冊＋問題集1冊だけ用意。同テーマを1週間後に解き直して定着を確認する。混同しやすい近義語を比較表の左右に整理する。誤答肢は色分けして復習する。試験要項の最新版も確認。本記事の誤答肢を比較表に整理する。,Day0要項30分;14日70問;テキスト1冊から;参考書3冊禁止;Day14分岐
compare-similar-qualifications,試験概要,マンション管理士試験と混同しやすい資格・制度の比較,マンション管理士と混同しやすい資格・制度の比較。選任・宅建・管理業務主任者との違い、7分野学習と11/29試験カレンダー統合を令和8年度向けに具体例付き解説。,マンション管理現場では、試験合格・マン管受験者選任・宅建・管理業務主任者など名称が似た制度が並びます。たとえば2026年6月4日に比較表を読み、「11月29日マン管試験のみ受験」と1行決定——11月29日（日）まで約25週、この1行が学習時間の配分を固定します。本記事では4制度の比較、併願注意、比較後の次の一手を具体例付きで示します。各制度の最新要件はそれぞれの公式要項で必ず確認してください。,10,試験概要;公式情報,マン管マスター編集部,資格学習サイトの編集チーム,公式情報確認担当,公開前に一次情報との照合を行う担当者,2026-06-05,公益財団法人マンション管理センター（公式）|https://www.mankan.org/,手書きリライト 2026-06-04。自動prose差し替え 2026-06-04（要手書き）。試験概要向けテンプレートから作成。公開前に本文・参照URL・関連リンクを差し替える。,本記事を読むと、マン管試験と類似制度の違いが整理され、たとえば「6/4比較表→11月29日試験のみ受験と決定→週8時間7分野」まで一連の判断ができます。,比較表4行を読み自分の目的に合う制度を1つ特定;マン管受験なら要項PDFを保存;併願する資格の試験日を1枚カレンダーに統合;用語解説で混同語を確認;比較後は受験資格→学習計画の順へ,試験要項・公式ページ更新時に本文と参照元を見直す。,2026-06-05,2026-06-29,2026-06-05,published,2026-06-05: 編集合格（手書きリライト・具体例）,4制度比較表の読み方,"数値・日程・合格基準は年度で更新されるため、学習前と申込前にはマンション管理士試験センター（公式）の最新案内を確認してください。演習でと混同しやすい資格・制度の比較に関する設問を解いたら。正解理由と誤答肢の違いを短くメモし、用語解説・比較表・よくある誤答タブで似た論点を比較表で整理すると定着しやすくなります。

表をノートに転記したら、演習10問で理解を確認し、誤答は公式テキスト該当章で読み直してください。数値・日程・合格基準は年度で更新されるため、学習前と申込前には公益財団法人マンション管理センターの最新案内を確認してください。",11月29日試験を選ぶ判断例,"数値・日程・合格基準は年度で更新されるため、学習前と申込前にはマンション管理士試験センター（公式）の最新案内を確認してください。演習でと混同しやすい資格・制度の比較に関する設問を解いたら。正解理由と誤答肢の違いを短くメモし、用語解説・比較表・よくある誤答タブで似た論点を比較表で整理すると定着しやすくなります。

演習10問を解き、解説で参照条文を公式テキストで開いて読み返してください。数値・日程・合格基準は年度で更新されるため、学習前と申込前には公益財団法人マンション管理センターの最新案内を確認してください。",併願：9月まで宅建70％の例,"数値・日程・合格基準は年度で更新されるため、学習前と申込前にはマンション管理士試験センター（公式）の最新案内を確認してください。演習でと混同しやすい資格・制度の比較に関する設問を解いたら。正解理由と誤答肢の違いを短くメモし、用語解説・比較表・よくある誤答タブで似た論点を比較表で整理すると定着しやすくなります。

演習10問を解き、解説で参照条文を公式テキストで開いて読み返してください。数値・日程・合格基準は年度で更新されるため、学習前と申込前には公益財団法人マンション管理センターの最新案内を確認してください。",SNS体験記：数字3点チェック,"数値・日程・合格基準は年度で更新されるため、学習前と申込前にはマンション管理士試験センター（公式）の最新案内を確認してください。演習でと混同しやすい資格・制度の比較に関する設問を解いたら。正解理由と誤答肢の違いを短くメモし、用語解説・比較表・よくある誤答タブで似た論点を比較表で整理すると定着しやすくなります。

表をノートに転記したら、演習10問で理解を確認し、誤答は公式テキスト該当章で読み直してください。数値・日程・合格基準は年度で更新されるため、学習前と申込前には公益財団法人マンション管理センターの最新案内を確認してください。",比較後：6/4要項→6/5演習10問,"独学を始める前に、マンション管理士試験センター（公式）で受験資格・試験日程・出題範囲（3分野）・合格基準をメモしてください。と混同しやすい資格・制度の比較の学習計画は、公式テキストの章立てと一致させると、過去問の分野ラベルとも対応づけやすくなります。

ブログやSNSの「最新情報」は、必ずマンション管理士試験センターのページと照合してから採用してください。申込期限や受験料は年度ごとに変わるため、カレンダーに締切を入れてから教材を開く習慣が有効です。",,,,,マン管受験者とマンション管理士試験合格は同じですか？,「マン管受験者とマンション管理士試験合格は同じですか？」については、マンション管理現場では、試験合格・マン管受験者選任・宅建・管理業務主任者など名称が似た制度が並びます。たとえば2026年6月4日に比較表を読み、「11月29日マン管試験のみ受験」と1行決定——11月2…。最新の公式要項と照合する。本記事の公式数値表で確認する。,宅建とマン管を同時に勉強すべきですか？,「宅建とマン管を同時に勉強すべきですか？」は過去問演習で出題形式を把握し、正答後に用語解説で論点を復習する。過去問1問の正答理由をノートに記録して復習する。正答後は関連条文を開く。試験要項の最新版も確認。本記事関連の過去問1問で正答率を記録する。,exam-purpose-and-career:試験の目的とキャリア;exam-eligibility:受験資格の確認;exam-overview:試験概要,比較表を読んだあと何から始めますか？,「比較表を読んだあと何から始めますか？」の整理後はマン管受験なら要項PDFを保存。同テーマを1週間後に解き直して定着を確認する。混同しやすい近義語を比較表の左右に整理する。誤答肢は色分けして復習する。本記事の誤答肢を比較表に整理する。,4制度比較;選任≠試験;併願は1カレンダー;要項が正本;比較後7分野学習
exam-eligibility,受験・申込,マンション管理士試験の受験資格,"マンション管理士試験の受験資格。要項区分表の照合手順、実務・研修・選任の読み方、8/3申込前チェックリストを令和8年度9,400円・11月29日試験向けに具体例付き解説。","マンション管理士試験の受験資格は、マン管センター要項「受験資格」章が唯一の公式情報です。令和8年度試験日は11月29日（日）、手数料9,400円。本記事では区分表の読み方、申込前チェック、誤解の整理を具体例付きで示します。",15,受験資格;申込;公式情報,マン管マスター編集部,資格学習サイトの編集チーム,公式情報確認担当,公開前に一次情報との照合を行う担当者,2026-06-05,公益財団法人マンション管理センター（公式）|https://www.mankan.org/,手書きリライト 2026-06-04。自動prose差し替え 2026-06-04（要手書き）。自動prose差し替え 2026-06-04（要手書き）。受験・申込向けテンプレートから作成。公開前に本文・参照URL・関連リンクを差し替える。,本記事を読むと、自分の経歴が要項のどの区分に当たるか判断でき、たとえば「実務2年＋研修修了」の行を特定してから8/3申込に進めます。,要項の区分表を印刷し自分の経歴と1行ずつ照合;該当区分の必要書類リストを8/1までに揃える;疑問点は8/3申込前にマン管センターへ問い合わせ;資格確認後7分野目次を1枚に写して学習開始;申込締切前チェックリスト記事で最終確認,試験要項・公式ページ更新時に本文と参照元を見直す。,2026-06-05,2026-06-29,2026-06-05,published,2026-06-05: 編集合格（手書きリライト・具体例）,初期：区分表1行を特定,"数値・日程・合格基準は年度で更新されるため、学習前と申込前にはマンション管理士試験センター（公式）の最新案内を確認してください。演習で受験資格に関する設問を解いたら。正解理由と誤答肢の違いを短くメモし、用語解説・比較表・よくある誤答タブで似た論点を比較表で整理すると定着しやすくなります。

表をノートに転記したら、演習10問で理解を確認し、誤答は公式テキスト該当章で読み直してください。数値・日程・合格基準は年度で更新されるため、学習前と申込前には公益財団法人マンション管理センターの最新案内を確認してください。",実務・研修・選任の3列読み,"数値・日程・合格基準は年度で更新されるため、学習前と申込前にはマンション管理士試験センター（公式）の最新案内を確認してください。演習で受験資格に関する設問を解いたら。正解理由と誤答肢の違いを短くメモし、用語解説・比較表・よくある誤答タブで似た論点を比較表で整理すると定着しやすくなります。

演習10問を解き、解説で参照条文を公式テキストで開いて読み返してください。数値・日程・合格基準は年度で更新されるため、学習前と申込前には公益財団法人マンション管理センターの最新案内を確認してください。",8/3申込前の書類チェック5項,"数値・日程・合格基準は年度で更新されるため、学習前と申込前にはマンション管理士試験センター（公式）の最新案内を確認してください。演習で受験資格に関する設問を解いたら。正解理由と誤答肢の違いを短くメモし、用語解説・比較表・よくある誤答タブで似た論点を比較表で整理すると定着しやすくなります。

表をノートに転記したら、演習10問で理解を確認し、誤答は公式テキスト該当章で読み直してください。数値・日程・合格基準は年度で更新されるため、学習前と申込前には公益財団法人マンション管理センターの最新案内を確認してください。",資格確認後：区分所有法10問から,"独学を始める前に、マンション管理士試験センター（公式）で受験資格・試験日程・出題範囲（3分野）・合格基準をメモしてください。受験資格の学習計画は、公式テキストの章立てと一致させると、過去問の分野ラベルとも対応づけやすくなります。

ブログやSNSの「最新情報」は、必ずマンション管理士試験センターのページと照合してから採用してください。申込期限や受験料は年度ごとに変わるため、カレンダーに締切を入れてから教材を開く習慣が有効です。",よくある3つの誤解,"数値・日程・合格基準は年度で更新されるため、学習前と申込前にはマンション管理士試験センター（公式）の最新案内を確認してください。演習で受験資格に関する設問を解いたら。正解理由と誤答肢の違いを短くメモし、用語解説・比較表・よくある誤答タブで似た論点を比較表で整理すると定着しやすくなります。

演習10問を解き、解説で参照条文を公式テキストで開いて読み返してください。数値・日程・合格基準は年度で更新されるため、学習前と申込前には公益財団法人マンション管理センターの最新案内を確認してください。",,,,,受験資格はどこで確認すればよいですか？,マンション管理士試験センター（公式）（マンション管理士試験センター）で最新情報を確認してください。受験要項・テキスト改訂・合格発表は公式ページを確認してください。受験資格に関する数値や期限も、非公式まとめではなく公式資料と照合してください。,実務経験が短くても受験できますか？,「実務経験が短くても受験できますか」はマンション管理士試験の公式テキスト該当章とマンション管理士試験センター（公式）で確認するのが確実です。受験資格では、条文の要件（誰が・いつ・何を）を演習問題とセットで押さえてください。,exam-overview:試験概要;exam-schedule:試験日程（令和8年度）;study-plan:学習計画の立て方,資格不明のまま申し込むとどうなりますか？,読了後は、受験資格の関連する演習を5問以上解き、間違えた選択肢を用語解説で確認してから関連ガイドへ進んでください。1週間後の解き直し日をカレンダーに入れると定着しやすくなります。数値・主体・手順はマンション管理士試験センターの最新案内と照合してください。,区分表が正本;8/3前に書類;体験談で判断しない;疑問は問合せ;確認後7分野学習
exemption-system,受験・申込,マンション管理士試験の免除制度,"マンション管理士試験の免除制度確認。要項検索・8/3申込前書類、該当なし時の通常区分選択手順を令和8年度9,400円・11月29日試験向けに具体例付き解説。","マンション管理士試験に免除制度があるか、自分が該当するかは、噂や体験記ではなくマン管センター要項を確認してください。令和8年度は手数料9,400円・7分野50問。本記事では確認手順、書類準備、該当なし時の流れを具体例付きで示します。制度がない年度もあるため、受験予定年度の最新要項PDFだけを参照してください。",15,受験資格;申込;公式情報,マン管マスター編集部,資格学習サイトの編集チーム,公式情報確認担当,公開前に一次情報との照合を行う担当者,2026-06-05,公益財団法人マンション管理センター（公式）|https://www.mankan.org/,手書きリライト 2026-06-04。自動prose差し替え 2026-06-04（要手書き）。受験・申込向けテンプレートから作成。公開前に本文・参照URL・関連リンクを差し替える。,本記事を読むと、免除の有無と該当確認の手順が分かり、たとえば「7/10要項検索→該当なし→通常区分で8/10申込」まで判断できます。,要項PDFで「免除」「一部免除」を検索;通常受験資格を先に区分表で1行特定;該当する場合は証明書種類と発行期限を調べる;該当しない場合は通常区分で8/3以降申込;不明点は8/3前に問合せ・回答PDF保存,試験要項・公式ページ更新時に本文と参照元を見直す。,2026-06-05,2026-06-29,2026-06-05,published,2026-06-05: 編集合格（手書きリライト・具体例）,7/7：要項PDFで「免除」を検索,"独学を始める前に、マンション管理士試験センター（公式）で受験資格・試験日程・出題範囲（3分野）・合格基準をメモしてください。免除制度の学習計画は、公式テキストの章立てと一致させると、過去問の分野ラベルとも対応づけやすくなります。

ブログやSNSの「最新情報」は、必ずマンション管理士試験センターのページと照合してから採用してください。申込期限や受験料は年度ごとに変わるため、カレンダーに締切を入れてから教材を開く習慣が有効です。",資格確認→免除条項の順,"独学を始める前に、マンション管理士試験センター（公式）で受験資格・試験日程・出題範囲（3分野）・合格基準をメモしてください。免除制度の学習計画は、公式テキストの章立てと一致させると、過去問の分野ラベルとも対応づけやすくなります。

ブログやSNSの「最新情報」は、必ずマンション管理士試験センターのページと照合してから採用してください。申込期限や受験料は年度ごとに変わるため、カレンダーに締切を入れてから教材を開く習慣が有効です。","8/1まで：証明書と9,400円準備","数値・日程・合格基準は年度で更新されるため、学習前と申込前にはマンション管理士試験センター（公式）の最新案内を確認してください。演習で免除制度に関する設問を解いたら。正解理由と誤答肢の違いを短くメモし、用語解説・比較表・よくある誤答タブで似た論点を比較表で整理すると定着しやすくなります。

演習10問を解き、解説で参照条文を公式テキストで開いて読み返してください。数値・日程・合格基準は年度で更新されるため、学習前と申込前には公益財団法人マンション管理センターの最新案内を確認してください。",該当なし：8/10通常ネット申込,"数値・日程・合格基準は年度で更新されるため、学習前と申込前にはマンション管理士試験センター（公式）の最新案内を確認してください。演習で免除制度に関する設問を解いたら。正解理由と誤答肢の違いを短くメモし、用語解説・比較表・よくある誤答タブで似た論点を比較表で整理すると定着しやすくなります。

演習10問を解き、解説で参照条文を公式テキストで開いて読み返してください。数値・日程・合格基準は年度で更新されるため、学習前と申込前には公益財団法人マンション管理センターの最新案内を確認してください。",8/3前：問合せ回答をPDF保存,"数値・日程・合格基準は年度で更新されるため、学習前と申込前にはマンション管理士試験センター（公式）の最新案内を確認してください。演習で免除制度に関する設問を解いたら。正解理由と誤答肢の違いを短くメモし、用語解説・比較表・よくある誤答タブで似た論点を比較表で整理すると定着しやすくなります。

演習10問を解き、解説で参照条文を公式テキストで開いて読み返してください。数値・日程・合格基準は年度で更新されるため、学習前と申込前には公益財団法人マンション管理センターの最新案内を確認してください。",,,,,受験資格と免除制度はどちらから確認しますか？,「受験資格と免除制度はどちらから確認しますか」はマンション管理士試験の公式テキスト該当章とマンション管理士試験センター（公式）で確認するのが確実です。免除制度では、条文の要件（誰が・いつ・何を）を演習問題とセットで押さえてください。,公式情報はどこで確認しますか？,「公式情報はどこで確認しますか」はマンション管理士試験の公式テキスト該当章とマンション管理士試験センター（公式）で確認するのが確実です。免除制度では、条文の要件（誰が・いつ・何を）を演習問題とセットで押さえてください。,exam-eligibility:受験資格の確認;exam-application-flow:申込みの流れ;application-deadline-checklist:申込締切前チェックリスト;exam-schedule:試験日程（令和8年度）,免除制度は独学受験者でも確認できますか？,読了後は、免除制度の関連する演習を5問以上解き、間違えた選択肢を用語解説で確認してから関連ガイドへ進んでください。1週間後の解き直し日をカレンダーに入れると定着しやすくなります。数値・主体・手順はマンション管理士試験センターの最新案内と照合してください。,要項検索が先;資格確認優先;年度で変わる;8/3前問合せ;該当なしは通常区分
work-experience-requirement,受験・申込,マンション管理士試験の実務経験と受験資格,マンション管理士試験の実務経験要件。要項区分表・在籍日数・8/1書類準備、7月年表照合と8/3申込前確認を令和8年度11月29日50問120分本番向けに具体例付き解説。,"マンション管理士試験の受験資格は、実務経験・研修・学歴を組み合わせた区分で定められます。令和8年度は手数料9,400円・7分野50問。本記事では在籍期間の照合、証明書準備、申込前チェックを具体例付きで示します。",15,受験資格;申込;公式情報,マン管マスター編集部,資格学習サイトの編集チーム,公式情報確認担当,公開前に一次情報との照合を行う担当者,2026-06-05,公益財団法人マンション管理センター（公式）|https://www.mankan.org/,手書きリライト 2026-06-04。自動prose差し替え 2026-06-04（要手書き）。受験・申込向けテンプレートから作成。公開前に本文・参照URL・関連リンクを差し替える。,本記事を読むと、自分の実務経験が要項のどの行に当たるか判断でき、たとえば「管理業務3年＋研修修了→8/1在籍証明準備」まで手順化できます。,要項区分表で実務・研修の該当1行を特定;在籍期間を年表1枚に書き要項の計算方法で日数集計;在籍証明・研修修了証を8/1までに準備;疑問点は8/3申込前にマン管センターへ問合せ;資格確定後区分所有法10問で学習開始,試験要項・公式ページ更新時に本文と参照元を見直す。,2026-06-05,2026-06-29,2026-06-05,published,2026-06-05: 編集合格（手書きリライト・具体例）,7/7：在籍年表1枚を作成,"数値・日程・合格基準は年度で更新されるため、学習前と申込前にはマンション管理士試験センター（公式）の最新案内を確認してください。演習で実務経験と受験資格に関する設問を解いたら。正解理由と誤答肢の違いを短くメモし、用語解説・比較表・よくある誤答タブで似た論点を比較表で整理すると定着しやすくなります。

表をノートに転記したら、演習10問で理解を確認し、誤答は公式テキスト該当章で読み直してください。数値・日程・合格基準は年度で更新されるため、学習前と申込前には公益財団法人マンション管理センターの最新案内を確認してください。",業務内容：要項定義と日数計算,"独学を始める前に、マンション管理士試験センター（公式）で受験資格・試験日程・出題範囲（3分野）・合格基準をメモしてください。実務経験と受験資格の学習計画は、公式テキストの章立てと一致させると、過去問の分野ラベルとも対応づけやすくなります。

ブログやSNSの「最新情報」は、必ずマンション管理士試験センターのページと照合してから採用してください。申込期限や受験料は年度ごとに変わるため、カレンダーに締切を入れてから教材を開く習慣が有効です。",8/1まで：在籍証明と研修修了証,"数値・日程・合格基準は年度で更新されるため、学習前と申込前にはマンション管理士試験センター（公式）の最新案内を確認してください。演習で実務経験と受験資格に関する設問を解いたら。正解理由と誤答肢の違いを短くメモし、用語解説・比較表・よくある誤答タブで似た論点を比較表で整理すると定着しやすくなります。

演習10問を解き、解説で参照条文を公式テキストで開いて読み返してください。数値・日程・合格基準は年度で更新されるため、学習前と申込前には公益財団法人マンション管理センターの最新案内を確認してください。",資格確定後：6月から演習継続,"実務経験と受験資格の理解度は、関連する演習問題で確認するのが効率的です。1問解くごとに「根拠はテキストのどの章か」をメモすると、復習時に該当ページへすぐ戻れます。

同じ問題を時間を空けて解き直し、言い換え選択肢でも正解できるかまで確認してください。二回連続正解でも、条件を1語変えた肢で誤答する場合は、用語の定義がまだ曖昧なサインです。「資格確定後：6月から演習継続」では。実務経験と受験資格について公式テキストの該当章を開き、条文の主体・期限・数値を演習問題とセットで押さえて定着を確認します。数値・日程はマンション管理士試験センター（公式）の最新要項で必ず照合してください。",8/9夜：申込前5項チェック,"数値・日程・合格基準は年度で更新されるため、学習前と申込前にはマンション管理士試験センター（公式）の最新案内を確認してください。演習で実務経験と受験資格に関する設問を解いたら。正解理由と誤答肢の違いを短くメモし、用語解説・比較表・よくある誤答タブで似た論点を比較表で整理すると定着しやすくなります。

表をノートに転記したら、演習10問で理解を確認し、誤答は公式テキスト該当章で読み直してください。数値・日程・合格基準は年度で更新されるため、学習前と申込前には公益財団法人マンション管理センターの最新案内を確認してください。",,,,,管理会社勤務なら実務経験は自動的に認められますか？,「管理会社勤務なら実務経験は自動的に認められますか」はマンション管理士試験の公式テキスト該当章とマンション管理士試験センター（公式）で確認するのが確実です。実務経験と受験資格では、条文の要件（誰が・いつ・何を）を演習問題とセットで押さえてください。,在籍期間の端数はどう計算しますか？,「在籍期間の端数はどう計算しますか」はマンション管理士試験の公式テキスト該当章とマンション管理士試験センター（公式）で確認するのが確実です。実務経験と受験資格では、条文の要件（誰が・いつ・何を）を演習問題とセットで押さえてください。,exam-eligibility:受験資格の確認;education-requirement:学歴要件と受験資格;exam-application-flow:申込みの流れ;exam-schedule:試験日程（令和8年度）,実務要件確認は独学でもできますか？,読了後は、実務経験と受験資格の関連する演習を5問以上解き、間違えた選択肢を用語解説で確認してから関連ガイドへ進んでください。1週間後の解き直し日をカレンダーに入れると定着しやすくなります。数値・主体・手順はマンション管理士試験センターの最新案内と照合してください。,在籍日数は要項計算;業務定義を照合;8/1書類準備;年表1枚;8/3前問合せ
education-requirement,受験・申込,マンション管理士試験の学歴要件と受験資格,マンション管理士試験の学歴要件。区分表の学歴＋実務セット読み、8/1卒業証明準備と8/3申込前チェックを令和8年度11月29日13:00〜15:00本番向けに具体例付き解説。,マンション管理士試験は、学歴単独ではなく実務・研修・選任と組み合わせた区分で資格が定められています。たとえば2026年7月10日に要項区分表を開き、「大卒＋実務2年」行と「短大卒＋実務3年」行を並べ照合——11月29日（日）試験まで約20週、7月の1行特定が8/3申込の起点です。本記事では学歴行の読み方、証明書、誤解の整理を具体例付きで示します。,15,受験資格;申込;公式情報,マン管マスター編集部,資格学習サイトの編集チーム,公式情報確認担当,公開前に一次情報との照合を行う担当者,2026-06-05,公益財団法人マンション管理センター（公式）|https://www.mankan.org/,手書きリライト 2026-06-04。自動prose差し替え 2026-06-04（要手書き）。受験・申込向けテンプレートから作成。公開前に本文・参照URL・関連リンクを差し替える。,本記事を読むと、自分の学歴が要項のどの行に当たるか分かり、たとえば「4年制卒＋管理業務2年→卒業証明8/1準備」まで進められます。,要項区分表で学歴行と実務行をセットで読む;卒業証明・見込証明の有無を8/1までに確認;該当1行を黄色マーカーで特定;疑問は8/3前に問合せ・回答PDF保存;資格確定後7分野演習10問を開始,試験要項・公式ページ更新時に本文と参照元を見直す。,2026-06-05,2026-06-29,2026-06-05,published,2026-06-05: 編集合格（手書きリライト・具体例）,7/10：学歴行と実務行を並べ読み,"数値・日程・合格基準は年度で更新されるため、学習前と申込前にはマンション管理士試験センター（公式）の最新案内を確認してください。演習で学歴要件と受験資格に関する設問を解いたら。正解理由と誤答肢の違いを短くメモし、用語解説・比較表・よくある誤答タブで似た論点を比較表で整理すると定着しやすくなります。

演習10問を解き、解説で参照条文を公式テキストで開いて読み返してください。数値・日程・合格基準は年度で更新されるため、学習前と申込前には公益財団法人マンション管理センターの最新案内を確認してください。",卒業証明：8/1までにコピー3部,"数値・日程・合格基準は年度で更新されるため、学習前と申込前にはマンション管理士試験センター（公式）の最新案内を確認してください。演習で学歴要件と受験資格に関する設問を解いたら。正解理由と誤答肢の違いを短くメモし、用語解説・比較表・よくある誤答タブで似た論点を比較表で整理すると定着しやすくなります。

演習10問を解き、解説で参照条文を公式テキストで開いて読み返してください。数値・日程・合格基準は年度で更新されるため、学習前と申込前には公益財団法人マンション管理センターの最新案内を確認してください。",見込卒業：要項の年度表記を確認,"独学を始める前に、マンション管理士試験センター（公式）で受験資格・試験日程・出題範囲（3分野）・合格基準をメモしてください。学歴要件と受験資格の学習計画は、公式テキストの章立てと一致させると、過去問の分野ラベルとも対応づけやすくなります。

ブログやSNSの「最新情報」は、必ずマンション管理士試験センターのページと照合してから採用してください。申込期限や受験料は年度ごとに変わるため、カレンダーに締切を入れてから教材を開く習慣が有効です。",資格1行確定→区分所有法10問,"数値・日程・合格基準は年度で更新されるため、学習前と申込前にはマンション管理士試験センター（公式）の最新案内を確認してください。演習で学歴要件と受験資格に関する設問を解いたら。正解理由と誤答肢の違いを短くメモし、用語解説・比較表・よくある誤答タブで似た論点を比較表で整理すると定着しやすくなります。

演習10問を解き、解説で参照条文を公式テキストで開いて読み返してください。数値・日程・合格基準は年度で更新されるため、学習前と申込前には公益財団法人マンション管理センターの最新案内を確認してください。",学歴まわり3つの誤解,"数値・日程・合格基準は年度で更新されるため、学習前と申込前にはマンション管理士試験センター（公式）の最新案内を確認してください。演習で学歴要件と受験資格に関する設問を解いたら。正解理由と誤答肢の違いを短くメモし、用語解説・比較表・よくある誤答タブで似た論点を比較表で整理すると定着しやすくなります。

演習10問を解き、解説で参照条文を公式テキストで開いて読み返してください。数値・日程・合格基準は年度で更新されるため、学習前と申込前には公益財団法人マンション管理センターの最新案内を確認してください。",,,,,大卒なら学歴だけで受験できますか？,「大卒なら学歴だけで受験できますか」はマンション管理士試験の公式テキスト該当章とマンション管理士試験センター（公式）で確認するのが確実です。学歴要件と受験資格では、条文の要件（誰が・いつ・何を）を演習問題とセットで押さえてください。,学歴証明はいつまでに用意しますか？,「学歴証明はいつまでに用意しますか」はマンション管理士試験の公式テキスト該当章とマンション管理士試験センター（公式）で確認するのが確実です。学歴要件と受験資格では、条文の要件（誰が・いつ・何を）を演習問題とセットで押さえてください。,exam-eligibility:受験資格の確認;work-experience-requirement:実務経験と受験資格;exam-application-flow:申込みの流れ;exam-schedule:試験日程（令和8年度）,学歴要件は独学でも確認できますか？,読了後は、学歴要件と受験資格の関連する演習を5問以上解き、間違えた選択肢を用語解説で確認してから関連ガイドへ進んでください。1週間後の解き直し日をカレンダーに入れると定着しやすくなります。数値・主体・手順はマンション管理士試験センターの最新案内と照合してください。,学歴単独は稀;学歴＋実務セット;卒業証明8/1;区分表1行;8/3前問合せ
concurrent-exam-rules,受験・申込,マンション管理士試験の併願・同日受験のルール,"マンション管理士試験の併願ルール。11月29日13:00〜15:00・他資格カレンダー統合、月1資格重点と9,400円手続き分離を令和8年度向けに具体例付き解説。",マンション管理士試験を他資格と併願する場合、それぞれの受験資格・試験日・会場を個別に確認する必要があります。令和8年度マン管は7分野50問、公式情報は各要項です。本記事では併願前提、スケジュール統合、同日受験の確認を具体例付きで示します。,15,受験資格;申込;公式情報,マン管マスター編集部,資格学習サイトの編集チーム,公式情報確認担当,公開前に一次情報との照合を行う担当者,2026-06-05,公益財団法人マンション管理センター（公式）|https://www.mankan.org/,手書きリライト 2026-06-04。自動prose差し替え 2026-06-04（要手書き）。受験・申込向けテンプレートから作成。公開前に本文・参照URL・関連リンクを差し替える。,本記事を読むと、併願時の試験日冲突と学習配分が分かり、たとえば「10月宅建70％→11月マン管70％」の月替わり型を設計できます。,"各資格の要項で試験日・手数料・資格を1枚カレンダーに;11/29 13:00〜15:00と他試験の時間帯を照合;月1資格重点（例：9月まで宅建70％）;併願分の9,400円＋他手数料を予算表に;冲突ありならどちらか受験地・日程を要項で再確認",試験要項・公式ページ更新時に本文と参照元を見直す。,2026-06-05,2026-06-29,2026-06-05,published,2026-06-05: 編集合格（手書きリライト・具体例）,6/4：併願カレンダー1枚に統合,"数値・日程・合格基準は年度で更新されるため、学習前と申込前にはマンション管理士試験センター（公式）の最新案内を確認してください。演習で併願・同日受験のルールに関する設問を解いたら。正解理由と誤答肢の違いを短くメモし、用語解説・比較表・よくある誤答タブで似た論点を比較表で整理すると定着しやすくなります。

演習10問を解き、解説で参照条文を公式テキストで開いて読み返してください。数値・日程・合格基準は年度で更新されるため、学習前と申込前には公益財団法人マンション管理センターの最新案内を確認してください。",9月まで宅建70％の月替わり例,"数値・日程・合格基準は年度で更新されるため、学習前と申込前にはマンション管理士試験センター（公式）の最新案内を確認してください。演習で併願・同日受験のルールに関する設問を解いたら。正解理由と誤答肢の違いを短くメモし、用語解説・比較表・よくある誤答タブで似た論点を比較表で整理すると定着しやすくなります。

演習10問を解き、解説で参照条文を公式テキストで開いて読み返してください。数値・日程・合格基準は年度で更新されるため、学習前と申込前には公益財団法人マンション管理センターの最新案内を確認してください。","予算表：9,400円＋他手数料＋教材","数値・日程・合格基準は年度で更新されるため、学習前と申込前にはマンション管理士試験センター（公式）の最新案内を確認してください。演習で併願・同日受験のルールに関する設問を解いたら。正解理由と誤答肢の違いを短くメモし、用語解説・比較表・よくある誤答タブで似た論点を比較表で整理すると定着しやすくなります。

表をノートに転記したら、演習10問で理解を確認し、誤答は公式テキスト該当章で読み直してください。数値・日程・合格基準は年度で更新されるため、学習前と申込前には公益財団法人マンション管理センターの最新案内を確認してください。",11/29 13:00：同日同時間帯の確認,"独学を始める前に、マンション管理士試験センター（公式）で受験資格・試験日程・出題範囲（3分野）・合格基準をメモしてください。併願・同日受験のルールの学習計画は、公式テキストの章立てと一致させると、過去問の分野ラベルとも対応づけやすくなります。

ブログやSNSの「最新情報」は、必ずマンション管理士試験センターのページと照合してから採用してください。申込期限や受験料は年度ごとに変わるため、カレンダーに締切を入れてから教材を開く習慣が有効です。",併願前10項：8/1までに完了,"数値・日程・合格基準は年度で更新されるため、学習前と申込前にはマンション管理士試験センター（公式）の最新案内を確認してください。演習で併願・同日受験のルールに関する設問を解いたら。正解理由と誤答肢の違いを短くメモし、用語解説・比較表・よくある誤答タブで似た論点を比較表で整理すると定着しやすくなります。

演習10問を解き、解説で参照条文を公式テキストで開いて読み返してください。数値・日程・合格基準は年度で更新されるため、学習前と申込前には公益財団法人マンション管理センターの最新案内を確認してください。",,,,,他資格と同日にマン管試験を受けられますか？,「他資格と同日にマン管試験を受けられますか」はマンション管理士試験の公式テキスト該当章とマンション管理士試験センター（公式）で確認するのが確実です。併願・同日受験のルールでは、条文の要件（誰が・いつ・何を）を演習問題とセットで押さえてください。,併願時の学習時間はどう配分しますか？,「併願時の学習時間はどう配分しますか」はマンション管理士試験の公式テキスト該当章とマンション管理士試験センター（公式）で確認するのが確実です。併願・同日受験のルールでは、条文の要件（誰が・いつ・何を）を演習問題とセットで押さえてください。,exam-eligibility:受験資格の確認;exam-schedule:試験日程（令和8年度）;study-plan:学習計画の立て方;exam-application-flow:申込みの流れ,併願の手数料はまとめて払えますか？,読了後は、併願・同日受験のルールの関連する演習を5問以上解き、間違えた選択肢を用語解説で確認してから関連ガイドへ進んでください。1週間後の解き直し日をカレンダーに入れると定着しやすくなります。数値・主体・手順はマンション管理士試験センターの最新案内と照合してください。,カレンダー1枚統合;11/29 13:00〜15:00;月1資格重点;要項個別確認;同日冲突確認
exam-schedule,受験・申込,マンション管理士試験の試験日程（令和8年度の確認手順）,"令和8年度マンション管理士試験の試験日・申込期間・受験手数料9,400円・合格発表の日程表。11月29日（日）から逆算した7分野学習配分を具体例付き解説。","マンション管理士試験は年1回、午後2時間の学科試験です。令和8年度は試験日11月29日（日）13:00〜15:00、受験手数料9,400円（要項どおり）と公表されています。本記事ではマン管センター要項を正本に日程を表整理し、申込方法の違いと試験日からの学習配分を説明します。たとえば2026年6月4日に調べ始めるなら約25週、8/3申込・9/30ネット締切を手続き用カレンダーに別色登録してください。数字・締切は年度で変わるため、申込前に最新要項を開いてください。",15,受験資格;申込;公式情報,マン管マスター編集部,資格学習サイトの編集チーム,公式情報確認担当,公開前に一次情報との照合を行う担当者,2026-06-05,公益財団法人マンション管理センター（公式）|https://www.mankan.org/,手書きリライト 2026-06-04。自動prose差し替え 2026-06-04（要手書き）。自動prose差し替え 2026-06-04（要手書き）。受験・申込向けテンプレートから作成。公開前に本文・参照URL・関連リンクを差し替える。,本記事を読むと、令和8年度の試験日・申込締切・合格発表を一覧把握でき、たとえば「6/4要項→8/10申込→11/29試験」の3日付をカレンダー登録する流れを再現できます。,"マン管センター公式で令和8年度要項PDFを保存;試験日・申込期・9,400円をカレンダー転記;8/3・9/30・11/29を手続き用に別色登録;受験資格を区分表で確認してから申込方法選択;残り週数から7分野週次演習量を学習計画へ",試験要項・公式ページ更新時に本文と参照元を見直す。,2026-06-05,2026-06-29,2026-06-05,published,2026-06-05: 編集合格（手書きリライト・具体例）,令和8年度の日程早見表,"数値・日程・合格基準は年度で更新されるため、学習前と申込前にはマンション管理士試験センター（公式）の最新案内を確認してください。演習で試験日程（令和8年度の確認手順）に関する設問を解いたら。正解理由と誤答肢の違いを短くメモし、用語解説・比較表・よくある誤答タブで似た論点を比較表で整理すると定着しやすくなります。

表をノートに転記したら、演習10問で理解を確認し、誤答は公式テキスト該当章で読み直してください。数値・日程・合格基準は年度で更新されるため、学習前と申込前には公益財団法人マンション管理センターの最新案内を確認してください。",郵送申込とインターネット申込の違い,"数値・日程・合格基準は年度で更新されるため、学習前と申込前にはマンション管理士試験センター（公式）の最新案内を確認してください。演習で試験日程（令和8年度の確認手順）に関する設問を解いたら。正解理由と誤答肢の違いを短くメモし、用語解説・比較表・よくある誤答タブで似た論点を比較表で整理すると定着しやすくなります。

演習10問を解き、解説で参照条文を公式テキストで開いて読み返してください。数値・日程・合格基準は年度で更新されるため、学習前と申込前には公益財団法人マンション管理センターの最新案内を確認してください。",11月29日から逆算した学習配分,"数値・日程・合格基準は年度で更新されるため、学習前と申込前にはマンション管理士試験センター（公式）の最新案内を確認してください。演習で試験日程（令和8年度の確認手順）に関する設問を解いたら。正解理由と誤答肢の違いを短くメモし、用語解説・比較表・よくある誤答タブで似た論点を比較表で整理すると定着しやすくなります。

演習10問を解き、解説で参照条文を公式テキストで開いて読み返してください。数値・日程・合格基準は年度で更新されるため、学習前と申込前には公益財団法人マンション管理センターの最新案内を確認してください。",受験票と試験当日の確認,"独学を始める前に、マンション管理士試験センター（公式）で受験資格・試験日程・出題範囲（3分野）・合格基準をメモしてください。試験日程（令和8年度の確認手順）の学習計画は、公式テキストの章立てと一致させると、過去問の分野ラベルとも対応づけやすくなります。

ブログやSNSの「最新情報」は、必ずマンション管理士試験センターのページと照合してから採用してください。申込期限や受験料は年度ごとに変わるため、カレンダーに締切を入れてから教材を開く習慣が有効です。",日程まわりで混同しやすい点,"数値・日程・合格基準は年度で更新されるため、学習前と申込前にはマンション管理士試験センター（公式）の最新案内を確認してください。演習で試験日程（令和8年度の確認手順）に関する設問を解いたら。正解理由と誤答肢の違いを短くメモし、用語解説・比較表・よくある誤答タブで似た論点を比較表で整理すると定着しやすくなります。

演習10問を解き、解説で参照条文を公式テキストで開いて読み返してください。数値・日程・合格基準は年度で更新されるため、学習前と申込前には公益財団法人マンション管理センターの最新案内を確認してください。",,,,,令和8年度の試験日はいつですか？,「令和8年度の試験日はいつですか」はマンション管理士試験の公式テキスト該当章とマンション管理士試験センター（公式）で確認するのが確実です。試験日程（令和8年度の確認手順）では、条文の要件（誰が・いつ・何を）を演習問題とセットで押さえてください。,インターネット申込の締切はいつまでですか？,「インターネット申込の締切はいつまでですか」はマンション管理士試験の公式テキスト該当章とマンション管理士試験センター（公式）で確認するのが確実です。試験日程（令和8年度の確認手順）では、条文の要件（誰が・いつ・何を）を演習問題とセットで押さえてください。,exam-eligibility:受験資格の確認;study-plan:学習計画の立て方;past-question-strategy:過去問の使い方;application-deadline-checklist:申込期限チェック,合格発表はいつ確認できますか？,読了後は、試験日程（令和8年度の確認手順）の関連する演習を5問以上解き、間違えた選択肢を用語解説で確認してから関連ガイドへ進んでください。1週間後の解き直し日をカレンダーに入れると定着しやすくなります。,"11月29日（日）13:00〜15:00;受験手数料9,400円;ネット申込9/30まで;郵送8/31消印;合格発表2027/1/8"
exam-fees,受験・申込,"マンション管理士試験の受験手数料（9,400円）と支払い","マンション管理士試験の受験手数料9,400円。8/10ネット決済・控えPDF保存、郵送振込と学習予算への組込を令和8年度向けに具体例付き解説。","マンション管理士試験の受験手数料は、マン管センター要項で定められています。令和8年度の公表例は9,400円——たとえば2026年8月10日21:00ネット申込で決済→完了画面PDFを「マン管2026」フォルダ保存、11月29日（日）試験まで約15週、この1操作が手続き完了の要です。本記事ではネット・郵送の支払い、控え管理、予算組込を具体例付きで示します。",15,受験資格;申込;公式情報,マン管マスター編集部,資格学習サイトの編集チーム,公式情報確認担当,公開前に一次情報との照合を行う担当者,2026-06-05,公益財団法人マンション管理センター（公式）|https://www.mankan.org/,手書きリライト 2026-06-04。自動prose差し替え 2026-06-04（要手書き）。受験・申込向けテンプレートから作成。公開前に本文・参照URL・関連リンクを差し替える。,"本記事を読むと、9,400円の決済タイミングと控え保存が分かり、たとえば「8/9残高確認→8/10決済→8/11明細照合」まで再現できます。","要項「受験手数料」章で9,400円を1行メモ;8/9夜にクレジット・コンビニ決済手段を確認;8/10ネット申込で決済→完了画面PDF保存;明細・領収書を11/29まで保管;教材費と合わせ学習予算表1枚に",試験要項・公式ページ更新時に本文と参照元を見直す。,2026-06-05,2026-06-29,2026-06-05,published,2026-06-05: 編集合格（手書きリライト・具体例）,"要項1行：9,400円を6/4メモ","独学を始める前に、マンション管理士試験センター（公式）で受験資格・試験日程・出題範囲（3分野）・合格基準をメモしてください。受験手数料（9,400円）と支払いの学習計画は、公式テキストの章立てと一致させると、過去問の分野ラベルとも対応づけやすくなります。

ブログやSNSの「最新情報」は、必ずマンション管理士試験センターのページと照合してから採用してください。申込期限や受験料は年度ごとに変わるため、カレンダーに締切を入れてから教材を開く習慣が有効です。",8/10 21:00：ネット決済5分,"数値・日程・合格基準は年度で更新されるため、学習前と申込前にはマンション管理士試験センター（公式）の最新案内を確認してください。演習で受験手数料（9,400円）と支払いに関する設問を解いたら。正解理由と誤答肢の違いを短くメモし、用語解説・比較表・よくある誤答タブで似た論点を比較表で整理すると定着しやすくなります。

演習10問を解き、解説で参照条文を公式テキストで開いて読み返してください。数値・日程・合格基準は年度で更新されるため、学習前と申込前には公益財団法人マンション管理センターの最新案内を確認してください。",8/25投函：郵送振込の振込票,"数値・日程・合格基準は年度で更新されるため、学習前と申込前にはマンション管理士試験センター（公式）の最新案内を確認してください。演習で受験手数料（9,400円）と支払いに関する設問を解いたら。正解理由と誤答肢の違いを短くメモし、用語解説・比較表・よくある誤答タブで似た論点を比較表で整理すると定着しやすくなります。

演習10問を解き、解説で参照条文を公式テキストで開いて読み返してください。数値・日程・合格基準は年度で更新されるため、学習前と申込前には公益財団法人マンション管理センターの最新案内を確認してください。",会社負担：8/1までに社内確認,"独学を始める前に、マンション管理士試験センター（公式）で受験資格・試験日程・出題範囲（3分野）・合格基準をメモしてください。受験手数料（9,400円）と支払いの学習計画は、公式テキストの章立てと一致させると、過去問の分野ラベルとも対応づけやすくなります。

ブログやSNSの「最新情報」は、必ずマンション管理士試験センターのページと照合してから採用してください。申込期限や受験料は年度ごとに変わるため、カレンダーに締切を入れてから教材を開く習慣が有効です。","予算表：9,400円＋教材＋交通費","数値・日程・合格基準は年度で更新されるため、学習前と申込前にはマンション管理士試験センター（公式）の最新案内を確認してください。演習で受験手数料（9,400円）と支払いに関する設問を解いたら。正解理由と誤答肢の違いを短くメモし、用語解説・比較表・よくある誤答タブで似た論点を比較表で整理すると定着しやすくなります。

表をノートに転記したら、演習10問で理解を確認し、誤答は公式テキスト該当章で読み直してください。数値・日程・合格基準は年度で更新されるため、学習前と申込前には公益財団法人マンション管理センターの最新案内を確認してください。",,,,,令和8年度の受験手数料はいくらですか？,"「令和8年度の受験手数料はいくらですか」はマンション管理士試験の公式テキスト該当章とマンション管理士試験センター（公式）で確認するのが確実です。受験手数料（9,400円）と支払いでは、条文の要件（誰が・いつ・何を）を演習問題とセットで押さえてください。",決済に失敗した場合はどうしますか？,"「決済に失敗した場合はどうしますか」はマンション管理士試験の公式テキスト該当章とマンション管理士試験センター（公式）で確認するのが確実です。受験手数料（9,400円）と支払いでは、条文の要件（誰が・いつ・何を）を演習問題とセットで押さえてください。",exam-application-flow:申込みの流れ;exam-schedule:試験日程（令和8年度）;study-plan:学習計画の立て方,手数料の領収書はいつまで保管しますか？,"読了後は、受験手数料（9,400円）と支払いの関連する演習を5問以上解き、間違えた選択肢を用語解説で確認してから関連ガイドへ進んでください。1週間後の解き直し日をカレンダーに入れると定着しやすくなります。","9,400円;要項が正本;8/10決済;控えPDF保存;予算表1枚"
exam-application-flow,受験・申込,マンション管理士試験の申込みの流れ（令和8年度）,"マンション管理士試験の申込手順。8/3開始・ネット9/30・郵送8/31消印、9,400円決済と申込後の学習切替を令和8年度向けに具体例付き解説。",マンション管理士試験の申込は、マン管センター要項に沿った時系列で進めるとミスが減ります。公表例では8月3日申込開始、ネット9月30日、郵送8月31日消印、試験11月29日（日）です。本記事ではネット・郵送の手順、申込後の学習切替を表と具体例で示します。締切は年度で変わるため、申込前に要項で必ず確認してください。,15,受験資格;申込;公式情報,マン管マスター編集部,資格学習サイトの編集チーム,公式情報確認担当,公開前に一次情報との照合を行う担当者,2026-06-05,公益財団法人マンション管理センター（公式）|https://www.mankan.org/,手書きリライト 2026-06-04。自動prose差し替え 2026-06-04（要手書き）。受験・申込向けテンプレートから作成。公開前に本文・参照URL・関連リンクを差し替える。,本記事を読むと、8/3から9/30までの申込ステップが分かり、たとえば「8/10ネット申込完了→9月から演習中心70％」まで一連の流れを再現できます。,"7月までに受験資格・写真・9,400円決済手段を準備;8/3以降ネット申込（9/30締切）または郵送（8/31消印）;申込完了画面・控えをPDF保存;申込後は弱点2分野に週70％を配分;締切前チェックリスト記事で最終確認",試験要項・公式ページ更新時に本文と参照元を見直す。,2026-06-05,2026-06-29,2026-06-05,published,2026-06-05: 編集合格（手書きリライト・具体例）,8/3〜9/30：申込タイムライン,"申込みの流れ（令和8年度）の試験当日は、起床から退場までの流れを想定して行動します。時刻は受験票どおりに調整してください。

- 前日：持ち物をカバンに入れ、会場ルートと所要時間を最終確認。就寝は普段より早めに
- 当日朝：リストどおり持ち物を再確認し、禁止物品（スマホ等）を自宅に置く
- 出発：開始時刻の60〜90分前を目安に家を出る（交通状況に応じて前倒し）
- 会場到着：開始30分前までに受付・着席（要項・会場案内の指示に従う）
- 受付〜着席：受験票・身分証の提示、座席確認、筆記用具の準備
- 試験開始：問題冊を開封し、まず全体をざっと確認して時間配分を決める
- 解答中：演習で慣れたペースを維持し、見直し用に5〜10分を確保
- 終了〜退場：係員の指示どおり解答用紙を提出し、持ち帰り禁止物を確認して退場

開始直前は長時間の暗記より、深呼吸で落ち着き、問題文を最後まで読む習慣を意識します。解答時間の目安はマンション管理士試験センター（公式）の要項と演習記録で確認してください。",8/10例：ネット申込5ステップ,"数値・日程・合格基準は年度で更新されるため、学習前と申込前にはマンション管理士試験センター（公式）の最新案内を確認してください。演習で申込みの流れ（令和8年度）に関する設問を解いたら。正解理由と誤答肢の違いを短くメモし、用語解説・比較表・よくある誤答タブで似た論点を比較表で整理すると定着しやすくなります。

演習10問を解き、解説で参照条文を公式テキストで開いて読み返してください。数値・日程・合格基準は年度で更新されるため、学習前と申込前には公益財団法人マンション管理センターの最新案内を確認してください。",8/25消印：郵送申込の締切逆算,"数値・日程・合格基準は年度で更新されるため、学習前と申込前にはマンション管理士試験センター（公式）の最新案内を確認してください。演習で申込みの流れ（令和8年度）に関する設問を解いたら。正解理由と誤答肢の違いを短くメモし、用語解説・比較表・よくある誤答タブで似た論点を比較表で整理すると定着しやすくなります。

演習10問を解き、解説で参照条文を公式テキストで開いて読み返してください。数値・日程・合格基準は年度で更新されるため、学習前と申込前には公益財団法人マンション管理センターの最新案内を確認してください。","申込前：資格・写真・9,400円","数値・日程・合格基準は年度で更新されるため、学習前と申込前にはマンション管理士試験センター（公式）の最新案内を確認してください。演習で申込みの流れ（令和8年度）に関する設問を解いたら。正解理由と誤答肢の違いを短くメモし、用語解説・比較表・よくある誤答タブで似た論点を比較表で整理すると定着しやすくなります。

演習10問を解き、解説で参照条文を公式テキストで開いて読み返してください。数値・日程・合格基準は年度で更新されるため、学習前と申込前には公益財団法人マンション管理センターの最新案内を確認してください。",9/1以降：演習70％に切替,"申込みの流れ（令和8年度）の理解度は、関連する演習問題で確認するのが効率的です。1問解くごとに「根拠はテキストのどの章か」をメモすると、復習時に該当ページへすぐ戻れます。

同じ問題を時間を空けて解き直し、言い換え選択肢でも正解できるかまで確認してください。二回連続正解でも、条件を1語変えた肢で誤答する場合は、用語の定義がまだ曖昧なサインです。「9/1以降：演習70％に切替」では。申込みの流れ（令和8年度）について公式テキストの該当章を開き、条文の主体・期限・数値を演習問題とセットで押さえて定着を確認します。数値・日程はマンション管理士試験センター（公式）の最新要項で必ず照合してください。",,,,,インターネット申込と郵送申込はどちらを選べばよいですか？,「インターネット申込と郵送申込はどちらを選べばよいですか？」については、マンション管理士試験の申込は、マン管センター要項に沿った時系列で進めるとミスが減ります。公表例では8月3日申込開始、ネット9月30日、郵送8月31日消印、試験11月29日（日）です。本記事ではネット・…。最新の公式要項と照合する。本記事の公式数値表で確認する。,申込完了後に何を確認すべきですか？,「申込完了後に何を確認すべきですか？」は過去問演習で出題形式を把握し、正答後に用語解説で論点を復習する。過去問1問の正答理由をノートに記録して復習する。正答後は関連条文を開く。試験要項の最新版も確認。本記事関連の過去問1問で正答率を記録する。,exam-schedule:試験日程（令和8年度）;exam-fees:受験手数料・支払い;exam-eligibility:受験資格の確認;study-plan:学習計画の立て方,申込締切ギリギリでも間に合いますか？,「申込締切ギリギリでも間に合いますか？」の整理後は8/3以降ネット申込（9/30締切）または郵送（8/31消印）。同テーマを1週間後に解き直して定着を確認する。混同しやすい近義語を比較表の左右に整理する。本記事の誤答肢を比較表に整理する。,"8/3申込開始;ネット9/30;郵送8/31消印;9,400円;申込後演習70％"
application-deadline-checklist,受験・申込,マンション管理士試験の申込締切前チェックリスト（令和8年度）,"マンション管理士試験の申込締切前チェック。9/30ネット・8/31郵送消印、写真・9,400円、印刷用リストを令和8年度11月29日試験向けに具体例付き解説。","マンション管理士試験の申込は、締切直前にミスが集中しやすい手続きです。令和8年度の公表例ではネット9月30日（水）、郵送8月31日（月）消印、試験11月29日（日）、手数料9,400円——たとえば9/23（締切1週前）に本記事の印刷リストで最終点検する運用が安全です。本記事では資格・写真・決済・申込後確認を表と具体例で示します。締切は年度で変わるため、要項PDFで必ず上書き確認してください。",15,受験資格;申込;公式情報,マン管マスター編集部,資格学習サイトの編集チーム,公式情報確認担当,公開前に一次情報との照合を行う担当者,2026-06-05,公益財団法人マンション管理センター（公式）|https://www.mankan.org/,手書きリライト 2026-06-04。自動prose差し替え 2026-06-04（要手書き）。受験・申込向けテンプレートから作成。公開前に本文・参照URL・関連リンクを差し替える。,本記事を読むと、締切前に漏れなく確認できるチェックリストが分かり、たとえば「9/29 22:00最終確認→9/30 10:00申込完了」の流れを再現できます。,"9/23に印刷リストで全項目チェック（ネット締切1週前）;8/24に郵送リストで投函準備（郵送締切1週前）;写真規格・氏名・受験地を目視再確認;9,400円決済手段と控え保存を確認;申込完了後弱点2分野70％の学習へ切替",試験要項・公式ページ更新時に本文と参照元を見直す。,2026-06-05,2026-06-29,2026-06-05,published,2026-06-05: 編集合格（手書きリライト・具体例）,9/23：ネット締切1週前点検,"数値・日程・合格基準は年度で更新されるため、学習前と申込前にはマンション管理士試験センター（公式）の最新案内を確認してください。演習で申込締切前チェックリスト（令和8年度）に関する設問を解いたら。正解理由と誤答肢の違いを短くメモし、用語解説・比較表・よくある誤答タブで似た論点を比較表で整理すると定着しやすくなります。

演習10問を解き、解説で参照条文を公式テキストで開いて読み返してください。数値・日程・合格基準は年度で更新されるため、学習前と申込前には公益財団法人マンション管理センターの最新案内を確認してください。",8/24：郵送締切1週前投函準備,"数値・日程・合格基準は年度で更新されるため、学習前と申込前にはマンション管理士試験センター（公式）の最新案内を確認してください。演習で申込締切前チェックリスト（令和8年度）に関する設問を解いたら。正解理由と誤答肢の違いを短くメモし、用語解説・比較表・よくある誤答タブで似た論点を比較表で整理すると定着しやすくなります。

演習10問を解き、解説で参照条文を公式テキストで開いて読み返してください。数値・日程・合格基準は年度で更新されるため、学習前と申込前には公益財団法人マンション管理センターの最新案内を確認してください。",写真・氏名・受験地の3点目視,"数値・日程・合格基準は年度で更新されるため、学習前と申込前にはマンション管理士試験センター（公式）の最新案内を確認してください。演習で申込締切前チェックリスト（令和8年度）に関する設問を解いたら。正解理由と誤答肢の違いを短くメモし、用語解説・比較表・よくある誤答タブで似た論点を比較表で整理すると定着しやすくなります。

演習10問を解き、解説で参照条文を公式テキストで開いて読み返してください。数値・日程・合格基準は年度で更新されるため、学習前と申込前には公益財団法人マンション管理センターの最新案内を確認してください。","9,400円決済と控え保存","数値・日程・合格基準は年度で更新されるため、学習前と申込前にはマンション管理士試験センター（公式）の最新案内を確認してください。演習で申込締切前チェックリスト（令和8年度）に関する設問を解いたら。正解理由と誤答肢の違いを短くメモし、用語解説・比較表・よくある誤答タブで似た論点を比較表で整理すると定着しやすくなります。

演習10問を解き、解説で参照条文を公式テキストで開いて読み返してください。数値・日程・合格基準は年度で更新されるため、学習前と申込前には公益財団法人マンション管理センターの最新案内を確認してください。",印刷用10項チェックリスト,"試験前日までに、マンション管理士試験センター（公式）の受験要項と受験票で申込締切前チェックリスト（令和8年度）の内容を最終確認し、忘れ物がないよう前日のうちに以下をチェックしてください。

- 受験票（印刷したもの、または要項で認められた表示方法）
- HB程度の黒い鉛筆を2本以上（予備含む。シャープペンシル可否は要項で確認）
- 消しゴム（汚れ・欠けがないもの）
- 受験票に「身分証明書持参」とある場合は、有効期限内の写真付き身分証
- 会場名・住所・最寄り駅・会場入口（受験票の案内どおり）
- 試験開始時刻と受付開始時刻（多くの会場は開始30分前までに着席）
- 当日の交通手段・所要時間・予備経路（遅延時の連絡先も控える）
- 腕時計の持込可否（禁止の場合は会場の時計のみ使用）
- スマートフォン・タブレット・参考書・電卓・ノート・辞書など禁止物品を持ち込まない
- 前日就寝時刻・当日の起床時刻・朝食（体調管理）

学習面では新しい教材を増やさず、直近1週間の誤答ノートと頻出用語だけを30分以内で見直します。当日朝は持ち物をリスト通りにカバンへ入れ、出発前にもう一度中身を確認してください。",,,,,令和8年度の申込締切はいつですか？,"「令和8年度の申込締切はいつですか？」については、マンション管理士試験の申込は、締切直前にミスが集中しやすい手続きです。令和8年度の公表例ではネット9月30日（水）、郵送8月31日（月）消印、試験11月29日（日）、手数料9,400円——たとえば9/…。最新の公式要項と照合する。本記事の公式数値表で確認する。",締切直前に写真が規格外と分かったら？,「締切直前に写真が規格外と分かったら？」は過去問演習で出題形式を把握し、正答後に用語解説で論点を復習する。過去問1問の正答理由をノートに記録して復習する。正答後は関連条文を開く。試験要項の最新版も確認。本記事関連の過去問1問で正答率を記録する。,exam-application-flow:申込みの流れ;exam-fees:受験手数料・支払い;exam-schedule:試験日程（令和8年度）;exam-eligibility:受験資格の確認,チェックリスト完了後の学習は？,「チェックリスト完了後の学習は？」の整理後は8/24に郵送リストで投函準備（郵送締切1週前）。同テーマを1週間後に解き直して定着を確認する。混同しやすい近義語を比較表の左右に整理する。誤答肢は色分けして復習する。本記事の誤答肢を比較表に整理する。,"9/30ネット;8/31郵送消印;9/23最終点検;9,400円;印刷リスト"
exam-venue-and-region,受験・申込,マンション管理士試験の受験地・会場の確認,マンション管理士試験の受験地・会場確認。8/10都道府県選択・11/15受験票照合、11/28前日ルート確認を令和8年度11月29日試験向けに具体例付き解説。,"マンション管理士試験の受験地・会場は、受験資格とは別に申込時に決める項目です。たとえば2026年8月10日ネット申込で都道府県を選択→11月15日頃受験票で正式会場確認→11月28日前日ルート確認——11月29日（日）13:00〜15:00本番までこの3点が要です。令和8年度は7分野50問、手数料9,400円、公式情報は要項と受験票です。",15,受験資格;申込;公式情報,マン管マスター編集部,資格学習サイトの編集チーム,公式情報確認担当,公開前に一次情報との照合を行う担当者,2026-06-05,公益財団法人マンション管理センター（公式）|https://www.mankan.org/;国土交通省 マンション管理関連|https://www.mlit.go.jp/jutakukentiku/house/jutakukentiku_house_tk5_000058.html,手書きリライト 2026-06-04。自動prose差し替え 2026-06-04（要手書き）。受験・申込向けテンプレートから作成。公開前に本文・参照URL・関連リンクを差し替える。,本記事を読むと、申込時の受験地選びから前日確認まで分かり、たとえば「10:30出発・11:30到着・13:00開始」の流れを設計できます。,8/10申込時に受験地（都道府県）を要項どおり選択;11/15頃受験票で会場名・住所を要項と照合;11/20地図アプリで10:30出発11:30到着を試算;11/28前日22:00就寝・受験票を袋に;試験当日の流れ記事で時刻表を連動,試験要項・公式ページ更新時に本文と参照元を見直す。,2026-06-05,2026-06-29,2026-06-05,published,2026-06-05: 編集合格（手書きリライト・具体例）,8/10申込：都道府県受験地を選択,"数値・日程・合格基準は年度で更新されるため、学習前と申込前にはマンション管理士試験センター（公式）の最新案内を確認してください。演習で受験地・会場の確認に関する設問を解いたら。正解理由と誤答肢の違いを短くメモし、用語解説・比較表・よくある誤答タブで似た論点を比較表で整理すると定着しやすくなります。

演習10問を解き、解説で参照条文を公式テキストで開いて読み返してください。数値・日程・合格基準は年度で更新されるため、学習前と申込前には公益財団法人マンション管理センターの最新案内を確認してください。",11/15：受験票で会場名・住所照合,"数値・日程・合格基準は年度で更新されるため、学習前と申込前にはマンション管理士試験センター（公式）の最新案内を確認してください。演習で受験地・会場の確認に関する設問を解いたら。正解理由と誤答肢の違いを短くメモし、用語解説・比較表・よくある誤答タブで似た論点を比較表で整理すると定着しやすくなります。

演習10問を解き、解説で参照条文を公式テキストで開いて読み返してください。数値・日程・合格基準は年度で更新されるため、学習前と申込前には公益財団法人マンション管理センターの最新案内を確認してください。",11/20：10:30出発11:30到着を試算,"数値・日程・合格基準は年度で更新されるため、学習前と申込前にはマンション管理士試験センター（公式）の最新案内を確認してください。演習で受験地・会場の確認に関する設問を解いたら。正解理由と誤答肢の違いを短くメモし、用語解説・比較表・よくある誤答タブで似た論点を比較表で整理すると定着しやすくなります。

演習10問を解き、解説で参照条文を公式テキストで開いて読み返してください。数値・日程・合格基準は年度で更新されるため、学習前と申込前には公益財団法人マンション管理センターの最新案内を確認してください。",11/28前日：受験票＋ルートA4,"数値・日程・合格基準は年度で更新されるため、学習前と申込前にはマンション管理士試験センター（公式）の最新案内を確認してください。演習で受験地・会場の確認に関する設問を解いたら。正解理由と誤答肢の違いを短くメモし、用語解説・比較表・よくある誤答タブで似た論点を比較表で整理すると定着しやすくなります。

演習10問を解き、解説で参照条文を公式テキストで開いて読み返してください。数値・日程・合格基準は年度で更新されるため、学習前と申込前には公益財団法人マンション管理センターの最新案内を確認してください。",11/29当日：受付→着席60分,"試験直前は新しい参考書を増やさず、受験地・会場の確認で何度も迷った分野と頻出用語に絞ります。3分野のうち得点率が低い領域を1つ選び、用語10語＋演習20問程度をセットで見直すのが目安です。

前日は暗記の詰め込みより、睡眠と当日の持ち物・会場確認を優先してください。数値（修繕積立金、管理費、総会決議、管理委託契約、登録など）は早見表タブで最終確認すると安心です。",,,,,会場の住所やアクセスはどこで確認しますか？,マンション管理士試験センター（公式）（マンション管理士試験センター）で最新情報を確認してください。受験要項・テキスト改訂・合格発表は公式ページを確認してください。受験地・会場の確認に関する数値や期限も、非公式まとめではなく公式資料と照合してください。,申込後に受験地を変更できますか？,「申込後に受験地を変更できますか」はマンション管理士試験の公式テキスト該当章とマンション管理士試験センター（公式）で確認するのが確実です。受験地・会場の確認では、条文の要件（誰が・いつ・何を）を演習問題とセットで押さえてください。,exam-eligibility:受験資格の確認;exam-application-flow:申込みの流れ;exam-day-flow:試験当日の流れ;exam-day-troubleshooting:試験当日のトラブル対応,会場確認はいつから始めればよいですか？,読了後は、受験地・会場の確認の関連する演習を5問以上解き、間違えた選択肢を用語解説で確認してから関連ガイドへ進んでください。1週間後の解き直し日をカレンダーに入れると定着しやすくなります。数値・主体・手順はマンション管理士試験センターの最新案内と照合してください。,8/10受験地選択;11/15受験票;11/28前日ルート;10:30出発;要項＋受験票
reschedule-and-absence,受験・申込,マンション管理士試験の欠席・再受験の手続き,"マンション管理士試験の欠席・再受験。当日確認・9,400円再申込、不合格後48％分野の解き直し70％配分を令和8年度11月29日50問120分本番向けに具体例付き解説。","マンション管理士試験を欠席した場合や不合格後の再受験では、手続きと学習立て直しを分けて進める必要があります。たとえば11/29当日体調不良で欠席→翌年8/3再申込9,400円まで約39週——不合格なら12月から弱点2分野70％、令和8年度は13:00〜15:00・7分野50問、返金・手続は要項を確認してください。本記事では欠席確認、再申込、学習修正を具体例付きで示します。",15,受験資格;申込;公式情報,マン管マスター編集部,資格学習サイトの編集チーム,公式情報確認担当,公開前に一次情報との照合を行う担当者,2026-06-05,公益財団法人マンション管理センター（公式）|https://www.mankan.org/,手書きリライト 2026-06-04。自動prose差し替え 2026-06-04（要手書き）。受験・申込向けテンプレートから作成。公開前に本文・参照URL・関連リンクを差し替える。,本記事を読むと、欠席・不合格後に何を確認しどう学習を再開するかが分かり、たとえば「12月管理組合48％→1月70％時間配分」まで計画できます。,"欠席・返金可否は要項・公式案内で確認;再受験は最新要項で資格・9,400円を再確認;不合格後48％未満分野を1行特定;解き直し70％・新規30％で2か月再開;再受験戦略・日程調整記事へ接続",試験要項・公式ページ更新時に本文と参照元を見直す。,2026-06-05,2026-06-29,2026-06-05,published,2026-06-05: 編集合格（手書きリライト・具体例）,欠席・再受験：要項2章を先に開く,"独学を始める前に、マンション管理士試験センター（公式）で受験資格・試験日程・出題範囲（3分野）・合格基準をメモしてください。欠席・再受験の手続きの学習計画は、公式テキストの章立てと一致させると、過去問の分野ラベルとも対応づけやすくなります。

ブログやSNSの「最新情報」は、必ずマンション管理士試験センターのページと照合してから採用してください。申込期限や受験料は年度ごとに変わるため、カレンダーに締切を入れてから教材を開く習慣が有効です。",11/29当日欠席：要項＋公式案内,"独学を始める前に、マンション管理士試験センター（公式）で受験資格・試験日程・出題範囲（3分野）・合格基準をメモしてください。欠席・再受験の手続きの学習計画は、公式テキストの章立てと一致させると、過去問の分野ラベルとも対応づけやすくなります。

ブログやSNSの「最新情報」は、必ずマンション管理士試験センターのページと照合してから採用してください。申込期限や受験料は年度ごとに変わるため、カレンダーに締切を入れてから教材を開く習慣が有効です。","翌8/3：再申込9,400円・資格再確認","独学を始める前に、マンション管理士試験センター（公式）で受験資格・試験日程・出題範囲（3分野）・合格基準をメモしてください。欠席・再受験の手続きの学習計画は、公式テキストの章立てと一致させると、過去問の分野ラベルとも対応づけやすくなります。

ブログやSNSの「最新情報」は、必ずマンション管理士試験センターのページと照合してから採用してください。申込期限や受験料は年度ごとに変わるため、カレンダーに締切を入れてから教材を開く習慣が有効です。",12月：弱点48％分野に70％,"数値・日程・合格基準は年度で更新されるため、学習前と申込前にはマンション管理士試験センター（公式）の最新案内を確認してください。演習で欠席・再受験の手続きに関する設問を解いたら。正解理由と誤答肢の違いを短くメモし、用語解説・比較表・よくある誤答タブで似た論点を比較表で整理すると定着しやすくなります。

演習10問を解き、解説で参照条文を公式テキストで開いて読み返してください。数値・日程・合格基準は年度で更新されるため、学習前と申込前には公益財団法人マンション管理センターの最新案内を確認してください。",再受験前10項チェックリスト,"試験前日までに、マンション管理士試験センター（公式）の受験要項と受験票で欠席・再受験の手続きの内容を最終確認し、忘れ物がないよう前日のうちに以下をチェックしてください。

- 受験票（印刷したもの、または要項で認められた表示方法）
- HB程度の黒い鉛筆を2本以上（予備含む。シャープペンシル可否は要項で確認）
- 消しゴム（汚れ・欠けがないもの）
- 受験票に「身分証明書持参」とある場合は、有効期限内の写真付き身分証
- 会場名・住所・最寄り駅・会場入口（受験票の案内どおり）
- 試験開始時刻と受付開始時刻（多くの会場は開始30分前までに着席）
- 当日の交通手段・所要時間・予備経路（遅延時の連絡先も控える）
- 腕時計の持込可否（禁止の場合は会場の時計のみ使用）
- スマートフォン・タブレット・参考書・電卓・ノート・辞書など禁止物品を持ち込まない
- 前日就寝時刻・当日の起床時刻・朝食（体調管理）

学習面では新しい教材を増やさず、直近1週間の誤答ノートと頻出用語だけを30分以内で見直します。当日朝は持ち物をリスト通りにカバンへ入れ、出発前にもう一度中身を確認してください。",,,,,欠席した場合、受験料は返金されますか？,「欠席した場合、受験料は返金されますか」はマンション管理士試験の公式テキスト該当章とマンション管理士試験センター（公式）で確認するのが確実です。欠席・再受験の手続きでは、条文の要件（誰が・いつ・何を）を演習問題とセットで押さえてください。,不合格後すぐに再申込すべきですか？,「不合格後すぐに再申込すべきですか」はマンション管理士試験の公式テキスト該当章とマンション管理士試験センター（公式）で確認するのが確実です。欠席・再受験の手続きでは、条文の要件（誰が・いつ・何を）を演習問題とセットで押さえてください。,exam-eligibility:受験資格の確認;retake-strategy:再受験の戦略;retake-schedule-adjustment:再受験の日程調整;exam-schedule:試験日程（令和8年度）,再受験時の学習は最初からやり直しですか？,読了後は、欠席・再受験の手続きの関連する演習を5問以上解き、間違えた選択肢を用語解説で確認してから関連ガイドへ進んでください。1週間後の解き直し日をカレンダーに入れると定着しやすくなります。数値・主体・手順はマンション管理士試験センターの最新案内と照合してください。,"要項が正本;返金は要項確認;再申込9,400円;弱点70％;解き直し優先"
exam-format-overview,出題・形式,マンション管理士試験の形式（四肢択一・2時間・7分野）,マンション管理士試験の形式。50問120分・1問2.4分、マークシート練習、7分野配分の読み方を令和8年度11月29日試験向けに具体例付き解説。,マンション管理士試験の形式は、マン管センター要項の「試験方法」「試験科目」を確認してください。たとえば2026年6月4日に確認始めなら11月29日（日）試験まで約25週、13:00〜15:00の120分・四肢択一50問——1問あたり約2.4分、50問通し模試を120分タイマーで2回解くと本番のペース感が掴めます。本記事では問題数の読み方、マーク練習、模試への反映を表と具体例で示します。問題数・配点は年度で公表されるため、申込前に要項で必ず確認してください。,19,出題範囲;試験形式,マン管マスター編集部,資格学習サイトの編集チーム,公式情報確認担当,公開前に一次情報との照合を行う担当者,2026-06-05,公益財団法人マンション管理センター（公式）|https://www.mankan.org/,手書きリライト 2026-06-04。自動prose差し替え 2026-06-04（要手書き）。出題・形式向けテンプレートから作成。公開前に本文・参照URL・関連リンクを差し替える。,本記事を読むと、2時間50問の時間配分と7分野の読み方が分かり、たとえば「管理組合12問だけ正答率40％」のとき模試前にどう時間を振るかまで把握できます。,要項で問題数・試験時間・合格基準を1枚にメモ;50問120分の通し模試を月1回（6か月前から）;HB鉛筆2本でマークシート10問練習;分野別正答率48％未満は解き直し比率60％へ;形式確認後に学習計画記事で週次時間を決める,試験要項・公式ページ更新時に本文と参照元を見直す。,2026-06-05,2026-06-29,2026-06-05,published,2026-06-05: 編集合格（手書きリライト・具体例）,要項4項目：時間・問題数・形式・合格基準,"独学を始める前に、マンション管理士試験センター（公式）で受験資格・試験日程・出題範囲（3分野）・合格基準をメモしてください。形式（四肢択一・2時間・7分野）の学習計画は、公式テキストの章立てと一致させると、過去問の分野ラベルとも対応づけやすくなります。

ブログやSNSの「最新情報」は、必ずマンション管理士試験センターのページと照合してから採用してください。申込期限や受験料は年度ごとに変わるため、カレンダーに締切を入れてから教材を開く習慣が有効です。",1問2.4分：50問120分の配分例,"数値・日程・合格基準は年度で更新されるため、学習前と申込前にはマンション管理士試験センター（公式）の最新案内を確認してください。演習で形式（四肢択一・2時間・7分野）に関する設問を解いたら。正解理由と誤答肢の違いを短くメモし、用語解説・比較表・よくある誤答タブで似た論点を比較表で整理すると定着しやすくなります。

演習10問を解き、解説で参照条文を公式テキストで開いて読み返してください。数値・日程・合格基準は年度で更新されるため、学習前と申込前には公益財団法人マンション管理センターの最新案内を確認してください。",HB鉛筆2本でマーク10問練習,"数値・日程・合格基準は年度で更新されるため、学習前と申込前にはマンション管理士試験センター（公式）の最新案内を確認してください。演習で形式（四肢択一・2時間・7分野）に関する設問を解いたら。正解理由と誤答肢の違いを短くメモし、用語解説・比較表・よくある誤答タブで似た論点を比較表で整理すると定着しやすくなります。

演習10問を解き、解説で参照条文を公式テキストで開いて読み返してください。数値・日程・合格基準は年度で更新されるため、学習前と申込前には公益財団法人マンション管理センターの最新案内を確認してください。",7分野配分と正答率48％の修正,"数値・日程・合格基準は年度で更新されるため、学習前と申込前にはマンション管理士試験センター（公式）の最新案内を確認してください。演習で形式（四肢択一・2時間・7分野）に関する設問を解いたら。正解理由と誤答肢の違いを短くメモし、用語解説・比較表・よくある誤答タブで似た論点を比較表で整理すると定着しやすくなります。

演習10問を解き、解説で参照条文を公式テキストで開いて読み返してください。数値・日程・合格基準は年度で更新されるため、学習前と申込前には公益財団法人マンション管理センターの最新案内を確認してください。",6か月前から月1回通し模試,"数値・日程・合格基準は年度で更新されるため、学習前と申込前にはマンション管理士試験センター（公式）の最新案内を確認してください。演習で形式（四肢択一・2時間・7分野）に関する設問を解いたら。正解理由と誤答肢の違いを短くメモし、用語解説・比較表・よくある誤答タブで似た論点を比較表で整理すると定着しやすくなります。

演習10問を解き、解説で参照条文を公式テキストで開いて読み返してください。数値・日程・合格基準は年度で更新されるため、学習前と申込前には公益財団法人マンション管理センターの最新案内を確認してください。",,,,,問題数は何問ですか？,「問題数は何問ですか」はマンション管理士試験の公式テキスト該当章とマンション管理士試験センター（公式）で確認するのが確実です。形式（四肢択一・2時間・7分野）では、条文の要件（誰が・いつ・何を）を演習問題とセットで押さえてください。,マークシートはいつから練習すべきですか？,「マークシートはいつから練習すべきですか」はマンション管理士試験の公式テキスト該当章とマンション管理士試験センター（公式）で確認するのが確実です。形式（四肢択一・2時間・7分野）では、条文の要件（誰が・いつ・何を）を演習問題とセットで押さえてください。,exam-overview:試験概要;pass-score:合格点と得点の見方;past-question-strategy:過去問の使い方,形式だけ確認して学習は後回しでもよいですか？,読了後は、形式（四肢択一・2時間・7分野）の関連する演習を5問以上解き、間違えた選択肢を用語解説で確認してから関連ガイドへ進んでください。1週間後の解き直し日をカレンダーに入れると定着しやすくなります。,50問120分;1問2.4分;四肢択一;7分野配分;通し模試月1回
subject-breakdown,出題・形式,マンション管理士試験の科目構成と配点,マンション管理士試験の科目構成。7分野目次1枚・月2分野40問/月、要項とテキスト目次統一を令和8年度11月29日試験向けに具体例付き解説。,"マンション管理士試験の科目構成は、マン管センター要項と公式テキスト目次を確認してください。たとえば2026年6月4日に7分野目次を1枚に写し、6〜7月は区分所有法＋管理組合に各40問/月——11月29日（日）13:00〜15:00まで約25週、科目名の揃え方が演習記録の前提になります。令和8年度は50問120分、手数料9,400円です。",19,出題範囲;試験形式,マン管マスター編集部,資格学習サイトの編集チーム,公式情報確認担当,公開前に一次情報との照合を行う担当者,2026-06-05,公益財団法人マンション管理センター（公式）|https://www.mankan.org/,手書きリライト 2026-06-04。自動prose差し替え 2026-06-04（要手書き）。出題・形式向けテンプレートから作成。公開前に本文・参照URL・関連リンクを差し替える。,本記事を読むと、7分野の正式名称と学習配分が分かり、たとえば「要項科目表＝テキスト目次＝演習タグ」まで統一できます。,要項科目表と公式テキスト目次を1枚に写す;分野名の表記ゆれを要項表記に統一;月2分野重点で40問/月を目安;改定年度は6/1と9/1に要項差分確認;通し50問で分野別正答率を記録,試験要項・公式ページ更新時に本文と参照元を見直す。,2026-06-05,2026-06-29,2026-06-05,published,2026-06-05: 編集合格（手書きリライト・具体例）,6/4：7分野目次を1枚に写す,"数値・日程・合格基準は年度で更新されるため、学習前と申込前にはマンション管理士試験センター（公式）の最新案内を確認してください。演習で科目構成と配点に関する設問を解いたら。正解理由と誤答肢の違いを短くメモし、用語解説・比較表・よくある誤答タブで似た論点を比較表で整理すると定着しやすくなります。

演習10問を解き、解説で参照条文を公式テキストで開いて読み返してください。数値・日程・合格基準は年度で更新されるため、学習前と申込前には公益財団法人マンション管理センターの最新案内を確認してください。",月2分野：各40問/月の配分例,"数値・日程・合格基準は年度で更新されるため、学習前と申込前にはマンション管理士試験センター（公式）の最新案内を確認してください。演習で科目構成と配点に関する設問を解いたら。正解理由と誤答肢の違いを短くメモし、用語解説・比較表・よくある誤答タブで似た論点を比較表で整理すると定着しやすくなります。

演習10問を解き、解説で参照条文を公式テキストで開いて読み返してください。数値・日程・合格基準は年度で更新されるため、学習前と申込前には公益財団法人マンション管理センターの最新案内を確認してください。",9/1：改定年度の科目表差分,"数値・日程・合格基準は年度で更新されるため、学習前と申込前にはマンション管理士試験センター（公式）の最新案内を確認してください。演習で科目構成と配点に関する設問を解いたら。正解理由と誤答肢の違いを短くメモし、用語解説・比較表・よくある誤答タブで似た論点を比較表で整理すると定着しやすくなります。

表をノートに転記したら、演習10問で理解を確認し、誤答は公式テキスト該当章で読み直してください。数値・日程・合格基準は年度で更新されるため、学習前と申込前には公益財団法人マンション管理センターの最新案内を確認してください。",通し50問：分野別12問の記録例,"数値・日程・合格基準は年度で更新されるため、学習前と申込前にはマンション管理士試験センター（公式）の最新案内を確認してください。演習で科目構成と配点に関する設問を解いたら。正解理由と誤答肢の違いを短くメモし、用語解説・比較表・よくある誤答タブで似た論点を比較表で整理すると定着しやすくなります。

演習10問を解き、解説で参照条文を公式テキストで開いて読み返してください。数値・日程・合格基準は年度で更新されるため、学習前と申込前には公益財団法人マンション管理センターの最新案内を確認してください。",11月：弱点2分野横断ノート,"数値・日程・合格基準は年度で更新されるため、学習前と申込前にはマンション管理士試験センター（公式）の最新案内を確認してください。演習で科目構成と配点に関する設問を解いたら。正解理由と誤答肢の違いを短くメモし、用語解説・比較表・よくある誤答タブで似た論点を比較表で整理すると定着しやすくなります。

演習10問を解き、解説で参照条文を公式テキストで開いて読み返してください。数値・日程・合格基準は年度で更新されるため、学習前と申込前には公益財団法人マンション管理センターの最新案内を確認してください。",,,,,科目構成は毎年変わりますか？,「科目構成は毎年変わりますか」はマンション管理士試験の公式テキスト該当章とマンション管理士試験センター（公式）で確認するのが確実です。科目構成と配点では、条文の要件（誰が・いつ・何を）を演習問題とセットで押さえてください。,配点は分野ごとに均等ですか？,「配点は分野ごとに均等ですか」はマンション管理士試験の公式テキスト該当章とマンション管理士試験センター（公式）で確認するのが確実です。科目構成と配点では、条文の要件（誰が・いつ・何を）を演習問題とセットで押さえてください。,exam-scope-overview:出題範囲;exam-format-overview:試験形式の概要;pass-score:合格点と得点の見方;study-plan:学習計画の立て方,科目メモは独学でも作れますか？,読了後は、科目構成と配点の関連する演習を5問以上解き、間違えた選択肢を用語解説で確認してから関連ガイドへ進んでください。1週間後の解き直し日をカレンダーに入れると定着しやすくなります。数値・主体・手順はマンション管理士試験センターの最新案内と照合してください。,要項＋テキスト正本;7分野目次1枚;月2分野40問;名称統一;改定9/1確認
cbt-computer-exam,出題・形式,マンション管理士試験のCBT・マークシート対策,マンション管理士試験のCBT・マークシート対策。要項で形式確認・HB鉛筆10問練習、50問120分を令和8年度11月29日試験向けに具体例付き解説。,"マンション管理士試験の解答形式は、年度ごとにマン管センター要項で定められます。たとえば2026年6月4日に要項「試験方法」を開き、マークシートなら8月からHB鉛筆10問/月——11月29日（日）13:00〜15:00まで約25週、過去受験者のCBT説明をそのまま当てはめないのが第一歩です。令和8年度は50問120分、手数料9,400円、公式情報は要項です。",19,出題範囲;試験形式,マン管マスター編集部,資格学習サイトの編集チーム,公式情報確認担当,公開前に一次情報との照合を行う担当者,2026-06-05,公益財団法人マンション管理センター（公式）|https://www.mankan.org/,手書きリライト 2026-06-04。自動prose差し替え 2026-06-04（要手書き）。出題・形式向けテンプレートから作成。公開前に本文・参照URL・関連リンクを差し替える。,本記事を読むと、受験年度の形式確認と練習手順が分かり、たとえば「6/4要項確認→8月マーク10問→11月通し50問」の流れを再現できます。,要項「試験方法」でマークシート/CBTを確認;マーク方式ならHB鉛筆2本で10問/月練習;6か月前から50問120分通しを月1回;形式練習と7分野内容を分離;試験当日の流れ記事で時刻表連動,試験要項・公式ページ更新時に本文と参照元を見直す。,2026-06-05,2026-06-29,2026-06-05,published,2026-06-05: 編集合格（手書きリライト・具体例）,6/4：要項「試験方法」1行メモ,"独学を始める前に、マンション管理士試験センター（公式）で受験資格・試験日程・出題範囲（3分野）・合格基準をメモしてください。CBT・マークシート対策の学習計画は、公式テキストの章立てと一致させると、過去問の分野ラベルとも対応づけやすくなります。

ブログやSNSの「最新情報」は、必ずマンション管理士試験センターのページと照合してから採用してください。申込期限や受験料は年度ごとに変わるため、カレンダーに締切を入れてから教材を開く習慣が有効です。",形式練習と7分野内容を分離,"数値・日程・合格基準は年度で更新されるため、学習前と申込前にはマンション管理士試験センター（公式）の最新案内を確認してください。演習でCBT・マークシート対策に関する設問を解いたら。正解理由と誤答肢の違いを短くメモし、用語解説・比較表・よくある誤答タブで似た論点を比較表で整理すると定着しやすくなります。

演習10問を解き、解説で参照条文を公式テキストで開いて読み返してください。数値・日程・合格基準は年度で更新されるため、学習前と申込前には公益財団法人マンション管理センターの最新案内を確認してください。",50問120分：1問2.4分の通し,"数値・日程・合格基準は年度で更新されるため、学習前と申込前にはマンション管理士試験センター（公式）の最新案内を確認してください。演習でCBT・マークシート対策に関する設問を解いたら。正解理由と誤答肢の違いを短くメモし、用語解説・比較表・よくある誤答タブで似た論点を比較表で整理すると定着しやすくなります。

演習10問を解き、解説で参照条文を公式テキストで開いて読み返してください。数値・日程・合格基準は年度で更新されるため、学習前と申込前には公益財団法人マンション管理センターの最新案内を確認してください。",8月：HB鉛筆マーク10問/月,"数値・日程・合格基準は年度で更新されるため、学習前と申込前にはマンション管理士試験センター（公式）の最新案内を確認してください。演習でCBT・マークシート対策に関する設問を解いたら。正解理由と誤答肢の違いを短くメモし、用語解説・比較表・よくある誤答タブで似た論点を比較表で整理すると定着しやすくなります。

演習10問を解き、解説で参照条文を公式テキストで開いて読み返してください。数値・日程・合格基準は年度で更新されるため、学習前と申込前には公益財団法人マンション管理センターの最新案内を確認してください。",11/29：形式と内容の最終確認,"独学を始める前に、マンション管理士試験センター（公式）で受験資格・試験日程・出題範囲（3分野）・合格基準をメモしてください。CBT・マークシート対策の学習計画は、公式テキストの章立てと一致させると、過去問の分野ラベルとも対応づけやすくなります。

ブログやSNSの「最新情報」は、必ずマンション管理士試験センターのページと照合してから採用してください。申込期限や受験料は年度ごとに変わるため、カレンダーに締切を入れてから教材を開く習慣が有効です。",,,,,CBTとマークシートはどちらで受験しますか？,「CBTとマークシートはどちらで受験しますか」はマンション管理士試験の公式テキスト該当章とマンション管理士試験センター（公式）で確認するのが確実です。CBT・マークシート対策では、条文の要件（誰が・いつ・何を）を演習問題とセットで押さえてください。,形式練習はいつから始めますか？,「形式練習はいつから始めますか」はマンション管理士試験の公式テキスト該当章とマンション管理士試験センター（公式）で確認するのが確実です。CBT・マークシート対策では、条文の要件（誰が・いつ・何を）を演習問題とセットで押さえてください。,exam-format-overview:試験形式の概要;exam-day-flow:試験当日の流れ;mock-exam-how-to:模試の活用法;exam-schedule:試験日程（令和8年度）,形式対策は独学でもできますか？,読了後は、CBT・マークシート対策の関連する演習を5問以上解き、間違えた選択肢を用語解説で確認してから関連ガイドへ進んでください。1週間後の解き直し日をカレンダーに入れると定着しやすくなります。数値・主体・手順はマンション管理士試験センターの最新案内と照合してください。,要項で形式確認;マーク10問/月;50問120分;HB鉛筆2本;CBTは要項次第
time-limit-strategy,出題・形式,マンション管理士試験の時間配分の戦略,マンション管理士試験の時間配分戦略。50問120分・前半25問60分、取れる問題優先と見直し15分の確保を令和8年度11月29日13:00〜15:00本番向けに具体例付き解説。,マンション管理士試験本番では、全問均等より「取れる問題を落とさない」配分が得点に効きます。たとえば2026年6月から50問120分通しを月1回、前半25問60分・後半25問55分・見直し5分——11月29日（日）13:00〜15:00まで約25週、この配分を固定します。令和8年度は7分野50問、公式情報はマン管センター要項です。,19,出題範囲;試験形式,マン管マスター編集部,資格学習サイトの編集チーム,公式情報確認担当,公開前に一次情報との照合を行う担当者,2026-06-05,公益財団法人マンション管理センター（公式）|https://www.mankan.org/,手書きリライト 2026-06-04。自動prose差し替え 2026-06-04（要手書き）。出題・形式向けテンプレートから作成。公開前に本文・参照URL・関連リンクを差し替える。,本記事を読むと、120分の配分戦略が分かり、たとえば「Q12で3分超→次問へ→14:50見直し」の運用まで設計できます。,要項で50問120分を1行メモ;通し模試で前半60分・後半55分・見直し5分;2分超え問題は次問へ（見直しリストへ）;48％未満分野は事前に時間多め配分;11/29 14:50から見直し5分固定,試験要項・公式ページ更新時に本文と参照元を見直す。,2026-06-05,2026-06-29,2026-06-05,published,2026-06-05: 編集合格（手書きリライト・具体例）,6/4：50÷120＝1問2.4分を電卓,"数値・日程・合格基準は年度で更新されるため、学習前と申込前にはマンション管理士試験センター（公式）の最新案内を確認してください。演習で時間配分の戦略に関する設問を解いたら。正解理由と誤答肢の違いを短くメモし、用語解説・比較表・よくある誤答タブで似た論点を比較表で整理すると定着しやすくなります。

演習10問を解き、解説で参照条文を公式テキストで開いて読み返してください。数値・日程・合格基準は年度で更新されるため、学習前と申込前には公益財団法人マンション管理センターの最新案内を確認してください。",管48％分野：+30秒/問の余裕,"数値・日程・合格基準は年度で更新されるため、学習前と申込前にはマンション管理士試験センター（公式）の最新案内を確認してください。演習で時間配分の戦略に関する設問を解いたら。正解理由と誤答肢の違いを短くメモし、用語解説・比較表・よくある誤答タブで似た論点を比較表で整理すると定着しやすくなります。

演習10問を解き、解説で参照条文を公式テキストで開いて読み返してください。数値・日程・合格基準は年度で更新されるため、学習前と申込前には公益財団法人マンション管理センターの最新案内を確認してください。",2分超え：次問へ・見直しリスト,"数値・日程・合格基準は年度で更新されるため、学習前と申込前にはマンション管理士試験センター（公式）の最新案内を確認してください。演習で時間配分の戦略に関する設問を解いたら。正解理由と誤答肢の違いを短くメモし、用語解説・比較表・よくある誤答タブで似た論点を比較表で整理すると定着しやすくなります。

演習10問を解き、解説で参照条文を公式テキストで開いて読み返してください。数値・日程・合格基準は年度で更新されるため、学習前と申込前には公益財団法人マンション管理センターの最新案内を確認してください。",13:00開始：25問60分・25問55分,"数値・日程・合格基準は年度で更新されるため、学習前と申込前にはマンション管理士試験センター（公式）の最新案内を確認してください。演習で時間配分の戦略に関する設問を解いたら。正解理由と誤答肢の違いを短くメモし、用語解説・比較表・よくある誤答タブで似た論点を比較表で整理すると定着しやすくなります。

演習10問を解き、解説で参照条文を公式テキストで開いて読み返してください。数値・日程・合格基準は年度で更新されるため、学習前と申込前には公益財団法人マンション管理センターの最新案内を確認してください。",月1回通し：配分紙1行を更新,"数値・日程・合格基準は年度で更新されるため、学習前と申込前にはマンション管理士試験センター（公式）の最新案内を確認してください。演習で時間配分の戦略に関する設問を解いたら。正解理由と誤答肢の違いを短くメモし、用語解説・比較表・よくある誤答タブで似た論点を比較表で整理すると定着しやすくなります。

演習10問を解き、解説で参照条文を公式テキストで開いて読み返してください。数値・日程・合格基準は年度で更新されるため、学習前と申込前には公益財団法人マンション管理センターの最新案内を確認してください。",,,,,1問何分を目安にすればよいですか？,「1問何分を目安にすればよいですか」はマンション管理士試験の公式テキスト該当章とマンション管理士試験センター（公式）で確認するのが確実です。時間配分の戦略では、条文の要件（誰が・いつ・何を）を演習問題とセットで押さえてください。,時間が足りない分野はどうしますか？,「時間が足りない分野はどうしますか」はマンション管理士試験の公式テキスト該当章とマンション管理士試験センター（公式）で確認するのが確実です。時間配分の戦略では、条文の要件（誰が・いつ・何を）を演習問題とセットで押さえてください。,timed-practice:時間配分の練習;exam-day-time-allocation:試験当日の時間配分;mock-exam-how-to:模試の活用法;exam-schedule:試験日程（令和8年度）,時間配分練習は独学でもできますか？,読了後は、時間配分の戦略の関連する演習を5問以上解き、間違えた選択肢を用語解説で確認してから関連ガイドへ進んでください。1週間後の解き直し日をカレンダーに入れると定着しやすくなります。数値・主体・手順はマンション管理士試験センターの最新案内と照合してください。,50問120分;前半60分;見直し5分;2分で次へ;14:50見直し
exam-scope-overview,出題・形式,マンション管理士試験の出題範囲,マンション管理士試験の出題範囲。7分野・要項とテキスト公式情報、月2分野40問と通し50問120分の配分を令和8年度11月29日13:00〜15:00本番向けに具体例付き解説。,"マンション管理士試験の出題範囲は7分野、マン管センター要項と公式テキスト目次を確認してください。令和8年度は50問120分、手数料9,400円。本記事では範囲確認、改定、演習対応を具体例付きで示します。",19,出題範囲;試験形式,マン管マスター編集部,資格学習サイトの編集チーム,公式情報確認担当,公開前に一次情報との照合を行う担当者,2026-06-05,公益財団法人マンション管理センター（公式）|https://www.mankan.org/,手書きリライト 2026-06-04。自動prose差し替え 2026-06-04（要手書き）。出題・形式向けテンプレートから作成。公開前に本文・参照URL・関連リンクを差し替える。,本記事を読むと、7分野の範囲全体と今月の重点が分かり、たとえば「6月第1章のみ厚く・他分野は入口10語」まで計画できます。,要項と公式テキストで7分野範囲を1枚に;6/1・9/1に要項改定有無を確認;月2分野重点で範囲を浅く広げすぎない;分野別10問×7後に年度別10問;直前1か月は範囲追加せず解き直し,試験要項・公式ページ更新時に本文と参照元を見直す。,2026-06-05,2026-06-29,2026-06-05,published,2026-06-05: 編集合格（手書きリライト・具体例）,範囲正本：要項＋テキスト第1章目次,"独学を始める前に、マンション管理士試験センター（公式）で受験資格・試験日程・出題範囲（3分野）・合格基準をメモしてください。出題範囲の学習計画は、公式テキストの章立てと一致させると、過去問の分野ラベルとも対応づけやすくなります。

ブログやSNSの「最新情報」は、必ずマンション管理士試験センターのページと照合してから採用してください。申込期限や受験料は年度ごとに変わるため、カレンダーに締切を入れてから教材を開く習慣が有効です。",9/1改定：範囲章の追加削除確認,"独学を始める前に、マンション管理士試験センター（公式）で受験資格・試験日程・出題範囲（3分野）・合格基準をメモしてください。出題範囲の学習計画は、公式テキストの章立てと一致させると、過去問の分野ラベルとも対応づけやすくなります。

ブログやSNSの「最新情報」は、必ずマンション管理士試験センターのページと照合してから採用してください。申込期限や受験料は年度ごとに変わるため、カレンダーに締切を入れてから教材を開く習慣が有効です。",48％ライン：分野バランス修正,"数値・日程・合格基準は年度で更新されるため、学習前と申込前にはマンション管理士試験センター（公式）の最新案内を確認してください。演習で出題範囲に関する設問を解いたら。正解理由と誤答肢の違いを短くメモし、用語解説・比較表・よくある誤答タブで似た論点を比較表で整理すると定着しやすくなります。

演習10問を解き、解説で参照条文を公式テキストで開いて読み返してください。数値・日程・合格基準は年度で更新されるため、学習前と申込前には公益財団法人マンション管理センターの最新案内を確認してください。",50問120分：1問2.4分の范围内,"数値・日程・合格基準は年度で更新されるため、学習前と申込前にはマンション管理士試験センター（公式）の最新案内を確認してください。演習で出題範囲に関する設問を解いたら。正解理由と誤答肢の違いを短くメモし、用語解説・比較表・よくある誤答タブで似た論点を比較表で整理すると定着しやすくなります。

演習10問を解き、解説で参照条文を公式テキストで開いて読み返してください。数値・日程・合格基準は年度で更新されるため、学習前と申込前には公益財団法人マンション管理センターの最新案内を確認してください。",10月末：范围追加停止・解き直し90％,"解き直しは、当日・3日後・1週間後の間隔を空けると記憶の定着を確認しやすくなります。ブラウザの復習機能やブックマーク一覧を「出題範囲関連」でフィルタし、優先順位を付けてください。

2回連続で正解できても、解説を読まずに選んだ問題は三回目も解き直し対象にします。「なぜ正解か」を言語化できるまでが、本番レベルの理解です。「10月末：范围追加停止・解き直し90％」では。出題範囲について公式テキストの該当章を開き、条文の主体・期限・数値を演習問題とセットで押さえて定着を確認します。数値・日程はマンション管理士試験センター（公式）の最新要項で必ず照合してください。",,,,,出題範囲は毎年変わりますか？,「出題範囲は毎年変わりますか」はマンション管理士試験の公式テキスト該当章とマンション管理士試験センター（公式）で確認するのが確実です。出題範囲では、条文の要件（誰が・いつ・何を）を演習問題とセットで押さえてください。,7分野全部を同時に勉強すべきですか？,「7分野全部を同時に勉強すべきですか」はマンション管理士試験の公式テキスト該当章とマンション管理士試験センター（公式）で確認するのが確実です。出題範囲では、条文の要件（誰が・いつ・何を）を演習問題とセットで押さえてください。,syllabus-how-to-read:要項・シラバスの読み方;exam-schedule:試験日程（令和8年度）;study-plan:学習計画の立て方;past-questions-by-field:分野別過去問,范围確認は独学でもできますか？,読了後は、出題範囲の関連する演習を5問以上解き、間違えた選択肢を用語解説で確認してから関連ガイドへ進んでください。1週間後の解き直し日をカレンダーに入れると定着しやすくなります。数値・主体・手順はマンション管理士試験センターの最新案内と照合してください。,7分野要項正本;25週逆算;月2分野;改定9/1;解き直し直前
syllabus-how-to-read,出題・形式,マンション管理士試験の試験要項・シラバスの読み方,"マンション管理士試験の要項・シラバス読み方。6/4五章30分・9,400円・11/29、7分野目次写しと8/3申込前チェックを令和8年度13:00〜15:00本番向けに具体例付き解説。","マンション管理士試験の要項PDFは、全文通読より必要章から読むと効率的です。たとえば2026年6月4日30分で5章——試験日程・受験資格・科目・合格基準・手数料9,400円——11月29日（日）13:00〜15:00まで約25週、このDay0メモが学習計画の索引になります。",19,出題範囲;試験形式,マン管マスター編集部,資格学習サイトの編集チーム,公式情報確認担当,公開前に一次情報との照合を行う担当者,2026-06-05,公益財団法人マンション管理センター（公式）|https://www.mankan.org/,手書きリライト 2026-06-04。自動prose差し替え 2026-06-04（要手書き）。出題・形式向けテンプレートから作成。公開前に本文・参照URL・関連リンクを差し替える。,本記事を読むと、要項の読む順番と転記先が分かり、たとえば「6/4要項→6/5区分所有法10問」まで同日開始できます。,"要項PDFを保存し目次から5章を順読;7分野を公式テキスト目次と1枚照合;11/29・9,400円・8/3申込をカレンダー登録;合格基準を1行メモし通し模試へ接続;9/1に要項更新有無を15分確認",試験要項・公式ページ更新時に本文と参照元を見直す。,2026-06-05,2026-06-29,2026-06-05,published,2026-06-05: 編集合格（手書きリライト・具体例）,6/4 21:00：要項5章を30分,"独学を始める前に、マンション管理士試験センター（公式）で受験資格・試験日程・出題範囲（3分野）・合格基準をメモしてください。試験要項・シラバスの読み方の学習計画は、公式テキストの章立てと一致させると、過去問の分野ラベルとも対応づけやすくなります。

ブログやSNSの「最新情報」は、必ずマンション管理士試験センターのページと照合してから採用してください。申込期限や受験料は年度ごとに変わるため、カレンダーに締切を入れてから教材を開く習慣が有効です。",7分野：要項科目表＝テキスト目次,"独学を始める前に、マンション管理士試験センター（公式）で受験資格・試験日程・出題範囲（3分野）・合格基準をメモしてください。試験要項・シラバスの読み方の学習計画は、公式テキストの章立てと一致させると、過去問の分野ラベルとも対応づけやすくなります。

ブログやSNSの「最新情報」は、必ずマンション管理士試験センターのページと照合してから採用してください。申込期限や受験料は年度ごとに変わるため、カレンダーに締切を入れてから教材を開く習慣が有効です。",8/3申込・9/30締切を別色登録,"数値・日程・合格基準は年度で更新されるため、学習前と申込前にはマンション管理士試験センター（公式）の最新案内を確認してください。演習で試験要項・シラバスの読み方に関する設問を解いたら。正解理由と誤答肢の違いを短くメモし、用語解説・比較表・よくある誤答タブで似た論点を比較表で整理すると定着しやすくなります。

演習10問を解き、解説で参照条文を公式テキストで開いて読み返してください。数値・日程・合格基準は年度で更新されるため、学習前と申込前には公益財団法人マンション管理センターの最新案内を確認してください。",合格基準1行→通し50問120分,"合格率・合格点はマンション管理士試験センター（公式）の統計・要項で確認します。数字だけで難易度を判断せず、自分の演習得点と弱点分野を合わせて見積もってください。

試験要項・シラバスの読み方の学習時間は、3分野のバランスと仕事の繁忙期を考慮して設定します。「合格基準1行→通し50問120分」では。試験要項・シラバスの読み方について公式テキストの該当章を開き、条文の主体・期限・数値を演習問題とセットで押さえて定着を確認します。数値・日程はマンション管理士試験センター（公式）の最新要項で必ず照合してください。",9/1：要項PDF差分15分,"独学を始める前に、マンション管理士試験センター（公式）で受験資格・試験日程・出題範囲（3分野）・合格基準をメモしてください。試験要項・シラバスの読み方の学習計画は、公式テキストの章立てと一致させると、過去問の分野ラベルとも対応づけやすくなります。

ブログやSNSの「最新情報」は、必ずマンション管理士試験センターのページと照合してから採用してください。申込期限や受験料は年度ごとに変わるため、カレンダーに締切を入れてから教材を開く習慣が有効です。",,,,,要項はどの順番で読めばよいですか？,"「要項はどの順番で読めばよいですか？」については、マンション管理士試験の要項PDFは、全文通読より必要章から読むと効率的です。たとえば2026年6月4日30分で5章——試験日程・受験資格・科目・合格基準・手数料9,400円——11月29日（日）13:…。最新の公式要項と照合する。本記事の公式数値表で確認する。",要項と公式テキストが違う場合は？,「要項と公式テキストが違う場合は？」は過去問演習で出題形式を把握し、正答後に用語解説で論点を復習する。過去問1問の正答理由をノートに記録して復習する。正答後は関連条文を開く。試験要項の最新版も確認。本記事関連の過去問1問で正答率を記録する。,exam-overview:試験概要;exam-schedule:試験日程（令和8年度）;study-plan:学習計画の立て方;scope-revision-history:出題範囲の改定履歴,要項読みは独学でもできますか？,「要項読みは独学でもできますか？」については、公式テキスト＋過去問演習＋用語解説の3点セットで進める。弱点は比較表で補強する。混同しやすい近義語を比較表の左右に整理する。誤答肢は色分けして復習する。試験要項の最新版も確認。本記事の誤答肢を比較表に整理する。,"5章30分;7分野1枚;9,400円;11/29;9/1更新確認"
scope-revision-history,出題・形式,マンション管理士試験の出題範囲の改定履歴,マンション管理士試験の出題範囲改定履歴。6/1・9/1要項PDF差分、改定章10問優先と黄付箋管理を令和8年度11月29日7分野学習向けに具体例付き解説。,マンション管理士試験の出題範囲は、毎年大きく変わるわけではありませんが部分改定の年度があります。たとえば2026年6/1と9/1に要項PDF差分15分——11月29日（日）13:00〜15:00まで約25週、改定章は分野別10問で優先、非公式まとめは要項で検証します。公式情報はマン管センター要項と公式テキスト改版情報です。,19,出題範囲;試験形式,マン管マスター編集部,資格学習サイトの編集チーム,公式情報確認担当,公開前に一次情報との照合を行う担当者,2026-06-05,公益財団法人マンション管理センター（公式）|https://www.mankan.org/,手書きリライト 2026-06-04。自動prose差し替え 2026-06-04（要手書き）。出題・形式向けテンプレートから作成。公開前に本文・参照URL・関連リンクを差し替える。,本記事を読むと、改定確認の手順と演習優先が分かり、たとえば「9/1章追加→10月40問をその章へ」まで計画修正できます。,6/1・9/1に要項PDF保存と差分確認;改定章を7分野1枚に追記;旧ノートの該当页に「要確認」タグ;改定章は分野別10問で優先;古い年度問はテキスト2026版で裏取り,試験要項・公式ページ更新時に本文と参照元を見直す。,2026-06-05,2026-06-29,2026-06-05,published,2026-06-05: 編集合格（手書きリライト・具体例）,改定正本：要項＋テキスト改版情報,"独学を始める前に、マンション管理士試験センター（公式）で受験資格・試験日程・出題範囲（3分野）・合格基準をメモしてください。出題範囲の改定履歴の学習計画は、公式テキストの章立てと一致させると、過去問の分野ラベルとも対応づけやすくなります。

ブログやSNSの「最新情報」は、必ずマンション管理士試験センターのページと照合してから採用してください。申込期限や受験料は年度ごとに変わるため、カレンダーに締切を入れてから教材を開く習慣が有効です。",9/1 15分：PDF差分3点チェック,"数値・日程・合格基準は年度で更新されるため、学習前と申込前にはマンション管理士試験センター（公式）の最新案内を確認してください。演習で出題範囲の改定履歴に関する設問を解いたら。正解理由と誤答肢の違いを短くメモし、用語解説・比較表・よくある誤答タブで似た論点を比較表で整理すると定着しやすくなります。

表をノートに転記したら、演習10問で理解を確認し、誤答は公式テキスト該当章で読み直してください。数値・日程・合格基準は年度で更新されるため、学習前と申込前には公益財団法人マンション管理センターの最新案内を確認してください。",50問120分：改定の問題数影響,"数値・日程・合格基準は年度で更新されるため、学習前と申込前にはマンション管理士試験センター（公式）の最新案内を確認してください。演習で出題範囲の改定履歴に関する設問を解いたら。正解理由と誤答肢の違いを短くメモし、用語解説・比較表・よくある誤答タブで似た論点を比較表で整理すると定着しやすくなります。

演習10問を解き、解説で参照条文を公式テキストで開いて読み返してください。数値・日程・合格基準は年度で更新されるため、学習前と申込前には公益財団法人マンション管理センターの最新案内を確認してください。",旧ノート：改定章に「要確認」タグ,"独学を始める前に、マンション管理士試験センター（公式）で受験資格・試験日程・出題範囲（3分野）・合格基準をメモしてください。出題範囲の改定履歴の学習計画は、公式テキストの章立てと一致させると、過去問の分野ラベルとも対応づけやすくなります。

ブログやSNSの「最新情報」は、必ずマンション管理士試験センターのページと照合してから採用してください。申込期限や受験料は年度ごとに変わるため、カレンダーに締切を入れてから教材を開く習慣が有効です。",改定章：10月40問・48％なら70％,"数値・日程・合格基準は年度で更新されるため、学習前と申込前にはマンション管理士試験センター（公式）の最新案内を確認してください。演習で出題範囲の改定履歴に関する設問を解いたら。正解理由と誤答肢の違いを短くメモし、用語解説・比較表・よくある誤答タブで似た論点を比較表で整理すると定着しやすくなります。

演習10問を解き、解説で参照条文を公式テキストで開いて読み返してください。数値・日程・合格基準は年度で更新されるため、学習前と申込前には公益財団法人マンション管理センターの最新案内を確認してください。",,,,,出題範囲は毎年変わりますか？,「出題範囲は毎年変わりますか」はマンション管理士試験の公式テキスト該当章とマンション管理士試験センター（公式）で確認するのが確実です。出題範囲の改定履歴では、条文の要件（誰が・いつ・何を）を演習問題とセットで押さえてください。,古い年度の過去問は使えますか？,「古い年度の過去問は使えますか」はマンション管理士試験の公式テキスト該当章とマンション管理士試験センター（公式）で確認するのが確実です。出題範囲の改定履歴では、条文の要件（誰が・いつ・何を）を演習問題とセットで押さえてください。,exam-scope-overview:出題範囲;legal-revision-impact:法改正の学習への影響;syllabus-how-to-read:要項・シラバスの読み方;study-plan:学習計画の立て方,改定確認は独学でもできますか？,読了後は、出題範囲の改定履歴の関連する演習を5問以上解き、間違えた選択肢を用語解説で確認してから関連ガイドへ進んでください。1週間後の解き直し日をカレンダーに入れると定着しやすくなります。数値・主体・手順はマンション管理士試験センターの最新案内と照合してください。,6/1・9/1差分;要項正本;改定章10問;旧ノート整理;非公式は検証
weight-by-topic,出題・形式,マンション管理士試験の分野別配点と優先順位,マンション管理士試験の分野別配点・優先順位。通し50問データ・48％分野70％、ネット配点表より演習正答率を令和8年度向けに具体例付き解説。,マンション管理士試験の分野別重要度は、ネット配点議論より自分の演習データで決める方が得点に直結します。たとえば2026年6月通し10問で「管12問中5問＝42％」→7月管70％時間——11月29日（日）13:00〜15:00まで約25週、要項・通し模試データを確認してください。,19,出題範囲;試験形式,マン管マスター編集部,資格学習サイトの編集チーム,公式情報確認担当,公開前に一次情報との照合を行う担当者,2026-06-05,公益財団法人マンション管理センター（公式）|https://www.mankan.org/,手書きリライト 2026-06-04。自動prose差し替え 2026-06-04（要手書き）。出題・形式向けテンプレートから作成。公開前に本文・参照URL・関連リンクを差し替える。,本記事を読むと、自分の弱点分野への時間配分が数値で決まり、たとえば「建62％維持・管48％70％」の月次表を作れます。,通し50問後に分野別問数・正答率を記録;48％未満分野に週70％配分;ネット配点表は要項・通しデータで検証;月2分野40問を基本、弱点は延長;11月弱点2分野70％固定,試験要項・公式ページ更新時に本文と参照元を見直す。,2026-06-05,2026-06-29,2026-06-05,published,2026-06-05: 編集合格（手書きリライト・具体例）,配点正本：要項＋通し50問記録,"独学を始める前に、マンション管理士試験センター（公式）で受験資格・試験日程・出題範囲（3分野）・合格基準をメモしてください。分野別配点と優先順位の学習計画は、公式テキストの章立てと一致させると、過去問の分野ラベルとも対応づけやすくなります。

ブログやSNSの「最新情報」は、必ずマンション管理士試験センターのページと照合してから採用してください。申込期限や受験料は年度ごとに変わるため、カレンダーに締切を入れてから教材を開く習慣が有効です。",9/1改定：分野比重の再計算,"数値・日程・合格基準は年度で更新されるため、学習前と申込前にはマンション管理士試験センター（公式）の最新案内を確認してください。演習で分野別配点と優先順位に関する設問を解いたら。正解理由と誤答肢の違いを短くメモし、用語解説・比較表・よくある誤答タブで似た論点を比較表で整理すると定着しやすくなります。

演習10問を解き、解説で参照条文を公式テキストで開いて読み返してください。数値・日程・合格基準は年度で更新されるため、学習前と申込前には公益財団法人マンション管理センターの最新案内を確認してください。",週10時間：48％分野に7時間,"数値・日程・合格基準は年度で更新されるため、学習前と申込前にはマンション管理士試験センター（公式）の最新案内を確認してください。演習で分野別配点と優先順位に関する設問を解いたら。正解理由と誤答肢の違いを短くメモし、用語解説・比較表・よくある誤答タブで似た論点を比較表で整理すると定着しやすくなります。

演習10問を解き、解説で参照条文を公式テキストで開いて読み返してください。数値・日程・合格基準は年度で更新されるため、学習前と申込前には公益財団法人マンション管理センターの最新案内を確認してください。",8月通し：12問中5問→11月70％,"数値・日程・合格基準は年度で更新されるため、学習前と申込前にはマンション管理士試験センター（公式）の最新案内を確認してください。演習で分野別配点と優先順位に関する設問を解いたら。正解理由と誤答肢の違いを短くメモし、用語解説・比較表・よくある誤答タブで似た論点を比較表で整理すると定着しやすくなります。

演習10問を解き、解説で参照条文を公式テキストで開いて読み返してください。数値・日程・合格基準は年度で更新されるため、学習前と申込前には公益財団法人マンション管理センターの最新案内を確認してください。",11月：弱点2分野・ミス30問,"数値・日程・合格基準は年度で更新されるため、学習前と申込前にはマンション管理士試験センター（公式）の最新案内を確認してください。演習で分野別配点と優先順位に関する設問を解いたら。正解理由と誤答肢の違いを短くメモし、用語解説・比較表・よくある誤答タブで似た論点を比較表で整理すると定着しやすくなります。

演習10問を解き、解説で参照条文を公式テキストで開いて読み返してください。数値・日程・合格基準は年度で更新されるため、学習前と申込前には公益財団法人マンション管理センターの最新案内を確認してください。",,,,,ネットの配点表だけで優先順位を決めてよいですか？,「ネットの配点表だけで優先順位を決めてよいですか」はマンション管理士試験の公式テキスト該当章とマンション管理士試験センター（公式）で確認するのが確実です。分野別配点と優先順位では、条文の要件（誰が・いつ・何を）を演習問題とセットで押さえてください。,全分野均等に時間を配分すべきですか？,「全分野均等に時間を配分すべきですか」はマンション管理士試験の公式テキスト該当章とマンション管理士試験センター（公式）で確認するのが確実です。分野別配点と優先順位では、条文の要件（誰が・いつ・何を）を演習問題とセットで押さえてください。,exam-scope-overview:出題範囲;past-questions-by-field:分野別過去問;mock-exam-how-to:模試の活用法;study-plan:学習計画の立て方,配点データは独学でも取れますか？,読了後は、分野別配点と優先順位の関連する演習を5問以上解き、間違えた選択肢を用語解説で確認してから関連ガイドへ進んでください。1週間後の解き直し日をカレンダーに入れると定着しやすくなります。数値・主体・手順はマンション管理士試験センターの最新案内と照合してください。,演習データ正本;48％→70％;通し50問;月2分野40問;ネット表は検証
new-topics-trend,出題・形式,マンション管理士試験の近年の出題トレンド,マンション管理士試験の近年出題トレンド。9/1要項差分・通し50問データ、SNS未検証の論点を要項正本で上書き確認する手順を令和8年度11月29日50問120分本番向けに具体例付き解説。,マンション管理士試験の「トレンド」は、SNSの「急に出る」より要項改定と演習記録が安全です。たとえば2026年9/1要項差分15分→10月改定章40問、管48％→70％——11月29日（日）13:00〜15:00まで約25週、自分の12問中5問データを確認してください。,19,出題範囲;試験形式,マン管マスター編集部,資格学習サイトの編集チーム,公式情報確認担当,公開前に一次情報との照合を行う担当者,2026-06-05,公益財団法人マンション管理センター（公式）|https://www.mankan.org/,手書きリライト 2026-06-04。自動prose差し替え 2026-06-04（要手書き）。出題・形式向けテンプレートから作成。公開前に本文・参照URL・関連リンクを差し替える。,本記事を読むと、トレンド情報の見分けと演習優先が分かり、たとえば「9/1差分→10月40問→11月弱点70％」まで設計できます。,要項・テキスト改定情報を9/1に15分確認;SNSトレンド情報は要項1行で0/1検証;通し50問の分野別正答率を2週更新;48％未満分野に70％配分;11月はトレンド調査停止・通し×2,試験要項・公式ページ更新時に本文と参照元を見直す。,2026-06-05,2026-06-29,2026-06-05,published,2026-06-05: 編集合格（手書きリライト・具体例）,6/4：要項＋通し50問がトレンド正本,"独学を始める前に、マンション管理士試験センター（公式）で受験資格・試験日程・出題範囲（3分野）・合格基準をメモしてください。近年の出題トレンドの学習計画は、公式テキストの章立てと一致させると、過去問の分野ラベルとも対応づけやすくなります。

ブログやSNSの「最新情報」は、必ずマンション管理士試験センターのページと照合してから採用してください。申込期限や受験料は年度ごとに変わるため、カレンダーに締切を入れてから教材を開く習慣が有効です。",9/1改定章：10月40問・48％70％,"数値・日程・合格基準は年度で更新されるため、学習前と申込前にはマンション管理士試験センター（公式）の最新案内を確認してください。演習で近年の出題トレンドに関する設問を解いたら。正解理由と誤答肢の違いを短くメモし、用語解説・比較表・よくある誤答タブで似た論点を比較表で整理すると定着しやすくなります。

演習10問を解き、解説で参照条文を公式テキストで開いて読み返してください。数値・日程・合格基準は年度で更新されるため、学習前と申込前には公益財団法人マンション管理センターの最新案内を確認してください。",7分野表：弱点48％を70％へ,"数値・日程・合格基準は年度で更新されるため、学習前と申込前にはマンション管理士試験センター（公式）の最新案内を確認してください。演習で近年の出題トレンドに関する設問を解いたら。正解理由と誤答肢の違いを短くメモし、用語解説・比較表・よくある誤答タブで似た論点を比較表で整理すると定着しやすくなります。

表をノートに転記したら、演習10問で理解を確認し、誤答は公式テキスト該当章で読み直してください。数値・日程・合格基準は年度で更新されるため、学習前と申込前には公益財団法人マンション管理センターの最新案内を確認してください。",13:00通し：トレンド演習は120分,"近年の出題トレンドの理解度は、関連する演習問題で確認するのが効率的です。1問解くごとに「根拠はテキストのどの章か」をメモすると、復習時に該当ページへすぐ戻れます。

同じ問題を時間を空けて解き直し、言い換え選択肢でも正解できるかまで確認してください。二回連続正解でも、条件を1語変えた肢で誤答する場合は、用語の定義がまだ曖昧なサインです。「13:00通し：トレンド演習は120分」では。近年の出題トレンドについて公式テキストの該当章を開き、条文の主体・期限・数値を演習問題とセットで押さえて定着を確認します。数値・日程はマンション管理士試験センター（公式）の最新要項で必ず照合してください。",日曜15分：月次トレンド＝正答率1行,"数値・日程・合格基準は年度で更新されるため、学習前と申込前にはマンション管理士試験センター（公式）の最新案内を確認してください。演習で近年の出題トレンドに関する設問を解いたら。正解理由と誤答肢の違いを短くメモし、用語解説・比較表・よくある誤答タブで似た論点を比較表で整理すると定着しやすくなります。

演習10問を解き、解説で参照条文を公式テキストで開いて読み返してください。数値・日程・合格基準は年度で更新されるため、学習前と申込前には公益財団法人マンション管理センターの最新案内を確認してください。",,,,,SNSの「今年はここが出る」情報は信じてよいですか？,「SNSの「今年はここが出る」情報は信じてよいですか」はマンション管理士試験の公式テキスト該当章とマンション管理士試験センター（公式）で確認するのが確実です。近年の出題トレンドでは、条文の要件（誰が・いつ・何を）を演習問題とセットで押さえてください。,最新年度だけ追えばトレンドに対応できますか？,「最新年度だけ追えばトレンドに対応できますか」はマンション管理士試験の公式テキスト該当章とマンション管理士試験センター（公式）で確認するのが確実です。近年の出題トレンドでは、条文の要件（誰が・いつ・何を）を演習問題とセットで押さえてください。,past-questions-latest-year:最新年度過去問;legal-revision-impact:法改正の学習への影響;weight-by-topic:分野別配点と優先順位;study-plan:学習計画の立て方,トレンド判断は独学でもできますか？,読了後は、近年の出題トレンドの関連する演習を5問以上解き、間違えた選択肢を用語解説で確認してから関連ガイドへ進んでください。1週間後の解き直し日をカレンダーに入れると定着しやすくなります。数値・主体・手順はマンション管理士試験センターの最新案内と照合してください。,要項正本;9/1差分;通しデータ;48％→70％;SNS検証
scope-vs-past-questions,出題・形式,マンション管理士試験の出題範囲と過去問の対応,マンション管理士試験の出題範囲と過去問の対応。要項7分野1枚・2026テキスト裏取り、範囲外除外を令和8年度11月29日試験向けに具体例付き解説。,マンション管理士試験の過去問・演習は、すべてが現行出題範囲に有効とは限りません。たとえば2026年6/5要項7分野1枚→2023年度問は該当章10問で裏取り——11月29日（日）13:00〜15:00まで約25週、公式情報は要項と公式テキスト目次です。,19,出題範囲;試験形式,マン管マスター編集部,資格学習サイトの編集チーム,公式情報確認担当,公開前に一次情報との照合を行う担当者,2026-06-05,公益財団法人マンション管理センター（公式）|https://www.mankan.org/,手書きリライト 2026-06-04。自動prose差し替え 2026-06-04（要手書き）。出題・形式向けテンプレートから作成。公開前に本文・参照URL・関連リンクを差し替える。,本記事を読むと、範囲と過去問の照合手順が分かり、たとえば「6/5照合→範囲外3問停止→48％分野70％」まで設計できます。,要項科目表とテキスト目次を7分野1枚に統一;古い年度問は解く前に2026テキスト該当節で確認;範囲外論点は演習停止・ミスリストから除外;9/1要項差分15分で範囲変更を追記;11月は範囲内ミス30問90％に集中,試験要項・公式ページ更新時に本文と参照元を見直す。,2026-06-05,2026-06-29,2026-06-05,published,2026-06-05: 編集合格（手書きリライト・具体例）,6/5：要項7分野＝演習タグ表,"独学を始める前に、マンション管理士試験センター（公式）で受験資格・試験日程・出題範囲（3分野）・合格基準をメモしてください。出題範囲と過去問の対応の学習計画は、公式テキストの章立てと一致させると、過去問の分野ラベルとも対応づけやすくなります。

ブログやSNSの「最新情報」は、必ずマンション管理士試験センターのページと照合してから採用してください。申込期限や受験料は年度ごとに変わるため、カレンダーに締切を入れてから教材を開く習慣が有効です。",2023年度問：該当章10問で裏取り,"数値・日程・合格基準は年度で更新されるため、学習前と申込前にはマンション管理士試験センター（公式）の最新案内を確認してください。演習で出題範囲と過去問の対応に関する設問を解いたら。正解理由と誤答肢の違いを短くメモし、用語解説・比較表・よくある誤答タブで似た論点を比較表で整理すると定着しやすくなります。

演習10問を解き、解説で参照条文を公式テキストで開いて読み返してください。数値・日程・合格基準は年度で更新されるため、学習前と申込前には公益財団法人マンション管理センターの最新案内を確認してください。",7分野40問/月：バランス表で確認,"独学を始める前に、マンション管理士試験センター（公式）で受験資格・試験日程・出題範囲（3分野）・合格基準をメモしてください。出題範囲と過去問の対応の学習計画は、公式テキストの章立てと一致させると、過去問の分野ラベルとも対応づけやすくなります。

ブログやSNSの「最新情報」は、必ずマンション管理士試験センターのページと照合してから採用してください。申込期限や受験料は年度ごとに変わるため、カレンダーに締切を入れてから教材を開く習慣が有効です。",9月以降：通し50問120分のみ計測,"数値・日程・合格基準は年度で更新されるため、学習前と申込前にはマンション管理士試験センター（公式）の最新案内を確認してください。演習で出題範囲と過去問の対応に関する設問を解いたら。正解理由と誤答肢の違いを短くメモし、用語解説・比較表・よくある誤答タブで似た論点を比較表で整理すると定着しやすくなります。

演習10問を解き、解説で参照条文を公式テキストで開いて読み返してください。数値・日程・合格基準は年度で更新されるため、学習前と申込前には公益財団法人マンション管理センターの最新案内を確認してください。",範囲↔演習：2週1行の往復ループ,"出題範囲と過去問の対応の理解度は、関連する演習問題で確認するのが効率的です。1問解くごとに「根拠はテキストのどの章か」をメモすると、復習時に該当ページへすぐ戻れます。

同じ問題を時間を空けて解き直し、言い換え選択肢でも正解できるかまで確認してください。二回連続正解でも、条件を1語変えた肢で誤答する場合は、用語の定義がまだ曖昧なサインです。「範囲↔演習：2週1行の往復ループ」では。出題範囲と過去問の対応について公式テキストの該当章を開き、条文の主体・期限・数値を演習問題とセットで押さえて定着を確認します。数値・日程はマンション管理士試験センター（公式）の最新要項で必ず照合してください。",,,,,古い年度の過去問は使えますか？,「古い年度の過去問は使えますか」はマンション管理士試験の公式テキスト該当章とマンション管理士試験センター（公式）で確認するのが確実です。出題範囲と過去問の対応では、条文の要件（誰が・いつ・何を）を演習問題とセットで押さえてください。,範囲外と判断した問題はどうしますか？,「範囲外と判断した問題はどうしますか」はマンション管理士試験の公式テキスト該当章とマンション管理士試験センター（公式）で確認するのが確実です。出題範囲と過去問の対応では、条文の要件（誰が・いつ・何を）を演習問題とセットで押さえてください。,exam-scope-overview:出題範囲;scope-revision-history:出題範囲の改定履歴;past-questions-by-field:分野別過去問;syllabus-how-to-read:要項・シラバスの読み方,範囲照合は独学でもできますか？,読了後は、出題範囲と過去問の対応の関連する演習を5問以上解き、間違えた選択肢を用語解説で確認してから関連ガイドへ進んでください。1週間後の解き直し日をカレンダーに入れると定着しやすくなります。数値・主体・手順はマンション管理士試験センターの最新案内と照合してください。,7分野1枚;2026裏取り;範囲外停止;9/1差分;48％→70％
pass-rate,合格・難易度,マンション管理士試験の合格率の読み方,マンション管理士試験の合格率の読み方。公表統計は参考、通し50問の分野別正答率48％ラインで計画修正する手順を令和8年度11月29日13:00〜15:00本番向けに具体例付き解説。,マンション管理士試験の合格率は、モチベ材料にはなりますが合否判断基準にはなりません。たとえば2026年6月4日に直近5年分をメモし、同日から分野別10問の正答率記録——11月29日（日）まで約25週、公表15％前後でも自分48％分野対策が実務的です。合格ラインは要項、演習は48％ラインで修正します。,20,合格率;難易度,マン管マスター編集部,資格学習サイトの編集チーム,公式情報確認担当,公開前に一次情報との照合を行う担当者,2026-06-05,公益財団法人マンション管理センター（公式）|https://www.mankan.org/,手書きリライト 2026-06-04。自動prose差し替え 2026-06-04（要手書き）。合格・難易度向けテンプレートから作成。公開前に本文・参照URL・関連リンクを差し替える。,本記事を読むと、合格率の読み方と学習計画への接続が分かり、たとえば「統計を見て落ち込む→48％分野70％へ切替」まで判断できます。,マン管センター公表統計で直近5年をメモ;合格率は参考、演習正答率で計画修正;合格基準は要項1行メモ;48％未満分野に週70％;2週間ごと正答率1行更新,試験要項・公式ページ更新時に本文と参照元を見直す。,2026-06-05,2026-06-29,2026-06-05,published,2026-06-05: 編集合格（手書きリライト・具体例）,6/4：直近5年合格率を5行メモ,"合格率・合格点はマンション管理士試験センター（公式）の統計・要項で確認します。数字だけで難易度を判断せず、自分の演習得点と弱点分野を合わせて見積もってください。

合格率の読み方の学習時間は、3分野のバランスと仕事の繁忙期を考慮して設定します。「6/4：直近5年合格率を5行メモ」では。合格率の読み方について公式テキストの該当章を開き、条文の主体・期限・数値を演習問題とセットで押さえて定着を確認します。数値・日程はマンション管理士試験センター（公式）の最新要項で必ず照合してください。",参考値：落ち込み→48％分野へ,"数値・日程・合格基準は年度で更新されるため、学習前と申込前にはマンション管理士試験センター（公式）の最新案内を確認してください。演習で合格率の読み方に関する設問を解いたら。正解理由と誤答肢の違いを短くメモし、用語解説・比較表・よくある誤答タブで似た論点を比較表で整理すると定着しやすくなります。

演習10問を解き、解説で参照条文を公式テキストで開いて読み返してください。数値・日程・合格基準は年度で更新されるため、学習前と申込前には公益財団法人マンション管理センターの最新案内を確認してください。",合格基準：要項1行が絶対基準,"独学を始める前に、マンション管理士試験センター（公式）で受験資格・試験日程・出題範囲（3分野）・合格基準をメモしてください。合格率の読み方の学習計画は、公式テキストの章立てと一致させると、過去問の分野ラベルとも対応づけやすくなります。

ブログやSNSの「最新情報」は、必ずマンション管理士試験センターのページと照合してから採用してください。申込期限や受験料は年度ごとに変わるため、カレンダーに締切を入れてから教材を開く習慣が有効です。",演習52％：統計より優先,"合格率の読み方の理解度は、関連する演習問題で確認するのが効率的です。1問解くごとに「根拠はテキストのどの章か」をメモすると、復習時に該当ページへすぐ戻れます。

同じ問題を時間を空けて解き直し、言い換え選択肢でも正解できるかまで確認してください。二回連続正解でも、条件を1語変えた肢で誤答する場合は、用語の定義がまだ曖昧なサインです。

演習10問を解き、解説で参照条文を公式テキストで開いて読み返してください。数値・日程・合格基準は年度で更新されるため、学習前と申込前には公益財団法人マンション管理センターの最新案内を確認してください。",8か月計画：正答率で1行修正,"数値・日程・合格基準は年度で更新されるため、学習前と申込前にはマンション管理士試験センター（公式）の最新案内を確認してください。演習で合格率の読み方に関する設問を解いたら。正解理由と誤答肢の違いを短くメモし、用語解説・比較表・よくある誤答タブで似た論点を比較表で整理すると定着しやすくなります。

演習10問を解き、解説で参照条文を公式テキストで開いて読み返してください。数値・日程・合格基準は年度で更新されるため、学習前と申込前には公益財団法人マンション管理センターの最新案内を確認してください。",,,,,合格率はどこで確認すればよいですか？,マンション管理士試験センター（公式）（マンション管理士試験センター）で最新情報を確認してください。受験要項・テキスト改訂・合格発表は公式ページを確認してください。合格率の読み方に関する数値や期限も、非公式まとめではなく公式資料と照合してください。,合格率が下がった年は計画を変えますか？,「合格率が下がった年は計画を変えますか」はマンション管理士試験の公式テキスト該当章とマンション管理士試験センター（公式）で確認するのが確実です。合格率の読み方では、条文の要件（誰が・いつ・何を）を演習問題とセットで押さえてください。,pass-rate-how-to-read:合格率・統計の読み方;exam-overview:試験概要;study-plan:学習計画の立て方;exam-schedule:試験日程（令和8年度）,合格率は独学受験者にも意味がありますか？,読了後は、合格率の読み方の関連する演習を5問以上解き、間違えた選択肢を用語解説で確認してから関連ガイドへ進んでください。1週間後の解き直し日をカレンダーに入れると定着しやすくなります。数値・主体・手順はマンション管理士試験センターの最新案内と照合してください。,公表統計正本;判断は正答率;48％ライン;要項合格基準;2週1行記録
exam-difficulty,合格・難易度,マンション管理士試験の難易度（演習得点で見る）,マンション管理士試験の難易度。公表合格率は参考、通し50問の分野別正答率48％未満を70％へ上げる判断基準を令和8年度11月29日13:00〜15:00本番向けに具体例付き解説。,マンション管理士試験の難易度は、「世間の評判」より自分の演習得点で測る方が実務的です。たとえば2026年6月通し10問で正答率50％、管理組合48％なら難所と判定——11月29日（日）まで約25週、48％ラインで時間配分を修正します。令和8年度は7分野50問、公表合格率はマン管センター統計を確認してください。,20,合格率;難易度,マン管マスター編集部,資格学習サイトの編集チーム,公式情報確認担当,公開前に一次情報との照合を行う担当者,2026-06-05,公益財団法人マンション管理センター（公式）|https://www.mankan.org/,手書きリライト 2026-06-04。自動prose差し替え 2026-06-04（要手書き）。合格・難易度向けテンプレートから作成。公開前に本文・参照URL・関連リンクを差し替える。,本記事を読むと、統計と個人得点の切り分けが分かり、たとえば「公表15％でも自分52％→計画継続」の判断ができます。,公表合格率は参考、演習正答率で判断;48％未満分野を難所として70％配分;通し50問120分を月1回記録;2週間ごとに難所リスト1行更新;難所は解き直し60％優先,試験要項・公式ページ更新時に本文と参照元を見直す。,2026-06-05,2026-06-29,2026-06-05,published,2026-06-05: 編集合格（手書きリライト・具体例）,公表合格率：参考値として6/4メモ,"合格率・合格点はマンション管理士試験センター（公式）の統計・要項で確認します。数字だけで難易度を判断せず、自分の演習得点と弱点分野を合わせて見積もってください。

難易度（演習得点で見る）の学習時間は、3分野のバランスと仕事の繁忙期を考慮して設定します。「公表合格率：参考値として6/4メモ」では。難易度（演習得点で見る）について公式テキストの該当章を開き、条文の主体・期限・数値を演習問題とセットで押さえて定着を確認します。数値・日程はマンション管理士試験センター（公式）の最新要項で必ず照合してください。",合格基準：要項1行＋通し2回,"独学を始める前に、マンション管理士試験センター（公式）で受験資格・試験日程・出題範囲（3分野）・合格基準をメモしてください。難易度（演習得点で見る）の学習計画は、公式テキストの章立てと一致させると、過去問の分野ラベルとも対応づけやすくなります。

ブログやSNSの「最新情報」は、必ずマンション管理士試験センターのページと照合してから採用してください。申込期限や受験料は年度ごとに変わるため、カレンダーに締切を入れてから教材を開く習慣が有効です。",分野別：管48％を難所登録,"数値・日程・合格基準は年度で更新されるため、学習前と申込前にはマンション管理士試験センター（公式）の最新案内を確認してください。演習で難易度（演習得点で見る）に関する設問を解いたら。正解理由と誤答肢の違いを短くメモし、用語解説・比較表・よくある誤答タブで似た論点を比較表で整理すると定着しやすくなります。

演習10問を解き、解説で参照条文を公式テキストで開いて読み返してください。数値・日程・合格基準は年度で更新されるため、学習前と申込前には公益財団法人マンション管理センターの最新案内を確認してください。",統計15％と個人52％の切り分け,"数値・日程・合格基準は年度で更新されるため、学習前と申込前にはマンション管理士試験センター（公式）の最新案内を確認してください。演習で難易度（演習得点で見る）に関する設問を解いたら。正解理由と誤答肢の違いを短くメモし、用語解説・比較表・よくある誤答タブで似た論点を比較表で整理すると定着しやすくなります。

演習10問を解き、解説で参照条文を公式テキストで開いて読み返してください。数値・日程・合格基準は年度で更新されるため、学習前と申込前には公益財団法人マンション管理センターの最新案内を確認してください。",11月：難所2分野解き直し90％,"解き直しは、当日・3日後・1週間後の間隔を空けると記憶の定着を確認しやすくなります。ブラウザの復習機能やブックマーク一覧を「難易度（演習得点で見る）関連」でフィルタし、優先順位を付けてください。

2回連続で正解できても、解説を読まずに選んだ問題は三回目も解き直し対象にします。「なぜ正解か」を言語化できるまでが、本番レベルの理解です。「11月：難所2分野解き直し90％」では。難易度（演習得点で見る）について公式テキストの該当章を開き、条文の主体・期限・数値を演習問題とセットで押さえて定着を確認します。数値・日程はマンション管理士試験センター（公式）の最新要項で必ず照合してください。",,,,,合格率はどの年度を見ればよいですか？,「合格率はどの年度を見ればよいですか」はマンション管理士試験の公式テキスト該当章とマンション管理士試験センター（公式）で確認するのが確実です。難易度（演習得点で見る）では、条文の要件（誰が・いつ・何を）を演習問題とセットで押さえてください。,難しい分野は最初に避けてよいですか？,「難しい分野は最初に避けてよいですか」はマンション管理士試験の公式テキスト該当章とマンション管理士試験センター（公式）で確認するのが確実です。難易度（演習得点で見る）では、条文の要件（誰が・いつ・何を）を演習問題とセットで押さえてください。,pass-rate-how-to-read:合格率・統計の読み方;pass-rate:合格率の読み方;exam-overview:試験概要;study-plan:学習計画の立て方,難易度判断は独学でもできますか？,読了後は、難易度（演習得点で見る）の関連する演習を5問以上解き、間違えた選択肢を用語解説で確認してから関連ガイドへ進んでください。1週間後の解き直し日をカレンダーに入れると定着しやすくなります。数値・主体・手順はマンション管理士試験センターの最新案内と照合してください。,演習得点で判断;48％難所;合格率は参考;通し月1回;解き直し60％
pass-score,合格・難易度,マンション管理士試験の合格点と得点の見方,マンション管理士試験の合格点と得点の見方。要項合格基準・7分野正答率48％、50問120分通し模試を令和8年度11月29日試験向けに具体例付き解説。,"マンション管理士試験の合格点は、マン管センター要項「合格基準」を確認してください。たとえば2026年6月4日開始なら11月29日（日）まで約25週、分野別正答率を2週間ごとに記録——48％未満分野は解き直し60％へ振替えるのが実務的な得点管理です。令和8年度は50問120分、手数料9,400円。本記事では合格基準の読み方、演習800問目安、得点逆算を具体例付きで示します。",20,合格率;難易度,マン管マスター編集部,資格学習サイトの編集チーム,公式情報確認担当,公開前に一次情報との照合を行う担当者,2026-06-05,公益財団法人マンション管理センター（公式）|https://www.mankan.org/,手書きリライト 2026-06-04。自動prose差し替え 2026-06-04（要手書き）。自動prose差し替え 2026-06-04（要手書き）。合格・難易度向けテンプレートから作成。公開前に本文・参照URL・関連リンクを差し替える。,本記事を読むと、合格基準と自分の演習得点のギャップが数値で分かり、たとえば「管理組合48％→翌2週70％時間配分」まで修正できます。,要項「合格基準」章を1枚メモ;7分野別正答率を2週間ごとに1行記録;48％未満分野は解き直し60％に切替;6か月前から通し50問120分を月1回;11/29 2週前に弱点2分野70％,試験要項・公式ページ更新時に本文と参照元を見直す。,2026-06-05,2026-06-29,2026-06-05,published,2026-06-05: 編集合格（手書きリライト・具体例）,6/4：要項合格基準を1行メモ,"独学を始める前に、マンション管理士試験センター（公式）で受験資格・試験日程・出題範囲（3分野）・合格基準をメモしてください。合格点と得点の見方の学習計画は、公式テキストの章立てと一致させると、過去問の分野ラベルとも対応づけやすくなります。

ブログやSNSの「最新情報」は、必ずマンション管理士試験センターのページと照合してから採用してください。申込期限や受験料は年度ごとに変わるため、カレンダーに締切を入れてから教材を開く習慣が有効です。",合格率より演習正答率48％,"合格点と得点の見方の理解度は、関連する演習問題で確認するのが効率的です。1問解くごとに「根拠はテキストのどの章か」をメモすると、復習時に該当ページへすぐ戻れます。

同じ問題を時間を空けて解き直し、言い換え選択肢でも正解できるかまで確認してください。二回連続正解でも、条件を1語変えた肢で誤答する場合は、用語の定義がまだ曖昧なサインです。「合格率より演習正答率48％」では。合格点と得点の見方について公式テキストの該当章を開き、条文の主体・期限・数値を演習問題とセットで押さえて定着を確認します。数値・日程はマンション管理士試験センター（公式）の最新要項で必ず照合してください。",800問目安：月100問×8か月,"数値・日程・合格基準は年度で更新されるため、学習前と申込前にはマンション管理士試験センター（公式）の最新案内を確認してください。演習で合格点と得点の見方に関する設問を解いたら。正解理由と誤答肢の違いを短くメモし、用語解説・比較表・よくある誤答タブで似た論点を比較表で整理すると定着しやすくなります。

演習10問を解き、解説で参照条文を公式テキストで開いて読み返してください。数値・日程・合格基準は年度で更新されるため、学習前と申込前には公益財団法人マンション管理センターの最新案内を確認してください。",分野別正答率シート（2週1行）,"数値・日程・合格基準は年度で更新されるため、学習前と申込前にはマンション管理士試験センター（公式）の最新案内を確認してください。演習で合格点と得点の見方に関する設問を解いたら。正解理由と誤答肢の違いを短くメモし、用語解説・比較表・よくある誤答タブで似た論点を比較表で整理すると定着しやすくなります。

演習10問を解き、解説で参照条文を公式テキストで開いて読み返してください。数値・日程・合格基準は年度で更新されるため、学習前と申込前には公益財団法人マンション管理センターの最新案内を確認してください。",11/15：得点逆算と弱点70％,"数値・日程・合格基準は年度で更新されるため、学習前と申込前にはマンション管理士試験センター（公式）の最新案内を確認してください。演習で合格点と得点の見方に関する設問を解いたら。正解理由と誤答肢の違いを短くメモし、用語解説・比較表・よくある誤答タブで似た論点を比較表で整理すると定着しやすくなります。

演習10問を解き、解説で参照条文を公式テキストで開いて読み返してください。数値・日程・合格基準は年度で更新されるため、学習前と申込前には公益財団法人マンション管理センターの最新案内を確認してください。",,,,,合格点は何点ですか？,「合格点は何点ですか」はマンション管理士試験の公式テキスト該当章とマンション管理士試験センター（公式）で確認するのが確実です。合格点と得点の見方では、条文の要件（誰が・いつ・何を）を演習問題とセットで押さえてください。,合格率が低いと諦めた方がよいですか？,「合格率が低いと諦めた方がよいですか」はマンション管理士試験の公式テキスト該当章とマンション管理士試験センター（公式）で確認するのが確実です。合格点と得点の見方では、条文の要件（誰が・いつ・何を）を演習問題とセットで押さえてください。,exam-overview:試験概要;past-question-strategy:過去問の使い方;study-plan:学習計画の立て方,得点管理は独学でもできますか？,読了後は、合格点と得点の見方の関連する演習を5問以上解き、間違えた選択肢を用語解説で確認してから関連ガイドへ進んでください。1週間後の解き直し日をカレンダーに入れると定着しやすくなります。数値・主体・手順はマンション管理士試験センターの最新案内と照合してください。,要項が正本;48％ライン;2週間記録;通し50問120分;弱点70％
pass-rate-how-to-read,合格・難易度,マンション管理士試験の合格率・統計の読み方,マンション管理士試験の合格率・統計の読み方。公表資料は参考、通し50問の分野別正答率48％ラインで判断する手順を令和8年度11月29日試験向けに具体例付き解説。,マンション管理士試験の合格率や受験者数は、学習の参考にはなりますが個人の合否基準にはなりません。たとえば2026年6月4日に公表資料を15分確認し、6月通し50問の分野別正答率48％——11月29日（日）13:00〜15:00まで約25週、統計はモチベーション、演習データが行動の公式情報です。,20,合格率;難易度,マン管マスター編集部,資格学習サイトの編集チーム,公式情報確認担当,公開前に一次情報との照合を行う担当者,2026-06-05,公益財団法人マンション管理センター（公式）|https://www.mankan.org/,手書きリライト 2026-06-04。自動prose差し替え 2026-06-04（要手書き）。合格・難易度向けテンプレートから作成。公開前に本文・参照URL・関連リンクを差し替える。,本記事を読むと、合格率の確認先と自分のデータの使い分けが分かり、たとえば「公表15分→通し50問→48％分野70％」まで設計できます。,マン管センター公表資料で合格率・受験者数を1行メモ;通し50問後に7分野正答率を同じ表に記録;48％未満分野に週70％配分（統計より優先）;SNSの合格率議論は演習データで検証;11月は統計確認停止・通し2回固定,試験要項・公式ページ更新時に本文と参照元を見直す。,2026-06-05,2026-06-29,2026-06-05,published,2026-06-05: 編集合格（手書きリライト・具体例）,6/4 15分：公表資料1行メモ,"数値・日程・合格基準は年度で更新されるため、学習前と申込前にはマンション管理士試験センター（公式）の最新案内を確認してください。演習で合格率・統計の読み方に関する設問を解いたら。正解理由と誤答肢の違いを短くメモし、用語解説・比較表・よくある誤答タブで似た論点を比較表で整理すると定着しやすくなります。

表をノートに転記したら、演習10問で理解を確認し、誤答は公式テキスト該当章で読み直してください。数値・日程・合格基準は年度で更新されるため、学習前と申込前には公益財団法人マンション管理センターの最新案内を確認してください。",要項合格基準→通し50問120分,"独学を始める前に、マンション管理士試験センター（公式）で受験資格・試験日程・出題範囲（3分野）・合格基準をメモしてください。合格率・統計の読み方の学習計画は、公式テキストの章立てと一致させると、過去問の分野ラベルとも対応づけやすくなります。

ブログやSNSの「最新情報」は、必ずマンション管理士試験センターのページと照合してから採用してください。申込期限や受験料は年度ごとに変わるため、カレンダーに締切を入れてから教材を開く習慣が有効です。",管48％：統計より演習70％配分,"合格率・統計の読み方の理解度は、関連する演習問題で確認するのが効率的です。1問解くごとに「根拠はテキストのどの章か」をメモすると、復習時に該当ページへすぐ戻れます。

同じ問題を時間を空けて解き直し、言い換え選択肢でも正解できるかまで確認してください。二回連続正解でも、条件を1語変えた肢で誤答する場合は、用語の定義がまだ曖昧なサインです。「管48％：統計より演習70％配分」では。合格率・統計の読み方について公式テキストの該当章を開き、条文の主体・期限・数値を演習問題とセットで押さえて定着を確認します。数値・日程はマンション管理士試験センター（公式）の最新要項で必ず照合してください。",日曜15分：統計チェック4項目,"数値・日程・合格基準は年度で更新されるため、学習前と申込前にはマンション管理士試験センター（公式）の最新案内を確認してください。演習で合格率・統計の読み方に関する設問を解いたら。正解理由と誤答肢の違いを短くメモし、用語解説・比較表・よくある誤答タブで似た論点を比較表で整理すると定着しやすくなります。

表をノートに転記したら、演習10問で理解を確認し、誤答は公式テキスト該当章で読み直してください。数値・日程・合格基準は年度で更新されるため、学習前と申込前には公益財団法人マンション管理センターの最新案内を確認してください。",11/29逆算：6月通しから配分表,"数値・日程・合格基準は年度で更新されるため、学習前と申込前にはマンション管理士試験センター（公式）の最新案内を確認してください。演習で合格率・統計の読み方に関する設問を解いたら。正解理由と誤答肢の違いを短くメモし、用語解説・比較表・よくある誤答タブで似た論点を比較表で整理すると定着しやすくなります。

表をノートに転記したら、演習10問で理解を確認し、誤答は公式テキスト該当章で読み直してください。数値・日程・合格基準は年度で更新されるため、学習前と申込前には公益財団法人マンション管理センターの最新案内を確認してください。",,,,,合格率はどこで確認すればよいですか？,マンション管理士試験センター（公式）（マンション管理士試験センター）で最新情報を確認してください。受験要項・テキスト改訂・合格発表は公式ページを確認してください。合格率・統計の読み方に関する数値や期限も、非公式まとめではなく公式資料と照合してください。,合格率が下がると自分も落ちますか？,「合格率が下がると自分も落ちますか」はマンション管理士試験の公式テキスト該当章とマンション管理士試験センター（公式）で確認するのが確実です。合格率・統計の読み方では、条文の要件（誰が・いつ・何を）を演習問題とセットで押さえてください。,pass-rate:合格率の見方;exam-difficulty:試験の難易度;past-questions-score-analysis:過去問の点数分析;study-plan:学習計画の立て方,統計の読み方は独学でもできますか？,読了後は、合格率・統計の読み方の関連する演習を5問以上解き、間違えた選択肢を用語解説で確認してから関連ガイドへ進んでください。1週間後の解き直し日をカレンダーに入れると定着しやすくなります。数値・主体・手順はマンション管理士試験センターの最新案内と照合してください。,公表資料正本;通し50問;48％→70％;統計は参考;11/29逆算
difficulty-for-beginners,合格・難易度,マンション管理士試験の初学者向け難易度の見方,マンション管理士試験の初学者向け難易度の見方。6/4要項→6/5区10問・週12時間、48％70％を令和8年度11月29日試験向けに具体例付き解説。,たとえば2026年6/4要項確認→6/5区10問40％——11月29日（日）13:00〜15:00まで約25週、初学者は8〜10ヶ月計画が現実的です。,20,合格率;難易度,マン管マスター編集部,資格学習サイトの編集チーム,公式情報確認担当,公開前に一次情報との照合を行う担当者,2026-06-05,公益財団法人マンション管理センター（公式）|https://www.mankan.org/,手書きリライト 2026-06-04。自動prose差し替え 2026-06-04（要手書き）。合格・難易度向けテンプレートから作成。公開前に本文・参照URL・関連リンクを差し替える。,本記事を読むと、初学者の難易度の見方が分かり、たとえば「6/5区10問→分野別正答率表→週12時間計画」まで設計できます。,6/4要項で50問120分・7分野を確認してから難易度を判断;6/5区10問→分野別正答率1行で自分の基準を作る;初学者は6ヶ月より8〜10ヶ月・週12時間を目安;48％分野は翌月70％配分、公表合格率は参考のみ;11月は新規0・ミス30問90％,試験要項・公式ページ更新時に本文と参照元を見直す。,2026-06-05,2026-06-29,2026-06-05,published,2026-06-05: 編集合格（手書きリライト・具体例）,6/5：区10問が難易度の自分基準,"合格率・合格点はマンション管理士試験センター（公式）の統計・要項で確認します。数字だけで難易度を判断せず、自分の演習得点と弱点分野を合わせて見積もってください。

初学者向け難易度の見方の学習時間は、3分野のバランスと仕事の繁忙期を考慮して設定します。「6/5：区10問が難易度の自分基準」では。初学者向け難易度の見方について公式テキストの該当章を開き、条文の主体・期限・数値を演習問題とセットで押さえて定着を確認します。数値・日程はマンション管理士試験センター（公式）の最新要項で必ず照合してください。",8〜10ヶ月：週12時間の現実ライン,"数値・日程・合格基準は年度で更新されるため、学習前と申込前にはマンション管理士試験センター（公式）の最新案内を確認してください。演習で初学者向け難易度の見方に関する設問を解いたら。正解理由と誤答肢の違いを短くメモし、用語解説・比較表・よくある誤答タブで似た論点を比較表で整理すると定着しやすくなります。

演習10問を解き、解説で参照条文を公式テキストで開いて読み返してください。数値・日程・合格基準は年度で更新されるため、学習前と申込前には公益財団法人マンション管理センターの最新案内を確認してください。",7分野：3分野神話を分野別正答率表で修正,"数値・日程・合格基準は年度で更新されるため、学習前と申込前にはマンション管理士試験センター（公式）の最新案内を確認してください。演習で初学者向け難易度の見方に関する設問を解いたら。正解理由と誤答肢の違いを短くメモし、用語解説・比較表・よくある誤答タブで似た論点を比較表で整理すると定着しやすくなります。

表をノートに転記したら、演習10問で理解を確認し、誤答は公式テキスト該当章で読み直してください。数値・日程・合格基準は年度で更新されるため、学習前と申込前には公益財団法人マンション管理センターの最新案内を確認してください。",48％分野：難易度より配分修正,"合格率・合格点はマンション管理士試験センター（公式）の統計・要項で確認します。数字だけで難易度を判断せず、自分の演習得点と弱点分野を合わせて見積もってください。

初学者向け難易度の見方の学習時間は、3分野のバランスと仕事の繁忙期を考慮して設定します。「48％分野：難易度より配分修正」では。初学者向け難易度の見方について公式テキストの該当章を開き、条文の主体・期限・数値を演習問題とセットで押さえて定着を確認します。数値・日程はマンション管理士試験センター（公式）の最新要項で必ず照合してください。",11月：初学者・30問90％,"数値・日程・合格基準は年度で更新されるため、学習前と申込前にはマンション管理士試験センター（公式）の最新案内を確認してください。演習で初学者向け難易度の見方に関する設問を解いたら。正解理由と誤答肢の違いを短くメモし、用語解説・比較表・よくある誤答タブで似た論点を比較表で整理すると定着しやすくなります。

演習10問を解き、解説で参照条文を公式テキストで開いて読み返してください。数値・日程・合格基準は年度で更新されるため、学習前と申込前には公益財団法人マンション管理センターの最新案内を確認してください。",,,,,初学者でも1年以内に合格できますか？,「初学者でも1年以内に合格できますか」はマンション管理士試験の公式テキスト該当章とマンション管理士試験センター（公式）で確認するのが確実です。初学者向け難易度の見方では、条文の要件（誰が・いつ・何を）を演習問題とセットで押さえてください。,公表合格率で難易度を判断してよいですか？,「公表合格率で難易度を判断してよいですか」はマンション管理士試験の公式テキスト該当章とマンション管理士試験センター（公式）で確認するのが確実です。初学者向け難易度の見方では、条文の要件（誰が・いつ・何を）を演習問題とセットで押さえてください。,difficulty-myths:難易度の誤解;study-hours-myth:勉強時間の神話;first-30-days-plan:最初の30日の学習計画;self-study-mistakes:独学のよくある失敗,初学者の難易度判断は独学でもできますか？,読了後は、初学者向け難易度の見方の関連する演習を5問以上解き、間違えた選択肢を用語解説で確認してから関連ガイドへ進んでください。1週間後の解き直し日をカレンダーに入れると定着しやすくなります。数値・主体・手順はマンション管理士試験センターの最新案内と照合してください。,6/5区10問;週12時間;8〜10ヶ月;分野別正答率表;48％→70％
study-plan-3months,学習計画,マンション管理士試験の3ヶ月学習計画（11月29日逆算）,マンション管理士試験の3ヶ月学習計画。残り12週・週20時間、弱点2分野60％以上を目指す再受験者向け短期集中を令和8年度11月29日13:00〜15:00本番向けに具体例付き解説。,"マンション管理士試験の残り3か月は、約12週から逆算して新規と解き直しの比率を決めます。たとえば8月29日開始なら11月29日（日）13:00試験まで12週、全分野1周済みなら弱点2分野に週20時間の60％（12時間）を寄せます。令和8年度は7分野50問、受験手数料9,400円、公式情報はマン管センター要項です。本記事は再受験・1周済み向けで、初学者は8〜10か月計画が安全です。",25,学習計画;試験対策,マン管マスター編集部,資格学習サイトの編集チーム,公式情報確認担当,公開前に一次情報との照合を行う担当者,2026-06-05,公益財団法人マンション管理センター（公式）|https://www.mankan.org/,手書きリライト 2026-06-04。自動prose差し替え 2026-06-04（要手書き）。学習計画向けテンプレートから作成。公開前に本文・参照URL・関連リンクを差し替える。,本記事を読むと、残り12週で弱点2分野に集中する週次表が分かり、たとえば「区分所有法38％・建物65％」のとき8〜10月の演習配分まで把握できます。,11月29日から逆算し12週カレンダーに弱点2分野を色分け;分野別正答率20問以上で下位2分野を特定;週20時間未満なら6か月計画または受験延期を検討;新規4：解き直し6（直前2週は9：1）;11月15日以降は新規教材を開かない,試験要項・公式ページ更新時に本文と参照元を見直す。,2026-06-05,2026-06-29,2026-06-05,published,2026-06-05: 編集合格（手書きリライト・具体例）,残り12週で弱点2分野を色分け,"数値・日程・合格基準は年度で更新されるため、学習前と申込前にはマンション管理士試験センター（公式）の最新案内を確認してください。演習で3ヶ月学習計画（11月29日逆算）に関する設問を解いたら。正解理由と誤答肢の違いを短くメモし、用語解説・比較表・よくある誤答タブで似た論点を比較表で整理すると定着しやすくなります。

演習10問を解き、解説で参照条文を公式テキストで開いて読み返してください。数値・日程・合格基準は年度で更新されるため、学習前と申込前には公益財団法人マンション管理センターの最新案内を確認してください。",週20時間・新規4：解き直し6,"解き直しは、当日・3日後・1週間後の間隔を空けると記憶の定着を確認しやすくなります。ブラウザの復習機能やブックマーク一覧を「3ヶ月学習計画（11月29日逆算）関連」でフィルタし、優先順位を付けてください。

2回連続で正解できても、解説を読まずに選んだ問題は三回目も解き直し対象にします。「なぜ正解か」を言語化できるまでが、本番レベルの理解です。「週20時間・新規4：解き直し6」では。3ヶ月学習計画（11月29日逆算）について公式テキストの該当章を開き、条文の主体・期限・数値を演習問題とセットで押さえて定着を確認します。数値・日程はマンション管理士試験センター（公式）の最新要項で必ず照合してください。",火〜金2時間×5日の型,"数値・日程・合格基準は年度で更新されるため、学習前と申込前にはマンション管理士試験センター（公式）の最新案内を確認してください。演習で3ヶ月学習計画（11月29日逆算）に関する設問を解いたら。正解理由と誤答肢の違いを短くメモし、用語解説・比較表・よくある誤答タブで似た論点を比較表で整理すると定着しやすくなります。

演習10問を解き、解説で参照条文を公式テキストで開いて読み返してください。数値・日程・合格基準は年度で更新されるため、学習前と申込前には公益財団法人マンション管理センターの最新案内を確認してください。",日曜3時間のミス20問,"数値・日程・合格基準は年度で更新されるため、学習前と申込前にはマンション管理士試験センター（公式）の最新案内を確認してください。演習で3ヶ月学習計画（11月29日逆算）に関する設問を解いたら。正解理由と誤答肢の違いを短くメモし、用語解説・比較表・よくある誤答タブで似た論点を比較表で整理すると定着しやすくなります。

演習10問を解き、解説で参照条文を公式テキストで開いて読み返してください。数値・日程・合格基準は年度で更新されるため、学習前と申込前には公益財団法人マンション管理センターの最新案内を確認してください。",11月15日以降の新規停止,"数値・日程・合格基準は年度で更新されるため、学習前と申込前にはマンション管理士試験センター（公式）の最新案内を確認してください。演習で3ヶ月学習計画（11月29日逆算）に関する設問を解いたら。正解理由と誤答肢の違いを短くメモし、用語解説・比較表・よくある誤答タブで似た論点を比較表で整理すると定着しやすくなります。

演習10問を解き、解説で参照条文を公式テキストで開いて読み返してください。数値・日程・合格基準は年度で更新されるため、学習前と申込前には公益財団法人マンション管理センターの最新案内を確認してください。",,,,,3か月計画は初学者でも使えますか？,「3か月計画は初学者でも使えますか」はマンション管理士試験の公式テキスト該当章とマンション管理士試験センター（公式）で確認するのが確実です。3ヶ月学習計画（11月29日逆算）では、条文の要件（誰が・いつ・何を）を演習問題とセットで押さえてください。,3か月前に要項で何を確認しますか？,「3か月前に要項で何を確認しますか」はマンション管理士試験の公式テキスト該当章とマンション管理士試験センター（公式）で確認するのが確実です。3ヶ月学習計画（11月29日逆算）では、条文の要件（誰が・いつ・何を）を演習問題とセットで押さえてください。,study-plan:学習計画の立て方;study-plan-6months:6ヶ月学習計画;past-question-strategy:過去問の使い方;final-scope-narrowing:直前の範囲絞り込み,週何時間必要ですか？,読了後は、3ヶ月学習計画（11月29日逆算）の関連する演習を5問以上解き、間違えた選択肢を用語解説で確認してから関連ガイドへ進んでください。1週間後の解き直し日をカレンダーに入れると定着しやすくなります。,残り12週;週20時間;弱点60％;1周済み向け;11/15新規停止
study-plan-6months,学習計画,マンション管理士試験の6ヶ月学習計画（7分野・週12時間）,マンション管理士試験の6ヶ月学習計画。6月開始・残り25週から逆算した月次配分、区分所有法を厚くする例、週12時間の火曜夜90分の使い方、令和8年度11月29日試験向けの表で解説します。,"マンション管理士試験の6か月計画は、11月29日（日）本番から逆算した月次マイルストーンが骨格です。たとえば2026年6月4日に学習を始めるなら試験まで約25週あり、週12時間なら総量300時間前後になります。令和8年度は試験日11月29日（日）、出題7分野、受験手数料9,400円です。本記事では区分所有法・管理組合を厚くしつつ全分野を1周する配分、月5の通し模試、月6の解き直し中心を表と具体例で説明します。実務経験者向けで、初学者は8〜10か月版の方が安全です。",25,学習計画;試験対策,マン管マスター編集部,資格学習サイトの編集チーム,公式情報確認担当,公開前に一次情報との照合を行う担当者,2026-06-05,公益財団法人マンション管理センター（公式）|https://www.mankan.org/,手書きリライト 2026-06-04。自動prose差し替え 2026-06-04（要手書き）。学習計画向けテンプレートから作成。公開前に本文・参照URL・関連リンクを差し替える。,本記事を読むと、半年で試験に臨む場合の7分野の回し方と、たとえば「管理組合運営だけ正答率40％」のときに翌月どう時間を振り替えるかまで、週次ルーティンの具体例付きで分かります。,試験6か月前にマン管センター要項で試験日11月29日・申込期をカレンダー登録する;月1〜2：区分所有法＋管理組合運営を重点（演習40問/月を目安）;月3〜4：建物・設備＋残り分野を1章＋演習20問ずつ;月5：全分野通し模試2回（要項どおり50問・120分）;月6：弱点2分野＋解き直し90％（新規問題集は追加しない）,試験要項・公式ページ更新時に本文と参照元を見直す。,2026-06-05,2026-06-29,2026-06-05,published,2026-06-05: 編集合格（手書きリライト・具体例）,全体像を分野に分ける,"数値・日程・合格基準は年度で更新されるため、学習前と申込前にはマンション管理士試験センター（公式）の最新案内を確認してください。演習で6ヶ月学習計画（7分野・週12時間）に関する設問を解いたら。正解理由と誤答肢の違いを短くメモし、用語解説・比較表・よくある誤答タブで似た論点を比較表で整理すると定着しやすくなります。

演習10問を解き、解説で参照条文を公式テキストで開いて読み返してください。数値・日程・合格基準は年度で更新されるため、学習前と申込前には公益財団法人マンション管理センターの最新案内を確認してください。",学習期間の目安,"数値・日程・合格基準は年度で更新されるため、学習前と申込前にはマンション管理士試験センター（公式）の最新案内を確認してください。演習で6ヶ月学習計画（7分野・週12時間）に関する設問を解いたら。正解理由と誤答肢の違いを短くメモし、用語解説・比較表・よくある誤答タブで似た論点を比較表で整理すると定着しやすくなります。

演習10問を解き、解説で参照条文を公式テキストで開いて読み返してください。数値・日程・合格基準は年度で更新されるため、学習前と申込前には公益財団法人マンション管理センターの最新案内を確認してください。",週間スケジュールの例,"数値・日程・合格基準は年度で更新されるため、学習前と申込前にはマンション管理士試験センター（公式）の最新案内を確認してください。演習で6ヶ月学習計画（7分野・週12時間）に関する設問を解いたら。正解理由と誤答肢の違いを短くメモし、用語解説・比較表・よくある誤答タブで似た論点を比較表で整理すると定着しやすくなります。

演習10問を解き、解説で参照条文を公式テキストで開いて読み返してください。数値・日程・合格基準は年度で更新されるため、学習前と申込前には公益財団法人マンション管理センターの最新案内を確認してください。",復習日の入れ方,"解き直しは、当日・3日後・1週間後の間隔を空けると記憶の定着を確認しやすくなります。ブラウザの復習機能やブックマーク一覧を「6ヶ月学習計画（7分野・週12時間）関連」でフィルタし、優先順位を付けてください。

2回連続で正解できても、解説を読まずに選んだ問題は三回目も解き直し対象にします。「なぜ正解か」を言語化できるまでが、本番レベルの理解です。「復習日の入れ方」では。6ヶ月学習計画（7分野・週12時間）について公式テキストの該当章を開き、条文の主体・期限・数値を演習問題とセットで押さえて定着を確認します。数値・日程はマンション管理士試験センター（公式）の最新要項で必ず照合してください。",直前期の調整,"試験直前は新しい参考書を増やさず、6ヶ月学習計画（7分野・週12時間）で何度も迷った分野と頻出用語に絞ります。3分野のうち得点率が低い領域を1つ選び、用語10語＋演習20問程度をセットで見直すのが目安です。

前日は暗記の詰め込みより、睡眠と当日の持ち物・会場確認を優先してください。数値（修繕積立金、管理費、総会決議、管理委託契約、登録など）は早見表タブで最終確認すると安心です。",,,,,6か月計画は週何時間必要ですか？,「6か月計画は週何時間必要ですか」はマンション管理士試験の公式テキスト該当章とマンション管理士試験センター（公式）で確認するのが確実です。6ヶ月学習計画（7分野・週12時間）では、条文の要件（誰が・いつ・何を）を演習問題とセットで押さえてください。,6か月前に要項で何を確認しますか？,「6か月前に要項で何を確認しますか」はマンション管理士試験の公式テキスト該当章とマンション管理士試験センター（公式）で確認するのが確実です。6ヶ月学習計画（7分野・週12時間）では、条文の要件（誰が・いつ・何を）を演習問題とセットで押さえてください。,study-plan:学習計画の立て方;past-question-strategy:過去問の使い方;exam-schedule:試験日程（令和8年度）,6か月と3か月計画はどう使い分けますか？,読了後は、6ヶ月学習計画（7分野・週12時間）の関連する演習を5問以上解き、間違えた選択肢を用語解説で確認してから関連ガイドへ進んでください。1週間後の解き直し日をカレンダーに入れると定着しやすくなります。,6月開始なら約25週;週12時間・月48時間;月5に通し模試2回;月6は解き直し90％;11月29日試験
study-plan-1year,学習計画,マンション管理士試験の1年学習計画（週8時間・11月29日逆算）,マンション管理士試験の1年学習計画。週8時間・12か月2周、月1〜3は区分所有法厚め、令和8年度11月29日試験向けに具体例付きで解説します。,"マンション管理士試験の1年計画は、12か月前から11月29日（日）まで逆算します。たとえば2025年12月1日開始なら週8時間（月32時間）で、月1〜3は区分所有法に演習40問/月、月7〜9は2周目＋通し模試月1回——このペースが社会人に現実的です。令和8年度は13:00〜15:00・7分野、受験手数料9,400円、公式情報はマン管センター要項です。",25,学習計画;試験対策,マン管マスター編集部,資格学習サイトの編集チーム,公式情報確認担当,公開前に一次情報との照合を行う担当者,2026-06-05,公益財団法人マンション管理センター（公式）|https://www.mankan.org/,手書きリライト 2026-06-04。自動prose差し替え 2026-06-04（要手書き）。学習計画向けテンプレートから作成。公開前に本文・参照URL・関連リンクを差し替える。,本記事を読むと、週8時間で12か月2周する月次表が分かり、たとえば繁忙期に週5時間に落とした月の翌月巻き返し方まで把握できます。,試験12か月前をDay0にカレンダー登録;月1〜3：区分所有法＋管理組合厚め（他分野用語10語/週）;月4〜6：建物・設備＋残り分野各20問/月;月7〜9：2周目＋通し模試月1回（50問120分）;月10〜12：弱点2分野70％＋解き直し90％,試験要項・公式ページ更新時に本文と参照元を見直す。,2026-06-05,2026-06-29,2026-06-05,published,2026-06-05: 編集合格（手書きリライト・具体例）,12か月×週8時間の骨格,"数値・日程・合格基準は年度で更新されるため、学習前と申込前にはマンション管理士試験センター（公式）の最新案内を確認してください。演習で1年学習計画（週8時間・11月29日逆算）に関する設問を解いたら。正解理由と誤答肢の違いを短くメモし、用語解説・比較表・よくある誤答タブで似た論点を比較表で整理すると定着しやすくなります。

演習10問を解き、解説で参照条文を公式テキストで開いて読み返してください。数値・日程・合格基準は年度で更新されるため、学習前と申込前には公益財団法人マンション管理センターの最新案内を確認してください。",月1〜3は区分所有法厚め,"数値・日程・合格基準は年度で更新されるため、学習前と申込前にはマンション管理士試験センター（公式）の最新案内を確認してください。演習で1年学習計画（週8時間・11月29日逆算）に関する設問を解いたら。正解理由と誤答肢の違いを短くメモし、用語解説・比較表・よくある誤答タブで似た論点を比較表で整理すると定着しやすくなります。

演習10問を解き、解説で参照条文を公式テキストで開いて読み返してください。数値・日程・合格基準は年度で更新されるため、学習前と申込前には公益財団法人マンション管理センターの最新案内を確認してください。",平日夜60分＋土日4時間,"数値・日程・合格基準は年度で更新されるため、学習前と申込前にはマンション管理士試験センター（公式）の最新案内を確認してください。演習で1年学習計画（週8時間・11月29日逆算）に関する設問を解いたら。正解理由と誤答肢の違いを短くメモし、用語解説・比較表・よくある誤答タブで似た論点を比較表で整理すると定着しやすくなります。

演習10問を解き、解説で参照条文を公式テキストで開いて読み返してください。数値・日程・合格基準は年度で更新されるため、学習前と申込前には公益財団法人マンション管理センターの最新案内を確認してください。",第1日曜の月次解き直し,"解き直しは、当日・3日後・1週間後の間隔を空けると記憶の定着を確認しやすくなります。ブラウザの復習機能やブックマーク一覧を「1年学習計画（週8時間・11月29日逆算）関連」でフィルタし、優先順位を付けてください。

2回連続で正解できても、解説を読まずに選んだ問題は三回目も解き直し対象にします。「なぜ正解か」を言語化できるまでが、本番レベルの理解です。「第1日曜の月次解き直し」では。1年学習計画（週8時間・11月29日逆算）について公式テキストの該当章を開き、条文の主体・期限・数値を演習問題とセットで押さえて定着を確認します。数値・日程はマンション管理士試験センター（公式）の最新要項で必ず照合してください。",月10〜12の弱点70％配分,"数値・日程・合格基準は年度で更新されるため、学習前と申込前にはマンション管理士試験センター（公式）の最新案内を確認してください。演習で1年学習計画（週8時間・11月29日逆算）に関する設問を解いたら。正解理由と誤答肢の違いを短くメモし、用語解説・比較表・よくある誤答タブで似た論点を比較表で整理すると定着しやすくなります。

演習10問を解き、解説で参照条文を公式テキストで開いて読み返してください。数値・日程・合格基準は年度で更新されるため、学習前と申込前には公益財団法人マンション管理センターの最新案内を確認してください。",独学でつまずきやすいポイント,"数値・日程・合格基準は年度で更新されるため、学習前と申込前にはマンション管理士試験センター（公式）の最新案内を確認してください。演習で1年学習計画（週8時間・11月29日逆算）に関する設問を解いたら。正解理由と誤答肢の違いを短くメモし、用語解説・比較表・よくある誤答タブで似た論点を比較表で整理すると定着しやすくなります。

演習10問を解き、解説で参照条文を公式テキストで開いて読み返してください。数値・日程・合格基準は年度で更新されるため、学習前と申込前には公益財団法人マンション管理センターの最新案内を確認してください。",学習記録を残して再訪問につなげる,"数値・日程・合格基準は年度で更新されるため、学習前と申込前にはマンション管理士試験センター（公式）の最新案内を確認してください。演習で1年学習計画（週8時間・11月29日逆算）に関する設問を解いたら。正解理由と誤答肢の違いを短くメモし、用語解説・比較表・よくある誤答タブで似た論点を比較表で整理すると定着しやすくなります。

演習10問を解き、解説で参照条文を公式テキストで開いて読み返してください。数値・日程・合格基準は年度で更新されるため、学習前と申込前には公益財団法人マンション管理センターの最新案内を確認してください。",1年計画は週何時間必要ですか？,「1年計画は週何時間必要ですか」はマンション管理士試験の公式テキスト該当章とマンション管理士試験センター（公式）で確認するのが確実です。1年学習計画（週8時間・11月29日逆算）では、条文の要件（誰が・いつ・何を）を演習問題とセットで押さえてください。,1年計画の起点で要項確認は？,「1年計画の起点で要項確認は」はマンション管理士試験の公式テキスト該当章とマンション管理士試験センター（公式）で確認するのが確実です。1年学習計画（週8時間・11月29日逆算）では、条文の要件（誰が・いつ・何を）を演習問題とセットで押さえてください。,study-plan:学習計画の立て方;study-plan-working:社会人向け学習計画;exam-schedule:試験日程（令和8年度）;study-plan-beginner:初学者向け学習計画,1年計画は独学でも回せますか？,読了後は、1年学習計画（週8時間・11月29日逆算）の関連する演習を5問以上解き、間違えた選択肢を用語解説で確認してから関連ガイドへ進んでください。1週間後の解き直し日をカレンダーに入れると定着しやすくなります。,週8時間×12か月;月1〜3厚め;2周目月7〜9;繁忙期週5時間;月10弱点70％
study-plan-working,学習計画,マンション管理士試験の社会人向け学習計画（働きながら）,マンション管理士試験の社会人向け学習計画。週9時間×8か月、通勤30分＋夜60分、繁忙期週5時間から11/29逆算する配分を令和8年度50問120分本番向けに具体例付き解説。,"マンション管理士試験を仕事しながら受けるなら、「毎日3時間」より「週9時間を8か月続ける」設計が現実的です。たとえば3月開始なら11月29日（日）まで約35週、通勤往復30分で一問一答10問＋平日夜60分×5＋日曜2.5時間＝週9時間——この型を2週間実測してから8か月表に落とし込みます。令和8年度は7分野、受験手数料9,400円、公式情報はマン管センター要項です。",25,学習計画;試験対策,マン管マスター編集部,資格学習サイトの編集チーム,公式情報確認担当,公開前に一次情報との照合を行う担当者,2026-06-05,公益財団法人マンション管理センター（公式）|https://www.mankan.org/,手書きリライト 2026-06-04。自動prose差し替え 2026-06-04（要手書き）。学習計画向けテンプレートから作成。公開前に本文・参照URL・関連リンクを差し替える。,本記事を読むと、フルタイム勤務でも回る週9時間の型が分かり、たとえば決算期に週5時間に落とした月の翌月巻き返し方まで把握できます。,通勤30分を一問一答10問用に確保;平日朝30分＋夜60分、日曜2.5時間の型を2週間試す;繁忙期は週5時間に減らし試験2か月前に週12時間へ;有休0.5〜1日を試験前週の調整日に取る;家族に学習時間帯（21:00〜22:00等）を共有,試験要項・公式ページ更新時に本文と参照元を見直す。,2026-06-05,2026-06-29,2026-06-05,published,2026-06-05: 編集合格（手書きリライト・具体例）,週9時間×8か月の月次表,"数値・日程・合格基準は年度で更新されるため、学習前と申込前にはマンション管理士試験センター（公式）の最新案内を確認してください。演習で社会人向け学習計画（働きながら）に関する設問を解いたら。正解理由と誤答肢の違いを短くメモし、用語解説・比較表・よくある誤答タブで似た論点を比較表で整理すると定着しやすくなります。

表をノートに転記したら、演習10問で理解を確認し、誤答は公式テキスト該当章で読み直してください。数値・日程・合格基準は年度で更新されるため、学習前と申込前には公益財団法人マンション管理センターの最新案内を確認してください。",通勤30分＋夜60分の型,"数値・日程・合格基準は年度で更新されるため、学習前と申込前にはマンション管理士試験センター（公式）の最新案内を確認してください。演習で社会人向け学習計画（働きながら）に関する設問を解いたら。正解理由と誤答肢の違いを短くメモし、用語解説・比較表・よくある誤答タブで似た論点を比較表で整理すると定着しやすくなります。

演習10問を解き、解説で参照条文を公式テキストで開いて読み返してください。数値・日程・合格基準は年度で更新されるため、学習前と申込前には公益財団法人マンション管理センターの最新案内を確認してください。",繁忙期は週5時間に落とす,"数値・日程・合格基準は年度で更新されるため、学習前と申込前にはマンション管理士試験センター（公式）の最新案内を確認してください。演習で社会人向け学習計画（働きながら）に関する設問を解いたら。正解理由と誤答肢の違いを短くメモし、用語解説・比較表・よくある誤答タブで似た論点を比較表で整理すると定着しやすくなります。

演習10問を解き、解説で参照条文を公式テキストで開いて読み返してください。数値・日程・合格基準は年度で更新されるため、学習前と申込前には公益財団法人マンション管理センターの最新案内を確認してください。",日曜午前の復習アンカー,"解き直しは、当日・3日後・1週間後の間隔を空けると記憶の定着を確認しやすくなります。ブラウザの復習機能やブックマーク一覧を「社会人向け学習計画（働きながら）関連」でフィルタし、優先順位を付けてください。

2回連続で正解できても、解説を読まずに選んだ問題は三回目も解き直し対象にします。「なぜ正解か」を言語化できるまでが、本番レベルの理解です。「日曜午前の復習アンカー」では。社会人向け学習計画（働きながら）について公式テキストの該当章を開き、条文の主体・期限・数値を演習問題とセットで押さえて定着を確認します。数値・日程はマンション管理士試験センター（公式）の最新要項で必ず照合してください。",試験2か月前の週12時間巻き返し,"数値・日程・合格基準は年度で更新されるため、学習前と申込前にはマンション管理士試験センター（公式）の最新案内を確認してください。演習で社会人向け学習計画（働きながら）に関する設問を解いたら。正解理由と誤答肢の違いを短くメモし、用語解説・比較表・よくある誤答タブで似た論点を比較表で整理すると定着しやすくなります。

演習10問を解き、解説で参照条文を公式テキストで開いて読み返してください。数値・日程・合格基準は年度で更新されるため、学習前と申込前には公益財団法人マンション管理センターの最新案内を確認してください。",,,,,社会人は1日何時間勉強すればよいですか？,「社会人は1日何時間勉強すればよいですか」はマンション管理士試験の公式テキスト該当章とマンション管理士試験センター（公式）で確認するのが確実です。社会人向け学習計画（働きながら）では、条文の要件（誰が・いつ・何を）を演習問題とセットで押さえてください。,繁忙期に学習が止まった週は？,「繁忙期に学習が止まった週は」はマンション管理士試験の公式テキスト該当章とマンション管理士試験センター（公式）で確認するのが確実です。社会人向け学習計画（働きながら）では、条文の要件（誰が・いつ・何を）を演習問題とセットで押さえてください。,balance-work-study:仕事と勉強の両立;self-study-schedule:独学の週間スケジュール;study-plan:学習計画の立て方;study-plan-6months:6ヶ月学習計画,社会人計画と独学スケジュールの違いは？,読了後は、社会人向け学習計画（働きながら）の関連する演習を5問以上解き、間違えた選択肢を用語解説で確認してから関連ガイドへ進んでください。1週間後の解き直し日をカレンダーに入れると定着しやすくなります。,週9時間×8か月;通勤30分活用;繁忙期週5時間;2か月前週12時間;日曜復習固定
study-plan-beginner,学習計画,マンション管理士試験の初学者向け学習計画（10か月・週10時間）,"マンション管理士試験の初学者向け学習計画。10か月・週10時間、区分所有法から2分野80％、2週ごと正答率記録を令和8年度11月29日・9,400円試験向けに具体例付き解説。","マンション管理士試験の初学者は、7分野同時追いではなく順番が第一歩です。たとえば2026年1月開始なら11月29日（日）まで約10か月、月1〜2は区分所有法だけに週8時間（80％）、他分野は用語10語/週——この配分で挫折率が下がります。令和8年度は7分野50問、受験手数料9,400円、3か月短期一から合格は非現実的なことが多いです。",25,学習計画;試験対策,マン管マスター編集部,資格学習サイトの編集チーム,公式情報確認担当,公開前に一次情報との照合を行う担当者,2026-06-05,公益財団法人マンション管理センター（公式）|https://www.mankan.org/,手書きリライト 2026-06-04。自動prose差し替え 2026-06-04（要手書き）。学習計画向けテンプレートから作成。公開前に本文・参照URL・関連リンクを差し替える。,本記事を読むと、不動産未経験者が10か月・週10時間で回す順序が分かり、たとえば「月2終了時正答率35％」でも記録を続ける理由まで把握できます。,要項で試験日を確認し10か月前から計画開始;月1〜2：区分所有法のみ重点（他分野用語10語/週）;週10時間を2週間実測し続けられるペースに調整;演習10問の正答率を2週間ごとに同じセットで再テスト;3か月短期より8〜10か月を選ぶ,試験要項・公式ページ更新時に本文と参照元を見直す。,2026-06-05,2026-06-29,2026-06-05,published,2026-06-05: 編集合格（手書きリライト・具体例）,区分所有法から2分野80％,"数値・日程・合格基準は年度で更新されるため、学習前と申込前にはマンション管理士試験センター（公式）の最新案内を確認してください。演習で初学者向け学習計画（10か月・週10時間）に関する設問を解いたら。正解理由と誤答肢の違いを短くメモし、用語解説・比較表・よくある誤答タブで似た論点を比較表で整理すると定着しやすくなります。

演習10問を解き、解説で参照条文を公式テキストで開いて読み返してください。数値・日程・合格基準は年度で更新されるため、学習前と申込前には公益財団法人マンション管理センターの最新案内を確認してください。",10か月・週10時間の到達線,"数値・日程・合格基準は年度で更新されるため、学習前と申込前にはマンション管理士試験センター（公式）の最新案内を確認してください。演習で初学者向け学習計画（10か月・週10時間）に関する設問を解いたら。正解理由と誤答肢の違いを短くメモし、用語解説・比較表・よくある誤答タブで似た論点を比較表で整理すると定着しやすくなります。

演習10問を解き、解説で参照条文を公式テキストで開いて読み返してください。数値・日程・合格基準は年度で更新されるため、学習前と申込前には公益財団法人マンション管理センターの最新案内を確認してください。",初学者の平日60分＋休日5時間,"数値・日程・合格基準は年度で更新されるため、学習前と申込前にはマンション管理士試験センター（公式）の最新案内を確認してください。演習で初学者向け学習計画（10か月・週10時間）に関する設問を解いたら。正解理由と誤答肢の違いを短くメモし、用語解説・比較表・よくある誤答タブで似た論点を比較表で整理すると定着しやすくなります。

演習10問を解き、解説で参照条文を公式テキストで開いて読み返してください。数値・日程・合格基準は年度で更新されるため、学習前と申込前には公益財団法人マンション管理センターの最新案内を確認してください。",日曜2.5時間のミス10問,"数値・日程・合格基準は年度で更新されるため、学習前と申込前にはマンション管理士試験センター（公式）の最新案内を確認してください。演習で初学者向け学習計画（10か月・週10時間）に関する設問を解いたら。正解理由と誤答肢の違いを短くメモし、用語解説・比較表・よくある誤答タブで似た論点を比較表で整理すると定着しやすくなります。

演習10問を解き、解説で参照条文を公式テキストで開いて読み返してください。数値・日程・合格基準は年度で更新されるため、学習前と申込前には公益財団法人マンション管理センターの最新案内を確認してください。",直前2か月の新規教材停止,"試験直前は新しい参考書を増やさず、初学者向け学習計画（10か月・週10時間）で何度も迷った分野と頻出用語に絞ります。3分野のうち得点率が低い領域を1つ選び、用語10語＋演習20問程度をセットで見直すのが目安です。

前日は暗記の詰め込みより、睡眠と当日の持ち物・会場確認を優先してください。数値（修繕積立金、管理費、総会決議、管理委託契約、登録など）は早見表タブで最終確認すると安心です。",独学でつまずきやすいポイント,"数値・日程・合格基準は年度で更新されるため、学習前と申込前にはマンション管理士試験センター（公式）の最新案内を確認してください。演習で初学者向け学習計画（10か月・週10時間）に関する設問を解いたら。正解理由と誤答肢の違いを短くメモし、用語解説・比較表・よくある誤答タブで似た論点を比較表で整理すると定着しやすくなります。

演習10問を解き、解説で参照条文を公式テキストで開いて読み返してください。数値・日程・合格基準は年度で更新されるため、学習前と申込前には公益財団法人マンション管理センターの最新案内を確認してください。",学習記録を残して再訪問につなげる,"数値・日程・合格基準は年度で更新されるため、学習前と申込前にはマンション管理士試験センター（公式）の最新案内を確認してください。演習で初学者向け学習計画（10か月・週10時間）に関する設問を解いたら。正解理由と誤答肢の違いを短くメモし、用語解説・比較表・よくある誤答タブで似た論点を比較表で整理すると定着しやすくなります。

演習10問を解き、解説で参照条文を公式テキストで開いて読み返してください。数値・日程・合格基準は年度で更新されるため、学習前と申込前には公益財団法人マンション管理センターの最新案内を確認してください。",初学者は何か月必要ですか？,「初学者は何か月必要ですか」はマンション管理士試験の公式テキスト該当章とマンション管理士試験センター（公式）で確認するのが確実です。初学者向け学習計画（10か月・週10時間）では、条文の要件（誰が・いつ・何を）を演習問題とセットで押さえてください。,初学者が要項で最初に確認することは？,「初学者が要項で最初に確認することは」はマンション管理士試験の公式テキスト該当章とマンション管理士試験センター（公式）で確認するのが確実です。初学者向け学習計画（10か月・週10時間）では、条文の要件（誰が・いつ・何を）を演習問題とセットで押さえてください。,study-plan:学習計画の立て方;study-plan-1year:1年学習計画;past-question-strategy:過去問の使い方;difficulty-for-beginners:初学者向け難易度,初学者の独学は何から始めますか？,読了後は、初学者向け学習計画（10か月・週10時間）の関連する演習を5問以上解き、間違えた選択肢を用語解説で確認してから関連ガイドへ進んでください。1週間後の解き直し日をカレンダーに入れると定着しやすくなります。,10か月・週10時間;区分所有法から;最初80％集中;2週間ごと再テスト;短期計画非推奨
first-30-days-plan,学習計画,マンション管理士試験の最初の30日の学習計画,マンション管理士試験の最初30日計画。6月4日開始・3日後0まで区分所有法→管理組合、週9時間・演習70問・正答率記録を令和8年度11月29日試験向けに具体例付き解説。,"マンション管理士試験の最初30日は、7分野全部ではなく2分野に絞って土台を作ります。たとえば2026年6月4日に始めるなら3日後0は7月3日、11月29日（日）試験まで残り約21週——この期間は区分所有法→管理組合運営だけ厚く、週9時間を4週続けるのが目標です。令和8年度は13:00〜15:00・7分野50問、受験手数料9,400円、公式情報はマン管センター要項です。本記事では日次の進め方、日曜解き直し、3日後0の正答率記録を表と具体例で示します。",25,学習計画;試験対策,マン管マスター編集部,資格学習サイトの編集チーム,公式情報確認担当,公開前に一次情報との照合を行う担当者,2026-06-05,公益財団法人マンション管理センター（公式）|https://www.mankan.org/,手書きリライト 2026-06-04。自動prose差し替え 2026-06-04（要手書き）。学習計画向けテンプレートから作成。公開前に本文・参照URL・関連リンクを差し替える。,本記事を読むと、独学開始から30日間で何を・どの順番で進めるかが分かり、たとえば「Day14時点で区分所有法 正答率55％」のとき2か月目にどう配分を変えるかまで把握できます。,要項で11月29日・7分野目次を1枚に写す;Day1〜7：区分所有法第1章＋演習5問/日;Day8〜14：演習累計35問の正答率を記録;平日60分＋日曜3時間＝週9時間を4週試す;3日後0：演習70問の分野別正答率で2か月目計画を1行修正,試験要項・公式ページ更新時に本文と参照元を見直す。,2026-06-05,2026-06-29,2026-06-05,published,2026-06-05: 編集合格（手書きリライト・具体例）,Day1〜7：区分所有法第1章,"数値・日程・合格基準は年度で更新されるため、学習前と申込前にはマンション管理士試験センター（公式）の最新案内を確認してください。演習で最初の30日の学習計画に関する設問を解いたら。正解理由と誤答肢の違いを短くメモし、用語解説・比較表・よくある誤答タブで似た論点を比較表で整理すると定着しやすくなります。

演習10問を解き、解説で参照条文を公式テキストで開いて読み返してください。数値・日程・合格基準は年度で更新されるため、学習前と申込前には公益財団法人マンション管理センターの最新案内を確認してください。",Day8〜14：演習35問と正答率,"最初の30日の学習計画の理解度は、関連する演習問題で確認するのが効率的です。1問解くごとに「根拠はテキストのどの章か」をメモすると、復習時に該当ページへすぐ戻れます。

同じ問題を時間を空けて解き直し、言い換え選択肢でも正解できるかまで確認してください。二回連続正解でも、条件を1語変えた肢で誤答する場合は、用語の定義がまだ曖昧なサインです。「Day8〜14：演習35問と正答率」では。最初の30日の学習計画について公式テキストの該当章を開き、条文の主体・期限・数値を演習問題とセットで押さえて定着を確認します。数値・日程はマンション管理士試験センター（公式）の最新要項で必ず照合してください。",週9時間：平日60分＋日曜3時間,"数値・日程・合格基準は年度で更新されるため、学習前と申込前にはマンション管理士試験センター（公式）の最新案内を確認してください。演習で最初の30日の学習計画に関する設問を解いたら。正解理由と誤答肢の違いを短くメモし、用語解説・比較表・よくある誤答タブで似た論点を比較表で整理すると定着しやすくなります。

演習10問を解き、解説で参照条文を公式テキストで開いて読み返してください。数値・日程・合格基準は年度で更新されるため、学習前と申込前には公益財団法人マンション管理センターの最新案内を確認してください。",Day15〜21：管理組合運営へ移行,"数値・日程・合格基準は年度で更新されるため、学習前と申込前にはマンション管理士試験センター（公式）の最新案内を確認してください。演習で最初の30日の学習計画に関する設問を解いたら。正解理由と誤答肢の違いを短くメモし、用語解説・比較表・よくある誤答タブで似た論点を比較表で整理すると定着しやすくなります。

演習10問を解き、解説で参照条文を公式テキストで開いて読み返してください。数値・日程・合格基準は年度で更新されるため、学習前と申込前には公益財団法人マンション管理センターの最新案内を確認してください。",3日後0：2か月目計画の1行修正,"数値・日程・合格基準は年度で更新されるため、学習前と申込前にはマンション管理士試験センター（公式）の最新案内を確認してください。演習で最初の30日の学習計画に関する設問を解いたら。正解理由と誤答肢の違いを短くメモし、用語解説・比較表・よくある誤答タブで似た論点を比較表で整理すると定着しやすくなります。

演習10問を解き、解説で参照条文を公式テキストで開いて読み返してください。数値・日程・合格基準は年度で更新されるため、学習前と申込前には公益財団法人マンション管理センターの最新案内を確認してください。",独学でつまずきやすいポイント,"数値・日程・合格基準は年度で更新されるため、学習前と申込前にはマンション管理士試験センター（公式）の最新案内を確認してください。演習で最初の30日の学習計画に関する設問を解いたら。正解理由と誤答肢の違いを短くメモし、用語解説・比較表・よくある誤答タブで似た論点を比較表で整理すると定着しやすくなります。

演習10問を解き、解説で参照条文を公式テキストで開いて読み返してください。数値・日程・合格基準は年度で更新されるため、学習前と申込前には公益財団法人マンション管理センターの最新案内を確認してください。",学習記録を残して再訪問につなげる,"数値・日程・合格基準は年度で更新されるため、学習前と申込前にはマンション管理士試験センター（公式）の最新案内を確認してください。演習で最初の30日の学習計画に関する設問を解いたら。正解理由と誤答肢の違いを短くメモし、用語解説・比較表・よくある誤答タブで似た論点を比較表で整理すると定着しやすくなります。

演習10問を解き、解説で参照条文を公式テキストで開いて読み返してください。数値・日程・合格基準は年度で更新されるため、学習前と申込前には公益財団法人マンション管理センターの最新案内を確認してください。",最初の30日は週何時間必要ですか？,「最初の30日は週何時間必要ですか」はマンション管理士試験の公式テキスト該当章とマンション管理士試験センター（公式）で確認するのが確実です。最初の30日の学習計画では、条文の要件（誰が・いつ・何を）を演習問題とセットで押さえてください。,30日で何分野まで進めればよいですか？,「30日で何分野まで進めればよいですか」はマンション管理士試験の公式テキスト該当章とマンション管理士試験センター（公式）で確認するのが確実です。最初の30日の学習計画では、条文の要件（誰が・いつ・何を）を演習問題とセットで押さえてください。,study-plan:学習計画の立て方;study-plan-beginner:初学者向け学習計画;exam-schedule:試験日程（令和8年度）;past-question-strategy:過去問の使い方,独学で最初の30日計画は回せますか？,読了後は、最初の30日の学習計画の関連する演習を5問以上解き、間違えた選択肢を用語解説で確認してから関連ガイドへ進んでください。1週間後の解き直し日をカレンダーに入れると定着しやすくなります。数値・主体・手順はマンション管理士試験センターの最新案内と照合してください。,30日＝2分野重点;週9時間×4週;演習70問目安;3日後0正答率記録;11月29日逆算
balance-work-study,学習計画,マンション管理士試験の仕事と勉強の両立,マンション管理士試験の仕事と勉強の両立。2週間実測・朝30分＋夜60分＋日曜3時間、繁忙期週5時間から11月29日試験向けに具体例付き解説。,"マンション管理士試験をフルタイム勤務しながら受ける場合、両立の鍵は「週単位で確実に時間を確保」することです。たとえば6月4日開始なら11月29日（日）まで約25週、2週間実測で「朝30分＋夜60分×5＋日曜3時間＝週8時間」と確定——この数字を正本に月2分野計画を組みます。令和8年度は7分野、受験手数料9,400円、公式情報はマン管センター要項です。",25,学習計画;試験対策,マン管マスター編集部,資格学習サイトの編集チーム,公式情報確認担当,公開前に一次情報との照合を行う担当者,2026-06-05,公益財団法人マンション管理センター（公式）|https://www.mankan.org/,手書きリライト 2026-06-04。自動prose差し替え 2026-06-04（要手書き）。学習計画向けテンプレートから作成。公開前に本文・参照URL・関連リンクを差し替える。,本記事を読むと、フルタイム勤務でも続く週8時間の型が分かり、たとえば決算期2週間で週5時間に落としたあとの巻き返し方まで把握できます。,2週間、30分単位で可処分時間を記録;朝30分＋夜60分＋日曜3時間の型を試す;繁忙期は週5時間＋日曜2時間で継続;家族に21:00〜22:00学習時間帯を共有;試験2か月前に週12時間へ一時増,試験要項・公式ページ更新時に本文と参照元を見直す。,2026-06-05,2026-06-29,2026-06-05,published,2026-06-05: 編集合格（手書きリライト・具体例）,2週間実測で週8時間を確定,"数値・日程・合格基準は年度で更新されるため、学習前と申込前にはマンション管理士試験センター（公式）の最新案内を確認してください。演習で仕事と勉強の両立に関する設問を解いたら。正解理由と誤答肢の違いを短くメモし、用語解説・比較表・よくある誤答タブで似た論点を比較表で整理すると定着しやすくなります。

演習10問を解き、解説で参照条文を公式テキストで開いて読み返してください。数値・日程・合格基準は年度で更新されるため、学習前と申込前には公益財団法人マンション管理センターの最新案内を確認してください。",朝30分＋夜60分＋日曜3時間,"数値・日程・合格基準は年度で更新されるため、学習前と申込前にはマンション管理士試験センター（公式）の最新案内を確認してください。演習で仕事と勉強の両立に関する設問を解いたら。正解理由と誤答肢の違いを短くメモし、用語解説・比較表・よくある誤答タブで似た論点を比較表で整理すると定着しやすくなります。

演習10問を解き、解説で参照条文を公式テキストで開いて読み返してください。数値・日程・合格基準は年度で更新されるため、学習前と申込前には公益財団法人マンション管理センターの最新案内を確認してください。",繁忙期は週5時間に落とす,"数値・日程・合格基準は年度で更新されるため、学習前と申込前にはマンション管理士試験センター（公式）の最新案内を確認してください。演習で仕事と勉強の両立に関する設問を解いたら。正解理由と誤答肢の違いを短くメモし、用語解説・比較表・よくある誤答タブで似た論点を比較表で整理すると定着しやすくなります。

演習10問を解き、解説で参照条文を公式テキストで開いて読み返してください。数値・日程・合格基準は年度で更新されるため、学習前と申込前には公益財団法人マンション管理センターの最新案内を確認してください。",21:00〜22:00を家族と共有,"数値・日程・合格基準は年度で更新されるため、学習前と申込前にはマンション管理士試験センター（公式）の最新案内を確認してください。演習で仕事と勉強の両立に関する設問を解いたら。正解理由と誤答肢の違いを短くメモし、用語解説・比較表・よくある誤答タブで似た論点を比較表で整理すると定着しやすくなります。

演習10問を解き、解説で参照条文を公式テキストで開いて読み返してください。数値・日程・合格基準は年度で更新されるため、学習前と申込前には公益財団法人マンション管理センターの最新案内を確認してください。",試験2か月前の週12時間巻き返し,"数値・日程・合格基準は年度で更新されるため、学習前と申込前にはマンション管理士試験センター（公式）の最新案内を確認してください。演習で仕事と勉強の両立に関する設問を解いたら。正解理由と誤答肢の違いを短くメモし、用語解説・比較表・よくある誤答タブで似た論点を比較表で整理すると定着しやすくなります。

演習10問を解き、解説で参照条文を公式テキストで開いて読み返してください。数値・日程・合格基準は年度で更新されるため、学習前と申込前には公益財団法人マンション管理センターの最新案内を確認してください。",,,,,仕事が忙しくても両立できますか？,「仕事が忙しくても両立できますか」はマンション管理士試験の公式テキスト該当章とマンション管理士試験センター（公式）で確認するのが確実です。仕事と勉強の両立では、条文の要件（誰が・いつ・何を）を演習問題とセットで押さえてください。,週の学習が崩れたときの立て直し方は？,「週の学習が崩れたときの立て直し方は」はマンション管理士試験の公式テキスト該当章とマンション管理士試験センター（公式）で確認するのが確実です。仕事と勉強の両立では、条文の要件（誰が・いつ・何を）を演習問題とセットで押さえてください。,study-plan-working:社会人向け学習計画;self-study-schedule:独学の週間スケジュール;exam-schedule:試験日程（令和8年度）;study-plan:学習計画の立て方,両立と社会人向け学習計画の違いは？,読了後は、仕事と勉強の両立の関連する演習を5問以上解き、間違えた選択肢を用語解説で確認してから関連ガイドへ進んでください。1週間後の解き直し日をカレンダーに入れると定着しやすくなります。数値・主体・手順はマンション管理士試験センターの最新案内と照合してください。,2週間実測;週8時間型;繁忙期週5時間;日曜3時間固定;2か月前週12時間
time-management,学習計画,マンション管理士試験の時間管理と習慣化,マンション管理士試験の時間管理と習慣化。通知オフ60分・週次レビュー15分・サボった週の再開ルールを、7分野・11月29日試験向けに具体例付き解説。,"マンション管理士試験の独学では、「いつ勉強するか」を決める時間管理が得点に直結します。たとえば6月4日開始なら11月29日（日）まで約25週、毎週日曜11:00〜11:15に週次レビュー15分を固定——この小さな習慣が月2分野計画の修正を自動化します。令和8年度は13:00〜15:00・7分野50問、受験手数料9,400円、公式情報はマン管センター要項です。",25,学習計画;試験対策,マン管マスター編集部,資格学習サイトの編集チーム,公式情報確認担当,公開前に一次情報との照合を行う担当者,2026-06-05,公益財団法人マンション管理センター（公式）|https://www.mankan.org/,手書きリライト 2026-06-04。自動prose差し替え 2026-06-04（要手書き）。学習計画向けテンプレートから作成。公開前に本文・参照URL・関連リンクを差し替える。,本記事を読むと、忙しくても学習時間を確保し習慣化する方法が分かり、たとえば「1週サボった週の月曜再開手順」まで具体例付きで把握できます。,1週間の可処分時間を30分単位で記録;学習開始時刻を平日1つ・休日1つに固定;通知オフ60分を「学習ブロック」と呼ぶ;1週サボったら解き直し10問から再開;日曜11:00〜11:15週次レビューをカレンダー登録,試験要項・公式ページ更新時に本文と参照元を見直す。,2026-06-05,2026-06-29,2026-06-05,published,2026-06-05: 編集合格（手書きリライト・具体例）,月1行で重点2分野を先に決める,"数値・日程・合格基準は年度で更新されるため、学習前と申込前にはマンション管理士試験センター（公式）の最新案内を確認してください。演習で時間管理と習慣化に関する設問を解いたら。正解理由と誤答肢の違いを短くメモし、用語解説・比較表・よくある誤答タブで似た論点を比較表で整理すると定着しやすくなります。

演習10問を解き、解説で参照条文を公式テキストで開いて読み返してください。数値・日程・合格基準は年度で更新されるため、学習前と申込前には公益財団法人マンション管理センターの最新案内を確認してください。",通知オフ60分ブロックの固定,"数値・日程・合格基準は年度で更新されるため、学習前と申込前にはマンション管理士試験センター（公式）の最新案内を確認してください。演習で時間管理と習慣化に関する設問を解いたら。正解理由と誤答肢の違いを短くメモし、用語解説・比較表・よくある誤答タブで似た論点を比較表で整理すると定着しやすくなります。

演習10問を解き、解説で参照条文を公式テキストで開いて読み返してください。数値・日程・合格基準は年度で更新されるため、学習前と申込前には公益財団法人マンション管理センターの最新案内を確認してください。",1週サボった週の月曜再開,"数値・日程・合格基準は年度で更新されるため、学習前と申込前にはマンション管理士試験センター（公式）の最新案内を確認してください。演習で時間管理と習慣化に関する設問を解いたら。正解理由と誤答肢の違いを短くメモし、用語解説・比較表・よくある誤答タブで似た論点を比較表で整理すると定着しやすくなります。

演習10問を解き、解説で参照条文を公式テキストで開いて読み返してください。数値・日程・合格基準は年度で更新されるため、学習前と申込前には公益財団法人マンション管理センターの最新案内を確認してください。",日曜11:00〜11:15週次レビュー,"数値・日程・合格基準は年度で更新されるため、学習前と申込前にはマンション管理士試験センター（公式）の最新案内を確認してください。演習で時間管理と習慣化に関する設問を解いたら。正解理由と誤答肢の違いを短くメモし、用語解説・比較表・よくある誤答タブで似た論点を比較表で整理すると定着しやすくなります。

演習10問を解き、解説で参照条文を公式テキストで開いて読み返してください。数値・日程・合格基準は年度で更新されるため、学習前と申込前には公益財団法人マンション管理センターの最新案内を確認してください。",直前1か月の新規停止判断,"試験直前は新しい参考書を増やさず、時間管理と習慣化で何度も迷った分野と頻出用語に絞ります。3分野のうち得点率が低い領域を1つ選び、用語10語＋演習20問程度をセットで見直すのが目安です。

前日は暗記の詰め込みより、睡眠と当日の持ち物・会場確認を優先してください。数値（修繕積立金、管理費、総会決議、管理委託契約、登録など）は早見表タブで最終確認すると安心です。",,,,,どのくらいの期間で学習すべきですか？,「どのくらいの期間で学習すべきですか」はマンション管理士試験の公式テキスト該当章とマンション管理士試験センター（公式）で確認するのが確実です。時間管理と習慣化では、条文の要件（誰が・いつ・何を）を演習問題とセットで押さえてください。,公式情報はどこで確認しますか？,「公式情報はどこで確認しますか」はマンション管理士試験の公式テキスト該当章とマンション管理士試験センター（公式）で確認するのが確実です。時間管理と習慣化では、条文の要件（誰が・いつ・何を）を演習問題とセットで押さえてください。,study-plan:学習計画の立て方;first-30-days-plan:最初の30日の学習計画;exam-schedule:試験日程（令和8年度）;study-plan-1year:1年学習計画,時間管理は独学でも対策できますか？,読了後は、時間管理と習慣化の関連する演習を5問以上解き、間違えた選択肢を用語解説で確認してから関連ガイドへ進んでください。1週間後の解き直し日をカレンダーに入れると定着しやすくなります。数値・主体・手順はマンション管理士試験センターの最新案内と照合してください。,通知オフ60分;週次レビュー15分;サボり再開10問;時刻固定;25週逆算
self-study-start,独学対策,マンション管理士試験の独学の始め方（初日〜2週間）,マンション管理士試験の独学開始手順。Day0要項5項目・テキスト1冊＋問題集、14日で区分所有法＋演習70問を令和8年度11月29日試験向けに具体例付き解説。,"マンション管理士試験の独学は、要項確認と最小構成の教材から始めると続きやすいです。たとえば2026年6月4日（Day0）に要項5項目メモ→6月5日から区分所有法第1章、6月17日（Day14）まで演習70問・正答率記録——11月29日（日）試験まで残り約25週、この2週間が計画の土台になります。令和8年度は7分野50問、受験手数料9,400円、公式情報はマン管センター要項です。",26,独学;教材;学習計画,マン管マスター編集部,資格学習サイトの編集チーム,公式情報確認担当,公開前に一次情報との照合を行う担当者,2026-06-05,公益財団法人マンション管理センター（公式）|https://www.mankan.org/,手書きリライト 2026-06-04。自動prose差し替え 2026-06-04（要手書き）。独学対策向けテンプレートから作成。公開前に本文・参照URL・関連リンクを差し替える。,本記事を読むと、今日から独学を開始する具体ステップが分かり、たとえば「Day7時点で正答率50％未満」のとき14日目までどう調整するかまで把握できます。,"Day0：要項で試験日・資格・7分野・手数料9,400円をメモ;テキスト1冊＋問題集1冊を用意（参考書は後回し）;Day1〜7：区分所有法第1章＋演習5問/日;分からない用語5語/日を用語解説で確認;Day14：演習70問の正答率を記録し学習計画へ",試験要項・公式ページ更新時に本文と参照元を見直す。,2026-06-05,2026-06-29,2026-06-05,published,2026-06-05: 編集合格（手書きリライト・具体例）,Day0：要項5項目メモ,"独学を始める前に、マンション管理士試験センター（公式）で受験資格・試験日程・出題範囲（3分野）・合格基準をメモしてください。独学の始め方（初日〜2週間）の学習計画は、公式テキストの章立てと一致させると、過去問の分野ラベルとも対応づけやすくなります。

ブログやSNSの「最新情報」は、必ずマンション管理士試験センターのページと照合してから採用してください。申込期限や受験料は年度ごとに変わるため、カレンダーに締切を入れてから教材を開く習慣が有効です。",テキスト1冊＋問題集1冊に絞る,"数値・日程・合格基準は年度で更新されるため、学習前と申込前にはマンション管理士試験センター（公式）の最新案内を確認してください。演習で独学の始め方（初日〜2週間）に関する設問を解いたら。正解理由と誤答肢の違いを短くメモし、用語解説・比較表・よくある誤答タブで似た論点を比較表で整理すると定着しやすくなります。

演習10問を解き、解説で参照条文を公式テキストで開いて読み返してください。数値・日程・合格基準は年度で更新されるため、学習前と申込前には公益財団法人マンション管理センターの最新案内を確認してください。",Day1〜14：演習70問の進め方,"独学の始め方（初日〜2週間）の理解度は、関連する演習問題で確認するのが効率的です。1問解くごとに「根拠はテキストのどの章か」をメモすると、復習時に該当ページへすぐ戻れます。

同じ問題を時間を空けて解き直し、言い換え選択肢でも正解できるかまで確認してください。二回連続正解でも、条件を1語変えた肢で誤答する場合は、用語の定義がまだ曖昧なサインです。「Day1〜14：演習70問の進め方」では。独学の始め方（初日〜2週間）について公式テキストの該当章を開き、条文の主体・期限・数値を演習問題とセットで押さえて定着を確認します。数値・日程はマンション管理士試験センター（公式）の最新要項で必ず照合してください。",用語5語と演習5問の往復,"独学の始め方（初日〜2週間）の理解度は、関連する演習問題で確認するのが効率的です。1問解くごとに「根拠はテキストのどの章か」をメモすると、復習時に該当ページへすぐ戻れます。

同じ問題を時間を空けて解き直し、言い換え選択肢でも正解できるかまで確認してください。二回連続正解でも、条件を1語変えた肢で誤答する場合は、用語の定義がまだ曖昧なサインです。「用語5語と演習5問の往復」では。独学の始め方（初日〜2週間）について公式テキストの該当章を開き、条文の主体・期限・数値を演習問題とセットで押さえて定着を確認します。数値・日程はマンション管理士試験センター（公式）の最新要項で必ず照合してください。",Day14：正答率→学習計画へ接続,"数値・日程・合格基準は年度で更新されるため、学習前と申込前にはマンション管理士試験センター（公式）の最新案内を確認してください。演習で独学の始め方（初日〜2週間）に関する設問を解いたら。正解理由と誤答肢の違いを短くメモし、用語解説・比較表・よくある誤答タブで似た論点を比較表で整理すると定着しやすくなります。

演習10問を解き、解説で参照条文を公式テキストで開いて読み返してください。数値・日程・合格基準は年度で更新されるため、学習前と申込前には公益財団法人マンション管理センターの最新案内を確認してください。",,,,,独学では何から始めればよいですか？,「独学では何から始めればよいですか？」については、公式テキスト＋過去問演習＋用語解説の3点セットで進める。弱点は比較表で補強する。試験要項の条文番号をメモに書き出して確認する。弱点論点は比較表で補強する。本記事の公式数値表で確認する。手順1（本記事）：独学では何から始めればよいですか？を独立に確認。手順1（本記事）：独学では何から始めればよいですか？を独立に確認。手順1（本記事）：独学では何から始めればよいですか？を独立に確認。手順1（本記事）：独学では何から始めればよいですか？を独立に確認。,独学で過去問だけを解いても大丈夫ですか？,「独学で過去問だけを解いても大丈夫ですか？」については、公式テキスト＋過去問演習＋用語解説の3点セットで進める。弱点は比較表で補強する。過去問1問の正答理由をノートに記録して復習する。正答後は関連条文を開く。本記事関連の過去問1問で正答率を記録する。手順2（本記事）：独学で過去問だけを解いても大丈夫ですか？を独立に確認。手順2（本記事）：独学で過去問だけを解いても大丈夫ですか？を独立に確認。手順2（本記事）：独学で過去問だけを解いても大丈夫ですか？を独立に確認。手順2（本記事）：独学で過去問だけを解いても大丈夫ですか？を独立に確認。,study-plan:学習計画の立て方;past-question-strategy:過去問の使い方;exam-overview:試験概要;first-30-days-plan:最初の30日の学習計画,教材は何冊あれば足りますか？,「教材は何冊あれば足りますか？」の整理後はテキスト1冊＋問題集1冊を用意（参考書は後回し）。同テーマを1週間後に解き直して定着を確認する。混同しやすい近義語を比較表の左右に整理する。誤答肢は色分けして復習する。本記事の誤答肢を比較表に整理する。手順3（本記事）：教材は何冊あれば足りますか？を独立に確認。手順3（本記事）：教材は何冊あれば足りますか？を独立に確認。手順3（本記事）：教材は何冊あれば足りますか？を独立に確認。手順3（本記事）：教材は何冊あれば足りますか？を独立に確認。,Day0要項5項目;テキスト1冊から;14日70問;用語5語/日;正答率記録
self-study-schedule,独学対策,マンション管理士試験の独学スケジュール（社会人・週次）,マンション管理士試験の独学週次スケジュール。平日1.5時間・土4時間・日2時間＝週10時間、2週間1分野重点を令和8年度11月29日試験向けに具体例付き解説。,"マンション管理士試験を仕事と両立する独学は、週次スケジュールの型があると続きやすいです。たとえば6月4日開始なら11月29日（日）まで約25週、平日1.5時間×5＋土4時間＋日2時間＝週10時間——2週間実測でこの型が回るか確認してから7分野ローテに入ります。令和8年度は7分野50問、受験手数料9,400円、公式情報はマン管センター要項です。",26,独学;教材;学習計画,マン管マスター編集部,資格学習サイトの編集チーム,公式情報確認担当,公開前に一次情報との照合を行う担当者,2026-06-05,公益財団法人マンション管理センター（公式）|https://www.mankan.org/,手書きリライト 2026-06-04。自動prose差し替え 2026-06-04（要手書き）。独学対策向けテンプレートから作成。公開前に本文・参照URL・関連リンクを差し替える。,本記事を読むと、社会人向けの週10時間型と7分野ローテが分かり、たとえば「第3週だけ正答率42％」のとき翌2週間どう時間を振り替えるかまで把握できます。,要項で11月29日から総週数25週を逆算;2週間、実際の学習可能時間を記録;平日1.5時間・土4時間・日2時間の型を試す;2週間で1分野重点、正答率を記録;日曜2時間を解き直し専用に固定,試験要項・公式ページ更新時に本文と参照元を見直す。,2026-06-05,2026-06-29,2026-06-05,published,2026-06-05: 編集合格（手書きリライト・具体例）,11月29日から25週を逆算,"数値・日程・合格基準は年度で更新されるため、学習前と申込前にはマンション管理士試験センター（公式）の最新案内を確認してください。演習で独学スケジュール（社会人・週次）に関する設問を解いたら。正解理由と誤答肢の違いを短くメモし、用語解説・比較表・よくある誤答タブで似た論点を比較表で整理すると定着しやすくなります。

演習10問を解き、解説で参照条文を公式テキストで開いて読み返してください。数値・日程・合格基準は年度で更新されるため、学習前と申込前には公益財団法人マンション管理センターの最新案内を確認してください。",平日1.5時間＋土4時間＋日2時間,"数値・日程・合格基準は年度で更新されるため、学習前と申込前にはマンション管理士試験センター（公式）の最新案内を確認してください。演習で独学スケジュール（社会人・週次）に関する設問を解いたら。正解理由と誤答肢の違いを短くメモし、用語解説・比較表・よくある誤答タブで似た論点を比較表で整理すると定着しやすくなります。

演習10問を解き、解説で参照条文を公式テキストで開いて読み返してください。数値・日程・合格基準は年度で更新されるため、学習前と申込前には公益財団法人マンション管理センターの最新案内を確認してください。",2週間で1分野重点ローテ,"数値・日程・合格基準は年度で更新されるため、学習前と申込前にはマンション管理士試験センター（公式）の最新案内を確認してください。演習で独学スケジュール（社会人・週次）に関する設問を解いたら。正解理由と誤答肢の違いを短くメモし、用語解説・比較表・よくある誤答タブで似た論点を比較表で整理すると定着しやすくなります。

演習10問を解き、解説で参照条文を公式テキストで開いて読み返してください。数値・日程・合格基準は年度で更新されるため、学習前と申込前には公益財団法人マンション管理センターの最新案内を確認してください。",日曜9:00〜11:00解き直し固定,"解き直しは、当日・3日後・1週間後の間隔を空けると記憶の定着を確認しやすくなります。ブラウザの復習機能やブックマーク一覧を「独学スケジュール（社会人・週次）関連」でフィルタし、優先順位を付けてください。

2回連続で正解できても、解説を読まずに選んだ問題は三回目も解き直し対象にします。「なぜ正解か」を言語化できるまでが、本番レベルの理解です。「日曜9:00〜11:00解き直し固定」では。独学スケジュール（社会人・週次）について公式テキストの該当章を開き、条文の主体・期限・数値を演習問題とセットで押さえて定着を確認します。数値・日程はマンション管理士試験センター（公式）の最新要項で必ず照合してください。",直前1か月：弱点2分野70％,"試験直前は新しい参考書を増やさず、独学スケジュール（社会人・週次）で何度も迷った分野と頻出用語に絞ります。3分野のうち得点率が低い領域を1つ選び、用語10語＋演習20問程度をセットで見直すのが目安です。

前日は暗記の詰め込みより、睡眠と当日の持ち物・会場確認を優先してください。数値（修繕積立金、管理費、総会決議、管理委託契約、登録など）は早見表タブで最終確認すると安心です。",,,,,社会人は1日何時間勉強すればよいですか？,「社会人は1日何時間勉強すればよいですか」はマンション管理士試験の公式テキスト該当章とマンション管理士試験センター（公式）で確認するのが確実です。独学スケジュール（社会人・週次）では、条文の要件（誰が・いつ・何を）を演習問題とセットで押さえてください。,週の学習が崩れた週はどうすればよいですか？,「週の学習が崩れた週はどうすればよいですか」はマンション管理士試験の公式テキスト該当章とマンション管理士試験センター（公式）で確認するのが確実です。独学スケジュール（社会人・週次）では、条文の要件（誰が・いつ・何を）を演習問題とセットで押さえてください。,self-study-roadmap:独学ロードマップ;self-study-start:独学の始め方;study-plan:学習計画の立て方;exam-schedule:試験日程（令和8年度）,独学スケジュールと通信講座の違いは何ですか？,読了後は、独学スケジュール（社会人・週次）の関連する演習を5問以上解き、間違えた選択肢を用語解説で確認してから関連ガイドへ進んでください。1週間後の解き直し日をカレンダーに入れると定着しやすくなります。,週10時間型;2週1分野重点;日曜2時間固定;25週逆算;2週ごと修正
self-study-mistakes,独学対策,マンション管理士試験の独学のよくある失敗,マンション管理士試験の独学のよくある失敗。要項未確認・過去問先行・教材過多、6/4要項→6/5演習10問を令和8年度11月29日試験向けに具体例付き解説。,マンション管理士試験の独学では、要項確認前の教材購入や過去問先行が挫折の典型です。たとえば2026年6/4要項未読→問題集3冊購入——11月29日（日）13:00〜15:00まで約25週、6/4要項1行→6/5演習10問が定番順序です。,26,独学;教材;学習計画,マン管マスター編集部,資格学習サイトの編集チーム,公式情報確認担当,公開前に一次情報との照合を行う担当者,2026-06-05,公益財団法人マンション管理センター（公式）|https://www.mankan.org/,手書きリライト 2026-06-04。自動prose差し替え 2026-06-04（要手書き）。独学対策向けテンプレートから作成。公開前に本文・参照URL・関連リンクを差し替える。,本記事を読むと、独学の失敗パターンと回避法が分かり、たとえば「6/4要項→6/5区10問→分野別正答率1行」まで設計できます。,6/4までにマン管センター要項で試験日・申込期を確認;教材は1テキスト＋1問題集から開始（3冊同時購入禁止）;6/5から区10問→分野別正答率1行を記録開始;SNS体験記より自分の通し50問を正本に;48％分野は翌月70％配分へ即切替え,試験要項・公式ページ更新時に本文と参照元を見直す。,2026-06-05,2026-06-29,2026-06-05,published,2026-06-05: 編集合格（手書きリライト・具体例）,失敗1：要項未確認で教材3冊購入,"独学を始める前に、マンション管理士試験センター（公式）で受験資格・試験日程・出題範囲（3分野）・合格基準をメモしてください。独学のよくある失敗の学習計画は、公式テキストの章立てと一致させると、過去問の分野ラベルとも対応づけやすくなります。

ブログやSNSの「最新情報」は、必ずマンション管理士試験センターのページと照合してから採用してください。申込期限や受験料は年度ごとに変わるため、カレンダーに締切を入れてから教材を開く習慣が有効です。",失敗2：過去問先行・テキスト未読,"独学のよくある失敗の理解度は、関連する演習問題で確認するのが効率的です。1問解くごとに「根拠はテキストのどの章か」をメモすると、復習時に該当ページへすぐ戻れます。

同じ問題を時間を空けて解き直し、言い換え選択肢でも正解できるかまで確認してください。二回連続正解でも、条件を1語変えた肢で誤答する場合は、用語の定義がまだ曖昧なサインです。「失敗2：過去問先行・テキスト未読」では。独学のよくある失敗について公式テキストの該当章を開き、条文の主体・期限・数値を演習問題とセットで押さえて定着を確認します。数値・日程はマンション管理士試験センター（公式）の最新要項で必ず照合してください。",失敗3：SNS体験記で計画を組む,"数値・日程・合格基準は年度で更新されるため、学習前と申込前にはマンション管理士試験センター（公式）の最新案内を確認してください。演習で独学のよくある失敗に関する設問を解いたら。正解理由と誤答肢の違いを短くメモし、用語解説・比較表・よくある誤答タブで似た論点を比較表で整理すると定着しやすくなります。

演習10問を解き、解説で参照条文を公式テキストで開いて読み返してください。数値・日程・合格基準は年度で更新されるため、学習前と申込前には公益財団法人マンション管理センターの最新案内を確認してください。",失敗4：復習不足・新規40問/週,"解き直しは、当日・3日後・1週間後の間隔を空けると記憶の定着を確認しやすくなります。ブラウザの復習機能やブックマーク一覧を「独学のよくある失敗関連」でフィルタし、優先順位を付けてください。

2回連続で正解できても、解説を読まずに選んだ問題は三回目も解き直し対象にします。「なぜ正解か」を言語化できるまでが、本番レベルの理解です。「失敗4：復習不足・新規40問/週」では。独学のよくある失敗について公式テキストの該当章を開き、条文の主体・期限・数値を演習問題とセットで押さえて定着を確認します。数値・日程はマンション管理士試験センター（公式）の最新要項で必ず照合してください。",6/4→6/5：正しい独学スタート順,"数値・日程・合格基準は年度で更新されるため、学習前と申込前にはマンション管理士試験センター（公式）の最新案内を確認してください。演習で独学のよくある失敗に関する設問を解いたら。正解理由と誤答肢の違いを短くメモし、用語解説・比較表・よくある誤答タブで似た論点を比較表で整理すると定着しやすくなります。

演習10問を解き、解説で参照条文を公式テキストで開いて読み返してください。数値・日程・合格基準は年度で更新されるため、学習前と申込前には公益財団法人マンション管理センターの最新案内を確認してください。",,,,,独学で教材は何冊から始めればよいですか？,「独学で教材は何冊から始めればよいですか」はマンション管理士試験の公式テキスト該当章とマンション管理士試験センター（公式）で確認するのが確実です。独学のよくある失敗では、条文の要件（誰が・いつ・何を）を演習問題とセットで押さえてください。,過去問はいつから解き始めればよいですか？,「過去問はいつから解き始めればよいですか」はマンション管理士試験の公式テキスト該当章とマンション管理士試験センター（公式）で確認するのが確実です。独学のよくある失敗では、条文の要件（誰が・いつ・何を）を演習問題とセットで押さえてください。,self-study-environment:独学環境の整え方;first-30-days-plan:最初の30日の学習計画;study-plan:学習計画の立て方;common-misconceptions:よくある誤解,独学の失敗回避は通信講座なしでもできますか？,読了後は、独学のよくある失敗の関連する演習を5問以上解き、間違えた選択肢を用語解説で確認してから関連ガイドへ進んでください。1週間後の解き直し日をカレンダーに入れると定着しやすくなります。数値・主体・手順はマンション管理士試験センターの最新案内と照合してください。,要項先;教材1+1;6/5区10問;分野別正答率表;48％→70％
self-study-environment,独学対策,マンション管理士試験の独学環境の整え方,マンション管理士試験の独学環境の整え方。火曜21:00・90分固定、机1枚・通知OFF、6/5区10問を令和8年度11月29日試験向けに具体例付き解説。,マンション管理士試験の独学は、教材より机・時間帯・通知設定の固定が先です。たとえば2026年6/4机1枚整理→火曜21:00〜22:30——11月29日（日）13:00〜15:00まで約25週、90分×週3が現実的な下限です。,26,独学;教材;学習計画,マン管マスター編集部,資格学習サイトの編集チーム,公式情報確認担当,公開前に一次情報との照合を行う担当者,2026-06-05,公益財団法人マンション管理センター（公式）|https://www.mankan.org/,手書きリライト 2026-06-04。自動prose差し替え 2026-06-04（要手書き）。独学対策向けテンプレートから作成。公開前に本文・参照URL・関連リンクを差し替える。,本記事を読むと、独学環境の最小セットが分かり、たとえば「6/4机固定→6/5区10問→日曜15分振返」まで設計できます。,6/4までに机1枚・教材1+1・A4ノート1冊を固定配置;火・木・土の21:00〜22:30を演習90分にカレンダー登録;スマホ通知OFF・SNSタイマー22:30;日曜15分で分野別正答率1行の更新;11月は環境変更禁止・ミス30問90％,試験要項・公式ページ更新時に本文と参照元を見直す。,2026-06-05,2026-06-29,2026-06-05,published,2026-06-05: 編集合格（手書きリライト・具体例）,6/4：机1枚・教材1+1・ノート1冊,"数値・日程・合格基準は年度で更新されるため、学習前と申込前にはマンション管理士試験センター（公式）の最新案内を確認してください。演習で独学環境の整え方に関する設問を解いたら。正解理由と誤答肢の違いを短くメモし、用語解説・比較表・よくある誤答タブで似た論点を比較表で整理すると定着しやすくなります。

演習10問を解き、解説で参照条文を公式テキストで開いて読み返してください。数値・日程・合格基準は年度で更新されるため、学習前と申込前には公益財団法人マンション管理センターの最新案内を確認してください。",火21:00：90分×週3の固定枠,"数値・日程・合格基準は年度で更新されるため、学習前と申込前にはマンション管理士試験センター（公式）の最新案内を確認してください。演習で独学環境の整え方に関する設問を解いたら。正解理由と誤答肢の違いを短くメモし、用語解説・比較表・よくある誤答タブで似た論点を比較表で整理すると定着しやすくなります。

演習10問を解き、解説で参照条文を公式テキストで開いて読み返してください。数値・日程・合格基準は年度で更新されるため、学習前と申込前には公益財団法人マンション管理センターの最新案内を確認してください。",通知OFF：SNSタイマー22:30,"数値・日程・合格基準は年度で更新されるため、学習前と申込前にはマンション管理士試験センター（公式）の最新案内を確認してください。演習で独学環境の整え方に関する設問を解いたら。正解理由と誤答肢の違いを短くメモし、用語解説・比較表・よくある誤答タブで似た論点を比較表で整理すると定着しやすくなります。

演習10問を解き、解説で参照条文を公式テキストで開いて読み返してください。数値・日程・合格基準は年度で更新されるため、学習前と申込前には公益財団法人マンション管理センターの最新案内を確認してください。",48％分野：机の赤付箋→70％配分,"数値・日程・合格基準は年度で更新されるため、学習前と申込前にはマンション管理士試験センター（公式）の最新案内を確認してください。演習で独学環境の整え方に関する設問を解いたら。正解理由と誤答肢の違いを短くメモし、用語解説・比較表・よくある誤答タブで似た論点を比較表で整理すると定着しやすくなります。

演習10問を解き、解説で参照条文を公式テキストで開いて読み返してください。数値・日程・合格基準は年度で更新されるため、学習前と申込前には公益財団法人マンション管理センターの最新案内を確認してください。",11月：環境変更禁止・30問90％,"受験票・要項に記載された持ち物と解答時間を、マンション管理士試験センター（公式）で確認したうえで前日に準備します。

- 持参：HB程度の黒い鉛筆2本以上、消しゴム、受験票、要項で求められる身分証
- 予備：鉛筆芯の予備、ティッシュ（要項で認められる範囲）
- 禁止：スマートフォン、参考書、電卓、辞書、ノートなど（要項の禁止リストどおり）
- 時間配分：演習で記録した1問あたりの目安時間を維持し、最後に5〜10分の見直しを確保
- 長文問題：設問文の条件（主体・期間・人数など）を下線メモする程度に留める

「独学環境の整え方」の解答時間はマンション管理士試験センター（公式）の要項で必ず再確認し、本番前に同じ問題数・時間で模擬演習するとペース感が定着しやすくなります。",独学でつまずきやすいポイント,"数値・日程・合格基準は年度で更新されるため、学習前と申込前にはマンション管理士試験センター（公式）の最新案内を確認してください。演習で独学環境の整え方に関する設問を解いたら。正解理由と誤答肢の違いを短くメモし、用語解説・比較表・よくある誤答タブで似た論点を比較表で整理すると定着しやすくなります。

演習10問を解き、解説で参照条文を公式テキストで開いて読み返してください。数値・日程・合格基準は年度で更新されるため、学習前と申込前には公益財団法人マンション管理センターの最新案内を確認してください。",学習記録を残して再訪問につなげる,"数値・日程・合格基準は年度で更新されるため、学習前と申込前にはマンション管理士試験センター（公式）の最新案内を確認してください。演習で独学環境の整え方に関する設問を解いたら。正解理由と誤答肢の違いを短くメモし、用語解説・比較表・よくある誤答タブで似た論点を比較表で整理すると定着しやすくなります。

演習10問を解き、解説で参照条文を公式テキストで開いて読み返してください。数値・日程・合格基準は年度で更新されるため、学習前と申込前には公益財団法人マンション管理センターの最新案内を確認してください。",自宅に専用書斎がなくても独学できますか？,「自宅に専用書斎がなくても独学できますか」はマンション管理士試験の公式テキスト該当章とマンション管理士試験センター（公式）で確認するのが確実です。独学環境の整え方では、条文の要件（誰が・いつ・何を）を演習問題とセットで押さえてください。,平日は何時間確保すればよいですか？,「平日は何時間確保すればよいですか」はマンション管理士試験の公式テキスト該当章とマンション管理士試験センター（公式）で確認するのが確実です。独学環境の整え方では、条文の要件（誰が・いつ・何を）を演習問題とセットで押さえてください。,self-study-mistakes:独学のよくある失敗;first-30-days-plan:最初の30日の学習計画;study-plan:学習計画の立て方;note-taking-method:ノートの取り方,独学環境は通信講座なしでも整えられますか？,読了後は、独学環境の整え方の関連する演習を5問以上解き、間違えた選択肢を用語解説で確認してから関連ガイドへ進んでください。1週間後の解き直し日をカレンダーに入れると定着しやすくなります。数値・主体・手順はマンション管理士試験センターの最新案内と照合してください。,机1枚;火21:00;90分×3;通知OFF;日曜15分
self-study-motivation,独学対策,マンション管理士試験の独学モチベーション維持,マンション管理士試験の独学モチベーション維持。分野別正答率表・日曜15分振返、2回48％→解き直し60％を令和8年度11月29日試験向けに具体例付き解説。,マンション管理士試験の独学でモチベーションが下がるときは、気合より分野別正答率表と日曜15分振返が先です。,26,独学;教材;学習計画,マン管マスター編集部,資格学習サイトの編集チーム,公式情報確認担当,公開前に一次情報との照合を行う担当者,2026-06-05,公益財団法人マンション管理センター（公式）|https://www.mankan.org/,手書きリライト 2026-06-04。自動prose差し替え 2026-06-04（要手書き）。独学対策向けテンプレートから作成。公開前に本文・参照URL・関連リンクを差し替える。,本記事を読むと、モチベ低下時の立て直しが分かり、たとえば「6/15 48％→日曜15分→翌週管70％」まで設計できます。,7行正答率表を2週ごと1行更新（数値で進捗可視化）;日曜15分で今週のミス件数・48％分野を確認;2回連続48％で新規停止・解き直し60％へ;SNS体験記は22:30以降、演習90分中は見ない;11月は新規0・ミス30問90％,試験要項・公式ページ更新時に本文と参照元を見直す。,2026-06-05,2026-06-29,2026-06-05,published,2026-06-05: 編集合格（手書きリライト・具体例）,6/15：48％横ばい→分野別正答率1行の更新,"数値・日程・合格基準は年度で更新されるため、学習前と申込前にはマンション管理士試験センター（公式）の最新案内を確認してください。演習で独学モチベーション維持に関する設問を解いたら。正解理由と誤答肢の違いを短くメモし、用語解説・比較表・よくある誤答タブで似た論点を比較表で整理すると定着しやすくなります。

演習10問を解き、解説で参照条文を公式テキストで開いて読み返してください。数値・日程・合格基準は年度で更新されるため、学習前と申込前には公益財団法人マンション管理センターの最新案内を確認してください。",日曜15分：ミス件数・48％分野確認,"独学を始める前に、マンション管理士試験センター（公式）で受験資格・試験日程・出題範囲（3分野）・合格基準をメモしてください。独学モチベーション維持の学習計画は、公式テキストの章立てと一致させると、過去問の分野ラベルとも対応づけやすくなります。

ブログやSNSの「最新情報」は、必ずマンション管理士試験センターのページと照合してから採用してください。申込期限や受験料は年度ごとに変わるため、カレンダーに締切を入れてから教材を開く習慣が有効です。",2回48％：新規停止・解き直し60％,"解き直しは、当日・3日後・1週間後の間隔を空けると記憶の定着を確認しやすくなります。ブラウザの復習機能やブックマーク一覧を「独学モチベーション維持関連」でフィルタし、優先順位を付けてください。

2回連続で正解できても、解説を読まずに選んだ問題は三回目も解き直し対象にします。「なぜ正解か」を言語化できるまでが、本番レベルの理解です。「2回48％：新規停止・解き直し60％」では。独学モチベーション維持について公式テキストの該当章を開き、条文の主体・期限・数値を演習問題とセットで押さえて定着を確認します。数値・日程はマンション管理士試験センター（公式）の最新要項で必ず照合してください。",90分×3：火21:00固定で習慣化,"数値・日程・合格基準は年度で更新されるため、学習前と申込前にはマンション管理士試験センター（公式）の最新案内を確認してください。演習で独学モチベーション維持に関する設問を解いたら。正解理由と誤答肢の違いを短くメモし、用語解説・比較表・よくある誤答タブで似た論点を比較表で整理すると定着しやすくなります。

演習10問を解き、解説で参照条文を公式テキストで開いて読み返してください。数値・日程・合格基準は年度で更新されるため、学習前と申込前には公益財団法人マンション管理センターの最新案内を確認してください。",11月：モチベ維持・30問90％,"数値・日程・合格基準は年度で更新されるため、学習前と申込前にはマンション管理士試験センター（公式）の最新案内を確認してください。演習で独学モチベーション維持に関する設問を解いたら。正解理由と誤答肢の違いを短くメモし、用語解説・比較表・よくある誤答タブで似た論点を比較表で整理すると定着しやすくなります。

演習10問を解き、解説で参照条文を公式テキストで開いて読み返してください。数値・日程・合格基準は年度で更新されるため、学習前と申込前には公益財団法人マンション管理センターの最新案内を確認してください。",,,,,モチベが下がったら休むべきですか？,「モチベが下がったら休むべきですか」はマンション管理士試験の公式テキスト該当章とマンション管理士試験センター（公式）で確認するのが確実です。独学モチベーション維持では、条文の要件（誰が・いつ・何を）を演習問題とセットで押さえてください。,独学で孤独感が強いときは？,独学でも対策可能です。公式テキスト＋演習問題＋用語解説の3点セットで進め、弱点は比較表・よくある誤答タブで補強してください。数値・主体・手順はマンション管理士試験センターの最新案内と照合してください。,self-study-mistakes:独学のよくある失敗;plateau-breakthrough:伸び悩みの突破;self-study-environment:独学環境の整え方;study-plan:学習計画の立て方,モチベ維持は独学でもできますか？,読了後は、独学モチベーション維持の関連する演習を5問以上解き、間違えた選択肢を用語解説で確認してから関連ガイドへ進んでください。1週間後の解き直し日をカレンダーに入れると定着しやすくなります。数値・主体・手順はマンション管理士試験センターの最新案内と照合してください。,分野別正答率表;日曜15分;2回48％;解き直し60％;11月30問
self-study-without-school,独学対策,マンション管理士試験の資格学校なしの独学,マンション管理士試験の資格学校なし独学。6/4要項→6/5区10問→教材1+1、週8時間・分野別正答率表の作り方を令和8年度11月29日試験向けに具体例付き解説。,マンション管理士試験は資格学校なしでも独学可能です。たとえば2026年6/4要項1行→公式テキスト1冊——6/5区10問——11月29日（日）13:00〜15:00まで約25週、6/4要項→6/5演習が定番スタート順序です。,26,独学;教材;学習計画,マン管マスター編集部,資格学習サイトの編集チーム,公式情報確認担当,公開前に一次情報との照合を行う担当者,2026-06-05,公益財団法人マンション管理センター（公式）|https://www.mankan.org/,手書きリライト 2026-06-04。自動prose差し替え 2026-06-04（要手書き）。独学対策向けテンプレートから作成。公開前に本文・参照URL・関連リンクを差し替える。,本記事を読むと、学校なし独学の最小セットが分かり、たとえば「6/4要項→6/5区10問→分野別正答率1行」まで設計できます。,"6/4要項で試験日11/29・申込期・9,400円を確認;公式テキスト1冊＋演習1冊（通信講座は任意）;6/5区10問→分野別正答率1行を記録開始;火21:00・90分×週3をカレンダー固定;11月は新規0・ミス30問90％",試験要項・公式ページ更新時に本文と参照元を見直す。,2026-06-05,2026-06-29,2026-06-05,published,2026-06-05: 編集合格（手書きリライト・具体例）,6/4：要項1行→教材1+1,"独学を始める前に、マンション管理士試験センター（公式）で受験資格・試験日程・出題範囲（3分野）・合格基準をメモしてください。資格学校なしの独学の学習計画は、公式テキストの章立てと一致させると、過去問の分野ラベルとも対応づけやすくなります。

ブログやSNSの「最新情報」は、必ずマンション管理士試験センターのページと照合してから採用してください。申込期限や受験料は年度ごとに変わるため、カレンダーに締切を入れてから教材を開く習慣が有効です。",6/5：区10問→分野別正答率1行,"数値・日程・合格基準は年度で更新されるため、学習前と申込前にはマンション管理士試験センター（公式）の最新案内を確認してください。演習で資格学校なしの独学に関する設問を解いたら。正解理由と誤答肢の違いを短くメモし、用語解説・比較表・よくある誤答タブで似た論点を比較表で整理すると定着しやすくなります。

演習10問を解き、解説で参照条文を公式テキストで開いて読み返してください。数値・日程・合格基準は年度で更新されるため、学習前と申込前には公益財団法人マンション管理センターの最新案内を確認してください。",火21:00：90分×週3・通信講座なし,"数値・日程・合格基準は年度で更新されるため、学習前と申込前にはマンション管理士試験センター（公式）の最新案内を確認してください。演習で資格学校なしの独学に関する設問を解いたら。正解理由と誤答肢の違いを短くメモし、用語解説・比較表・よくある誤答タブで似た論点を比較表で整理すると定着しやすくなります。

演習10問を解き、解説で参照条文を公式テキストで開いて読み返してください。数値・日程・合格基準は年度で更新されるため、学習前と申込前には公益財団法人マンション管理センターの最新案内を確認してください。",48％分野：70％配分・解き直し20問,"解き直しは、当日・3日後・1週間後の間隔を空けると記憶の定着を確認しやすくなります。ブラウザの復習機能やブックマーク一覧を「資格学校なしの独学関連」でフィルタし、優先順位を付けてください。

2回連続で正解できても、解説を読まずに選んだ問題は三回目も解き直し対象にします。「なぜ正解か」を言語化できるまでが、本番レベルの理解です。「48％分野：70％配分・解き直し20問」では。資格学校なしの独学について公式テキストの該当章を開き、条文の主体・期限・数値を演習問題とセットで押さえて定着を確認します。数値・日程はマンション管理士試験センター（公式）の最新要項で必ず照合してください。",11月：学校なし・30問90％,"数値・日程・合格基準は年度で更新されるため、学習前と申込前にはマンション管理士試験センター（公式）の最新案内を確認してください。演習で資格学校なしの独学に関する設問を解いたら。正解理由と誤答肢の違いを短くメモし、用語解説・比較表・よくある誤答タブで似た論点を比較表で整理すると定着しやすくなります。

演習10問を解き、解説で参照条文を公式テキストで開いて読み返してください。数値・日程・合格基準は年度で更新されるため、学習前と申込前には公益財団法人マンション管理センターの最新案内を確認してください。",,,,,資格学校なしでも合格できますか？,「資格学校なしでも合格できますか」はマンション管理士試験の公式テキスト該当章とマンション管理士試験センター（公式）で確認するのが確実です。資格学校なしの独学では、条文の要件（誰が・いつ・何を）を演習問題とセットで押さえてください。,通信講座は必要ですか？,「通信講座は必要ですか」はマンション管理士試験の公式テキスト該当章とマンション管理士試験センター（公式）で確認するのが確実です。資格学校なしの独学では、条文の要件（誰が・いつ・何を）を演習問題とセットで押さえてください。,self-study-mistakes:独学のよくある失敗;textbook-selection:テキストの選び方;self-study-environment:独学環境の整え方;first-30-days-plan:最初の30日の学習計画,学校なし独学の最小セットは？,読了後は、資格学校なしの独学の関連する演習を5問以上解き、間違えた選択肢を用語解説で確認してから関連ガイドへ進んでください。1週間後の解き直し日をカレンダーに入れると定着しやすくなります。数値・主体・手順はマンション管理士試験センターの最新案内と照合してください。,要項先;教材1+1;6/5区10問;火21:00;11月30問
textbook-selection,独学対策,マンション管理士試験のテキストの選び方,マンション管理士試験のテキストの選び方。要項7分野・公式1冊＋6/5区10問後の章立て確認、W/単独区分の目次照合を令和8年度11月29日50問120分本番向けに具体例付き解説。,たとえば2026年6/4要項確認→公式テキスト1冊——11月29日（日）13:00〜15:00まで約25週、6/5区10問後に不足判断が正しい順序です。,26,独学;教材;学習計画,マン管マスター編集部,資格学習サイトの編集チーム,公式情報確認担当,公開前に一次情報との照合を行う担当者,2026-06-05,公益財団法人マンション管理センター（公式）|https://www.mankan.org/,手書きリライト 2026-06-04。自動prose差し替え 2026-06-04（要手書き）。独学対策向けテンプレートから作成。公開前に本文・参照URL・関連リンクを差し替える。,本記事を読むと、テキスト1冊の選び方が分かり、たとえば「6/4要項→公式1冊→6/5区10問→分野別正答率表」まで設計できます。,6/4要項で7分野50問120分を確認してから購入;公式テキスト1冊＋演習1冊（3冊同時購入禁止）;6/5区10問後に章立てと自分の弱点を照合;48％分野は翌月70％配分＋該当章再読;11月は新テキスト0・ミス30問90％,試験要項・公式ページ更新時に本文と参照元を見直す。,2026-06-05,2026-06-29,2026-06-05,published,2026-06-05: 編集合格（手書きリライト・具体例）,6/4：要項7分野→公式テキスト1冊,"独学を始める前に、マンション管理士試験センター（公式）で受験資格・試験日程・出題範囲（3分野）・合格基準をメモしてください。テキストの選び方の学習計画は、公式テキストの章立てと一致させると、過去問の分野ラベルとも対応づけやすくなります。

ブログやSNSの「最新情報」は、必ずマンション管理士試験センターのページと照合してから採用してください。申込期限や受験料は年度ごとに変わるため、カレンダーに締切を入れてから教材を開く習慣が有効です。",章立て：6月区・管を厚く1章/週,"数値・日程・合格基準は年度で更新されるため、学習前と申込前にはマンション管理士試験センター（公式）の最新案内を確認してください。演習でテキストの選び方に関する設問を解いたら。正解理由と誤答肢の違いを短くメモし、用語解説・比較表・よくある誤答タブで似た論点を比較表で整理すると定着しやすくなります。

演習10問を解き、解説で参照条文を公式テキストで開いて読み返してください。数値・日程・合格基準は年度で更新されるため、学習前と申込前には公益財団法人マンション管理センターの最新案内を確認してください。",6/5区10問：テキスト不足の判断,"数値・日程・合格基準は年度で更新されるため、学習前と申込前にはマンション管理士試験センター（公式）の最新案内を確認してください。演習でテキストの選び方に関する設問を解いたら。正解理由と誤答肢の違いを短くメモし、用語解説・比較表・よくある誤答タブで似た論点を比較表で整理すると定着しやすくなります。

演習10問を解き、解説で参照条文を公式テキストで開いて読み返してください。数値・日程・合格基準は年度で更新されるため、学習前と申込前には公益財団法人マンション管理センターの最新案内を確認してください。",版・年度：6/4要項と目次照合,"独学を始める前に、マンション管理士試験センター（公式）で受験資格・試験日程・出題範囲（3分野）・合格基準をメモしてください。テキストの選び方の学習計画は、公式テキストの章立てと一致させると、過去問の分野ラベルとも対応づけやすくなります。

ブログやSNSの「最新情報」は、必ずマンション管理士試験センターのページと照合してから採用してください。申込期限や受験料は年度ごとに変わるため、カレンダーに締切を入れてから教材を開く習慣が有効です。",11月：新テキスト0・30問90％,"数値・日程・合格基準は年度で更新されるため、学習前と申込前にはマンション管理士試験センター（公式）の最新案内を確認してください。演習でテキストの選び方に関する設問を解いたら。正解理由と誤答肢の違いを短くメモし、用語解説・比較表・よくある誤答タブで似た論点を比較表で整理すると定着しやすくなります。

演習10問を解き、解説で参照条文を公式テキストで開いて読み返してください。数値・日程・合格基準は年度で更新されるため、学習前と申込前には公益財団法人マンション管理センターの最新案内を確認してください。",,,,,テキストは何冊買えばよいですか？,「テキストは何冊買えばよいですか」はマンション管理士試験の公式テキスト該当章とマンション管理士試験センター（公式）で確認するのが確実です。テキストの選び方では、条文の要件（誰が・いつ・何を）を演習問題とセットで押さえてください。,市販テキストと公式テキストはどちらがよいですか？,「市販テキストと公式テキストはどちらがよいですか」はマンション管理士試験の公式テキスト該当章とマンション管理士試験センター（公式）で確認するのが確実です。テキストの選び方では、条文の要件（誰が・いつ・何を）を演習問題とセットで押さえてください。,problem-book-selection:問題集の選び方;exam-scope-overview:出題範囲;material-update-cycle:教材の版・年度更新;self-study-mistakes:独学のよくある失敗,テキスト選びは独学でもできますか？,読了後は、テキストの選び方の関連する演習を5問以上解き、間違えた選択肢を用語解説で確認してから関連ガイドへ進んでください。1週間後の解き直し日をカレンダーに入れると定着しやすくなります。数値・主体・手順はマンション管理士試験センターの最新案内と照合してください。,要項先;公式1冊;7分野;6/5区10問;48％→70％
problem-book-selection,独学対策,マンション管理士試験の問題集の選び方,マンション管理士試験の問題集の選び方。テキスト1冊後に演習1冊、6/5区10問で48％未満分野を特定する手順を令和8年度11月29日50問120分本番向けに具体例付き解説。,たとえば2026年6/5区10問→正答率40％——11月29日（日）13:00〜15:00まで約25週、過去問全20年一括は非推奨です。,26,独学;教材;学習計画,マン管マスター編集部,資格学習サイトの編集チーム,公式情報確認担当,公開前に一次情報との照合を行う担当者,2026-06-05,公益財団法人マンション管理センター（公式）|https://www.mankan.org/,手書きリライト 2026-06-04。自動prose差し替え 2026-06-04（要手書き）。独学対策向けテンプレートから作成。公開前に本文・参照URL・関連リンクを差し替える。,本記事を読むと、問題集1冊の選び方と使い方が分かり、たとえば「6/5区10問→分野別正答率表→6月40問/月」まで設計できます。,テキスト1章読了後に演習1冊を購入（3冊禁止）;6/5区10問→分野別正答率1行を記録開始;6月は区40問/月・他分野10問/週;48％分野は翌月70％配分＋解き直し20問;11月は新問題集0・ミス30問90％,試験要項・公式ページ更新時に本文と参照元を見直す。,2026-06-05,2026-06-29,2026-06-05,published,2026-06-05: 編集合格（手書きリライト・具体例）,6/5：テキスト1章後→演習1冊,"問題集の選び方の理解度は、関連する演習問題で確認するのが効率的です。1問解くごとに「根拠はテキストのどの章か」をメモすると、復習時に該当ページへすぐ戻れます。

同じ問題を時間を空けて解き直し、言い換え選択肢でも正解できるかまで確認してください。二回連続正解でも、条件を1語変えた肢で誤答する場合は、用語の定義がまだ曖昧なサインです。「6/5：テキスト1章後→演習1冊」では。問題集の選び方について公式テキストの該当章を開き、条文の主体・期限・数値を演習問題とセットで押さえて定着を確認します。数値・日程はマンション管理士試験センター（公式）の最新要項で必ず照合してください。",6月：区40問/月・他10問/週,"数値・日程・合格基準は年度で更新されるため、学習前と申込前にはマンション管理士試験センター（公式）の最新案内を確認してください。演習で問題集の選び方に関する設問を解いたら。正解理由と誤答肢の違いを短くメモし、用語解説・比較表・よくある誤答タブで似た論点を比較表で整理すると定着しやすくなります。

演習10問を解き、解説で参照条文を公式テキストで開いて読み返してください。数値・日程・合格基準は年度で更新されるため、学習前と申込前には公益財団法人マンション管理センターの最新案内を確認してください。",48％分野：演習追加より解き直し20問,"問題集の選び方の理解度は、関連する演習問題で確認するのが効率的です。1問解くごとに「根拠はテキストのどの章か」をメモすると、復習時に該当ページへすぐ戻れます。

同じ問題を時間を空けて解き直し、言い換え選択肢でも正解できるかまで確認してください。二回連続正解でも、条件を1語変えた肢で誤答する場合は、用語の定義がまだ曖昧なサインです。「48％分野：演習追加より解き直し20問」では。問題集の選び方について公式テキストの該当章を開き、条文の主体・期限・数値を演習問題とセットで押さえて定着を確認します。数値・日程はマンション管理士試験センター（公式）の最新要項で必ず照合してください。",過去問：初期から5問/週,"問題集の選び方の理解度は、関連する演習問題で確認するのが効率的です。1問解くごとに「根拠はテキストのどの章か」をメモすると、復習時に該当ページへすぐ戻れます。

同じ問題を時間を空けて解き直し、言い換え選択肢でも正解できるかまで確認してください。二回連続正解でも、条件を1語変えた肢で誤答する場合は、用語の定義がまだ曖昧なサインです。問題集の選び方について公式テキストの該当章を開き、条文の主体・期限・数値を演習問題とセットで押さえて定着を確認します。数値・日程はマンション管理士試験センター（公式）の最新要項で必ず照合してください。",11月：新問題集0・30問90％,"数値・日程・合格基準は年度で更新されるため、学習前と申込前にはマンション管理士試験センター（公式）の最新案内を確認してください。演習で問題集の選び方に関する設問を解いたら。正解理由と誤答肢の違いを短くメモし、用語解説・比較表・よくある誤答タブで似た論点を比較表で整理すると定着しやすくなります。

演習10問を解き、解説で参照条文を公式テキストで開いて読み返してください。数値・日程・合格基準は年度で更新されるため、学習前と申込前には公益財団法人マンション管理センターの最新案内を確認してください。",,,,,問題集は何冊買えばよいですか？,「問題集は何冊買えばよいですか」はマンション管理士試験の公式テキスト該当章とマンション管理士試験センター（公式）で確認するのが確実です。問題集の選び方では、条文の要件（誰が・いつ・何を）を演習問題とセットで押さえてください。,過去問と問題集、どちらを先に解くべきですか？,「過去問と問題集、どちらを先に解くべきですか」はマンション管理士試験の公式テキスト該当章とマンション管理士試験センター（公式）で確認するのが確実です。問題集の選び方では、条文の要件（誰が・いつ・何を）を演習問題とセットで押さえてください。,textbook-selection:テキストの選び方;past-question-strategy:過去問の使い方;past-questions-first-attempt:過去問の初回の解き方;self-study-mistakes:独学のよくある失敗,問題集選びは独学でもできますか？,読了後は、問題集の選び方の関連する演習を5問以上解き、間違えた選択肢を用語解説で確認してから関連ガイドへ進んでください。1週間後の解き直し日をカレンダーに入れると定着しやすくなります。数値・主体・手順はマンション管理士試験センターの最新案内と照合してください。,演習1冊;6/5区10問;40問/月;48％→70％;11月30問
correspondence-course-guide,独学対策,マンション管理士試験の通信講座の選び方,マンション管理士試験の通信講座の選び方。6/5区10問後に48％未満2分野を判断、教材1+1優先・週8時間との併用を令和8年度11月29日13:00〜15:00本番向けに具体例付き解説。,たとえば2026年6/5区10問40％→7月管48％——11月29日（日）13:00〜15:00まで約25週、講座追加より分野別正答率表での70％配分配分が先です。,26,独学;教材;学習計画,マン管マスター編集部,資格学習サイトの編集チーム,公式情報確認担当,公開前に一次情報との照合を行う担当者,2026-06-05,公益財団法人マンション管理センター（公式）|https://www.mankan.org/,手書きリライト 2026-06-04。自動prose差し替え 2026-06-04（要手書き）。独学対策向けテンプレートから作成。公開前に本文・参照URL・関連リンクを差し替える。,本記事を読むと、通信講座の要否判断が分かり、たとえば「6/5区10問→9/6通し50問→講座検討」まで設計できます。,6/5区10問→分野別正答率1行を先に（講座契約前）;9/6通し50問後に講座要否を判断;講座選びは7分野カバー・解き直し支援を確認;48％分野70％配分は講座より正答率記録を優先;11月は講座新規0・ミス30問90％,試験要項・公式ページ更新時に本文と参照元を見直す。,2026-06-05,2026-06-29,2026-06-05,published,2026-06-05: 編集合格（手書きリライト・具体例）,6/5先：区10問→講座契約は後,"数値・日程・合格基準は年度で更新されるため、学習前と申込前にはマンション管理士試験センター（公式）の最新案内を確認してください。演習で通信講座の選び方に関する設問を解いたら。正解理由と誤答肢の違いを短くメモし、用語解説・比較表・よくある誤答タブで似た論点を比較表で整理すると定着しやすくなります。

演習10問を解き、解説で参照条文を公式テキストで開いて読み返してください。数値・日程・合格基準は年度で更新されるため、学習前と申込前には公益財団法人マンション管理センターの最新案内を確認してください。",9/6通し50問：講座要否の判断基準,"数値・日程・合格基準は年度で更新されるため、学習前と申込前にはマンション管理士試験センター（公式）の最新案内を確認してください。演習で通信講座の選び方に関する設問を解いたら。正解理由と誤答肢の違いを短くメモし、用語解説・比較表・よくある誤答タブで似た論点を比較表で整理すると定着しやすくなります。

演習10問を解き、解説で参照条文を公式テキストで開いて読み返してください。数値・日程・合格基準は年度で更新されるため、学習前と申込前には公益財団法人マンション管理センターの最新案内を確認してください。",7分野カバー：目次照合3点,"数値・日程・合格基準は年度で更新されるため、学習前と申込前にはマンション管理士試験センター（公式）の最新案内を確認してください。演習で通信講座の選び方に関する設問を解いたら。正解理由と誤答肢の違いを短くメモし、用語解説・比較表・よくある誤答タブで似た論点を比較表で整理すると定着しやすくなります。

演習10問を解き、解説で参照条文を公式テキストで開いて読み返してください。数値・日程・合格基準は年度で更新されるため、学習前と申込前には公益財団法人マンション管理センターの最新案内を確認してください。",48％分野：講座より分野別正答率表での70％配分,"数値・日程・合格基準は年度で更新されるため、学習前と申込前にはマンション管理士試験センター（公式）の最新案内を確認してください。演習で通信講座の選び方に関する設問を解いたら。正解理由と誤答肢の違いを短くメモし、用語解説・比較表・よくある誤答タブで似た論点を比較表で整理すると定着しやすくなります。

表をノートに転記したら、演習10問で理解を確認し、誤答は公式テキスト該当章で読み直してください。数値・日程・合格基準は年度で更新されるため、学習前と申込前には公益財団法人マンション管理センターの最新案内を確認してください。",11月：講座新規0・30問90％,"数値・日程・合格基準は年度で更新されるため、学習前と申込前にはマンション管理士試験センター（公式）の最新案内を確認してください。演習で通信講座の選び方に関する設問を解いたら。正解理由と誤答肢の違いを短くメモし、用語解説・比較表・よくある誤答タブで似た論点を比較表で整理すると定着しやすくなります。

演習10問を解き、解説で参照条文を公式テキストで開いて読み返してください。数値・日程・合格基準は年度で更新されるため、学習前と申込前には公益財団法人マンション管理センターの最新案内を確認してください。",,,,,通信講座はいつ契約すればよいですか？,「通信講座はいつ契約すればよいですか」はマンション管理士試験の公式テキスト該当章とマンション管理士試験センター（公式）で確認するのが確実です。通信講座の選び方では、条文の要件（誰が・いつ・何を）を演習問題とセットで押さえてください。,講座と独学教材は併用できますか？,独学でも対策可能です。公式テキスト＋演習問題＋用語解説の3点セットで進め、弱点は比較表・よくある誤答タブで補強してください。数値・主体・手順はマンション管理士試験センターの最新案内と照合してください。,self-study-without-school:資格学校なしの独学;textbook-selection:テキストの選び方;self-study-mistakes:独学のよくある失敗;study-plan:学習計画の立て方,通信講座なしでも独学できますか？,読了後は、通信講座の選び方の関連する演習を5問以上解き、間違えた選択肢を用語解説で確認してから関連ガイドへ進んでください。1週間後の解き直し日をカレンダーに入れると定着しやすくなります。数値・主体・手順はマンション管理士試験センターの最新案内と照合してください。,6/5先;9/6判断;7分野;48％→70％;11月30問
free-materials-online,独学対策,マンション管理士試験の無料教材の活用,マンション管理士試験の無料教材の活用。要項正本・6/5区10問・分野別正答率表、SNS未検証を令和8年度11月29日試験向けに具体例付き解説。,マンション管理士試験の無料教材は、要項・公式情報を正本に、演習は6/5区10問から始めます。たとえば2026年6/4マン管センター要項→6/5区10問——11月29日（日）13:00〜15:00まで約25週、SNS無料PDFは未検証です。,26,独学;教材;学習計画,マン管マスター編集部,資格学習サイトの編集チーム,公式情報確認担当,公開前に一次情報との照合を行う担当者,2026-06-05,公益財団法人マンション管理センター（公式）|https://www.mankan.org/,手書きリライト 2026-06-04。自動prose差し替え 2026-06-04（要手書き）。独学対策向けテンプレートから作成。公開前に本文・参照URL・関連リンクを差し替える。,本記事を読むと、無料教材の使い分けが分かり、たとえば「6/4要項→6/5区10問→分野別正答率1行」まで設計できます。,6/4マン管センター要項（無料正本）を1行メモ;無料PDF・SNSまとめは6/5区10問後に補助利用;演習は公式テキスト1章後の区10問から;48％分野70％配分は有料・無料問わず正答率記録を優先;11月は新規0・ミス30問90％,試験要項・公式ページ更新時に本文と参照元を見直す。,2026-06-05,2026-06-29,2026-06-05,published,2026-06-05: 編集合格（手書きリライト・具体例）,6/4：要項（無料正本）1行メモ,"独学を始める前に、マンション管理士試験センター（公式）で受験資格・試験日程・出題範囲（3分野）・合格基準をメモしてください。無料教材の活用の学習計画は、公式テキストの章立てと一致させると、過去問の分野ラベルとも対応づけやすくなります。

ブログやSNSの「最新情報」は、必ずマンション管理士試験センターのページと照合してから採用してください。申込期限や受験料は年度ごとに変わるため、カレンダーに締切を入れてから教材を開く習慣が有効です。",6/5：無料PDFは補助・演習10問先,"無料教材の活用の理解度は、関連する演習問題で確認するのが効率的です。1問解くごとに「根拠はテキストのどの章か」をメモすると、復習時に該当ページへすぐ戻れます。

同じ問題を時間を空けて解き直し、言い換え選択肢でも正解できるかまで確認してください。二回連続正解でも、条件を1語変えた肢で誤答する場合は、用語の定義がまだ曖昧なサインです。「6/5：無料PDFは補助・演習10問先」では。無料教材の活用について公式テキストの該当章を開き、条文の主体・期限・数値を演習問題とセットで押さえて定着を確認します。数値・日程はマンション管理士試験センター（公式）の最新要項で必ず照合してください。",本サイト：演習・用語（用語解説）の使い方,"無料教材の活用の理解度は、関連する演習問題で確認するのが効率的です。1問解くごとに「根拠はテキストのどの章か」をメモすると、復習時に該当ページへすぐ戻れます。

同じ問題を時間を空けて解き直し、言い換え選択肢でも正解できるかまで確認してください。二回連続正解でも、条件を1語変えた肢で誤答する場合は、用語の定義がまだ曖昧なサインです。「本サイト：演習・用語（用語解説）の使い方」では。無料教材の活用について公式テキストの該当章を開き、条文の主体・期限・数値を演習問題とセットで押さえて定着を確認します。数値・日程はマンション管理士試験センター（公式）の最新要項で必ず照合してください。",48％分野：無料追加より70％配分,"数値・日程・合格基準は年度で更新されるため、学習前と申込前にはマンション管理士試験センター（公式）の最新案内を確認してください。演習で無料教材の活用に関する設問を解いたら。正解理由と誤答肢の違いを短くメモし、用語解説・比較表・よくある誤答タブで似た論点を比較表で整理すると定着しやすくなります。

演習10問を解き、解説で参照条文を公式テキストで開いて読み返してください。数値・日程・合格基準は年度で更新されるため、学習前と申込前には公益財団法人マンション管理センターの最新案内を確認してください。",11月：無料教材0・30問90％,"数値・日程・合格基準は年度で更新されるため、学習前と申込前にはマンション管理士試験センター（公式）の最新案内を確認してください。演習で無料教材の活用に関する設問を解いたら。正解理由と誤答肢の違いを短くメモし、用語解説・比較表・よくある誤答タブで似た論点を比較表で整理すると定着しやすくなります。

演習10問を解き、解説で参照条文を公式テキストで開いて読み返してください。数値・日程・合格基準は年度で更新されるため、学習前と申込前には公益財団法人マンション管理センターの最新案内を確認してください。",,,,,無料教材だけで合格できますか？,「無料教材だけで合格できますか」はマンション管理士試験の公式テキスト該当章とマンション管理士試験センター（公式）で確認するのが確実です。無料教材の活用では、条文の要件（誰が・いつ・何を）を演習問題とセットで押さえてください。,SNSの無料PDFは使ってよいですか？,「SNSの無料PDFは使ってよいですか」はマンション管理士試験の公式テキスト該当章とマンション管理士試験センター（公式）で確認するのが確実です。無料教材の活用では、条文の要件（誰が・いつ・何を）を演習問題とセットで押さえてください。,official-info-sources:公式情報の確認先;textbook-selection:テキストの選び方;self-study-without-school:資格学校なしの独学;common-misconceptions:よくある誤解,無料教材活用は独学でもできますか？,読了後は、無料教材の活用の関連する演習を5問以上解き、間違えた選択肢を用語解説で確認してから関連ガイドへ進んでください。1週間後の解き直し日をカレンダーに入れると定着しやすくなります。数値・主体・手順はマンション管理士試験センターの最新案内と照合してください。,要項正本;6/5区10問;SNS未検証;分野別正答率表;11月30問
textbook-vs-past-questions,独学対策,マンション管理士試験のテキストと過去問の優先順位,マンション管理士試験のテキストと過去問の優先順位。テキスト1章→6/5区10問→第2週過去問5問、令和8年度11月29日試験向けに具体例付き解説。,本記事を読むと、テキストと過去問の順序が分かり、たとえば「6/5区10問→第2週過去問5問→分野別正答率表」まで設計できます。,26,独学;教材;学習計画,マン管マスター編集部,資格学習サイトの編集チーム,公式情報確認担当,公開前に一次情報との照合を行う担当者,2026-06-05,公益財団法人マンション管理センター（公式）|https://www.mankan.org/,手書きリライト 2026-06-04。自動prose差し替え 2026-06-04（要手書き）。独学対策向けテンプレートから作成。公開前に本文・参照URL・関連リンクを差し替える。,本記事を読むと、テキストと過去問の順序が分かり、たとえば「6/5区10問→第2週過去問5問→分野別正答率表」まで設計できます。,6/5区10問まで過去問は解かない（テキスト1章先）;初期から過去問5問/週（分野別順）;48％分野は解き直し20問＋70％配分;9/6通し50問で過去問比率を再計測;11月は新規0・ミス30問90％,試験要項・公式ページ更新時に本文と参照元を見直す。,2026-06-05,2026-06-29,2026-06-05,published,2026-06-05: 編集合格（手書きリライト・具体例）,6/5：テキスト1章→区10問（過去問は後）,"テキストと過去問の優先順位の理解度は、関連する演習問題で確認するのが効率的です。1問解くごとに「根拠はテキストのどの章か」をメモすると、復習時に該当ページへすぐ戻れます。

同じ問題を時間を空けて解き直し、言い換え選択肢でも正解できるかまで確認してください。二回連続正解でも、条件を1語変えた肢で誤答する場合は、用語の定義がまだ曖昧なサインです。「6/5：テキスト1章→区10問（過去問は後）」では。テキストと過去問の優先順位について公式テキストの該当章を開き、条文の主体・期限・数値を演習問題とセットで押さえて定着を確認します。数値・日程はマンション管理士試験センター（公式）の最新要項で必ず照合してください。",初期：過去問5問/週（分野別）,"テキストと過去問の優先順位の理解度は、関連する演習問題で確認するのが効率的です。1問解くごとに「根拠はテキストのどの章か」をメモすると、復習時に該当ページへすぐ戻れます。

同じ問題を時間を空けて解き直し、言い換え選択肢でも正解できるかまで確認してください。二回連続正解でも、条件を1語変えた肢で誤答する場合は、用語の定義がまだ曖昧なサインです。テキストと過去問の優先順位について公式テキストの該当章を開き、条文の主体・期限・数値を演習問題とセットで押さえて定着を確認します。数値・日程はマンション管理士試験センター（公式）の最新要項で必ず照合してください。",48％分野：過去問追加より解き直し20問,"テキストと過去問の優先順位の理解度は、関連する演習問題で確認するのが効率的です。1問解くごとに「根拠はテキストのどの章か」をメモすると、復習時に該当ページへすぐ戻れます。

同じ問題を時間を空けて解き直し、言い換え選択肢でも正解できるかまで確認してください。二回連続正解でも、条件を1語変えた肢で誤答する場合は、用語の定義がまだ曖昧なサインです。「48％分野：過去問追加より解き直し20問」では。テキストと過去問の優先順位について公式テキストの該当章を開き、条文の主体・期限・数値を演習問題とセットで押さえて定着を確認します。数値・日程はマンション管理士試験センター（公式）の最新要項で必ず照合してください。",9/6通し50問：過去問比率の再計測,"テキストと過去問の優先順位の理解度は、関連する演習問題で確認するのが効率的です。1問解くごとに「根拠はテキストのどの章か」をメモすると、復習時に該当ページへすぐ戻れます。

同じ問題を時間を空けて解き直し、言い換え選択肢でも正解できるかまで確認してください。二回連続正解でも、条件を1語変えた肢で誤答する場合は、用語の定義がまだ曖昧なサインです。「9/6通し50問：過去問比率の再計測」では。テキストと過去問の優先順位について公式テキストの該当章を開き、条文の主体・期限・数値を演習問題とセットで押さえて定着を確認します。数値・日程はマンション管理士試験センター（公式）の最新要項で必ず照合してください。",11月：過去問0・30問90％,"テキストと過去問の優先順位の理解度は、関連する演習問題で確認するのが効率的です。1問解くごとに「根拠はテキストのどの章か」をメモすると、復習時に該当ページへすぐ戻れます。

同じ問題を時間を空けて解き直し、言い換え選択肢でも正解できるかまで確認してください。二回連続正解でも、条件を1語変えた肢で誤答する場合は、用語の定義がまだ曖昧なサインです。「11月：過去問0・30問90％」では。テキストと過去問の優先順位について公式テキストの該当章を開き、条文の主体・期限・数値を演習問題とセットで押さえて定着を確認します。数値・日程はマンション管理士試験センター（公式）の最新要項で必ず照合してください。",,,,,テキストと過去問、どちらを先にすべきですか？,「テキストと過去問、どちらを先にすべきですか」はマンション管理士試験の公式テキスト該当章とマンション管理士試験センター（公式）で確認するのが確実です。テキストと過去問の優先順位では、条文の要件（誰が・いつ・何を）を演習問題とセットで押さえてください。,過去問は何年分解けばよいですか？,「過去問は何年分解けばよいですか」はマンション管理士試験の公式テキスト該当章とマンション管理士試験センター（公式）で確認するのが確実です。テキストと過去問の優先順位では、条文の要件（誰が・いつ・何を）を演習問題とセットで押さえてください。,past-question-strategy:過去問の使い方;textbook-selection:テキストの選び方;past-questions-first-attempt:過去問の初回の解き方;problem-book-selection:問題集の選び方,テキストと過去問の優先順位は独学でも守れますか？,過去問・演習問題は出題傾向把握と弱点発見に有効です。解きっぱなしにせず、用語解説へ戻る解き直しをセットにします。数値・主体・手順はマンション管理士試験センターの最新案内と照合してください。 テキストと過去問の優先順位の論点は演習とマンション管理士試験センター（公式）の要項で確認してください。,テキスト先;6/5区10問;第2週5問;48％→70％;11月30問
material-update-cycle,独学対策,マンション管理士試験の教材の版・年度更新,マンション管理士試験の教材版・年度更新。6/4要項→目次7分野照合・改定章黄付箋、中古2026年度版確認手順を令和8年度11月29日試験向けに具体例付き解説。,マンション管理士試験の教材更新は、SNS情報より6/4要項令和8年度と目次7分野照合が先です。たとえば2026年6/4要項1行→改定章3箇所黄付箋——11月29日（日）13:00〜15:00まで約25週、新版一括買い替えは非推奨です。,26,独学;教材;学習計画,マン管マスター編集部,資格学習サイトの編集チーム,公式情報確認担当,公開前に一次情報との照合を行う担当者,2026-06-05,公益財団法人マンション管理センター（公式）|https://www.mankan.org/,手書きリライト 2026-06-04。自動prose差し替え 2026-06-04（要手書き）。独学対策向けテンプレートから作成。公開前に本文・参照URL・関連リンクを差し替える。,本記事を読むと、教材版・年度更新の確認手順が分かり、たとえば「6/4要項→目次照合→6/5区10問」まで設計できます。,6/4マン管センター要項で令和8年度試験日・範囲を確認;テキスト目次7分野と要項を照合、改定章に黄付箋;6/5区10問後に改定章を優先再読＋演習10問;出題範囲改定履歴記事と月1回チェック;11月は新教材0・ミス30問90％,試験要項・公式ページ更新時に本文と参照元を見直す。,2026-06-05,2026-06-29,2026-06-05,published,2026-06-05: 編集合格（手書きリライト・具体例）,6/4：要項令和8年度→目次7分野照合,"独学を始める前に、マンション管理士試験センター（公式）で受験資格・試験日程・出題範囲（3分野）・合格基準をメモしてください。教材の版・年度更新の学習計画は、公式テキストの章立てと一致させると、過去問の分野ラベルとも対応づけやすくなります。

ブログやSNSの「最新情報」は、必ずマンション管理士試験センターのページと照合してから採用してください。申込期限や受験料は年度ごとに変わるため、カレンダーに締切を入れてから教材を開く習慣が有効です。",改定章：黄付箋→初期優先再読,"数値・日程・合格基準は年度で更新されるため、学習前と申込前にはマンション管理士試験センター（公式）の最新案内を確認してください。演習で教材の版・年度更新に関する設問を解いたら。正解理由と誤答肢の違いを短くメモし、用語解説・比較表・よくある誤答タブで似た論点を比較表で整理すると定着しやすくなります。

演習10問を解き、解説で参照条文を公式テキストで開いて読み返してください。数値・日程・合格基準は年度で更新されるため、学習前と申込前には公益財団法人マンション管理センターの最新案内を確認してください。",6/5区10問：新版不要の判断基準,"数値・日程・合格基準は年度で更新されるため、学習前と申込前にはマンション管理士試験センター（公式）の最新案内を確認してください。演習で教材の版・年度更新に関する設問を解いたら。正解理由と誤答肢の違いを短くメモし、用語解説・比較表・よくある誤答タブで似た論点を比較表で整理すると定着しやすくなります。

演習10問を解き、解説で参照条文を公式テキストで開いて読み返してください。数値・日程・合格基準は年度で更新されるため、学習前と申込前には公益財団法人マンション管理センターの最新案内を確認してください。",月1回：6/4・7/4・8/4要項再確認,"独学を始める前に、マンション管理士試験センター（公式）で受験資格・試験日程・出題範囲（3分野）・合格基準をメモしてください。教材の版・年度更新の学習計画は、公式テキストの章立てと一致させると、過去問の分野ラベルとも対応づけやすくなります。

ブログやSNSの「最新情報」は、必ずマンション管理士試験センターのページと照合してから採用してください。申込期限や受験料は年度ごとに変わるため、カレンダーに締切を入れてから教材を開く習慣が有効です。",11月：教材買替0・30問90％,"数値・日程・合格基準は年度で更新されるため、学習前と申込前にはマンション管理士試験センター（公式）の最新案内を確認してください。演習で教材の版・年度更新に関する設問を解いたら。正解理由と誤答肢の違いを短くメモし、用語解説・比較表・よくある誤答タブで似た論点を比較表で整理すると定着しやすくなります。

演習10問を解き、解説で参照条文を公式テキストで開いて読み返してください。数値・日程・合格基準は年度で更新されるため、学習前と申込前には公益財団法人マンション管理センターの最新案内を確認してください。",,,,,毎年テキストを買い替える必要がありますか？,「毎年テキストを買い替える必要がありますか」はマンション管理士試験の公式テキスト該当章とマンション管理士試験センター（公式）で確認するのが確実です。教材の版・年度更新では、条文の要件（誰が・いつ・何を）を演習問題とセットで押さえてください。,旧版テキストは捨ててよいですか？,「旧版テキストは捨ててよいですか」はマンション管理士試験の公式テキスト該当章とマンション管理士試験センター（公式）で確認するのが確実です。教材の版・年度更新では、条文の要件（誰が・いつ・何を）を演習問題とセットで押さえてください。,textbook-selection:テキストの選び方;scope-revision-history:出題範囲の改定履歴;legal-revision-impact:法改正の試験への影響;official-info-update-habits:公式情報の更新確認習慣,教材更新確認は独学でもできますか？,読了後は、教材の版・年度更新の関連する演習を5問以上解き、間違えた選択肢を用語解説で確認してから関連ガイドへ進んでください。1週間後の解き直し日をカレンダーに入れると定着しやすくなります。数値・主体・手順はマンション管理士試験センターの最新案内と照合してください。,6/4要項;目次7分野;黄付箋;6/5区10問;月1確認
past-questions-by-year,過去問活用,マンション管理士試験の年度別過去問の解き方（7分野1周後）,マンション管理士試験の年度別過去問の解き方。9月通し50問120分・48％70％、7分野1周後を令和8年度11月29日試験向けに具体例付き解説。,マンション管理士試験の年度別過去問は、分野別1周後に回すと弱点が数値化しやすいです。たとえば2026年9月第1回通し50問120分→管12問5正解42％——11月29日（日）13:00〜15:00まで約25週、年度別は1年1セット、48％分野は70％配分です。,30,過去問;模試;復習,マン管マスター編集部,資格学習サイトの編集チーム,公式情報確認担当,公開前に一次情報との照合を行う担当者,2026-06-05,公益財団法人マンション管理センター（公式）|https://www.mankan.org/,手書きリライト 2026-06-04。自動prose差し替え 2026-06-04（要手書き）。過去問活用向けテンプレートから作成。公開前に本文・参照URL・関連リンクを差し替える。,本記事を読むと、年度別過去問の開始時期と回し方が分かり、たとえば「8月7分野完了→9月R7年度50問→10月弱点70％」まで設計できます。,7分野40問×1周完了後に年度別50問通し;年度別は1年1セット・120分計測;分野別正答率を通しと同じ表に記録;48％未満分野に翌月70％配分;11月は最新年度＋解き直し30問,試験要項・公式ページ更新時に本文と参照元を見直す。,2026-06-05,2026-06-29,2026-06-05,published,2026-06-05: 編集合格（手書きリライト・具体例）,8月完了：7分野40問×1周の確認,"独学を始める前に、マンション管理士試験センター（公式）で受験資格・試験日程・出題範囲（3分野）・合格基準をメモしてください。年度別過去問の解き方（7分野1周後）の学習計画は、公式テキストの章立てと一致させると、過去問の分野ラベルとも対応づけやすくなります。

ブログやSNSの「最新情報」は、必ずマンション管理士試験センターのページと照合してから採用してください。申込期限や受験料は年度ごとに変わるため、カレンダーに締切を入れてから教材を開く習慣が有効です。",9月：R7年度50問120分・13:00開始,"数値・日程・合格基準は年度で更新されるため、学習前と申込前にはマンション管理士試験センター（公式）の最新案内を確認してください。演習で年度別過去問の解き方（7分野1周後）に関する設問を解いたら。正解理由と誤答肢の違いを短くメモし、用語解説・比較表・よくある誤答タブで似た論点を比較表で整理すると定着しやすくなります。

演習10問を解き、解説で参照条文を公式テキストで開いて読み返してください。数値・日程・合格基準は年度で更新されるため、学習前と申込前には公益財団法人マンション管理センターの最新案内を確認してください。",10月：R6年度50問・弱点70％へ,"数値・日程・合格基準は年度で更新されるため、学習前と申込前にはマンション管理士試験センター（公式）の最新案内を確認してください。演習で年度別過去問の解き方（7分野1周後）に関する設問を解いたら。正解理由と誤答肢の違いを短くメモし、用語解説・比較表・よくある誤答タブで似た論点を比較表で整理すると定着しやすくなります。

演習10問を解き、解説で参照条文を公式テキストで開いて読み返してください。数値・日程・合格基準は年度で更新されるため、学習前と申込前には公益財団法人マンション管理センターの最新案内を確認してください。",誤答タグ：年度別も4分類必須,"数値・日程・合格基準は年度で更新されるため、学習前と申込前にはマンション管理士試験センター（公式）の最新案内を確認してください。演習で年度別過去問の解き方（7分野1周後）に関する設問を解いたら。正解理由と誤答肢の違いを短くメモし、用語解説・比較表・よくある誤答タブで似た論点を比較表で整理すると定着しやすくなります。

演習10問を解き、解説で参照条文を公式テキストで開いて読み返してください。数値・日程・合格基準は年度で更新されるため、学習前と申込前には公益財団法人マンション管理センターの最新案内を確認してください。",11月：最新年度＋通し50問×2,"数値・日程・合格基準は年度で更新されるため、学習前と申込前にはマンション管理士試験センター（公式）の最新案内を確認してください。演習で年度別過去問の解き方（7分野1周後）に関する設問を解いたら。正解理由と誤答肢の違いを短くメモし、用語解説・比較表・よくある誤答タブで似た論点を比較表で整理すると定着しやすくなります。

演習10問を解き、解説で参照条文を公式テキストで開いて読み返してください。数値・日程・合格基準は年度で更新されるため、学習前と申込前には公益財団法人マンション管理センターの最新案内を確認してください。",独学でつまずきやすいポイント,"数値・日程・合格基準は年度で更新されるため、学習前と申込前にはマンション管理士試験センター（公式）の最新案内を確認してください。演習で年度別過去問の解き方（7分野1周後）に関する設問を解いたら。正解理由と誤答肢の違いを短くメモし、用語解説・比較表・よくある誤答タブで似た論点を比較表で整理すると定着しやすくなります。

演習10問を解き、解説で参照条文を公式テキストで開いて読み返してください。数値・日程・合格基準は年度で更新されるため、学習前と申込前には公益財団法人マンション管理センターの最新案内を確認してください。",学習記録を残して再訪問につなげる,"数値・日程・合格基準は年度で更新されるため、学習前と申込前にはマンション管理士試験センター（公式）の最新案内を確認してください。演習で年度別過去問の解き方（7分野1周後）に関する設問を解いたら。正解理由と誤答肢の違いを短くメモし、用語解説・比較表・よくある誤答タブで似た論点を比較表で整理すると定着しやすくなります。

演習10問を解き、解説で参照条文を公式テキストで開いて読み返してください。数値・日程・合格基準は年度で更新されるため、学習前と申込前には公益財団法人マンション管理センターの最新案内を確認してください。",年度別過去問はいつから始めますか？,「年度別過去問はいつから始めますか」はマンション管理士試験の公式テキスト該当章とマンション管理士試験センター（公式）で確認するのが確実です。年度別過去問の解き方（7分野1周後）では、条文の要件（誰が・いつ・何を）を演習問題とセットで押さえてください。,何年分の年度別を解けばよいですか？,「何年分の年度別を解けばよいですか」はマンション管理士試験の公式テキスト該当章とマンション管理士試験センター（公式）で確認するのが確実です。年度別過去問の解き方（7分野1周後）では、条文の要件（誰が・いつ・何を）を演習問題とセットで押さえてください。,past-questions-by-field:分野別過去問;past-questions-latest-year:最新年度過去問;past-questions-score-analysis:過去問の点数分析;study-plan:学習計画の立て方,年度別過去問は独学でもできますか？,過去問・演習問題は出題傾向把握と弱点発見に有効です。解きっぱなしにせず、用語解説へ戻る解き直しをセットにします。数値・主体・手順はマンション管理士試験センターの最新案内と照合してください。 年度別過去問の解き方（7分野1周後）の論点は演習とマンション管理士試験センター（公式）の要項で確認してください。,7分野1周後;年度別50問;120分計測;48％→70％;1年1セット
past-questions-by-field,過去問活用,マンション管理士試験の分野別過去問の解き方（7分野）,マンション管理士試験の分野別過去問の解き方。月2分野40問・48％→70％、7分野1周後に年度別50問へ進む順序を令和8年度11月29日50問120分本番向けに具体例付き解説。,マンション管理士試験の分野別過去問は、テキスト該当章の直後に回すと弱点が早く見えます。たとえば2026年6月区分所有法40問・管理組合40問——正答率48％分野は翌月70％——11月29日（日）13:00〜15:00まで約25週、7分野1周後に通し50問120分です。,30,過去問;模試;復習,マン管マスター編集部,資格学習サイトの編集チーム,公式情報確認担当,公開前に一次情報との照合を行う担当者,2026-06-05,公益財団法人マンション管理センター（公式）|https://www.mankan.org/,手書きリライト 2026-06-04。自動prose差し替え 2026-06-04（要手書き）。過去問活用向けテンプレートから作成。公開前に本文・参照URL・関連リンクを差し替える。,本記事を読むと、7分野の回し方と記録が分かり、たとえば「6月区40・管40→7月管70％→8月通し50問」まで設計できます。,月2分野×40問を基本（テキスト章直後）;分野別正答率を2週ごと1行更新;48％未満は翌月70％配分;7分野1周後に通し50問120分月1回;11月弱点2分野70％固定,試験要項・公式ページ更新時に本文と参照元を見直す。,2026-06-05,2026-06-29,2026-06-05,published,2026-06-05: 編集合格（手書きリライト・具体例）,6月：区40問＋管40問の2分野,"数値・日程・合格基準は年度で更新されるため、学習前と申込前にはマンション管理士試験センター（公式）の最新案内を確認してください。演習で分野別過去問の解き方（7分野）に関する設問を解いたら。正解理由と誤答肢の違いを短くメモし、用語解説・比較表・よくある誤答タブで似た論点を比較表で整理すると定着しやすくなります。

演習10問を解き、解説で参照条文を公式テキストで開いて読み返してください。数値・日程・合格基準は年度で更新されるため、学習前と申込前には公益財団法人マンション管理センターの最新案内を確認してください。",一問一答：分野40問の翌週20問,"数値・日程・合格基準は年度で更新されるため、学習前と申込前にはマンション管理士試験センター（公式）の最新案内を確認してください。演習で分野別過去問の解き方（7分野）に関する設問を解いたら。正解理由と誤答肢の違いを短くメモし、用語解説・比較表・よくある誤答タブで似た論点を比較表で整理すると定着しやすくなります。

演習10問を解き、解説で参照条文を公式テキストで開いて読み返してください。数値・日程・合格基準は年度で更新されるため、学習前と申込前には公益財団法人マンション管理センターの最新案内を確認してください。",誤答タグ：分野ごとに4分類集計,"数値・日程・合格基準は年度で更新されるため、学習前と申込前にはマンション管理士試験センター（公式）の最新案内を確認してください。演習で分野別過去問の解き方（7分野）に関する設問を解いたら。正解理由と誤答肢の違いを短くメモし、用語解説・比較表・よくある誤答タブで似た論点を比較表で整理すると定着しやすくなります。

演習10問を解き、解説で参照条文を公式テキストで開いて読み返してください。数値・日程・合格基準は年度で更新されるため、学習前と申込前には公益財団法人マンション管理センターの最新案内を確認してください。",7分野1周後：9月通し50問120分,"数値・日程・合格基準は年度で更新されるため、学習前と申込前にはマンション管理士試験センター（公式）の最新案内を確認してください。演習で分野別過去問の解き方（7分野）に関する設問を解いたら。正解理由と誤答肢の違いを短くメモし、用語解説・比較表・よくある誤答タブで似た論点を比較表で整理すると定着しやすくなります。

演習10問を解き、解説で参照条文を公式テキストで開いて読み返してください。数値・日程・合格基準は年度で更新されるため、学習前と申込前には公益財団法人マンション管理センターの最新案内を確認してください。",11月：弱点2分野・ミス30問90％,"数値・日程・合格基準は年度で更新されるため、学習前と申込前にはマンション管理士試験センター（公式）の最新案内を確認してください。演習で分野別過去問の解き方（7分野）に関する設問を解いたら。正解理由と誤答肢の違いを短くメモし、用語解説・比較表・よくある誤答タブで似た論点を比較表で整理すると定着しやすくなります。

演習10問を解き、解説で参照条文を公式テキストで開いて読み返してください。数値・日程・合格基準は年度で更新されるため、学習前と申込前には公益財団法人マンション管理センターの最新案内を確認してください。",,,,,分野別と年度別、どちらを先に解きますか？,「分野別と年度別、どちらを先に解きますか」はマンション管理士試験の公式テキスト該当章とマンション管理士試験センター（公式）で確認するのが確実です。分野別過去問の解き方（7分野）では、条文の要件（誰が・いつ・何を）を演習問題とセットで押さえてください。,1分野40問は多すぎませんか？,「1分野40問は多すぎませんか」はマンション管理士試験の公式テキスト該当章とマンション管理士試験センター（公式）で確認するのが確実です。分野別過去問の解き方（7分野）では、条文の要件（誰が・いつ・何を）を演習問題とセットで押さえてください。,past-questions-first-attempt:過去問の初回の解き方;past-questions-by-year:年度別過去問;weight-by-topic:分野別配点と優先順位;study-plan:学習計画の立て方,分野別過去問は独学でもできますか？,過去問・演習問題は出題傾向把握と弱点発見に有効です。解きっぱなしにせず、用語解説へ戻る解き直しをセットにします。数値・主体・手順はマンション管理士試験センターの最新案内と照合してください。 分野別過去問の解き方（7分野）の論点は演習とマンション管理士試験センター（公式）の要項で確認してください。,月2分野40問;48％→70％;7分野1周;通し50問;2週1行
past-questions-review-cycle,過去問活用,マンション管理士試験の過去問解き直しサイクル,マンション管理士試験の過去問解き直しサイクル。当日・3日後・7日後の復習→14日・3連続正解、日曜15分を令和8年度11月29日試験向けに具体例付き解説。,マンション管理士試験の過去問は、新規問題を増やす前に間違いリスト処理が定着の要です。たとえば2026年6/5区10問誤答4問→6/8解き直し4問、3連続正解で除外——11月29日（日）13:00〜15:00まで約25週、当日・3日後・7日後の復習→14日の4点サイクルです。,30,過去問;模試;復習,マン管マスター編集部,資格学習サイトの編集チーム,公式情報確認担当,公開前に一次情報との照合を行う担当者,2026-06-05,公益財団法人マンション管理センター（公式）|https://www.mankan.org/,手書きリライト 2026-06-04。自動prose差し替え 2026-06-04（要手書き）。過去問活用向けテンプレートから作成。公開前に本文・参照URL・関連リンクを差し替える。,本記事を読むと、解き直し間隔と除外ルールが分かり、たとえば「6/5誤答4→6/8→6/12→6/19で90％」まで設計できます。,演習直後に誤答リストへ番号記録;3日後・7日後・14日後に解き直し;3連続正解でリストから除外;日曜15分でリスト件数を確認;11月は新規停止・ミス30問90％,試験要項・公式ページ更新時に本文と参照元を見直す。,2026-06-05,2026-06-29,2026-06-05,published,2026-06-05: 編集合格（手書きリライト・具体例）,6/5 Day0：誤答4問をリスト登録,"数値・日程・合格基準は年度で更新されるため、学習前と申込前にはマンション管理士試験センター（公式）の最新案内を確認してください。演習で過去問解き直しサイクルに関する設問を解いたら。正解理由と誤答肢の違いを短くメモし、用語解説・比較表・よくある誤答タブで似た論点を比較表で整理すると定着しやすくなります。

演習10問を解き、解説で参照条文を公式テキストで開いて読み返してください。数値・日程・合格基準は年度で更新されるため、学習前と申込前には公益財団法人マンション管理センターの最新案内を確認してください。",6/8 3日後：誤答のみ・時間なし,"数値・日程・合格基準は年度で更新されるため、学習前と申込前にはマンション管理士試験センター（公式）の最新案内を確認してください。演習で過去問解き直しサイクルに関する設問を解いたら。正解理由と誤答肢の違いを短くメモし、用語解説・比較表・よくある誤答タブで似た論点を比較表で整理すると定着しやすくなります。

演習10問を解き、解説で参照条文を公式テキストで開いて読み返してください。数値・日程・合格基準は年度で更新されるため、学習前と申込前には公益財団法人マンション管理センターの最新案内を確認してください。",6/12 Day7：再誤答1問を重点,"数値・日程・合格基準は年度で更新されるため、学習前と申込前にはマンション管理士試験センター（公式）の最新案内を確認してください。演習で過去問解き直しサイクルに関する設問を解いたら。正解理由と誤答肢の違いを短くメモし、用語解説・比較表・よくある誤答タブで似た論点を比較表で整理すると定着しやすくなります。

演習10問を解き、解説で参照条文を公式テキストで開いて読み返してください。数値・日程・合格基準は年度で更新されるため、学習前と申込前には公益財団法人マンション管理センターの最新案内を確認してください。",日曜15分：リスト件数の上限管理,"数値・日程・合格基準は年度で更新されるため、学習前と申込前にはマンション管理士試験センター（公式）の最新案内を確認してください。演習で過去問解き直しサイクルに関する設問を解いたら。正解理由と誤答肢の違いを短くメモし、用語解説・比較表・よくある誤答タブで似た論点を比較表で整理すると定着しやすくなります。

演習10問を解き、解説で参照条文を公式テキストで開いて読み返してください。数値・日程・合格基準は年度で更新されるため、学習前と申込前には公益財団法人マンション管理センターの最新案内を確認してください。",11月：新規停止・ミス30問90％,"数値・日程・合格基準は年度で更新されるため、学習前と申込前にはマンション管理士試験センター（公式）の最新案内を確認してください。演習で過去問解き直しサイクルに関する設問を解いたら。正解理由と誤答肢の違いを短くメモし、用語解説・比較表・よくある誤答タブで似た論点を比較表で整理すると定着しやすくなります。

演習10問を解き、解説で参照条文を公式テキストで開いて読み返してください。数値・日程・合格基準は年度で更新されるため、学習前と申込前には公益財団法人マンション管理センターの最新案内を確認してください。",,,,,解き直しは何日間隔がよいですか？,「解き直しは何日間隔がよいですか」はマンション管理士試験の公式テキスト該当章とマンション管理士試験センター（公式）で確認するのが確実です。過去問解き直しサイクルでは、条文の要件（誰が・いつ・何を）を演習問題とセットで押さえてください。,解き直し中も新規問題を解いてよいですか？,「解き直し中も新規問題を解いてよいですか」はマンション管理士試験の公式テキスト該当章とマンション管理士試験センター（公式）で確認するのが確実です。過去問解き直しサイクルでは、条文の要件（誰が・いつ・何を）を演習問題とセットで押さえてください。,past-questions-first-attempt:過去問の初回の解き方;past-questions-wrong-reasons:誤答原因の分析;mistake-notebook:ミスノートの作り方;review-cycle-spaced:復習サイクル,解き直しサイクルは独学でもできますか？,読了後は、過去問解き直しサイクルの関連する演習を5問以上解き、間違えた選択肢を用語解説で確認してから関連ガイドへ進んでください。1週間後の解き直し日をカレンダーに入れると定着しやすくなります。数値・主体・手順はマンション管理士試験センターの最新案内と照合してください。,当日・3日後・7日後の復習→14;3連続正解;日曜15分;リスト優先;11月ミス30
past-questions-score-analysis,過去問活用,マンション管理士試験の過去問の点数分析,マンション管理士試験の過去問点数分析。7分野正答率表・48％→70％、通し50問120分月1回の計測と配分修正を令和8年度11月29日13:00〜15:00本番向けに具体例付き解説。,マンション管理士試験の過去問・模試は、総得点だけでなく7分野正答率を同じ表に記録すると距離が見えます。たとえば2026年6月通し50問32/50＝64％、管12問5正解42％——11月29日（日）13:00〜15:00まで約25週、48％ラインで翌月70％配分です。,30,過去問;模試;復習,マン管マスター編集部,資格学習サイトの編集チーム,公式情報確認担当,公開前に一次情報との照合を行う担当者,2026-06-05,公益財団法人マンション管理センター（公式）|https://www.mankan.org/,手書きリライト 2026-06-04。自動prose差し替え 2026-06-04（要手書き）。過去問活用向けテンプレートから作成。公開前に本文・参照URL・関連リンクを差し替える。,本記事を読むと、点数表の作り方と配分更新が分かり、たとえば「6月通し→7月管70％→8月再計測」まで設計できます。,通し50問後に7分野問数・正答率を1表に;2週ごと正答率1行更新;48％未満分野に翌月70％配分;2回連続48％は解き直し60％へ;11月は総得点よりミス30問90％,試験要項・公式ページ更新時に本文と参照元を見直す。,2026-06-05,2026-06-29,2026-06-05,published,2026-06-05: 編集合格（手書きリライト・具体例）,6月通し：分野別正答率表に32/50を記録,"数値・日程・合格基準は年度で更新されるため、学習前と申込前にはマンション管理士試験センター（公式）の最新案内を確認してください。演習で過去問の点数分析に関する設問を解いたら。正解理由と誤答肢の違いを短くメモし、用語解説・比較表・よくある誤答タブで似た論点を比較表で整理すると定着しやすくなります。

表をノートに転記したら、演習10問で理解を確認し、誤答は公式テキスト該当章で読み直してください。数値・日程・合格基準は年度で更新されるため、学習前と申込前には公益財団法人マンション管理センターの最新案内を確認してください。",模試・一問一答：表の行を増やさない,"数値・日程・合格基準は年度で更新されるため、学習前と申込前にはマンション管理士試験センター（公式）の最新案内を確認してください。演習で過去問の点数分析に関する設問を解いたら。正解理由と誤答肢の違いを短くメモし、用語解説・比較表・よくある誤答タブで似た論点を比較表で整理すると定着しやすくなります。

表をノートに転記したら、演習10問で理解を確認し、誤答は公式テキスト該当章で読み直してください。数値・日程・合格基準は年度で更新されるため、学習前と申込前には公益財団法人マンション管理センターの最新案内を確認してください。",管42％：7月70％・40問/月,"数値・日程・合格基準は年度で更新されるため、学習前と申込前にはマンション管理士試験センター（公式）の最新案内を確認してください。演習で過去問の点数分析に関する設問を解いたら。正解理由と誤答肢の違いを短くメモし、用語解説・比較表・よくある誤答タブで似た論点を比較表で整理すると定着しやすくなります。

演習10問を解き、解説で参照条文を公式テキストで開いて読み返してください。数値・日程・合格基準は年度で更新されるため、学習前と申込前には公益財団法人マンション管理センターの最新案内を確認してください。",2週ごと：正答率1行・配分微調整,"数値・日程・合格基準は年度で更新されるため、学習前と申込前にはマンション管理士試験センター（公式）の最新案内を確認してください。演習で過去問の点数分析に関する設問を解いたら。正解理由と誤答肢の違いを短くメモし、用語解説・比較表・よくある誤答タブで似た論点を比較表で整理すると定着しやすくなります。

演習10問を解き、解説で参照条文を公式テキストで開いて読み返してください。数値・日程・合格基準は年度で更新されるため、学習前と申込前には公益財団法人マンション管理センターの最新案内を確認してください。",11月：総得点よりミス30問90％,"数値・日程・合格基準は年度で更新されるため、学習前と申込前にはマンション管理士試験センター（公式）の最新案内を確認してください。演習で過去問の点数分析に関する設問を解いたら。正解理由と誤答肢の違いを短くメモし、用語解説・比較表・よくある誤答タブで似た論点を比較表で整理すると定着しやすくなります。

演習10問を解き、解説で参照条文を公式テキストで開いて読み返してください。数値・日程・合格基準は年度で更新されるため、学習前と申込前には公益財団法人マンション管理センターの最新案内を確認してください。",独学でつまずきやすいポイント,"数値・日程・合格基準は年度で更新されるため、学習前と申込前にはマンション管理士試験センター（公式）の最新案内を確認してください。演習で過去問の点数分析に関する設問を解いたら。正解理由と誤答肢の違いを短くメモし、用語解説・比較表・よくある誤答タブで似た論点を比較表で整理すると定着しやすくなります。

演習10問を解き、解説で参照条文を公式テキストで開いて読み返してください。数値・日程・合格基準は年度で更新されるため、学習前と申込前には公益財団法人マンション管理センターの最新案内を確認してください。",学習記録を残して再訪問につなげる,"数値・日程・合格基準は年度で更新されるため、学習前と申込前にはマンション管理士試験センター（公式）の最新案内を確認してください。演習で過去問の点数分析に関する設問を解いたら。正解理由と誤答肢の違いを短くメモし、用語解説・比較表・よくある誤答タブで似た論点を比較表で整理すると定着しやすくなります。

演習10問を解き、解説で参照条文を公式テキストで開いて読み返してください。数値・日程・合格基準は年度で更新されるため、学習前と申込前には公益財団法人マンション管理センターの最新案内を確認してください。",点数分析は何問から始めますか？,「点数分析は何問から始めますか」はマンション管理士試験の公式テキスト該当章とマンション管理士試験センター（公式）で確認するのが確実です。過去問の点数分析では、条文の要件（誰が・いつ・何を）を演習問題とセットで押さえてください。,合格基準との差はどう見ますか？,「合格基準との差はどう見ますか」はマンション管理士試験の公式テキスト該当章とマンション管理士試験センター（公式）で確認するのが確実です。過去問の点数分析では、条文の要件（誰が・いつ・何を）を演習問題とセットで押さえてください。,past-questions-by-field:分野別過去問;score-gap-analysis:得点ギャップ分析;pass-rate-how-to-read:合格率・統計の読み方;study-plan:学習計画の立て方,点数分析は独学でもできますか？,読了後は、過去問の点数分析の関連する演習を5問以上解き、間違えた選択肢を用語解説で確認してから関連ガイドへ進んでください。1週間後の解き直し日をカレンダーに入れると定着しやすくなります。数値・主体・手順はマンション管理士試験センターの最新案内と照合してください。,7分野1表;48％→70％;2週1行;通し50問;解き直し60％
bookmark-review-method,過去問活用,マンション管理士試験のブックマークを使った復習,マンション管理士試験のブックマーク復習。20件上限・3日後解き直し、惜しい問題と完全不正解の別管理を令和8年度11月29日50問120分本番向けに具体例付き解説。,マンション管理士試験の独学では、当サイトのブックマークが弱点問題の再挑戦リストになります。,30,過去問;模試;復習,マン管マスター編集部,資格学習サイトの編集チーム,公式情報確認担当,公開前に一次情報との照合を行う担当者,2026-06-05,公益財団法人マンション管理センター（公式）|https://www.mankan.org/,手書きリライト 2026-06-04。自動prose差し替え 2026-06-04（要手書き）。過去問活用向けテンプレートから作成。公開前に本文・参照URL・関連リンクを差し替える。,本記事を読むと、ブックマークの増やし方と解き直しが分かり、たとえば「6/5 4件→6/8→11月30件90％」まで設計できます。,誤答・惜しい問題のみブックマーク（理由1行）;20件超なら新規10問停止2週;当日・3日後・7日後の復習→14日でブックマーク解き直し;3連続正解でブックマーク解除;11月は新規追加停止・30件90％,試験要項・公式ページ更新時に本文と参照元を見直す。,2026-06-05,2026-06-29,2026-06-05,published,2026-06-05: 編集合格（手書きリライト・具体例）,6/5：誤答4件のみブックマーク,"数値・日程・合格基準は年度で更新されるため、学習前と申込前にはマンション管理士試験センター（公式）の最新案内を確認してください。演習でブックマークを使った復習に関する設問を解いたら。正解理由と誤答肢の違いを短くメモし、用語解説・比較表・よくある誤答タブで似た論点を比較表で整理すると定着しやすくなります。

演習10問を解き、解説で参照条文を公式テキストで開いて読み返してください。数値・日程・合格基準は年度で更新されるため、学習前と申込前には公益財団法人マンション管理センターの最新案内を確認してください。",6/8 3日後：ブックマーク4件通し,"数値・日程・合格基準は年度で更新されるため、学習前と申込前にはマンション管理士試験センター（公式）の最新案内を確認してください。演習でブックマークを使った復習に関する設問を解いたら。正解理由と誤答肢の違いを短くメモし、用語解説・比較表・よくある誤答タブで似た論点を比較表で整理すると定着しやすくなります。

演習10問を解き、解説で参照条文を公式テキストで開いて読み返してください。数値・日程・合格基準は年度で更新されるため、学習前と申込前には公益財団法人マンション管理センターの最新案内を確認してください。",20件上限：超えたら新規10問停止,"数値・日程・合格基準は年度で更新されるため、学習前と申込前にはマンション管理士試験センター（公式）の最新案内を確認してください。演習でブックマークを使った復習に関する設問を解いたら。正解理由と誤答肢の違いを短くメモし、用語解説・比較表・よくある誤答タブで似た論点を比較表で整理すると定着しやすくなります。

演習10問を解き、解説で参照条文を公式テキストで開いて読み返してください。数値・日程・合格基準は年度で更新されるため、学習前と申込前には公益財団法人マンション管理センターの最新案内を確認してください。",惜しい問題：別タグ・同サイクル,"数値・日程・合格基準は年度で更新されるため、学習前と申込前にはマンション管理士試験センター（公式）の最新案内を確認してください。演習でブックマークを使った復習に関する設問を解いたら。正解理由と誤答肢の違いを短くメモし、用語解説・比較表・よくある誤答タブで似た論点を比較表で整理すると定着しやすくなります。

演習10問を解き、解説で参照条文を公式テキストで開いて読み返してください。数値・日程・合格基準は年度で更新されるため、学習前と申込前には公益財団法人マンション管理センターの最新案内を確認してください。",11月：追加0・30件90％・解除のみ,"数値・日程・合格基準は年度で更新されるため、学習前と申込前にはマンション管理士試験センター（公式）の最新案内を確認してください。演習でブックマークを使った復習に関する設問を解いたら。正解理由と誤答肢の違いを短くメモし、用語解説・比較表・よくある誤答タブで似た論点を比較表で整理すると定着しやすくなります。

演習10問を解き、解説で参照条文を公式テキストで開いて読み返してください。数値・日程・合格基準は年度で更新されるため、学習前と申込前には公益財団法人マンション管理センターの最新案内を確認してください。",,,,,ブックマークは何件まで増やしてよいですか？,「ブックマークは何件まで増やしてよいですか」はマンション管理士試験の公式テキスト該当章とマンション管理士試験センター（公式）で確認するのが確実です。ブックマークを使った復習では、条文の要件（誰が・いつ・何を）を演習問題とセットで押さえてください。,正解した問題もブックマークしますか？,「正解した問題もブックマークしますか」はマンション管理士試験の公式テキスト該当章とマンション管理士試験センター（公式）で確認するのが確実です。ブックマークを使った復習では、条文の要件（誰が・いつ・何を）を演習問題とセットで押さえてください。,almost-correct-review:惜しい問題の見直し;past-questions-review-cycle:解き直しサイクル;mistake-notebook:間違いノートの作り方;ichimon-practice:一問一答の活用法,ブックマーク復習は独学でもできますか？,読了後は、ブックマークを使った復習の関連する演習を5問以上解き、間違えた選択肢を用語解説で確認してから関連ガイドへ進んでください。1週間後の解き直し日をカレンダーに入れると定着しやすくなります。数値・主体・手順はマンション管理士試験センターの最新案内と照合してください。,20件上限;3日後の解き直し;3連続解除;惜しい別管理;11月30件
past-questions-first-attempt,過去問活用,マンション管理士試験の過去問の初回の解き方（10問・記録）,マンション管理士試験の過去問初回の解き方。10問・時間なし・誤答4分類、48％未満分野記録から7分野1周へ進む順序を令和8年度11月29日試験向けに具体例付き解説。,マンション管理士試験の初回過去問の目的は得点ではなく現在地の把握です。たとえば2026年6月5日に区分所有法10問、時間計測なし・正答6/10＝60％——11月29日（日）13:00〜15:00まで約25週、誤答は4分類タグを必ず付けます。,30,過去問;模試;復習,マン管マスター編集部,資格学習サイトの編集チーム,公式情報確認担当,公開前に一次情報との照合を行う担当者,2026-06-05,公益財団法人マンション管理センター（公式）|https://www.mankan.org/,手書きリライト 2026-06-04。自動prose差し替え 2026-06-04（要手書き）。過去問活用向けテンプレートから作成。公開前に本文・参照URL・関連リンクを差し替える。,本記事を読むと、初回10問の解き方と記録が分かり、たとえば「6/5区10問→48％なら7月70％」まで同日設計できます。,初回は10問・時間計測なし・1分野のみ;正答率を7分野表に1行記録;誤答4分類（知識・読み違い・計算・消去）;48％未満は翌月70％配分;解き直しは3日後・7日後,試験要項・公式ページ更新時に本文と参照元を見直す。,2026-06-05,2026-06-29,2026-06-05,published,2026-06-05: 編集合格（手書きリライト・具体例）,6/5：区10問・時間なし・6/10,"数値・日程・合格基準は年度で更新されるため、学習前と申込前にはマンション管理士試験センター（公式）の最新案内を確認してください。演習で過去問の初回の解き方（10問・記録）に関する設問を解いたら。正解理由と誤答肢の違いを短くメモし、用語解説・比較表・よくある誤答タブで似た論点を比較表で整理すると定着しやすくなります。

演習10問を解き、解説で参照条文を公式テキストで開いて読み返してください。数値・日程・合格基準は年度で更新されるため、学習前と申込前には公益財団法人マンション管理センターの最新案内を確認してください。",一問一答20問：初回10問の翌週,"数値・日程・合格基準は年度で更新されるため、学習前と申込前にはマンション管理士試験センター（公式）の最新案内を確認してください。演習で過去問の初回の解き方（10問・記録）に関する設問を解いたら。正解理由と誤答肢の違いを短くメモし、用語解説・比較表・よくある誤答タブで似た論点を比較表で整理すると定着しやすくなります。

演習10問を解き、解説で参照条文を公式テキストで開いて読み返してください。数値・日程・合格基準は年度で更新されるため、学習前と申込前には公益財団法人マンション管理センターの最新案内を確認してください。",誤答4分類：日曜15分タグ付け,"数値・日程・合格基準は年度で更新されるため、学習前と申込前にはマンション管理士試験センター（公式）の最新案内を確認してください。演習で過去問の初回の解き方（10問・記録）に関する設問を解いたら。正解理由と誤答肢の違いを短くメモし、用語解説・比較表・よくある誤答タブで似た論点を比較表で整理すると定着しやすくなります。

演習10問を解き、解説で参照条文を公式テキストで開いて読み返してください。数値・日程・合格基準は年度で更新されるため、学習前と申込前には公益財団法人マンション管理センターの最新案内を確認してください。",3日後：誤答4問だけ解き直し,"解き直しは、当日・3日後・1週間後の間隔を空けると記憶の定着を確認しやすくなります。ブラウザの復習機能やブックマーク一覧を「過去問の初回の解き方（10問・記録）関連」でフィルタし、優先順位を付けてください。

2回連続で正解できても、解説を読まずに選んだ問題は三回目も解き直し対象にします。「なぜ正解か」を言語化できるまでが、本番レベルの理解です。「3日後：誤答4問だけ解き直し」では。過去問の初回の解き方（10問・記録）について公式テキストの該当章を開き、条文の主体・期限・数値を演習問題とセットで押さえて定着を確認します。数値・日程はマンション管理士試験センター（公式）の最新要項で必ず照合してください。",48％分野：7月70％・40問/月,"数値・日程・合格基準は年度で更新されるため、学習前と申込前にはマンション管理士試験センター（公式）の最新案内を確認してください。演習で過去問の初回の解き方（10問・記録）に関する設問を解いたら。正解理由と誤答肢の違いを短くメモし、用語解説・比較表・よくある誤答タブで似た論点を比較表で整理すると定着しやすくなります。

演習10問を解き、解説で参照条文を公式テキストで開いて読み返してください。数値・日程・合格基準は年度で更新されるため、学習前と申込前には公益財団法人マンション管理センターの最新案内を確認してください。",独学でつまずきやすいポイント,"数値・日程・合格基準は年度で更新されるため、学習前と申込前にはマンション管理士試験センター（公式）の最新案内を確認してください。演習で過去問の初回の解き方（10問・記録）に関する設問を解いたら。正解理由と誤答肢の違いを短くメモし、用語解説・比較表・よくある誤答タブで似た論点を比較表で整理すると定着しやすくなります。

演習10問を解き、解説で参照条文を公式テキストで開いて読み返してください。数値・日程・合格基準は年度で更新されるため、学習前と申込前には公益財団法人マンション管理センターの最新案内を確認してください。",学習記録を残して再訪問につなげる,"数値・日程・合格基準は年度で更新されるため、学習前と申込前にはマンション管理士試験センター（公式）の最新案内を確認してください。演習で過去問の初回の解き方（10問・記録）に関する設問を解いたら。正解理由と誤答肢の違いを短くメモし、用語解説・比較表・よくある誤答タブで似た論点を比較表で整理すると定着しやすくなります。

演習10問を解き、解説で参照条文を公式テキストで開いて読み返してください。数値・日程・合格基準は年度で更新されるため、学習前と申込前には公益財団法人マンション管理センターの最新案内を確認してください。",初回過去問は何問から始めますか？,「初回過去問は何問から始めますか」はマンション管理士試験の公式テキスト該当章とマンション管理士試験センター（公式）で確認するのが確実です。過去問の初回の解き方（10問・記録）では、条文の要件（誰が・いつ・何を）を演習問題とセットで押さえてください。,初回から解説を読んでもよいですか？,「初回から解説を読んでもよいですか」はマンション管理士試験の公式テキスト該当章とマンション管理士試験センター（公式）で確認するのが確実です。過去問の初回の解き方（10問・記録）では、条文の要件（誰が・いつ・何を）を演習問題とセットで押さえてください。,past-questions-by-field:分野別過去問;past-questions-wrong-reasons:誤答原因の分析;past-questions-review-cycle:解き直しサイクル;study-plan:学習計画の立て方,初回過去問は独学でもできますか？,過去問・演習問題は出題傾向把握と弱点発見に有効です。解きっぱなしにせず、用語解説へ戻る解き直しをセットにします。数値・主体・手順はマンション管理士試験センターの最新案内と照合してください。 過去問の初回の解き方（10問・記録）の論点は演習とマンション管理士試験センター（公式）の要項で確認してください。,初回10問;時間なし;4分類タグ;48％記録;3日解き直し
past-questions-wrong-reasons,過去問活用,マンション管理士試験の過去問の誤答原因の分析,マンション管理士試験の過去問誤答原因分析。知識・読み違い・計算・消去の4分類タグ、日曜15分集計と48％→70％配分を令和8年度11月29日試験向けに具体例付き解説。,マンション管理士試験の過去問は、解説後に誤答理由タグがないと同ミスが繰り返されます。,30,過去問;模試;復習,マン管マスター編集部,資格学習サイトの編集チーム,公式情報確認担当,公開前に一次情報との照合を行う担当者,2026-06-05,公益財団法人マンション管理センター（公式）|https://www.mankan.org/,手書きリライト 2026-06-04。自動prose差し替え 2026-06-04（要手書き）。過去問活用向けテンプレートから作成。公開前に本文・参照URL・関連リンクを差し替える。,本記事を読むと、誤答4分類と対策マップが分かり、たとえば「知識2→該当章10p→一問10」まで同日設計できます。,誤答4分類（知識・読み違い・計算・消去）;Day0に自分の理由1行→解説→タグ;知識タグ多い分野はテキスト章優先;日曜15分で分野別4分類集計;48％分野は70％配分へ接続,試験要項・公式ページ更新時に本文と参照元を見直す。,2026-06-05,2026-06-29,2026-06-05,published,2026-06-05: 編集合格（手書きリライト・具体例）,6/5：解説前に理由1行→4分類,"数値・日程・合格基準は年度で更新されるため、学習前と申込前にはマンション管理士試験センター（公式）の最新案内を確認してください。演習で過去問の誤答原因の分析に関する設問を解いたら。正解理由と誤答肢の違いを短くメモし、用語解説・比較表・よくある誤答タブで似た論点を比較表で整理すると定着しやすくなります。

演習10問を解き、解説で参照条文を公式テキストで開いて読み返してください。数値・日程・合格基準は年度で更新されるため、学習前と申込前には公益財団法人マンション管理センターの最新案内を確認してください。",一問一答20問：タグ多い分野を特定,"数値・日程・合格基準は年度で更新されるため、学習前と申込前にはマンション管理士試験センター（公式）の最新案内を確認してください。演習で過去問の誤答原因の分析に関する設問を解いたら。正解理由と誤答肢の違いを短くメモし、用語解説・比較表・よくある誤答タブで似た論点を比較表で整理すると定着しやすくなります。

演習10問を解き、解説で参照条文を公式テキストで開いて読み返してください。数値・日程・合格基準は年度で更新されるため、学習前と申込前には公益財団法人マンション管理センターの最新案内を確認してください。",4分類対策：管知識12→章10p＋一問10,"数値・日程・合格基準は年度で更新されるため、学習前と申込前にはマンション管理士試験センター（公式）の最新案内を確認してください。演習で過去問の誤答原因の分析に関する設問を解いたら。正解理由と誤答肢の違いを短くメモし、用語解説・比較表・よくある誤答タブで似た論点を比較表で整理すると定着しやすくなります。

演習10問を解き、解説で参照条文を公式テキストで開いて読み返してください。数値・日程・合格基準は年度で更新されるため、学習前と申込前には公益財団法人マンション管理センターの最新案内を確認してください。",3日後：タグ別解き直し優先順,"解き直しは、当日・3日後・1週間後の間隔を空けると記憶の定着を確認しやすくなります。ブラウザの復習機能やブックマーク一覧を「過去問の誤答原因の分析関連」でフィルタし、優先順位を付けてください。

2回連続で正解できても、解説を読まずに選んだ問題は三回目も解き直し対象にします。「なぜ正解か」を言語化できるまでが、本番レベルの理解です。「3日後：タグ別解き直し優先順」では。過去問の誤答原因の分析について公式テキストの該当章を開き、条文の主体・期限・数値を演習問題とセットで押さえて定着を確認します。数値・日程はマンション管理士試験センター（公式）の最新要項で必ず照合してください。",11月：知識タグ残30問を90％,"数値・日程・合格基準は年度で更新されるため、学習前と申込前にはマンション管理士試験センター（公式）の最新案内を確認してください。演習で過去問の誤答原因の分析に関する設問を解いたら。正解理由と誤答肢の違いを短くメモし、用語解説・比較表・よくある誤答タブで似た論点を比較表で整理すると定着しやすくなります。

演習10問を解き、解説で参照条文を公式テキストで開いて読み返してください。数値・日程・合格基準は年度で更新されるため、学習前と申込前には公益財団法人マンション管理センターの最新案内を確認してください。",独学でつまずきやすいポイント,"数値・日程・合格基準は年度で更新されるため、学習前と申込前にはマンション管理士試験センター（公式）の最新案内を確認してください。演習で過去問の誤答原因の分析に関する設問を解いたら。正解理由と誤答肢の違いを短くメモし、用語解説・比較表・よくある誤答タブで似た論点を比較表で整理すると定着しやすくなります。

演習10問を解き、解説で参照条文を公式テキストで開いて読み返してください。数値・日程・合格基準は年度で更新されるため、学習前と申込前には公益財団法人マンション管理センターの最新案内を確認してください。",学習記録を残して再訪問につなげる,"数値・日程・合格基準は年度で更新されるため、学習前と申込前にはマンション管理士試験センター（公式）の最新案内を確認してください。演習で過去問の誤答原因の分析に関する設問を解いたら。正解理由と誤答肢の違いを短くメモし、用語解説・比較表・よくある誤答タブで似た論点を比較表で整理すると定着しやすくなります。

演習10問を解き、解説で参照条文を公式テキストで開いて読み返してください。数値・日程・合格基準は年度で更新されるため、学習前と申込前には公益財団法人マンション管理センターの最新案内を確認してください。",誤答原因は何分類がよいですか？,「誤答原因は何分類がよいですか」はマンション管理士試験の公式テキスト該当章とマンション管理士試験センター（公式）で確認するのが確実です。過去問の誤答原因の分析では、条文の要件（誰が・いつ・何を）を演習問題とセットで押さえてください。,解説どおりの理由でもタグは付けますか？,「解説どおりの理由でもタグは付けますか」はマンション管理士試験の公式テキスト該当章とマンション管理士試験センター（公式）で確認するのが確実です。過去問の誤答原因の分析では、条文の要件（誰が・いつ・何を）を演習問題とセットで押さえてください。,past-questions-first-attempt:過去問の初回の解き方;past-questions-review-cycle:解き直しサイクル;mistake-notebook:ミスノートの作り方;almost-correct-review:惜しい問題の見直し,誤答分析は独学でもできますか？,読了後は、過去問の誤答原因の分析の関連する演習を5問以上解き、間違えた選択肢を用語解説で確認してから関連ガイドへ進んでください。1週間後の解き直し日をカレンダーに入れると定着しやすくなります。数値・主体・手順はマンション管理士試験センターの最新案内と照合してください。,4分類タグ;Day0 1行;日曜15分;知識→該当章;48％→70％
past-questions-latest-year,過去問活用,マンション管理士試験の最新年度過去問の活用法,マンション管理士試験の最新年度過去問活用法。10月10問→11月通し50問×2、48％70％を令和8年度11月29日試験向けに具体例付き解説。,マンション管理士試験の最新年度過去問は、分野別1周後の傾向確認と直前復習の要です。たとえば2026年10月最新年度10問→11月通し50問120分×2——11月29日（日）13:00〜15:00まで約25週、初回から最新50問一気解きは非推奨です。,30,過去問;模試;復習,マン管マスター編集部,資格学習サイトの編集チーム,公式情報確認担当,公開前に一次情報との照合を行う担当者,2026-06-05,公益財団法人マンション管理センター（公式）|https://www.mankan.org/,手書きリライト 2026-06-04。自動prose差し替え 2026-06-04（要手書き）。過去問活用向けテンプレートから作成。公開前に本文・参照URL・関連リンクを差し替える。,本記事を読むと、最新年度の開始時期と使い方が分かり、たとえば「10/4最新10問→11/8通し50問→11/22最終通し」まで設計できます。,7分野1周＋年度別2年後に最新年度;初回は10問・時間なしで傾向確認;11月は最新年度通し50問×2;48％分野は70％＋解き直し60％;11/15以降新規年度停止,試験要項・公式ページ更新時に本文と参照元を見直す。,2026-06-05,2026-06-29,2026-06-05,published,2026-06-05: 編集合格（手書きリライト・具体例）,10/4：最新10問・時間なし・傾向確認,"独学を始める前に、マンション管理士試験センター（公式）で受験資格・試験日程・出題範囲（3分野）・合格基準をメモしてください。最新年度過去問の活用法の学習計画は、公式テキストの章立てと一致させると、過去問の分野ラベルとも対応づけやすくなります。

ブログやSNSの「最新情報」は、必ずマンション管理士試験センターのページと照合してから採用してください。申込期限や受験料は年度ごとに変わるため、カレンダーに締切を入れてから教材を開く習慣が有効です。",一問一答：最新10問の翌週20問,"数値・日程・合格基準は年度で更新されるため、学習前と申込前にはマンション管理士試験センター（公式）の最新案内を確認してください。演習で最新年度過去問の活用法に関する設問を解いたら。正解理由と誤答肢の違いを短くメモし、用語解説・比較表・よくある誤答タブで似た論点を比較表で整理すると定着しやすくなります。

演習10問を解き、解説で参照条文を公式テキストで開いて読み返してください。数値・日程・合格基準は年度で更新されるため、学習前と申込前には公益財団法人マンション管理センターの最新案内を確認してください。",誤答4分類：最新論点のタグ付け,"数値・日程・合格基準は年度で更新されるため、学習前と申込前にはマンション管理士試験センター（公式）の最新案内を確認してください。演習で最新年度過去問の活用法に関する設問を解いたら。正解理由と誤答肢の違いを短くメモし、用語解説・比較表・よくある誤答タブで似た論点を比較表で整理すると定着しやすくなります。

演習10問を解き、解説で参照条文を公式テキストで開いて読み返してください。数値・日程・合格基準は年度で更新されるため、学習前と申込前には公益財団法人マンション管理センターの最新案内を確認してください。",11/8・11/22：通し50問120分×2,"数値・日程・合格基準は年度で更新されるため、学習前と申込前にはマンション管理士試験センター（公式）の最新案内を確認してください。演習で最新年度過去問の活用法に関する設問を解いたら。正解理由と誤答肢の違いを短くメモし、用語解説・比較表・よくある誤答タブで似た論点を比較表で整理すると定着しやすくなります。

演習10問を解き、解説で参照条文を公式テキストで開いて読み返してください。数値・日程・合格基準は年度で更新されるため、学習前と申込前には公益財団法人マンション管理センターの最新案内を確認してください。",11/28：最新年度ミス30問・配分1行,"数値・日程・合格基準は年度で更新されるため、学習前と申込前にはマンション管理士試験センター（公式）の最新案内を確認してください。演習で最新年度過去問の活用法に関する設問を解いたら。正解理由と誤答肢の違いを短くメモし、用語解説・比較表・よくある誤答タブで似た論点を比較表で整理すると定着しやすくなります。

演習10問を解き、解説で参照条文を公式テキストで開いて読み返してください。数値・日程・合格基準は年度で更新されるため、学習前と申込前には公益財団法人マンション管理センターの最新案内を確認してください。",独学でつまずきやすいポイント,"数値・日程・合格基準は年度で更新されるため、学習前と申込前にはマンション管理士試験センター（公式）の最新案内を確認してください。演習で最新年度過去問の活用法に関する設問を解いたら。正解理由と誤答肢の違いを短くメモし、用語解説・比較表・よくある誤答タブで似た論点を比較表で整理すると定着しやすくなります。

演習10問を解き、解説で参照条文を公式テキストで開いて読み返してください。数値・日程・合格基準は年度で更新されるため、学習前と申込前には公益財団法人マンション管理センターの最新案内を確認してください。",学習記録を残して再訪問につなげる,"数値・日程・合格基準は年度で更新されるため、学習前と申込前にはマンション管理士試験センター（公式）の最新案内を確認してください。演習で最新年度過去問の活用法に関する設問を解いたら。正解理由と誤答肢の違いを短くメモし、用語解説・比較表・よくある誤答タブで似た論点を比較表で整理すると定着しやすくなります。

演習10問を解き、解説で参照条文を公式テキストで開いて読み返してください。数値・日程・合格基準は年度で更新されるため、学習前と申込前には公益財団法人マンション管理センターの最新案内を確認してください。",最新年度過去問はいつから解きますか？,「最新年度過去問はいつから解きますか」はマンション管理士試験の公式テキスト該当章とマンション管理士試験センター（公式）で確認するのが確実です。最新年度過去問の活用法では、条文の要件（誰が・いつ・何を）を演習問題とセットで押さえてください。,最新年度だけ重点的に解いてよいですか？,「最新年度だけ重点的に解いてよいですか」はマンション管理士試験の公式テキスト該当章とマンション管理士試験センター（公式）で確認するのが確実です。最新年度過去問の活用法では、条文の要件（誰が・いつ・何を）を演習問題とセットで押さえてください。,past-questions-by-year:年度別過去問;past-questions-by-field:分野別過去問;new-topics-trend:近年の出題トレンド;final-mock-last-run:直前模試,最新年度過去問は独学でもできますか？,過去問・演習問題は出題傾向把握と弱点発見に有効です。解きっぱなしにせず、用語解説へ戻る解き直しをセットにします。数値・主体・手順はマンション管理士試験センターの最新案内と照合してください。 最新年度過去問の活用法の論点は演習とマンション管理士試験センター（公式）の要項で確認してください。,10月10問;11月通し×2;7分野1周後;48％→70％;11/15停止
mock-exam-how-to,過去問活用,マンション管理士試験の模試の活用法（本番形式）,マンション管理士試験の模試活用法。6月・9月・11月通し50問120分、48％未満分野70％への振替を令和8年度11月29日50問本番向けに具体例付き解説。,マンション管理士試験の模試は、点数確認だけでなく計画修正のデータです。たとえば2026年6月・9月・11月に通し50問120分×3回——11月29日（日）13:00〜15:00まで約25週、管12問5正解42％なら翌月70％配分です。,30,過去問;模試;復習,マン管マスター編集部,資格学習サイトの編集チーム,公式情報確認担当,公開前に一次情報との照合を行う担当者,2026-06-05,公益財団法人マンション管理センター（公式）|https://www.mankan.org/,手書きリライト 2026-06-04。自動prose差し替え 2026-06-04（要手書き）。過去問活用向けテンプレートから作成。公開前に本文・参照URL・関連リンクを差し替える。,本記事を読むと、模試の回数と使い方が分かり、たとえば「6/6初回→9/6→11/8→11/22」の4点設計まで再現できます。,7分野1周前は分野40問、以降通し50問120分;6月・9月・11月の3回をカレンダー登録;模試後7分野正答率表を2週更新;48％未満分野に翌月70％配分;11月3回目以降は新規停止・ミス30問,試験要項・公式ページ更新時に本文と参照元を見直す。,2026-06-05,2026-06-29,2026-06-05,published,2026-06-05: 編集合格（手書きリライト・具体例）,6/6初回：7分野表の基準日,"数値・日程・合格基準は年度で更新されるため、学習前と申込前にはマンション管理士試験センター（公式）の最新案内を確認してください。演習で模試の活用法（本番形式）に関する設問を解いたら。正解理由と誤答肢の違いを短くメモし、用語解説・比較表・よくある誤答タブで似た論点を比較表で整理すると定着しやすくなります。

表をノートに転記したら、演習10問で理解を確認し、誤答は公式テキスト該当章で読み直してください。数値・日程・合格基準は年度で更新されるため、学習前と申込前には公益財団法人マンション管理センターの最新案内を確認してください。",段階配分：6月記録→9月修正→11月固定,"数値・日程・合格基準は年度で更新されるため、学習前と申込前にはマンション管理士試験センター（公式）の最新案内を確認してください。演習で模試の活用法（本番形式）に関する設問を解いたら。正解理由と誤答肢の違いを短くメモし、用語解説・比較表・よくある誤答タブで似た論点を比較表で整理すると定着しやすくなります。

演習10問を解き、解説で参照条文を公式テキストで開いて読み返してください。数値・日程・合格基準は年度で更新されるため、学習前と申込前には公益財団法人マンション管理センターの最新案内を確認してください。",模試後：日曜15分で分野別正答率の更新,"数値・日程・合格基準は年度で更新されるため、学習前と申込前にはマンション管理士試験センター（公式）の最新案内を確認してください。演習で模試の活用法（本番形式）に関する設問を解いたら。正解理由と誤答肢の違いを短くメモし、用語解説・比較表・よくある誤答タブで似た論点を比較表で整理すると定着しやすくなります。

演習10問を解き、解説で参照条文を公式テキストで開いて読み返してください。数値・日程・合格基準は年度で更新されるため、学習前と申込前には公益財団法人マンション管理センターの最新案内を確認してください。",11/8・11/22：本番2週前の通し×2,"数値・日程・合格基準は年度で更新されるため、学習前と申込前にはマンション管理士試験センター（公式）の最新案内を確認してください。演習で模試の活用法（本番形式）に関する設問を解いたら。正解理由と誤答肢の違いを短くメモし、用語解説・比較表・よくある誤答タブで似た論点を比較表で整理すると定着しやすくなります。

演習10問を解き、解説で参照条文を公式テキストで開いて読み返してください。数値・日程・合格基準は年度で更新されるため、学習前と申込前には公益財団法人マンション管理センターの最新案内を確認してください。",一問一答：模試前週20問（弱点）,"数値・日程・合格基準は年度で更新されるため、学習前と申込前にはマンション管理士試験センター（公式）の最新案内を確認してください。演習で模試の活用法（本番形式）に関する設問を解いたら。正解理由と誤答肢の違いを短くメモし、用語解説・比較表・よくある誤答タブで似た論点を比較表で整理すると定着しやすくなります。

演習10問を解き、解説で参照条文を公式テキストで開いて読み返してください。数値・日程・合格基準は年度で更新されるため、学習前と申込前には公益財団法人マンション管理センターの最新案内を確認してください。",,,,,模試は何回受ければよいですか？,「模試は何回受ければよいですか」はマンション管理士試験の公式テキスト該当章とマンション管理士試験センター（公式）で確認するのが確実です。模試の活用法（本番形式）では、条文の要件（誰が・いつ・何を）を演習問題とセットで押さえてください。,7分野1周前に模試を受けてもよいですか？,「7分野1周前に模試を受けてもよいですか」はマンション管理士試験の公式テキスト該当章とマンション管理士試験センター（公式）で確認するのが確実です。模試の活用法（本番形式）では、条文の要件（誰が・いつ・何を）を演習問題とセットで押さえてください。,simulation-exam-schedule:模試日程と学習計画;timed-practice:時間を計った演習;past-questions-score-analysis:過去問の点数分析;exam-day-flow:試験当日の流れ,模試は独学でもできますか？,読了後は、模試の活用法（本番形式）の関連する演習を5問以上解き、間違えた選択肢を用語解説で確認してから関連ガイドへ進んでください。1週間後の解き直し日をカレンダーに入れると定着しやすくなります。数値・主体・手順はマンション管理士試験センターの最新案内と照合してください。,月1回通し;6・9・11月;13:00開始;分野別正答率表;48％→70％
ichimon-practice,過去問活用,マンション管理士試験の一問一答の活用法,マンション管理士試験の一問一答活用法。弱点分野20問/週・7日後40問解き直し、6/5区10問との併用を令和8年度11月29日50問120分本番向けに具体例付き解説。,マンション管理士試験の一問一答は、暗記ゲームではなく現在地確認の道具です。たとえば2026年6/12区分所有法20問→6/5区10問60％の翌週——11月29日（日）13:00〜15:00まで約25週、全分野一気解きは非推奨です。,30,過去問;模試;復習,マン管マスター編集部,資格学習サイトの編集チーム,公式情報確認担当,公開前に一次情報との照合を行う担当者,2026-06-05,公益財団法人マンション管理センター（公式）|https://www.mankan.org/,手書きリライト 2026-06-04。自動prose差し替え 2026-06-04（要手書き）。過去問活用向けテンプレートから作成。公開前に本文・参照URL・関連リンクを差し替える。,本記事を読むと、一問一答の開始時期と量が分かり、たとえば「6/5区10問→6/12一問20→7月管70％」まで設計できます。,分野40問の翌週に一問20問（同分野）;模試前週も弱点分野20問;正答率48％未満は70％配分へ接続;通し50問120分は7分野1周後;11月は一問停止・解き直し30問,試験要項・公式ページ更新時に本文と参照元を見直す。,2026-06-05,2026-06-29,2026-06-05,published,2026-06-05: 編集合格（手書きリライト・具体例）,6/12：区40問翌週・一問20問,"数値・日程・合格基準は年度で更新されるため、学習前と申込前にはマンション管理士試験センター（公式）の最新案内を確認してください。演習で一問一答の活用法に関する設問を解いたら。正解理由と誤答肢の違いを短くメモし、用語解説・比較表・よくある誤答タブで似た論点を比較表で整理すると定着しやすくなります。

演習10問を解き、解説で参照条文を公式テキストで開いて読み返してください。数値・日程・合格基準は年度で更新されるため、学習前と申込前には公益財団法人マンション管理センターの最新案内を確認してください。",用語連動：該当用語10件・週末15分,"演習で分からなかった語句は、用語解説タブで定義・試験論点・よくある誤解まで確認します。関連用語から2件以上読むと、一問一答の活用法の設問で並べられた選択肢の意図が見えやすくなります。

用語だけ暗記しても事例問題は解けないため、演習→用語→演習の往復を1セットとして回してください。「用語連動：該当用語10件・週末15分」では。一問一答の活用法について公式テキストの該当章を開き、条文の主体・期限・数値を演習問題とセットで押さえて定着を確認します。数値・日程はマンション管理士試験センター（公式）の最新要項で必ず照合してください。",48％分野：一問20→70％配分,"数値・日程・合格基準は年度で更新されるため、学習前と申込前にはマンション管理士試験センター（公式）の最新案内を確認してください。演習で一問一答の活用法に関する設問を解いたら。正解理由と誤答肢の違いを短くメモし、用語解説・比較表・よくある誤答タブで似た論点を比較表で整理すると定着しやすくなります。

演習10問を解き、解説で参照条文を公式テキストで開いて読み返してください。数値・日程・合格基準は年度で更新されるため、学習前と申込前には公益財団法人マンション管理センターの最新案内を確認してください。",9月以降：通し50問優先・一問は補助,"数値・日程・合格基準は年度で更新されるため、学習前と申込前にはマンション管理士試験センター（公式）の最新案内を確認してください。演習で一問一答の活用法に関する設問を解いたら。正解理由と誤答肢の違いを短くメモし、用語解説・比較表・よくある誤答タブで似た論点を比較表で整理すると定着しやすくなります。

演習10問を解き、解説で参照条文を公式テキストで開いて読み返してください。数値・日程・合格基準は年度で更新されるため、学習前と申込前には公益財団法人マンション管理センターの最新案内を確認してください。",11月：一問0・ミス30問90％,"数値・日程・合格基準は年度で更新されるため、学習前と申込前にはマンション管理士試験センター（公式）の最新案内を確認してください。演習で一問一答の活用法に関する設問を解いたら。正解理由と誤答肢の違いを短くメモし、用語解説・比較表・よくある誤答タブで似た論点を比較表で整理すると定着しやすくなります。

演習10問を解き、解説で参照条文を公式テキストで開いて読み返してください。数値・日程・合格基準は年度で更新されるため、学習前と申込前には公益財団法人マンション管理センターの最新案内を確認してください。",,,,,一問一答だけで合格できますか？,「一問一答だけで合格できますか」はマンション管理士試験の公式テキスト該当章とマンション管理士試験センター（公式）で確認するのが確実です。一問一答の活用法では、条文の要件（誰が・いつ・何を）を演習問題とセットで押さえてください。,一問一答は毎日解くべきですか？,「一問一答は毎日解くべきですか」はマンション管理士試験の公式テキスト該当章とマンション管理士試験センター（公式）で確認するのが確実です。一問一答の活用法では、条文の要件（誰が・いつ・何を）を演習問題とセットで押さえてください。,past-questions-first-attempt:過去問の初回の解き方;past-questions-by-field:分野別過去問;glossary-study-method:用語の学習法;review-cycle-spaced:間隔を空けた復習,一問一答は独学でもできますか？,読了後は、一問一答の活用法の関連する演習を5問以上解き、間違えた選択肢を用語解説で確認してから関連ガイドへ進んでください。1週間後の解き直し日をカレンダーに入れると定着しやすくなります。数値・主体・手順はマンション管理士試験センターの最新案内と照合してください。,翌週20問;同分野のみ;48％→70％;暗記NG;11月停止
drill-volume-guide,過去問活用,マンション管理士試験の演習問題量の目安,マンション管理士試験の演習問題量目安。月2分野40問・48％→70％、800問より分野別正答率表を正本とする考え方を令和8年度11月29日試験向けに具体例付き解説。,マンション管理士試験の演習量は、「何問解いたか」より分野別正答率で判断します。たとえば2026年6月区40・管40問→管48％→7月70％——11月29日（日）13:00〜15:00まで約25週、800問暗記より65％2週維持が実用的です。,30,過去問;模試;復習,マン管マスター編集部,資格学習サイトの編集チーム,公式情報確認担当,公開前に一次情報との照合を行う担当者,2026-06-05,公益財団法人マンション管理センター（公式）|https://www.mankan.org/,手書きリライト 2026-06-04。自動prose差し替え 2026-06-04（要手書き）。過去問活用向けテンプレートから作成。公開前に本文・参照URL・関連リンクを差し替える。,本記事を読むと、適切な演習量の決め方が分かり、たとえば「6月80問→9月通し→11月ミス30」まで設計できます。,初回20問（10問×2分野）で現在地把握;月2分野40問を基本単位;48％未満は翌月70％配分;2回連続48％は解き直し60％へ;11月は新規停止・ミス30問90％,試験要項・公式ページ更新時に本文と参照元を見直す。,2026-06-05,2026-06-29,2026-06-05,published,2026-06-05: 編集合格（手書きリライト・具体例）,6/5：初回20問（区10＋管10）,"数値・日程・合格基準は年度で更新されるため、学習前と申込前にはマンション管理士試験センター（公式）の最新案内を確認してください。演習で演習問題量の目安に関する設問を解いたら。正解理由と誤答肢の違いを短くメモし、用語解説・比較表・よくある誤答タブで似た論点を比較表で整理すると定着しやすくなります。

演習10問を解き、解説で参照条文を公式テキストで開いて読み返してください。数値・日程・合格基準は年度で更新されるため、学習前と申込前には公益財団法人マンション管理センターの最新案内を確認してください。",月80問：2分野×40問が基本単位,"数値・日程・合格基準は年度で更新されるため、学習前と申込前にはマンション管理士試験センター（公式）の最新案内を確認してください。演習で演習問題量の目安に関する設問を解いたら。正解理由と誤答肢の違いを短くメモし、用語解説・比較表・よくある誤答タブで似た論点を比較表で整理すると定着しやすくなります。

演習10問を解き、解説で参照条文を公式テキストで開いて読み返してください。数値・日程・合格基準は年度で更新されるため、学習前と申込前には公益財団法人マンション管理センターの最新案内を確認してください。",65％2週：維持分野は10問/週,"数値・日程・合格基準は年度で更新されるため、学習前と申込前にはマンション管理士試験センター（公式）の最新案内を確認してください。演習で演習問題量の目安に関する設問を解いたら。正解理由と誤答肢の違いを短くメモし、用語解説・比較表・よくある誤答タブで似た論点を比較表で整理すると定着しやすくなります。

演習10問を解き、解説で参照条文を公式テキストで開いて読み返してください。数値・日程・合格基準は年度で更新されるため、学習前と申込前には公益財団法人マンション管理センターの最新案内を確認してください。",9月：通し50問で問数→質へ,"数値・日程・合格基準は年度で更新されるため、学習前と申込前にはマンション管理士試験センター（公式）の最新案内を確認してください。演習で演習問題量の目安に関する設問を解いたら。正解理由と誤答肢の違いを短くメモし、用語解説・比較表・よくある誤答タブで似た論点を比較表で整理すると定着しやすくなります。

演習10問を解き、解説で参照条文を公式テキストで開いて読み返してください。数値・日程・合格基準は年度で更新されるため、学習前と申込前には公益財団法人マンション管理センターの最新案内を確認してください。",11月：新規0・ミス30問・通し×2,"数値・日程・合格基準は年度で更新されるため、学習前と申込前にはマンション管理士試験センター（公式）の最新案内を確認してください。演習で演習問題量の目安に関する設問を解いたら。正解理由と誤答肢の違いを短くメモし、用語解説・比較表・よくある誤答タブで似た論点を比較表で整理すると定着しやすくなります。

演習10問を解き、解説で参照条文を公式テキストで開いて読み返してください。数値・日程・合格基準は年度で更新されるため、学習前と申込前には公益財団法人マンション管理センターの最新案内を確認してください。",,,,,過去問だけ800問解けば合格できますか？,「過去問だけ800問解けば合格できますか」はマンション管理士試験の公式テキスト該当章とマンション管理士試験センター（公式）で確認するのが確実です。演習問題量の目安では、条文の要件（誰が・いつ・何を）を演習問題とセットで押さえてください。,1日何問解けばよいですか？,「1日何問解けばよいですか」はマンション管理士試験の公式テキスト該当章とマンション管理士試験センター（公式）で確認するのが確実です。演習問題量の目安では、条文の要件（誰が・いつ・何を）を演習問題とセットで押さえてください。,past-questions-by-field:分野別過去問;pass-only-past-questions-myth:過去問だけ合格の誤解;study-plan:学習計画の立て方;plateau-breakthrough:伸び悩みの突破,演習量の判断は独学でもできますか？,読了後は、演習問題量の目安の関連する演習を5問以上解き、間違えた選択肢を用語解説で確認してから関連ガイドへ進んでください。1週間後の解き直し日をカレンダーに入れると定着しやすくなります。数値・主体・手順はマンション管理士試験センターの最新案内と照合してください。,正答率優先;月40問×2;48％→70％;800問NG;11月30問
timed-practice,過去問活用,マンション管理士試験の時間を計った演習,マンション管理士試験の時間計測演習。50問120分・13:00開始、25/60・25/55配分を令和8年度11月29日試験向けに具体例付き解説。,マンション管理士試験では、知識があっても2時間で解き切れなければ得点が伸びません。,30,過去問;模試;復習,マン管マスター編集部,資格学習サイトの編集チーム,公式情報確認担当,公開前に一次情報との照合を行う担当者,2026-06-05,公益財団法人マンション管理センター（公式）|https://www.mankan.org/,手書きリライト 2026-06-04。自動prose差し替え 2026-06-04（要手書き）。過去問活用向けテンプレートから作成。公開前に本文・参照URL・関連リンクを差し替える。,本記事を読むと、時間計測の開始時期と配分が分かり、たとえば「9/6初回→14:50見直し5分→11/22最終通し」まで設計できます。,7分野1周後から50問120分通しを月1回;土曜13:00開始で本番時刻を再現;前半25問60分・後半25問55分・見直し5分;2分超え問題は見直しリストへ;48％分野は1問3分想定,試験要項・公式ページ更新時に本文と参照元を見直す。,2026-06-05,2026-06-29,2026-06-05,published,2026-06-05: 編集合格（手書きリライト・具体例）,8月末：7分野1周後に120分計測,"数値・日程・合格基準は年度で更新されるため、学習前と申込前にはマンション管理士試験センター（公式）の最新案内を確認してください。演習で時間を計った演習に関する設問を解いたら。正解理由と誤答肢の違いを短くメモし、用語解説・比較表・よくある誤答タブで似た論点を比較表で整理すると定着しやすくなります。

演習10問を解き、解説で参照条文を公式テキストで開いて読み返してください。数値・日程・合格基準は年度で更新されるため、学習前と申込前には公益財団法人マンション管理センターの最新案内を確認してください。",1問2.4分：50÷120を電卓,"数値・日程・合格基準は年度で更新されるため、学習前と申込前にはマンション管理士試験センター（公式）の最新案内を確認してください。演習で時間を計った演習に関する設問を解いたら。正解理由と誤答肢の違いを短くメモし、用語解説・比較表・よくある誤答タブで似た論点を比較表で整理すると定着しやすくなります。

演習10問を解き、解説で参照条文を公式テキストで開いて読み返してください。数値・日程・合格基準は年度で更新されるため、学習前と申込前には公益財団法人マンション管理センターの最新案内を確認してください。",13:00開始：25/60・25/55・5分,"数値・日程・合格基準は年度で更新されるため、学習前と申込前にはマンション管理士試験センター（公式）の最新案内を確認してください。演習で時間を計った演習に関する設問を解いたら。正解理由と誤答肢の違いを短くメモし、用語解説・比較表・よくある誤答タブで似た論点を比較表で整理すると定着しやすくなります。

演習10問を解き、解説で参照条文を公式テキストで開いて読み返してください。数値・日程・合格基準は年度で更新されるため、学習前と申込前には公益財団法人マンション管理センターの最新案内を確認してください。",2分超え：Q12→リスト→14:50,"数値・日程・合格基準は年度で更新されるため、学習前と申込前にはマンション管理士試験センター（公式）の最新案内を確認してください。演習で時間を計った演習に関する設問を解いたら。正解理由と誤答肢の違いを短くメモし、用語解説・比較表・よくある誤答タブで似た論点を比較表で整理すると定着しやすくなります。

演習10問を解き、解説で参照条文を公式テキストで開いて読み返してください。数値・日程・合格基準は年度で更新されるため、学習前と申込前には公益財団法人マンション管理センターの最新案内を確認してください。",11/8・11/22：最終通し2回固定,"数値・日程・合格基準は年度で更新されるため、学習前と申込前にはマンション管理士試験センター（公式）の最新案内を確認してください。演習で時間を計った演習に関する設問を解いたら。正解理由と誤答肢の違いを短くメモし、用語解説・比較表・よくある誤答タブで似た論点を比較表で整理すると定着しやすくなります。

演習10問を解き、解説で参照条文を公式テキストで開いて読み返してください。数値・日程・合格基準は年度で更新されるため、学習前と申込前には公益財団法人マンション管理センターの最新案内を確認してください。",,,,,いつから50問通しを時間計測すればよいですか？,「いつから50問通しを時間計測すればよいですか」はマンション管理士試験の公式テキスト該当章とマンション管理士試験センター（公式）で確認するのが確実です。時間を計った演習では、条文の要件（誰が・いつ・何を）を演習問題とセットで押さえてください。,分野別40問も時間計測しますか？,「分野別40問も時間計測しますか」はマンション管理士試験の公式テキスト該当章とマンション管理士試験センター（公式）で確認するのが確実です。時間を計った演習では、条文の要件（誰が・いつ・何を）を演習問題とセットで押さえてください。,time-limit-strategy:時間配分の戦略;mock-exam-how-to:模試の活用法;exam-day-time-allocation:試験当日の時間配分;simulation-exam-schedule:模試日程と学習計画,時間計測演習は独学でもできますか？,読了後は、時間を計った演習の関連する演習を5問以上解き、間違えた選択肢を用語解説で確認してから関連ガイドへ進んでください。1週間後の解き直し日をカレンダーに入れると定着しやすくなります。数値・主体・手順はマンション管理士試験センターの最新案内と照合してください。,50問120分;13:00開始;25/60/55/5;2分で次へ;7分野1周後
simulation-exam-schedule,過去問活用,マンション管理士試験の模試日程と学習計画（月1回×3回）,マンション管理士試験の模試日程と学習計画。6/6・9/6・11/8逆算、50問120分3回と48％未満分野70％振替を令和8年度11月29日試験向けに具体例付き解説。,マンション管理士試験の独学では、模試日程を11/29本番から逆算してカレンダー登録します。,30,過去問;模試;復習,マン管マスター編集部,資格学習サイトの編集チーム,公式情報確認担当,公開前に一次情報との照合を行う担当者,2026-06-05,公益財団法人マンション管理センター（公式）|https://www.mankan.org/,手書きリライト 2026-06-04。自動prose差し替え 2026-06-04（要手書き）。過去問活用向けテンプレートから作成。公開前に本文・参照URL・関連リンクを差し替える。,本記事を読むと、模試3回の日程設計が分かり、たとえば「6/6初回→7月管70％→11/22最終」まで設計できます。,6/6・9/6・11/8・11/22をカレンダー登録;各回50問120分・13:00開始;模試翌日7行正答率表を更新;48％未満分野に翌月70％配分;11/15以降追加模試停止,試験要項・公式ページ更新時に本文と参照元を見直す。,2026-06-05,2026-06-29,2026-06-05,published,2026-06-05: 編集合格（手書きリライト・具体例）,6/4：11/29から4日付を逆算,"数値・日程・合格基準は年度で更新されるため、学習前と申込前にはマンション管理士試験センター（公式）の最新案内を確認してください。演習で模試日程と学習計画（月1回×3回）に関する設問を解いたら。正解理由と誤答肢の違いを短くメモし、用語解説・比較表・よくある誤答タブで似た論点を比較表で整理すると定着しやすくなります。

演習10問を解き、解説で参照条文を公式テキストで開いて読み返してください。数値・日程・合格基準は年度で更新されるため、学習前と申込前には公益財団法人マンション管理センターの最新案内を確認してください。",6/6初回：7分野表の基準日,"数値・日程・合格基準は年度で更新されるため、学習前と申込前にはマンション管理士試験センター（公式）の最新案内を確認してください。演習で模試日程と学習計画（月1回×3回）に関する設問を解いたら。正解理由と誤答肢の違いを短くメモし、用語解説・比較表・よくある誤答タブで似た論点を比較表で整理すると定着しやすくなります。

表をノートに転記したら、演習10問で理解を確認し、誤答は公式テキスト該当章で読み直してください。数値・日程・合格基準は年度で更新されるため、学習前と申込前には公益財団法人マンション管理センターの最新案内を確認してください。",9/6：2回目・48％70％更新,"数値・日程・合格基準は年度で更新されるため、学習前と申込前にはマンション管理士試験センター（公式）の最新案内を確認してください。演習で模試日程と学習計画（月1回×3回）に関する設問を解いたら。正解理由と誤答肢の違いを短くメモし、用語解説・比較表・よくある誤答タブで似た論点を比較表で整理すると定着しやすくなります。

演習10問を解き、解説で参照条文を公式テキストで開いて読み返してください。数値・日程・合格基準は年度で更新されるため、学習前と申込前には公益財団法人マンション管理センターの最新案内を確認してください。",11/8・11/22：直前2回・13:00固定,"試験直前は新しい参考書を増やさず、模試日程と学習計画（月1回×3回）で何度も迷った分野と頻出用語に絞ります。3分野のうち得点率が低い領域を1つ選び、用語10語＋演習20問程度をセットで見直すのが目安です。

前日は暗記の詰め込みより、睡眠と当日の持ち物・会場確認を優先してください。数値（修繕積立金、管理費、総会決議、管理委託契約、登録など）は早見表タブで最終確認すると安心です。",模試間：月2分野40問＋解き直し,"解き直しは、当日・3日後・1週間後の間隔を空けると記憶の定着を確認しやすくなります。ブラウザの復習機能やブックマーク一覧を「模試日程と学習計画（月1回×3回）関連」でフィルタし、優先順位を付けてください。

2回連続で正解できても、解説を読まずに選んだ問題は三回目も解き直し対象にします。「なぜ正解か」を言語化できるまでが、本番レベルの理解です。「模試間：月2分野40問＋解き直し」では。模試日程と学習計画（月1回×3回）について公式テキストの該当章を開き、条文の主体・期限・数値を演習問題とセットで押さえて定着を確認します。数値・日程はマンション管理士試験センター（公式）の最新要項で必ず照合してください。",独学でつまずきやすいポイント,"数値・日程・合格基準は年度で更新されるため、学習前と申込前にはマンション管理士試験センター（公式）の最新案内を確認してください。演習で模試日程と学習計画（月1回×3回）に関する設問を解いたら。正解理由と誤答肢の違いを短くメモし、用語解説・比較表・よくある誤答タブで似た論点を比較表で整理すると定着しやすくなります。

演習10問を解き、解説で参照条文を公式テキストで開いて読み返してください。数値・日程・合格基準は年度で更新されるため、学習前と申込前には公益財団法人マンション管理センターの最新案内を確認してください。",学習記録を残して再訪問につなげる,"数値・日程・合格基準は年度で更新されるため、学習前と申込前にはマンション管理士試験センター（公式）の最新案内を確認してください。演習で模試日程と学習計画（月1回×3回）に関する設問を解いたら。正解理由と誤答肢の違いを短くメモし、用語解説・比較表・よくある誤答タブで似た論点を比較表で整理すると定着しやすくなります。

演習10問を解き、解説で参照条文を公式テキストで開いて読み返してください。数値・日程・合格基準は年度で更新されるため、学習前と申込前には公益財団法人マンション管理センターの最新案内を確認してください。",独学で模試はいつから受けますか？,「独学で模試はいつから受けますか」はマンション管理士試験の公式テキスト該当章とマンション管理士試験センター（公式）で確認するのが確実です。模試日程と学習計画（月1回×3回）では、条文の要件（誰が・いつ・何を）を演習問題とセットで押さえてください。,模試を月2回以上受けるべきですか？,「模試を月2回以上受けるべきですか」はマンション管理士試験の公式テキスト該当章とマンション管理士試験センター（公式）で確認するのが確実です。模試日程と学習計画（月1回×3回）では、条文の要件（誰が・いつ・何を）を演習問題とセットで押さえてください。,mock-exam-how-to:模試の活用法;study-plan-6months:6か月学習計画;exam-schedule:試験日程（令和8年度）;past-questions-score-analysis:過去問の点数分析,模試日程計画は独学でもできますか？,読了後は、模試日程と学習計画（月1回×3回）の関連する演習を5問以上解き、間違えた選択肢を用語解説で確認してから関連ガイドへ進んでください。1週間後の解き直し日をカレンダーに入れると定着しやすくなります。,6/6・9/6・11/8;11/22最終;13:00開始;分野別正答率表;48％→70％
glossary-study-method,用語ハブ活用法,マン管試験の用語集の使い方（演習と組み合わせる）,マンション管理士試験の用語集の使い方。演習5問後10分・週10語登録、7分野タグと用語解説の往復を令和8年度11月29日50問120分本番向けに具体例付き解説。,マンション管理士試験では、用語の定義差が選択肢の得点を分けます。たとえば2026年6/5区10問後→ミス3語を用語解説10分——11月29日（日）13:00〜15:00まで約25週、用語は演習のあとに開く辞書として使います。,35,用語集;知識整理,マン管マスター編集部,資格学習サイトの編集チーム,公式情報確認担当,公開前に一次情報との照合を行う担当者,2026-06-05,公益財団法人マンション管理センター（公式）|https://www.mankan.org/,手書きリライト 2026-06-04。自動prose差し替え 2026-06-04（要手書き）。用語ハブ活用法向けテンプレートから作成。公開前に本文・参照URL・関連リンクを差し替える。,本記事を読むと、用語集と演習の組み合わせが分かり、たとえば「6/5演習10問→用語5語10分→6/8解き直し」まで設計できます。,用語一覧を分野タグで絞り10語/週;演習直後10分をミス語＋新出2語に;10語読了後に同分野演習5問;関連リンクは2段まで;11月は新規10語停止・ミス語30,試験要項・公式ページ更新時に本文と参照元を見直す。,2026-06-05,2026-06-29,2026-06-05,published,2026-06-05: 編集合格（手書きリライト・具体例）,6/5：演習10問→用語5語10分,"マン管試験の用語集の使い方（演習と組み合わせる）の理解度は、関連する演習問題で確認するのが効率的です。1問解くごとに「根拠はテキストのどの章か」をメモすると、復習時に該当ページへすぐ戻れます。

同じ問題を時間を空けて解き直し、言い換え選択肢でも正解できるかまで確認してください。二回連続正解でも、条件を1語変えた肢で誤答する場合は、用語の定義がまだ曖昧なサインです。用語一覧は /terms/ から分野別に開き、比較表で関連論点を整理してください。",用語一覧：用語解説タグ10語/週,"演習で分からなかった語句は、用語解説タブで定義・試験論点・よくある誤解まで確認します。関連用語から2件以上読むと、マン管試験の用語集の使い方（演習と組み合わせる）の設問で並べられた選択肢の意図が見えやすくなります。

用語だけ暗記しても事例問題は解けないため、演習→用語→演習の往復を1セットとして回してください。「用語一覧：用語解説タグ10語/週」では。マン管試験の用語集の使い方（演習と組み合わせる）について公式テキストの該当章を開き、条文の主体・期限・数値を演習問題とセットで押さえて定着を確認します。数値・日程はマンション管理士試験センター（公式）の最新要項で必ず照合してください。",一問一答：通勤15分×2で5語,"数値・日程・合格基準は年度で更新されるため、学習前と申込前にはマンション管理士試験センター（公式）の最新案内を確認してください。演習でマン管試験の用語集の使い方（演習と組み合わせる）に関する設問を解いたら。正解理由と誤答肢の違いを短くメモし、用語解説・比較表・よくある誤答タブで似た論点を比較表で整理すると定着しやすくなります。

演習10問を解き、解説で参照条文を公式テキストで開いて読み返してください。数値・日程・合格基準は年度で更新されるため、学習前と申込前には公益財団法人マンション管理センターの最新案内を確認してください。",関連2段まで：迷子防止,"数値・日程・合格基準は年度で更新されるため、学習前と申込前にはマンション管理士試験センター（公式）の最新案内を確認してください。演習でマン管試験の用語集の使い方（演習と組み合わせる）に関する設問を解いたら。正解理由と誤答肢の違いを短くメモし、用語解説・比較表・よくある誤答タブで似た論点を比較表で整理すると定着しやすくなります。

関連記事は役割が重ならないよう、概要→形式→学習計画の順で読むと迷いにくくなります。数値・日程・合格基準は年度で更新されるため、学習前と申込前には公益財団法人マンション管理センターの最新案内を確認してください。",7分野タグ：要項表記と統一,"独学を始める前に、マンション管理士試験センター（公式）で受験資格・試験日程・出題範囲（3分野）・合格基準をメモしてください。マン管試験の用語集の使い方（演習と組み合わせる）の学習計画は、公式テキストの章立てと一致させると、過去問の分野ラベルとも対応づけやすくなります。

ブログやSNSの「最新情報」は、必ずマンション管理士試験センターのページと照合してから採用してください。申込期限や受験料は年度ごとに変わるため、カレンダーに締切を入れてから教材を開く習慣が有効です。用語一覧は /terms/ から分野別に開き、比較表で関連論点を整理してください。",,,,,用語は全部覚える必要がありますか？,「用語は全部覚える必要がありますか」はマンション管理士試験の公式テキスト該当章とマンション管理士試験センター（公式）で確認するのが確実です。マン管試験の用語集の使い方（演習と組み合わせる）では、条文の要件（誰が・いつ・何を）を演習問題とセットで押さえてください。,用語を先に読んでから演習に入りますか？,「用語を先に読んでから演習に入りますか」はマンション管理士試験の公式テキスト該当章とマンション管理士試験センター（公式）で確認するのが確実です。マン管試験の用語集の使い方（演習と組み合わせる）では、条文の要件（誰が・いつ・何を）を演習問題とセットで押さえてください。,glossary-how-to:用語解説の使い方;important-terms-list:重要用語の押さえ方;terms-with-past-questions:用語と過去問の併用;ichimon-practice:一問一答の活用法,用語集は独学でも使えますか？,読了後は、マン管試験の用語集の使い方（演習と組み合わせる）の関連する演習を5問以上解き、間違えた選択肢を用語解説で確認してから関連ガイドへ進んでください。1週間後の解き直し日をカレンダーに入れると定着しやすくなります。,演習→用語10分;10語/週;タグ絞り;関連2段;300語不要
important-terms-list,用語ハブ活用法,マンション管理士試験の重要用語の押さえ方（頻出50語の選び方）,マンション管理士試験の重要用語50語の選び方。演習ミス10語/週・A/B/C、用語解説タグを令和8年度11月29日試験向けに具体例付き解説。,マンション管理士試験の用語300語以上を全語均等暗記する必要はありません。本記事を読むと、重要語50語の選び方が分かり、たとえば「6/5ミス3語A級→6月10語/週→9月累計50語」まで設計できます。,35,用語集;知識整理,マン管マスター編集部,資格学習サイトの編集チーム,公式情報確認担当,公開前に一次情報との照合を行う担当者,2026-06-05,公益財団法人マンション管理センター（公式）|https://www.mankan.org/,手書きリライト 2026-06-04。自動prose差し替え 2026-06-04（要手書き）。用語ハブ活用法向けテンプレートから作成。公開前に本文・参照URL・関連リンクを差し替える。,本記事を読むと、重要語50語の選び方が分かり、たとえば「6/5ミス3語A級→6月10語/週→9月累計50語」まで設計できます。,演習ミス語をA級、今週分野をB級に分類;用語解説（terms/）で10語/週確認;A級は週2回、B級は週1回復習;C級は月1回、11月はAのみ;要項表記と分野タグを統一,試験要項・公式ページ更新時に本文と参照元を見直す。,2026-06-05,2026-06-29,2026-06-05,published,2026-06-05: 編集合格（手書きリライト・具体例）,6/5：3段階（Aミス3・B重点7・C保留）,"数値・日程・合格基準は年度で更新されるため、学習前と申込前にはマンション管理士試験センター（公式）の最新案内を確認してください。演習で重要用語の押さえ方（頻出50語の選び方）に関する設問を解いたら。正解理由と誤答肢の違いを短くメモし、用語解説・比較表・よくある誤答タブで似た論点を比較表で整理すると定着しやすくなります。

演習10問を解き、解説で参照条文を公式テキストで開いて読み返してください。数値・日程・合格基準は年度で更新されるため、学習前と申込前には公益財団法人マンション管理センターの最新案内を確認してください。",用語解説：用語解説タグ10語/週,"演習で分からなかった語句は、用語解説タブで定義・試験論点・よくある誤解まで確認します。関連用語から2件以上読むと、重要用語の押さえ方（頻出50語の選び方）の設問で並べられた選択肢の意図が見えやすくなります。

用語だけ暗記しても事例問題は解けないため、演習→用語→演習の往復を1セットとして回してください。「用語解説：用語解説タグ10語/週」では。重要用語の押さえ方（頻出50語の選び方）について公式テキストの該当章を開き、条文の主体・期限・数値を演習問題とセットで押さえて定着を確認します。数値・日程はマンション管理士試験センター（公式）の最新要項で必ず照合してください。",50語到達：6月A20→9月累計50,"数値・日程・合格基準は年度で更新されるため、学習前と申込前にはマンション管理士試験センター（公式）の最新案内を確認してください。演習で重要用語の押さえ方（頻出50語の選び方）に関する設問を解いたら。正解理由と誤答肢の違いを短くメモし、用語解説・比較表・よくある誤答タブで似た論点を比較表で整理すると定着しやすくなります。

演習10問を解き、解説で参照条文を公式テキストで開いて読み返してください。数値・日程・合格基準は年度で更新されるため、学習前と申込前には公益財団法人マンション管理センターの最新案内を確認してください。",A/B/C運用：11月はA30語のみ,"数値・日程・合格基準は年度で更新されるため、学習前と申込前にはマンション管理士試験センター（公式）の最新案内を確認してください。演習で重要用語の押さえ方（頻出50語の選び方）に関する設問を解いたら。正解理由と誤答肢の違いを短くメモし、用語解説・比較表・よくある誤答タブで似た論点を比較表で整理すると定着しやすくなります。

演習10問を解き、解説で参照条文を公式テキストで開いて読み返してください。数値・日程・合格基準は年度で更新されるため、学習前と申込前には公益財団法人マンション管理センターの最新案内を確認してください。",7分野タグ：要項表記とリスト統一,"独学を始める前に、マンション管理士試験センター（公式）で受験資格・試験日程・出題範囲（3分野）・合格基準をメモしてください。重要用語の押さえ方（頻出50語の選び方）の学習計画は、公式テキストの章立てと一致させると、過去問の分野ラベルとも対応づけやすくなります。

ブログやSNSの「最新情報」は、必ずマンション管理士試験センターのページと照合してから採用してください。申込期限や受験料は年度ごとに変わるため、カレンダーに締切を入れてから教材を開く習慣が有効です。用語一覧は /terms/ から分野別に開き、比較表で関連論点を整理してください。",,,,,頻出50語のリストはどこにありますか？,「頻出50語のリストはどこにありますか」はマンション管理士試験の公式テキスト該当章とマンション管理士試験センター（公式）で確認するのが確実です。重要用語の押さえ方（頻出50語の選び方）では、条文の要件（誰が・いつ・何を）を演習問題とセットで押さえてください。,50語全部A級にすべきですか？,「50語全部A級にすべきですか」はマンション管理士試験の公式テキスト該当章とマンション管理士試験センター（公式）で確認するのが確実です。重要用語の押さえ方（頻出50語の選び方）では、条文の要件（誰が・いつ・何を）を演習問題とセットで押さえてください。,glossary-study-method:用語集の使い方;terms-importance-levels:用語の重要度（A/B/C）;terms-with-past-questions:用語と過去問の併用;glossary-how-to:用語解説（terms/）の使い方,重要語リストは独学でも作れますか？,読了後は、重要用語の押さえ方（頻出50語の選び方）の関連する演習を5問以上解き、間違えた選択肢を用語解説で確認してから関連ガイドへ進んでください。1週間後の解き直し日をカレンダーに入れると定着しやすくなります。,10語/週;A/B/C;ミス語優先;50語段階;300語不要
confusing-terms,用語ハブ活用法,マンション管理士試験で混同しやすい用語ペアと対策,マンション管理士試験の混同しやすい用語ペア。A4比較表10組・演習10問後15分、3日後解き直しと用語解説の往復を令和8年度11月29日試験向けに具体例付き解説。,マンション管理士試験では、似た名称や近い数字が選択肢の罠になります。,35,用語集;知識整理,マン管マスター編集部,資格学習サイトの編集チーム,公式情報確認担当,公開前に一次情報との照合を行う担当者,2026-06-05,公益財団法人マンション管理センター（公式）|https://www.mankan.org/,手書きリライト 2026-06-04。自動prose差し替え 2026-06-04（要手書き）。用語ハブ活用法向けテンプレートから作成。公開前に本文・参照URL・関連リンクを差し替える。,本記事を読むと、混同ペアの作り方が分かり、たとえば「専有部分 vs 共用部分→6/8 3日後」まで設計できます。,演習ミスから混同ペア10組をA4比較表に;用語解説（terms/）で両語15分確認;週次：5語ペア→演習10問;3日後解き直し・3連続正解で除外;11月は10組見直しのみ,試験要項・公式ページ更新時に本文と参照元を見直す。,2026-06-05,2026-06-29,2026-06-05,published,2026-06-05: 編集合格（手書きリライト・具体例）,6/5：頻出ペア表（10組上限）,"数値・日程・合格基準は年度で更新されるため、学習前と申込前にはマンション管理士試験センター（公式）の最新案内を確認してください。演習でで混同しやすい用語ペアと対策に関する設問を解いたら。正解理由と誤答肢の違いを短くメモし、用語解説・比較表・よくある誤答タブで似た論点を比較表で整理すると定着しやすくなります。

表をノートに転記したら、演習10問で理解を確認し、誤答は公式テキスト該当章で読み直してください。数値・日程・合格基準は年度で更新されるため、学習前と申込前には公益財団法人マンション管理センターの最新案内を確認してください。",用語解説（terms/）：両語15分,"演習で分からなかった語句は、用語解説タブで定義・試験論点・よくある誤解まで確認します。関連用語から2件以上読むと、で混同しやすい用語ペアと対策の設問で並べられた選択肢の意図が見えやすくなります。

用語だけ暗記しても事例問題は解けないため、演習→用語→演習の往復を1セットとして回してください。「用語解説（terms/）：両語15分」では。で混同しやすい用語ペアと対策について公式テキストの該当章を開き、条文の主体・期限・数値を演習問題とセットで押さえて定着を確認します。数値・日程はマンション管理士試験センター（公式）の最新要項で必ず照合してください。",週次：5語ペア→演習10問,"で混同しやすい用語ペアと対策の理解度は、関連する演習問題で確認するのが効率的です。1問解くごとに「根拠はテキストのどの章か」をメモすると、復習時に該当ページへすぐ戻れます。

同じ問題を時間を空けて解き直し、言い換え選択肢でも正解できるかまで確認してください。二回連続正解でも、条件を1語変えた肢で誤答する場合は、用語の定義がまだ曖昧なサインです。「週次：5語ペア→演習10問」では。で混同しやすい用語ペアと対策について公式テキストの該当章を開き、条文の主体・期限・数値を演習問題とセットで押さえて定着を確認します。数値・日程はマンション管理士試験センター（公式）の最新要項で必ず照合してください。用語一覧は /terms/ から分野別に開き、比較表で関連論点を整理してください。",6/8 3日後：混同ミス解き直し,"解き直しは、当日・3日後・1週間後の間隔を空けると記憶の定着を確認しやすくなります。ブラウザの復習機能やブックマーク一覧を「で混同しやすい用語ペアと対策関連」でフィルタし、優先順位を付けてください。

2回連続で正解できても、解説を読まずに選んだ問題は三回目も解き直し対象にします。「なぜ正解か」を言語化できるまでが、本番レベルの理解です。「6/8 3日後：混同ミス解き直し」では。で混同しやすい用語ペアと対策について公式テキストの該当章を開き、条文の主体・期限・数値を演習問題とセットで押さえて定着を確認します。数値・日程はマンション管理士試験センター（公式）の最新要項で必ず照合してください。用語一覧は /terms/ から分野別に開き、比較表で関連論点を整理してください。",11月：10組見直し・新規0,"数値・日程・合格基準は年度で更新されるため、学習前と申込前にはマンション管理士試験センター（公式）の最新案内を確認してください。演習でで混同しやすい用語ペアと対策に関する設問を解いたら。正解理由と誤答肢の違いを短くメモし、用語解説・比較表・よくある誤答タブで似た論点を比較表で整理すると定着しやすくなります。

演習10問を解き、解説で参照条文を公式テキストで開いて読み返してください。数値・日程・合格基準は年度で更新されるため、学習前と申込前には公益財団法人マンション管理センターの最新案内を確認してください。",,,,,混同語は何組まで対策すればよいですか？,「混同語は何組まで対策すればよいですか？」については、マンション管理士試験では、似た名称や近い数字が選択肢の罠になります。たとえば2026年6/5演習10問→混同ペア10組・週末比較表1行——11月29日（日）13:00〜15:00まで約25週、自分のミ…。最新の公式要項と照合する。本記事の公式数値表で確認する。,混同ペアと数値罠ペアは同じ表にしますか？,「混同ペアと数値罠ペアは同じ表にしますか？」は過去問演習で出題形式を把握し、正答後に用語解説で論点を復習する。過去問1問の正答理由をノートに記録して復習する。正答後は関連条文を開く。試験要項の最新版も確認。本記事関連の過去問1問で正答率を記録する。,numeric-trap-choices:数値問題の引っかけ対策;related-terms-navigation:関連用語の回遊;glossary-study-method:用語集の使い方;almost-correct-review:惜しい問題の見直し,混同語対策は独学でもできますか？,「混同語対策は独学でもできますか？」については、公式テキスト＋過去問演習＋用語解説の3点セットで進める。弱点は比較表で補強する。混同しやすい近義語を比較表の左右に整理する。誤答肢は色分けして復習する。本記事の誤答肢を比較表に整理する。,ペア10組;比較表1行;5語/週;3日後の解き直し;11月見直し
related-terms-navigation,用語ハブ活用法,マンション管理士試験の関連用語での回遊学習,マンション管理士試験の関連用語回遊学習。2段まで・週10語の使い方、演習ミスから用語解説（terms/）へ戻る導線を令和8年度11月29日試験向けに具体例付き解説。,マンション管理士試験の用語は、管理組合・修繕積立金・決議要件のようにセット出題です。,35,用語集;知識整理,マン管マスター編集部,資格学習サイトの編集チーム,公式情報確認担当,公開前に一次情報との照合を行う担当者,2026-06-05,公益財団法人マンション管理センター（公式）|https://www.mankan.org/,手書きリライト 2026-06-04。自動prose差し替え 2026-06-04（要手書き）。用語ハブ活用法向けテンプレートから作成。公開前に本文・参照URL・関連リンクを差し替える。,本記事を読むと、関連用語の回遊ルールが分かり、たとえば「6/5 Q3ミス→関連1段→演習5問」まで設計できます。,演習ミス語から用語ページを開く;関連リンクは2段まで、3段目は翌日;回遊は週10語まで上限;日曜15分で深追い語を確認;11月はA30語のみ・回遊停止,試験要項・公式ページ更新時に本文と参照元を見直す。,2026-06-05,2026-06-29,2026-06-05,published,2026-06-05: 編集合格（手書きリライト・具体例）,6/5：ミス語→関連1段→停止,"数値・日程・合格基準は年度で更新されるため、学習前と申込前にはマンション管理士試験センター（公式）の最新案内を確認してください。演習で関連用語での回遊学習に関する設問を解いたら。正解理由と誤答肢の違いを短くメモし、用語解説・比較表・よくある誤答タブで似た論点を比較表で整理すると定着しやすくなります。

関連記事は役割が重ならないよう、概要→形式→学習計画の順で読むと迷いにくくなります。数値・日程・合格基準は年度で更新されるため、学習前と申込前には公益財団法人マンション管理センターの最新案内を確認してください。",用語解説（terms/）：関連リンク2段,"演習で分からなかった語句は、用語解説タブで定義・試験論点・よくある誤解まで確認します。関連用語から2件以上読むと、関連用語での回遊学習の設問で並べられた選択肢の意図が見えやすくなります。

用語だけ暗記しても事例問題は解けないため、演習→用語→演習の往復を1セットとして回してください。「用語解説（terms/）：関連リンク2段」では。関連用語での回遊学習について公式テキストの該当章を開き、条文の主体・期限・数値を演習問題とセットで押さえて定着を確認します。数値・日程はマンション管理士試験センター（公式）の最新要項で必ず照合してください。",週10語上限：6月区・管各5語,"数値・日程・合格基準は年度で更新されるため、学習前と申込前にはマンション管理士試験センター（公式）の最新案内を確認してください。演習で関連用語での回遊学習に関する設問を解いたら。正解理由と誤答肢の違いを短くメモし、用語解説・比較表・よくある誤答タブで似た論点を比較表で整理すると定着しやすくなります。

演習10問を解き、解説で参照条文を公式テキストで開いて読み返してください。数値・日程・合格基準は年度で更新されるため、学習前と申込前には公益財団法人マンション管理センターの最新案内を確認してください。",日曜15分：深追い・正答率1行,"数値・日程・合格基準は年度で更新されるため、学習前と申込前にはマンション管理士試験センター（公式）の最新案内を確認してください。演習で関連用語での回遊学習に関する設問を解いたら。正解理由と誤答肢の違いを短くメモし、用語解説・比較表・よくある誤答タブで似た論点を比較表で整理すると定着しやすくなります。

演習10問を解き、解説で参照条文を公式テキストで開いて読み返してください。数値・日程・合格基準は年度で更新されるため、学習前と申込前には公益財団法人マンション管理センターの最新案内を確認してください。",11月：回遊停止・A30語90％,"数値・日程・合格基準は年度で更新されるため、学習前と申込前にはマンション管理士試験センター（公式）の最新案内を確認してください。演習で関連用語での回遊学習に関する設問を解いたら。正解理由と誤答肢の違いを短くメモし、用語解説・比較表・よくある誤答タブで似た論点を比較表で整理すると定着しやすくなります。

演習10問を解き、解説で参照条文を公式テキストで開いて読み返してください。数値・日程・合格基準は年度で更新されるため、学習前と申込前には公益財団法人マンション管理センターの最新案内を確認してください。",,,,,関連リンクは全部開くべきですか？,「関連リンクは全部開くべきですか」はマンション管理士試験の公式テキスト該当章とマンション管理士試験センター（公式）で確認するのが確実です。関連用語での回遊学習では、条文の要件（誰が・いつ・何を）を演習問題とセットで押さえてください。,回遊と混同ペア対策は別管理しますか？,「回遊と混同ペア対策は別管理しますか」はマンション管理士試験の公式テキスト該当章とマンション管理士試験センター（公式）で確認するのが確実です。関連用語での回遊学習では、条文の要件（誰が・いつ・何を）を演習問題とセットで押さえてください。,glossary-study-method:用語集の使い方;confusing-terms:混同しやすい用語ペア;important-terms-list:重要用語の押さえ方;glossary-how-to:用語解説（terms/）の使い方,回遊学習は独学でもできますか？,読了後は、関連用語での回遊学習の関連する演習を5問以上解き、間違えた選択肢を用語解説で確認してから関連ガイドへ進んでください。1週間後の解き直し日をカレンダーに入れると定着しやすくなります。数値・主体・手順はマンション管理士試験センターの最新案内と照合してください。,2段まで;10語/週;ミス語起点;日曜15分;11月停止
terms-with-past-questions,用語ハブ活用法,マンション管理士試験の用語と過去問の併用,マンション管理士試験の用語と過去問併用。5語→10問→3日後の解き直し、用語解説週次ループを令和8年度11月29日試験向けに具体例付き解説。,マンション管理士試験では、用語定義があっても4択文言で迷います。本記事を読むと、用語と過去問の週次ループが分かり、たとえば「月曜5語→火〜木10問→日曜解き直し」まで設計できます。,35,用語集;知識整理,マン管マスター編集部,資格学習サイトの編集チーム,公式情報確認担当,公開前に一次情報との照合を行う担当者,2026-06-05,公益財団法人マンション管理センター（公式）|https://www.mankan.org/,手書きリライト 2026-06-04。自動prose差し替え 2026-06-04（要手書き）。用語ハブ活用法向けテンプレートから作成。公開前に本文・参照URL・関連リンクを差し替える。,本記事を読むと、用語と過去問の週次ループが分かり、たとえば「月曜5語→火〜木10問→日曜解き直し」まで設計できます。,月曜：用語解説で5語（ミス3＋新出2）;火〜木：同分野演習10問;6/8 3日後：誤答のみ解き直し;日曜15分：正答率1行更新;11月は新規5語停止・ミス30問,試験要項・公式ページ更新時に本文と参照元を見直す。,2026-06-05,2026-06-29,2026-06-05,published,2026-06-05: 編集合格（手書きリライト・具体例）,週次表：月5語→木10問→日解き直し,"解き直しは、当日・3日後・1週間後の間隔を空けると記憶の定着を確認しやすくなります。ブラウザの復習機能やブックマーク一覧を「用語と過去問の併用関連」でフィルタし、優先順位を付けてください。

2回連続で正解できても、解説を読まずに選んだ問題は三回目も解き直し対象にします。「なぜ正解か」を言語化できるまでが、本番レベルの理解です。「週次表：月5語→木10問→日解き直し」では。用語と過去問の併用について公式テキストの該当章を開き、条文の主体・期限・数値を演習問題とセットで押さえて定着を確認します。数値・日程はマンション管理士試験センター（公式）の最新要項で必ず照合してください。用語一覧は /terms/ から分野別に開き、比較表で関連論点を整理してください。",用語解説（terms/）：5語→演習10問,"用語と過去問の併用の理解度は、関連する演習問題で確認するのが効率的です。1問解くごとに「根拠はテキストのどの章か」をメモすると、復習時に該当ページへすぐ戻れます。

同じ問題を時間を空けて解き直し、言い換え選択肢でも正解できるかまで確認してください。二回連続正解でも、条件を1語変えた肢で誤答する場合は、用語の定義がまだ曖昧なサインです。「用語解説（terms/）：5語→演習10問」では。用語と過去問の併用について公式テキストの該当章を開き、条文の主体・期限・数値を演習問題とセットで押さえて定着を確認します。数値・日程はマンション管理士試験センター（公式）の最新要項で必ず照合してください。",一問一答：5語翌週20問（同分野）,"数値・日程・合格基準は年度で更新されるため、学習前と申込前にはマンション管理士試験センター（公式）の最新案内を確認してください。演習で用語と過去問の併用に関する設問を解いたら。正解理由と誤答肢の違いを短くメモし、用語解説・比較表・よくある誤答タブで似た論点を比較表で整理すると定着しやすくなります。

演習10問を解き、解説で参照条文を公式テキストで開いて読み返してください。数値・日程・合格基準は年度で更新されるため、学習前と申込前には公益財団法人マンション管理センターの最新案内を確認してください。",48％分野：用語5語→40問/月,"演習で分からなかった語句は、用語解説タブで定義・試験論点・よくある誤解まで確認します。関連用語から2件以上読むと、用語と過去問の併用の設問で並べられた選択肢の意図が見えやすくなります。

用語だけ暗記しても事例問題は解けないため、演習→用語→演習の往復を1セットとして回してください。「48％分野：用語5語→40問/月」では。用語と過去問の併用について公式テキストの該当章を開き、条文の主体・期限・数値を演習問題とセットで押さえて定着を確認します。数値・日程はマンション管理士試験センター（公式）の最新要項で必ず照合してください。",11月：5語0・ミス30問90％,"数値・日程・合格基準は年度で更新されるため、学習前と申込前にはマンション管理士試験センター（公式）の最新案内を確認してください。演習で用語と過去問の併用に関する設問を解いたら。正解理由と誤答肢の違いを短くメモし、用語解説・比較表・よくある誤答タブで似た論点を比較表で整理すると定着しやすくなります。

演習10問を解き、解説で参照条文を公式テキストで開いて読み返してください。数値・日程・合格基準は年度で更新されるため、学習前と申込前には公益財団法人マンション管理センターの最新案内を確認してください。",,,,,用語を先に全部読んでから過去問に入りますか？,「用語を先に全部読んでから過去問に入りますか」はマンション管理士試験の公式テキスト該当章とマンション管理士試験センター（公式）で確認するのが確実です。用語と過去問の併用では、条文の要件（誰が・いつ・何を）を演習問題とセットで押さえてください。,用語5語はどう選びますか？,「用語5語はどう選びますか」はマンション管理士試験の公式テキスト該当章とマンション管理士試験センター（公式）で確認するのが確実です。用語と過去問の併用では、条文の要件（誰が・いつ・何を）を演習問題とセットで押さえてください。,glossary-study-method:用語集の使い方;past-questions-by-field:分野別過去問;important-terms-list:重要用語の押さえ方;ichimon-practice:一問一答の活用法,用語と過去問併用は独学でもできますか？,過去問・演習問題は出題傾向把握と弱点発見に有効です。解きっぱなしにせず、用語解説へ戻る解き直しをセットにします。数値・主体・手順はマンション管理士試験センターの最新案内と照合してください。 用語と過去問の併用の論点は演習とマンション管理士試験センター（公式）の要項で確認してください。,5語→10問;3日後の解き直し;週次ループ;演習先;11月30問
terms-importance-levels,用語ハブ活用法,マンション管理士試験の用語の重要度の見方（A/B/C）,マンション管理士試験の用語重要度A/B/C。演習ミスからA級10語/週登録、7分野タグと用語解説（terms/）15分の往復を令和8年度11月29日50問120分本番向けに具体例付き解説。,マンション管理士試験の用語学習で失敗しやすいのは、全部同じ重要度で暗記することです。たとえば2026年6/5区10問後→Aミス3語・B重点7語——11月29日（日）13:00〜15:00まで約25週、A/B/Cは演習データから自分で付けます。,35,用語集;知識整理,マン管マスター編集部,資格学習サイトの編集チーム,公式情報確認担当,公開前に一次情報との照合を行う担当者,2026-06-05,公益財団法人マンション管理センター（公式）|https://www.mankan.org/,手書きリライト 2026-06-04。自動prose差し替え 2026-06-04（要手書き）。用語ハブ活用法向けテンプレートから作成。公開前に本文・参照URL・関連リンクを差し替える。,本記事を読むと、A/B/Cの付け方と運用が分かり、たとえば「6/5ミス3→A級→11月A30語90％」まで設計できます。,演習ミス語をA級、今週分野をB級に分類;C級は月1回15分、11月はAのみ;A級は週2回、B級は週1回復習;用語解説（terms/）で10語/週確認;48％分野のミス語をA昇格,試験要項・公式ページ更新時に本文と参照元を見直す。,2026-06-05,2026-06-29,2026-06-05,published,2026-06-05: 編集合格（手書きリライト・具体例）,6/5：Aミス3・B重点7・C保留,"数値・日程・合格基準は年度で更新されるため、学習前と申込前にはマンション管理士試験センター（公式）の最新案内を確認してください。演習で用語の重要度の見方（A/B/C）に関する設問を解いたら。正解理由と誤答肢の違いを短くメモし、用語解説・比較表・よくある誤答タブで似た論点を比較表で整理すると定着しやすくなります。

演習10問を解き、解説で参照条文を公式テキストで開いて読み返してください。数値・日程・合格基準は年度で更新されるため、学習前と申込前には公益財団法人マンション管理センターの最新案内を確認してください。",用語解説（terms/）：A10語/週,"演習で分からなかった語句は、用語解説タブで定義・試験論点・よくある誤解まで確認します。関連用語から2件以上読むと、用語の重要度の見方（A/B/C）の設問で並べられた選択肢の意図が見えやすくなります。

用語だけ暗記しても事例問題は解けないため、演習→用語→演習の往復を1セットとして回してください。「用語解説（terms/）：A10語/週」では。用語の重要度の見方（A/B/C）について公式テキストの該当章を開き、条文の主体・期限・数値を演習問題とセットで押さえて定着を確認します。数値・日程はマンション管理士試験センター（公式）の最新要項で必ず照合してください。",48％分野：A語を増やし70％配分,"数値・日程・合格基準は年度で更新されるため、学習前と申込前にはマンション管理士試験センター（公式）の最新案内を確認してください。演習で用語の重要度の見方（A/B/C）に関する設問を解いたら。正解理由と誤答肢の違いを短くメモし、用語解説・比較表・よくある誤答タブで似た論点を比較表で整理すると定着しやすくなります。

演習10問を解き、解説で参照条文を公式テキストで開いて読み返してください。数値・日程・合格基準は年度で更新されるため、学習前と申込前には公益財団法人マンション管理センターの最新案内を確認してください。",9月：通し50問でA/B再選別,"数値・日程・合格基準は年度で更新されるため、学習前と申込前にはマンション管理士試験センター（公式）の最新案内を確認してください。演習で用語の重要度の見方（A/B/C）に関する設問を解いたら。正解理由と誤答肢の違いを短くメモし、用語解説・比較表・よくある誤答タブで似た論点を比較表で整理すると定着しやすくなります。

演習10問を解き、解説で参照条文を公式テキストで開いて読み返してください。数値・日程・合格基準は年度で更新されるため、学習前と申込前には公益財団法人マンション管理センターの最新案内を確認してください。",11月：A30語90％・B/C停止,"数値・日程・合格基準は年度で更新されるため、学習前と申込前にはマンション管理士試験センター（公式）の最新案内を確認してください。演習で用語の重要度の見方（A/B/C）に関する設問を解いたら。正解理由と誤答肢の違いを短くメモし、用語解説・比較表・よくある誤答タブで似た論点を比較表で整理すると定着しやすくなります。

演習10問を解き、解説で参照条文を公式テキストで開いて読み返してください。数値・日程・合格基準は年度で更新されるため、学習前と申込前には公益財団法人マンション管理センターの最新案内を確認してください。",,,,,A/B/Cは誰が決める公式分類ですか？,「A/B/Cは誰が決める公式分類ですか？」については、マンション管理士試験の用語学習で失敗しやすいのは、全部同じ重要度で暗記することです。たとえば2026年6/5区10問後→Aミス3語・B重点7語——11月29日（日）13:00〜15:00まで約25週、…。最新の公式要項と照合する。本記事の公式数値表で確認する。,C級は完全に捨ててよいですか？,「C級は完全に捨ててよいですか？」は過去問演習で出題形式を把握し、正答後に用語解説で論点を復習する。過去問1問の正答理由をノートに記録して復習する。正答後は関連条文を開く。試験要項の最新版も確認。本記事関連の過去問1問で正答率を記録する。,important-terms-list:重要用語の押さえ方;glossary-study-method:用語集の使い方;terms-with-past-questions:用語と過去問の併用;glossary-how-to:用語解説（terms/）の使い方,A/B/C運用は独学でもできますか？,「A/B/C運用は独学でもできますか？」については、公式テキスト＋過去問演習＋用語解説の3点セットで進める。弱点は比較表で補強する。混同しやすい近義語を比較表の左右に整理する。誤答肢は色分けして復習する。本記事の誤答肢を比較表に整理する。,Aミス語;B重点;C月1回;11月A30;自分で付け
numbers-and-deadlines,用語ハブ活用法,マンション管理士試験の数字・期限のまとめ方,マンション管理士試験の数字・期限のまとめ方。A4比較表10行・用語解説（terms/）15分、3/4 vs 4/5を令和8年度11月29日試験向けに具体例付き解説。,たとえば2026年6/5 Q7「3/4 vs 4/5」誤答→1行比較表——11月29日（日）13:00〜15:00まで約25週、用語解説（terms/）で15分確認します。,35,用語集;知識整理,マン管マスター編集部,資格学習サイトの編集チーム,公式情報確認担当,公開前に一次情報との照合を行う担当者,2026-06-05,公益財団法人マンション管理センター（公式）|https://www.mankan.org/,手書きリライト 2026-06-04。自動prose差し替え 2026-06-04（要手書き）。用語ハブ活用法向けテンプレートから作成。公開前に本文・参照URL・関連リンクを差し替える。,本記事を読むと、数字・期限のまとめ方が分かり、たとえば「6/5 Q7→比較表1行→用語解説（terms/）15分→6/8 3日後」まで設計できます。,演習ミスから数字・期限ペア10行をA4比較表に;用語解説（terms/）で両語15分確認;週次：5行追加→演習10問;3日後解き直し・3連続正解で除外;11月は10行見直しのみ,試験要項・公式ページ更新時に本文と参照元を見直す。,2026-06-05,2026-06-29,2026-06-05,published,2026-06-05: 編集合格（手書きリライト・具体例）,6/5：演習ミス→比較表10行,"数字・期限のまとめ方の理解度は、関連する演習問題で確認するのが効率的です。1問解くごとに「根拠はテキストのどの章か」をメモすると、復習時に該当ページへすぐ戻れます。

同じ問題を時間を空けて解き直し、言い換え選択肢でも正解できるかまで確認してください。二回連続正解でも、条件を1語変えた肢で誤答する場合は、用語の定義がまだ曖昧なサインです。「6/5：演習ミス→比較表10行」では。数字・期限のまとめ方について公式テキストの該当章を開き、条文の主体・期限・数値を演習問題とセットで押さえて定着を確認します。数値・日程はマンション管理士試験センター（公式）の最新要項で必ず照合してください。用語一覧は /terms/ から分野別に開き、比較表で関連論点を整理してください。",用語解説（terms/）：数字確認15分,"独学を始める前に、マンション管理士試験センター（公式）で受験資格・試験日程・出題範囲（3分野）・合格基準をメモしてください。数字・期限のまとめ方の学習計画は、公式テキストの章立てと一致させると、過去問の分野ラベルとも対応づけやすくなります。

ブログやSNSの「最新情報」は、必ずマンション管理士試験センターのページと照合してから採用してください。申込期限や受験料は年度ごとに変わるため、カレンダーに締切を入れてから教材を開く習慣が有効です。用語一覧は /terms/ から分野別に開き、比較表で関連論点を整理してください。",週次：5行追加→演習10問,"数字・期限のまとめ方の理解度は、関連する演習問題で確認するのが効率的です。1問解くごとに「根拠はテキストのどの章か」をメモすると、復習時に該当ページへすぐ戻れます。

同じ問題を時間を空けて解き直し、言い換え選択肢でも正解できるかまで確認してください。二回連続正解でも、条件を1語変えた肢で誤答する場合は、用語の定義がまだ曖昧なサインです。「週次：5行追加→演習10問」では。数字・期限のまとめ方について公式テキストの該当章を開き、条文の主体・期限・数値を演習問題とセットで押さえて定着を確認します。数値・日程はマンション管理士試験センター（公式）の最新要項で必ず照合してください。用語一覧は /terms/ から分野別に開き、比較表で関連論点を整理してください。",6/8 3日後：数字ミス解き直し,"解き直しは、当日・3日後・1週間後の間隔を空けると記憶の定着を確認しやすくなります。ブラウザの復習機能やブックマーク一覧を「数字・期限のまとめ方関連」でフィルタし、優先順位を付けてください。

2回連続で正解できても、解説を読まずに選んだ問題は三回目も解き直し対象にします。「なぜ正解か」を言語化できるまでが、本番レベルの理解です。「6/8 3日後：数字ミス解き直し」では。数字・期限のまとめ方について公式テキストの該当章を開き、条文の主体・期限・数値を演習問題とセットで押さえて定着を確認します。数値・日程はマンション管理士試験センター（公式）の最新要項で必ず照合してください。用語一覧は /terms/ から分野別に開き、比較表で関連論点を整理してください。",11月：10行見直し・新規0,"数値・日程・合格基準は年度で更新されるため、学習前と申込前にはマンション管理士試験センター（公式）の最新案内を確認してください。演習で数字・期限のまとめ方に関する設問を解いたら。正解理由と誤答肢の違いを短くメモし、用語解説・比較表・よくある誤答タブで似た論点を比較表で整理すると定着しやすくなります。

演習10問を解き、解説で参照条文を公式テキストで開いて読み返してください。数値・日程・合格基準は年度で更新されるため、学習前と申込前には公益財団法人マンション管理センターの最新案内を確認してください。",,,,,数字・期限は何行までまとめればよいですか？,「数字・期限は何行までまとめればよいですか」はマンション管理士試験の公式テキスト該当章とマンション管理士試験センター（公式）で確認するのが確実です。数字・期限のまとめ方では、条文の要件（誰が・いつ・何を）を演習問題とセットで押さえてください。,数字表と公式表は同じA4にしますか？,「数字表と公式表は同じA4にしますか」はマンション管理士試験の公式テキスト該当章とマンション管理士試験センター（公式）で確認するのが確実です。数字・期限のまとめ方では、条文の要件（誰が・いつ・何を）を演習問題とセットで押さえてください。,numeric-trap-choices:数値問題の引っかけ対策;formula-memorization:公式・計算式の覚え方;confusing-terms:混同しやすい用語ペア;glossary-how-to:用語解説（terms/）の使い方,数字・期限のまとめは独学でもできますか？,読了後は、数字・期限のまとめ方の関連する演習を5問以上解き、間違えた選択肢を用語解説で確認してから関連ガイドへ進んでください。1週間後の解き直し日をカレンダーに入れると定着しやすくなります。数値・主体・手順はマンション管理士試験センターの最新案内と照合してください。,10行表;用語解説15分;3/4 vs 4/5;3日後の解き直し;11月見直し
formula-memorization,用語ハブ活用法,マンション管理士試験の公式・計算式の覚え方,マンション管理士試験の公式・計算式の覚え方。カード30枚・式1行・用語10件、48％70％を令和8年度11月29日試験向けに具体例付き解説。,マンション管理士試験の数値問題では、式の形だけ暗記しても条件を読み違えます。たとえば2026年6/5按分10問→カード30枚＋用語解説（terms/）10件——11月29日（日）13:00〜15:00まで約25週、変数の意味を用語ページで確認してから式1行です。,35,用語集;知識整理,マン管マスター編集部,資格学習サイトの編集チーム,公式情報確認担当,公開前に一次情報との照合を行う担当者,2026-06-05,公益財団法人マンション管理センター（公式）|https://www.mankan.org/,手書きリライト 2026-06-04。自動prose差し替え 2026-06-04（要手書き）。用語ハブ活用法向けテンプレートから作成。公開前に本文・参照URL・関連リンクを差し替える。,本記事を読むと、公式カードの作り方が分かり、たとえば「6/5按分カード5枚→週末用語10件→7月70％」まで設計できます。,頻出公式を30枚に集約（按分・決議・会計）;カードは式のみ、変数は用語解説（terms/）で確認;演習前に式1行を紙に書いてから解く;計算タグ4以上は該当章10p;11月は新規カード停止・ミス20問,試験要項・公式ページ更新時に本文と参照元を見直す。,2026-06-05,2026-06-29,2026-06-05,published,2026-06-05: 編集合格（手書きリライト・具体例）,6/5：カード表裏・式のみ30枚,"数値・日程・合格基準は年度で更新されるため、学習前と申込前にはマンション管理士試験センター（公式）の最新案内を確認してください。演習で公式・計算式の覚え方に関する設問を解いたら。正解理由と誤答肢の違いを短くメモし、用語解説・比較表・よくある誤答タブで似た論点を比較表で整理すると定着しやすくなります。

表をノートに転記したら、演習10問で理解を確認し、誤答は公式テキスト該当章で読み直してください。数値・日程・合格基準は年度で更新されるため、学習前と申込前には公益財団法人マンション管理センターの最新案内を確認してください。",用語解説（terms/）：変数10件/週,"演習で分からなかった語句は、用語解説タブで定義・試験論点・よくある誤解まで確認します。関連用語から2件以上読むと、公式・計算式の覚え方の設問で並べられた選択肢の意図が見えやすくなります。

用語だけ暗記しても事例問題は解けないため、演習→用語→演習の往復を1セットとして回してください。「用語解説（terms/）：変数10件/週」では。公式・計算式の覚え方について公式テキストの該当章を開き、条文の主体・期限・数値を演習問題とセットで押さえて定着を確認します。数値・日程はマンション管理士試験センター（公式）の最新要項で必ず照合してください。",3系統ローテ：按分・決議・会計,"数値・日程・合格基準は年度で更新されるため、学習前と申込前にはマンション管理士試験センター（公式）の最新案内を確認してください。演習で公式・計算式の覚え方に関する設問を解いたら。正解理由と誤答肢の違いを短くメモし、用語解説・比較表・よくある誤答タブで似た論点を比較表で整理すると定着しやすくなります。

演習10問を解き、解説で参照条文を公式テキストで開いて読み返してください。数値・日程・合格基準は年度で更新されるため、学習前と申込前には公益財団法人マンション管理センターの最新案内を確認してください。",演習接続：式1行→10問5分,"公式・計算式の覚え方の理解度は、関連する演習問題で確認するのが効率的です。1問解くごとに「根拠はテキストのどの章か」をメモすると、復習時に該当ページへすぐ戻れます。

同じ問題を時間を空けて解き直し、言い換え選択肢でも正解できるかまで確認してください。二回連続正解でも、条件を1語変えた肢で誤答する場合は、用語の定義がまだ曖昧なサインです。「演習接続：式1行→10問5分」では。公式・計算式の覚え方について公式テキストの該当章を開き、条文の主体・期限・数値を演習問題とセットで押さえて定着を確認します。数値・日程はマンション管理士試験センター（公式）の最新要項で必ず照合してください。用語一覧は /terms/ から分野別に開き、比較表で関連論点を整理してください。",11月：カード0・計算ミス20問90％,"数値・日程・合格基準は年度で更新されるため、学習前と申込前にはマンション管理士試験センター（公式）の最新案内を確認してください。演習で公式・計算式の覚え方に関する設問を解いたら。正解理由と誤答肢の違いを短くメモし、用語解説・比較表・よくある誤答タブで似た論点を比較表で整理すると定着しやすくなります。

演習10問を解き、解説で参照条文を公式テキストで開いて読み返してください。数値・日程・合格基準は年度で更新されるため、学習前と申込前には公益財団法人マンション管理センターの最新案内を確認してください。",,,,,公式は全部カードにしますか？,「公式は全部カードにしますか？」については、マンション管理士試験の数値問題では、式の形だけ暗記しても条件を読み違えます。たとえば2026年6/5按分10問→カード30枚＋用語解説（terms/）10件——11月29日（日）13:00〜15:00…。最新の公式要項と照合する。本記事の公式数値表で確認する。,カードとテキスト、どちらを先に読みますか？,「カードとテキスト、どちらを先に読みますか？」は過去問演習で出題形式を把握し、正答後に用語解説で論点を復習する。過去問1問の正答理由をノートに記録して復習する。正答後は関連条文を開く。試験要項の最新版も確認。本記事関連の過去問1問で正答率を記録する。,calculation-drill:計算ドリル;rate-and-percentage:割合・パーセント問題;glossary-study-method:用語集の使い方,公式暗記は独学でもできますか？,「公式暗記は独学でもできますか？」については、公式テキスト＋過去問演習＋用語解説の3点セットで進める。弱点は比較表で補強する。混同しやすい近義語を比較表の左右に整理する。誤答肢は色分けして復習する。試験要項の最新版も確認。本記事の誤答肢を比較表に整理する。,カード30枚;式1行;用語10件;変数確認;11月停止
calculation-drill,用語ハブ活用法,マンション管理士試験の計算ドリル（短時間反復）,マンション管理士試験の計算ドリル。1日10問5分・式1行メモ、48％未満分野を70％まで上げる週次サイクルを令和8年度11月29日50問120分本番向けに具体例付き解説。,マンション管理士試験の計算問題は、長時間一括より短いドリル毎日の方が定着します。,35,用語集;知識整理,マン管マスター編集部,資格学習サイトの編集チーム,公式情報確認担当,公開前に一次情報との照合を行う担当者,2026-06-05,公益財団法人マンション管理センター（公式）|https://www.mankan.org/,手書きリライト 2026-06-04。自動prose差し替え 2026-06-04（要手書き）。用語ハブ活用法向けテンプレートから作成。公開前に本文・参照URL・関連リンクを差し替える。,本記事を読むと、計算ドリルの組み方が分かり、たとえば「6/5按分10問→週末式1行→7月70％」まで設計できます。,1日10問・5分から開始（同系統）;式を紙1行に書いてから解く;計算タグ4問以上は該当章10p;週末15分で罠ペア比較表1行;11月は新規ドリル停止・ミス20問,試験要項・公式ページ更新時に本文と参照元を見直す。,2026-06-05,2026-06-29,2026-06-05,published,2026-06-05: 編集合格（手書きリライト・具体例）,6/5：按分10問・5分・式1行,"数値・日程・合格基準は年度で更新されるため、学習前と申込前にはマンション管理士試験センター（公式）の最新案内を確認してください。演習で計算ドリル（短時間反復）に関する設問を解いたら。正解理由と誤答肢の違いを短くメモし、用語解説・比較表・よくある誤答タブで似た論点を比較表で整理すると定着しやすくなります。

演習10問を解き、解説で参照条文を公式テキストで開いて読み返してください。数値・日程・合格基準は年度で更新されるため、学習前と申込前には公益財団法人マンション管理センターの最新案内を確認してください。",用語10件：週末15分で変数確認,"独学を始める前に、マンション管理士試験センター（公式）で受験資格・試験日程・出題範囲（3分野）・合格基準をメモしてください。計算ドリル（短時間反復）の学習計画は、公式テキストの章立てと一致させると、過去問の分野ラベルとも対応づけやすくなります。

ブログやSNSの「最新情報」は、必ずマンション管理士試験センターのページと照合してから採用してください。申込期限や受験料は年度ごとに変わるため、カレンダーに締切を入れてから教材を開く習慣が有効です。用語一覧は /terms/ から分野別に開き、比較表で関連論点を整理してください。",計算タグ4：該当章10p＋一問10,"数値・日程・合格基準は年度で更新されるため、学習前と申込前にはマンション管理士試験センター（公式）の最新案内を確認してください。演習で計算ドリル（短時間反復）に関する設問を解いたら。正解理由と誤答肢の違いを短くメモし、用語解説・比較表・よくある誤答タブで似た論点を比較表で整理すると定着しやすくなります。

演習10問を解き、解説で参照条文を公式テキストで開いて読み返してください。数値・日程・合格基準は年度で更新されるため、学習前と申込前には公益財団法人マンション管理センターの最新案内を確認してください。",罠ペア：3/4 vs 4/5を比較表1行,"数値・日程・合格基準は年度で更新されるため、学習前と申込前にはマンション管理士試験センター（公式）の最新案内を確認してください。演習で計算ドリル（短時間反復）に関する設問を解いたら。正解理由と誤答肢の違いを短くメモし、用語解説・比較表・よくある誤答タブで似た論点を比較表で整理すると定着しやすくなります。

表をノートに転記したら、演習10問で理解を確認し、誤答は公式テキスト該当章で読み直してください。数値・日程・合格基準は年度で更新されるため、学習前と申込前には公益財団法人マンション管理センターの最新案内を確認してください。",11月：ドリル0・計算ミス20問90％,"数値・日程・合格基準は年度で更新されるため、学習前と申込前にはマンション管理士試験センター（公式）の最新案内を確認してください。演習で計算ドリル（短時間反復）に関する設問を解いたら。正解理由と誤答肢の違いを短くメモし、用語解説・比較表・よくある誤答タブで似た論点を比較表で整理すると定着しやすくなります。

演習10問を解き、解説で参照条文を公式テキストで開いて読み返してください。数値・日程・合格基準は年度で更新されるため、学習前と申込前には公益財団法人マンション管理センターの最新案内を確認してください。",,,,,計算ドリルは毎日必要ですか？,「計算ドリルは毎日必要ですか」はマンション管理士試験の公式テキスト該当章とマンション管理士試験センター（公式）で確認するのが確実です。計算ドリル（短時間反復）では、条文の要件（誰が・いつ・何を）を演習問題とセットで押さえてください。,計算が苦手な分野だけドリルすればよいですか？,「計算が苦手な分野だけドリルすればよいですか」はマンション管理士試験の公式テキスト該当章とマンション管理士試験センター（公式）で確認するのが確実です。計算ドリル（短時間反復）では、条文の要件（誰が・いつ・何を）を演習問題とセットで押さえてください。,rate-and-percentage:割合・パーセント問題;formula-memorization:公式・計算式の覚え方;numeric-trap-choices:数値問題の引っかけ対策;field-limit-calculation:管理組合の計算,計算ドリルは独学でもできますか？,読了後は、計算ドリル（短時間反復）の関連する演習を5問以上解き、間違えた選択肢を用語解説で確認してから関連ガイドへ進んでください。1週間後の解き直し日をカレンダーに入れると定着しやすくなります。数値・主体・手順はマンション管理士試験センターの最新案内と照合してください。,10問5分;式1行;3系統;用語10件;11月停止
rate-and-percentage,用語ハブ活用法,マンション管理士試験の割合・パーセント問題の解き方,マンション管理士試験の割合・パーセント問題。3系統整理表・罠ペア1行、週10問5分と用語10件15分の往復を令和8年度11月29日50問120分本番向けに具体例付き解説。,マンション管理士試験の割合問題は、按分・過半数・3/4など言い換えが罠になります。,35,用語集;知識整理,マン管マスター編集部,資格学習サイトの編集チーム,公式情報確認担当,公開前に一次情報との照合を行う担当者,2026-06-05,公益財団法人マンション管理センター（公式）|https://www.mankan.org/,手書きリライト 2026-06-04。自動prose差し替え 2026-06-04（要手書き）。用語ハブ活用法向けテンプレートから作成。公開前に本文・参照URL・関連リンクを差し替える。,本記事を読むと、3系統の整理と解き方が分かり、たとえば「按分10問→3/4 vs 4/5比較1行→7月70％」まで設計できます。,按分・決議・会計の3系統整理表をA4に;演習前に用語解説で定義10件/週確認;式を紙1行に書いてから計算;週末15分で罠ペア比較表1行;11月は新規停止・計算ミス20問,試験要項・公式ページ更新時に本文と参照元を見直す。,2026-06-05,2026-06-29,2026-06-05,published,2026-06-05: 編集合格（手書きリライト・具体例）,6/5：3系統表（按分・決議・会計）,"数値・日程・合格基準は年度で更新されるため、学習前と申込前にはマンション管理士試験センター（公式）の最新案内を確認してください。演習で割合・パーセント問題の解き方に関する設問を解いたら。正解理由と誤答肢の違いを短くメモし、用語解説・比較表・よくある誤答タブで似た論点を比較表で整理すると定着しやすくなります。

表をノートに転記したら、演習10問で理解を確認し、誤答は公式テキスト該当章で読み直してください。数値・日程・合格基準は年度で更新されるため、学習前と申込前には公益財団法人マンション管理センターの最新案内を確認してください。",用語解説：定義10件→演習10問,"割合・パーセント問題の解き方の理解度は、関連する演習問題で確認するのが効率的です。1問解くごとに「根拠はテキストのどの章か」をメモすると、復習時に該当ページへすぐ戻れます。

同じ問題を時間を空けて解き直し、言い換え選択肢でも正解できるかまで確認してください。二回連続正解でも、条件を1語変えた肢で誤答する場合は、用語の定義がまだ曖昧なサインです。「用語解説：定義10件→演習10問」では。割合・パーセント問題の解き方について公式テキストの該当章を開き、条文の主体・期限・数値を演習問題とセットで押さえて定着を確認します。数値・日程はマンション管理士試験センター（公式）の最新要項で必ず照合してください。",式1行：演習前に紙に書く,"割合・パーセント問題の解き方の理解度は、関連する演習問題で確認するのが効率的です。1問解くごとに「根拠はテキストのどの章か」をメモすると、復習時に該当ページへすぐ戻れます。

同じ問題を時間を空けて解き直し、言い換え選択肢でも正解できるかまで確認してください。二回連続正解でも、条件を1語変えた肢で誤答する場合は、用語の定義がまだ曖昧なサインです。「式1行：演習前に紙に書く」では。割合・パーセント問題の解き方について公式テキストの該当章を開き、条文の主体・期限・数値を演習問題とセットで押さえて定着を確認します。数値・日程はマンション管理士試験センター（公式）の最新要項で必ず照合してください。用語一覧は /terms/ から分野別に開き、比較表で関連論点を整理してください。",週末15分：罠ペア比較表1行,"数値・日程・合格基準は年度で更新されるため、学習前と申込前にはマンション管理士試験センター（公式）の最新案内を確認してください。演習で割合・パーセント問題の解き方に関する設問を解いたら。正解理由と誤答肢の違いを短くメモし、用語解説・比較表・よくある誤答タブで似た論点を比較表で整理すると定着しやすくなります。

表をノートに転記したら、演習10問で理解を確認し、誤答は公式テキスト該当章で読み直してください。数値・日程・合格基準は年度で更新されるため、学習前と申込前には公益財団法人マンション管理センターの最新案内を確認してください。",11月：割合新規0・ミス20問90％,"数値・日程・合格基準は年度で更新されるため、学習前と申込前にはマンション管理士試験センター（公式）の最新案内を確認してください。演習で割合・パーセント問題の解き方に関する設問を解いたら。正解理由と誤答肢の違いを短くメモし、用語解説・比較表・よくある誤答タブで似た論点を比較表で整理すると定着しやすくなります。

演習10問を解き、解説で参照条文を公式テキストで開いて読み返してください。数値・日程・合格基準は年度で更新されるため、学習前と申込前には公益財団法人マンション管理センターの最新案内を確認してください。",,,,,割合は暗記カードだけで足りますか？,「割合は暗記カードだけで足りますか？」については、マンション管理士試験の割合問題は、按分・過半数・3/4など言い換えが罠になります。たとえば2026年6/5按分10問→3系統表＋用語10件15分——11月29日（日）13:00〜15:00まで約25週…。最新の公式要項と照合する。本記事の公式数値表で確認する。,按分と決議、どちらを先に学べばよいですか？,「按分と決議、どちらを先に学べばよいですか？」は過去問演習で出題形式を把握し、正答後に用語解説で論点を復習する。過去問1問の正答理由をノートに記録して復習する。正答後は関連条文を開く。試験要項の最新版も確認。本記事関連の過去問1問で正答率を記録する。,calculation-drill:計算ドリル;numeric-trap-choices:数値問題の引っかけ対策;formula-memorization:公式・計算式の覚え方;glossary-study-method:用語集の使い方,割合問題は独学でも対策できますか？,「割合問題は独学でも対策できますか？」については、公式テキスト＋過去問演習＋用語解説の3点セットで進める。弱点は比較表で補強する。混同しやすい近義語を比較表の左右に整理する。誤答肢は色分けして復習する。本記事の誤答肢を比較表に整理する。,3系統表;用語10件;式1行;罠ペア1行;48％→70％
numeric-trap-choices,用語ハブ活用法,マンション管理士試験の数値問題の引っかけ対策,マンション管理士試験の数値引っかけ対策。罠ペア10組・A4比較表1行、3/4 vs 4/5混同の3日後解き直しを令和8年度11月29日50問120分本番向けに具体例付き解説。,マンション管理士試験の数値問題では、3/4と4/5など近い値が選択肢に並びます。,35,用語集;知識整理,マン管マスター編集部,資格学習サイトの編集チーム,公式情報確認担当,公開前に一次情報との照合を行う担当者,2026-06-05,公益財団法人マンション管理センター（公式）|https://www.mankan.org/,手書きリライト 2026-06-04。自動prose差し替え 2026-06-04（要手書き）。用語ハブ活用法向けテンプレートから作成。公開前に本文・参照URL・関連リンクを差し替える。,本記事を読むと、罠ペアの作り方と対策が分かり、たとえば「Q8 3/4誤答→ペア登録→3日解き直し」まで設計できます。,演習ミスから罠ペア10組をA4に登録;週末15分で比較表1行更新;用語解説で定義確認（過半数・3/4等）;解き直しは3日後・3連続正解で除外;11月は新規ペア停止・ミス20問,試験要項・公式ページ更新時に本文と参照元を見直す。,2026-06-05,2026-06-29,2026-06-05,published,2026-06-05: 編集合格（手書きリライト・具体例）,6/5：頻出ペア3/4 vs 4/5,"数値・日程・合格基準は年度で更新されるため、学習前と申込前にはマンション管理士試験センター（公式）の最新案内を確認してください。演習で数値問題の引っかけ対策に関する設問を解いたら。正解理由と誤答肢の違いを短くメモし、用語解説・比較表・よくある誤答タブで似た論点を比較表で整理すると定着しやすくなります。

演習10問を解き、解説で参照条文を公式テキストで開いて読み返してください。数値・日程・合格基準は年度で更新されるため、学習前と申込前には公益財団法人マンション管理センターの最新案内を確認してください。",用語解説（terms/）：で定義→比較表,"演習で分からなかった語句は、用語解説タブで定義・試験論点・よくある誤解まで確認します。関連用語から2件以上読むと、数値問題の引っかけ対策の設問で並べられた選択肢の意図が見えやすくなります。

用語だけ暗記しても事例問題は解けないため、演習→用語→演習の往復を1セットとして回してください。「用語解説（terms/）：で定義→比較表」では。数値問題の引っかけ対策について公式テキストの該当章を開き、条文の主体・期限・数値を演習問題とセットで押さえて定着を確認します。数値・日程はマンション管理士試験センター（公式）の最新要項で必ず照合してください。",10組上限：2週で5組追加,"数値・日程・合格基準は年度で更新されるため、学習前と申込前にはマンション管理士試験センター（公式）の最新案内を確認してください。演習で数値問題の引っかけ対策に関する設問を解いたら。正解理由と誤答肢の違いを短くメモし、用語解説・比較表・よくある誤答タブで似た論点を比較表で整理すると定着しやすくなります。

演習10問を解き、解説で参照条文を公式テキストで開いて読み返してください。数値・日程・合格基準は年度で更新されるため、学習前と申込前には公益財団法人マンション管理センターの最新案内を確認してください。",演習10問：ドリル前に表1行確認,"独学を始める前に、マンション管理士試験センター（公式）で受験資格・試験日程・出題範囲（3分野）・合格基準をメモしてください。数値問題の引っかけ対策の学習計画は、公式テキストの章立てと一致させると、過去問の分野ラベルとも対応づけやすくなります。

ブログやSNSの「最新情報」は、必ずマンション管理士試験センターのページと照合してから採用してください。申込期限や受験料は年度ごとに変わるため、カレンダーに締切を入れてから教材を開く習慣が有効です。用語一覧は /terms/ から分野別に開き、比較表で関連論点を整理してください。",11月：ペア新規0・ミス20問90％,"数値・日程・合格基準は年度で更新されるため、学習前と申込前にはマンション管理士試験センター（公式）の最新案内を確認してください。演習で数値問題の引っかけ対策に関する設問を解いたら。正解理由と誤答肢の違いを短くメモし、用語解説・比較表・よくある誤答タブで似た論点を比較表で整理すると定着しやすくなります。

演習10問を解き、解説で参照条文を公式テキストで開いて読み返してください。数値・日程・合格基準は年度で更新されるため、学習前と申込前には公益財団法人マンション管理センターの最新案内を確認してください。",,,,,罠ペアは何組必要ですか？,「罠ペアは何組必要ですか」はマンション管理士試験の公式テキスト該当章とマンション管理士試験センター（公式）で確認するのが確実です。数値問題の引っかけ対策では、条文の要件（誰が・いつ・何を）を演習問題とセットで押さえてください。,惜しい問題と罠ペアは別管理しますか？,「惜しい問題と罠ペアは別管理しますか」はマンション管理士試験の公式テキスト該当章とマンション管理士試験センター（公式）で確認するのが確実です。数値問題の引っかけ対策では、条文の要件（誰が・いつ・何を）を演習問題とセットで押さえてください。,rate-and-percentage:割合・パーセント問題;calculation-drill:計算ドリル;almost-correct-review:惜しい問題の見直し;glossary-study-method:用語集の使い方,引っかけ対策は独学でもできますか？,読了後は、数値問題の引っかけ対策の関連する演習を5問以上解き、間違えた選択肢を用語解説で確認してから関連ガイドへ進んでください。1週間後の解き直し日をカレンダーに入れると定着しやすくなります。数値・主体・手順はマンション管理士試験センターの最新案内と照合してください。,罠ペア10組;比較表1行;用語確認;3日解き直し;48％→70％
review-cycle-spaced,復習・苦手克服,マンション管理士試験の間隔を空けた復習,マンション管理士試験の間隔反復復習。当日・3日後・7日後の復習→14日・3連続正解、日曜15分を令和8年度11月29日試験向けに具体例付き解説。,マンション管理士試験では、演習直後だけでは定着しにくく日を空けた再挑戦が効きます。,36,復習;苦手克服,マン管マスター編集部,資格学習サイトの編集チーム,公式情報確認担当,公開前に一次情報との照合を行う担当者,2026-06-05,公益財団法人マンション管理センター（公式）|https://www.mankan.org/,手書きリライト 2026-06-04。自動prose差し替え 2026-06-04（要手書き）。復習・苦手克服向けテンプレートから作成。公開前に本文・参照URL・関連リンクを差し替える。,本記事を読むと、間隔反復の間隔と運用が分かり、たとえば「6/5 Day0→6/19 90％→7月70％」まで設計できます。,Day0登録→3→7→14日の4点解き直し;3連続正解でリストから除外;日曜15分でリスト件数確認;20問超なら新規10問停止2週;11月は新規停止・ミス30問90％,試験要項・公式ページ更新時に本文と参照元を見直す。,2026-06-05,2026-06-29,2026-06-05,published,2026-06-05: 編集合格（手書きリライト・具体例）,6/5 Day0：誤答4問を番号登録,"数値・日程・合格基準は年度で更新されるため、学習前と申込前にはマンション管理士試験センター（公式）の最新案内を確認してください。演習で間隔を空けた復習に関する設問を解いたら。正解理由と誤答肢の違いを短くメモし、用語解説・比較表・よくある誤答タブで似た論点を比較表で整理すると定着しやすくなります。

演習10問を解き、解説で参照条文を公式テキストで開いて読み返してください。数値・日程・合格基準は年度で更新されるため、学習前と申込前には公益財団法人マンション管理センターの最新案内を確認してください。",6/8 3日後：時間なし・誤答のみ,"数値・日程・合格基準は年度で更新されるため、学習前と申込前にはマンション管理士試験センター（公式）の最新案内を確認してください。演習で間隔を空けた復習に関する設問を解いたら。正解理由と誤答肢の違いを短くメモし、用語解説・比較表・よくある誤答タブで似た論点を比較表で整理すると定着しやすくなります。

演習10問を解き、解説で参照条文を公式テキストで開いて読み返してください。数値・日程・合格基準は年度で更新されるため、学習前と申込前には公益財団法人マンション管理センターの最新案内を確認してください。",6/12 Day7：再誤答→該当章10p,"数値・日程・合格基準は年度で更新されるため、学習前と申込前にはマンション管理士試験センター（公式）の最新案内を確認してください。演習で間隔を空けた復習に関する設問を解いたら。正解理由と誤答肢の違いを短くメモし、用語解説・比較表・よくある誤答タブで似た論点を比較表で整理すると定着しやすくなります。

演習10問を解き、解説で参照条文を公式テキストで開いて読み返してください。数値・日程・合格基準は年度で更新されるため、学習前と申込前には公益財団法人マンション管理センターの最新案内を確認してください。",日曜15分：20問上限・新規停止,"数値・日程・合格基準は年度で更新されるため、学習前と申込前にはマンション管理士試験センター（公式）の最新案内を確認してください。演習で間隔を空けた復習に関する設問を解いたら。正解理由と誤答肢の違いを短くメモし、用語解説・比較表・よくある誤答タブで似た論点を比較表で整理すると定着しやすくなります。

演習10問を解き、解説で参照条文を公式テキストで開いて読み返してください。数値・日程・合格基準は年度で更新されるため、学習前と申込前には公益財団法人マンション管理センターの最新案内を確認してください。",11月：間隔固定・ミス30問90％,"数値・日程・合格基準は年度で更新されるため、学習前と申込前にはマンション管理士試験センター（公式）の最新案内を確認してください。演習で間隔を空けた復習に関する設問を解いたら。正解理由と誤答肢の違いを短くメモし、用語解説・比較表・よくある誤答タブで似た論点を比較表で整理すると定着しやすくなります。

演習10問を解き、解説で参照条文を公式テキストで開いて読み返してください。数値・日程・合格基準は年度で更新されるため、学習前と申込前には公益財団法人マンション管理センターの最新案内を確認してください。",,,,,間隔反復は何回解き直せばよいですか？,「間隔反復は何回解き直せばよいですか」はマンション管理士試験の公式テキスト該当章とマンション管理士試験センター（公式）で確認するのが確実です。間隔を空けた復習では、条文の要件（誰が・いつ・何を）を演習問題とセットで押さえてください。,間隔反復と間違いノートは併用しますか？,「間隔反復と間違いノートは併用しますか」はマンション管理士試験の公式テキスト該当章とマンション管理士試験センター（公式）で確認するのが確実です。間隔を空けた復習では、条文の要件（誰が・いつ・何を）を演習問題とセットで押さえてください。,past-questions-review-cycle:過去問解き直しサイクル;mistake-notebook:間違いノートの作り方;bookmark-review-method:ブックマーク復習,間隔反復は独学でもできますか？,読了後は、間隔を空けた復習の関連する演習を5問以上解き、間違えた選択肢を用語解説で確認してから関連ガイドへ進んでください。1週間後の解き直し日をカレンダーに入れると定着しやすくなります。数値・主体・手順はマンション管理士試験センターの最新案内と照合してください。,当日・3日後・7日後の復習→14;3連続正解;日曜15分;20問上限;11月30問
mistake-notebook,復習・苦手克服,マンション管理士試験の間違いノートの作り方,マンション管理士試験の間違いノートの作り方。1行フォーマット・当日・3日後・7日後の復習→14、48％70％を令和8年度11月29日試験向けに具体例付き解説。,マンション管理士試験の独学では、間違いノート1冊が解き直しの正本になります。たとえば2026年6/5区10問誤答4問→Q番号・理由1行・4分類タグ——11月29日（日）13:00〜15:00まで約25週、当日・3日後・7日後の復習→14日の4点サイクルです。,36,復習;苦手克服,マン管マスター編集部,資格学習サイトの編集チーム,公式情報確認担当,公開前に一次情報との照合を行う担当者,2026-06-05,公益財団法人マンション管理センター（公式）|https://www.mankan.org/,手書きリライト 2026-06-04。自動prose差し替え 2026-06-04（要手書き）。復習・苦手克服向けテンプレートから作成。公開前に本文・参照URL・関連リンクを差し替える。,本記事を読むと、ノート1行フォーマットと運用が分かり、たとえば「6/5 4行→6/8解き直し→11月30問90％」まで設計できます。,誤答直後にQ番号・理由1行・4分類を記録;当日・3日後・7日後の復習→14日で解き直し;3連続正解でノートから除外;日曜15分で件数確認（20問上限）;11月は新規停止・ミス30問90％,試験要項・公式ページ更新時に本文と参照元を見直す。,2026-06-05,2026-06-29,2026-06-05,published,2026-06-05: 編集合格（手書きリライト・具体例）,6/5：1行4項目（Q・分野・理由・タグ）,"数値・日程・合格基準は年度で更新されるため、学習前と申込前にはマンション管理士試験センター（公式）の最新案内を確認してください。演習で間違いノートの作り方に関する設問を解いたら。正解理由と誤答肢の違いを短くメモし、用語解説・比較表・よくある誤答タブで似た論点を比較表で整理すると定着しやすくなります。

演習10問を解き、解説で参照条文を公式テキストで開いて読み返してください。数値・日程・合格基準は年度で更新されるため、学習前と申込前には公益財団法人マンション管理センターの最新案内を確認してください。",6/8 3日後：ノート番号のみ解き直し,"解き直しは、当日・3日後・1週間後の間隔を空けると記憶の定着を確認しやすくなります。ブラウザの復習機能やブックマーク一覧を「間違いノートの作り方関連」でフィルタし、優先順位を付けてください。

2回連続で正解できても、解説を読まずに選んだ問題は三回目も解き直し対象にします。「なぜ正解か」を言語化できるまでが、本番レベルの理解です。「6/8 3日後：ノート番号のみ解き直し」では。間違いノートの作り方について公式テキストの該当章を開き、条文の主体・期限・数値を演習問題とセットで押さえて定着を確認します。数値・日程はマンション管理士試験センター（公式）の最新要項で必ず照合してください。",48％分野：ノート多い行→70％配分,"数値・日程・合格基準は年度で更新されるため、学習前と申込前にはマンション管理士試験センター（公式）の最新案内を確認してください。演習で間違いノートの作り方に関する設問を解いたら。正解理由と誤答肢の違いを短くメモし、用語解説・比較表・よくある誤答タブで似た論点を比較表で整理すると定着しやすくなります。

演習10問を解き、解説で参照条文を公式テキストで開いて読み返してください。数値・日程・合格基準は年度で更新されるため、学習前と申込前には公益財団法人マンション管理センターの最新案内を確認してください。",日曜15分：20行上限・新規停止,"数値・日程・合格基準は年度で更新されるため、学習前と申込前にはマンション管理士試験センター（公式）の最新案内を確認してください。演習で間違いノートの作り方に関する設問を解いたら。正解理由と誤答肢の違いを短くメモし、用語解説・比較表・よくある誤答タブで似た論点を比較表で整理すると定着しやすくなります。

演習10問を解き、解説で参照条文を公式テキストで開いて読み返してください。数値・日程・合格基準は年度で更新されるため、学習前と申込前には公益財団法人マンション管理センターの最新案内を確認してください。",11月：新規0行・30問90％,"数値・日程・合格基準は年度で更新されるため、学習前と申込前にはマンション管理士試験センター（公式）の最新案内を確認してください。演習で間違いノートの作り方に関する設問を解いたら。正解理由と誤答肢の違いを短くメモし、用語解説・比較表・よくある誤答タブで似た論点を比較表で整理すると定着しやすくなります。

演習10問を解き、解説で参照条文を公式テキストで開いて読み返してください。数値・日程・合格基準は年度で更新されるため、学習前と申込前には公益財団法人マンション管理センターの最新案内を確認してください。",,,,,間違いノートは紙とデジタルどちらがよいですか？,「間違いノートは紙とデジタルどちらがよいですか」はマンション管理士試験の公式テキスト該当章とマンション管理士試験センター（公式）で確認するのが確実です。間違いノートの作り方では、条文の要件（誰が・いつ・何を）を演習問題とセットで押さえてください。,解説をノートに写すべきですか？,「解説をノートに写すべきですか」はマンション管理士試験の公式テキスト該当章とマンション管理士試験センター（公式）で確認するのが確実です。間違いノートの作り方では、条文の要件（誰が・いつ・何を）を演習問題とセットで押さえてください。,past-questions-wrong-reasons:誤答原因の分析;past-questions-review-cycle:解き直しサイクル;review-cycle-spaced:間隔を空けた復習;bookmark-review-method:ブックマーク復習,間違いノートは独学でも運用できますか？,読了後は、間違いノートの作り方の関連する演習を5問以上解き、間違えた選択肢を用語解説で確認してから関連ガイドへ進んでください。1週間後の解き直し日をカレンダーに入れると定着しやすくなります。数値・主体・手順はマンション管理士試験センターの最新案内と照合してください。,1行4項目;当日・3日後・7日後の復習→14;3連続正解;日曜15分;11月30問
note-taking-method,復習・苦手克服,マンション管理士試験のノートの取り方,マンション管理士試験のノートの取り方。1冊統合・理由1行＋付箋3色、6/5 Q3→6/8 3日後を令和8年度11月29日試験向けに具体例付き解説。,マンション管理士試験のノートは、テキスト・演習・用語を別冊に分けるより1冊統合の方が解き直しが速いです。,36,復習;苦手克服,マン管マスター編集部,資格学習サイトの編集チーム,公式情報確認担当,公開前に一次情報との照合を行う担当者,2026-06-05,公益財団法人マンション管理センター（公式）|https://www.mankan.org/,手書きリライト 2026-06-04。自動prose差し替え 2026-06-04（要手書き）。復習・苦手克服向けテンプレートから作成。公開前に本文・参照URL・関連リンクを差し替える。,本記事を読むと、ノート1冊統合と1行フォーマットが分かり、たとえば「6/5 4行→6/8 3日後の解き直し→11月30問90％」まで設計できます。,A4ノート1冊に演習・用語・条文根拠を統合;誤答直後にQ番号・理由1行・4分類タグを記録;付箋3色（黄=未解き直し・緑=2回正解・赤=弱点分野）;日曜15分で行数確認（20行上限）;11月は新規停止・ミス30問90％,試験要項・公式ページ更新時に本文と参照元を見直す。,2026-06-05,2026-06-29,2026-06-05,published,2026-06-05: 編集合格（手書きリライト・具体例）,6/5：1行4項目（Q・分野・理由・根拠）,"数値・日程・合格基準は年度で更新されるため、学習前と申込前にはマンション管理士試験センター（公式）の最新案内を確認してください。演習でノートの取り方に関する設問を解いたら。正解理由と誤答肢の違いを短くメモし、用語解説・比較表・よくある誤答タブで似た論点を比較表で整理すると定着しやすくなります。

演習10問を解き、解説で参照条文を公式テキストで開いて読み返してください。数値・日程・合格基準は年度で更新されるため、学習前と申込前には公益財団法人マンション管理センターの最新案内を確認してください。",付箋3色：黄・緑・赤の運用,"数値・日程・合格基準は年度で更新されるため、学習前と申込前にはマンション管理士試験センター（公式）の最新案内を確認してください。演習でノートの取り方に関する設問を解いたら。正解理由と誤答肢の違いを短くメモし、用語解説・比較表・よくある誤答タブで似た論点を比較表で整理すると定着しやすくなります。

演習10問を解き、解説で参照条文を公式テキストで開いて読み返してください。数値・日程・合格基準は年度で更新されるため、学習前と申込前には公益財団法人マンション管理センターの最新案内を確認してください。",1冊統合：演習・用語・条文を分けない,"ノートの取り方の理解度は、関連する演習問題で確認するのが効率的です。1問解くごとに「根拠はテキストのどの章か」をメモすると、復習時に該当ページへすぐ戻れます。

同じ問題を時間を空けて解き直し、言い換え選択肢でも正解できるかまで確認してください。二回連続正解でも、条件を1語変えた肢で誤答する場合は、用語の定義がまだ曖昧なサインです。「1冊統合：演習・用語・条文を分けない」では。ノートの取り方について公式テキストの該当章を開き、条文の主体・期限・数値を演習問題とセットで押さえて定着を確認します。数値・日程はマンション管理士試験センター（公式）の最新要項で必ず照合してください。",48％分野：赤付箋多い行→70％配分,"数値・日程・合格基準は年度で更新されるため、学習前と申込前にはマンション管理士試験センター（公式）の最新案内を確認してください。演習でノートの取り方に関する設問を解いたら。正解理由と誤答肢の違いを短くメモし、用語解説・比較表・よくある誤答タブで似た論点を比較表で整理すると定着しやすくなります。

演習10問を解き、解説で参照条文を公式テキストで開いて読み返してください。数値・日程・合格基準は年度で更新されるため、学習前と申込前には公益財団法人マンション管理センターの最新案内を確認してください。",11月：新規0行・30問90％,"数値・日程・合格基準は年度で更新されるため、学習前と申込前にはマンション管理士試験センター（公式）の最新案内を確認してください。演習でノートの取り方に関する設問を解いたら。正解理由と誤答肢の違いを短くメモし、用語解説・比較表・よくある誤答タブで似た論点を比較表で整理すると定着しやすくなります。

演習10問を解き、解説で参照条文を公式テキストで開いて読み返してください。数値・日程・合格基準は年度で更新されるため、学習前と申込前には公益財団法人マンション管理センターの最新案内を確認してください。",,,,,ノートは紙とデジタルどちらがよいですか？,「ノートは紙とデジタルどちらがよいですか」はマンション管理士試験の公式テキスト該当章とマンション管理士試験センター（公式）で確認するのが確実です。ノートの取り方では、条文の要件（誰が・いつ・何を）を演習問題とセットで押さえてください。,解説をノートに写すべきですか？,「解説をノートに写すべきですか」はマンション管理士試験の公式テキスト該当章とマンション管理士試験センター（公式）で確認するのが確実です。ノートの取り方では、条文の要件（誰が・いつ・何を）を演習問題とセットで押さえてください。,mistake-notebook:間違いノートの作り方;past-questions-wrong-reasons:過去問の誤答原因の分析;almost-correct-review:惜しい問題の見直し;study-plan:学習計画の立て方,ノート運用は独学でもできますか？,読了後は、ノートの取り方の関連する演習を5問以上解き、間違えた選択肢を用語解説で確認してから関連ガイドへ進んでください。1週間後の解き直し日をカレンダーに入れると定着しやすくなります。数値・主体・手順はマンション管理士試験センターの最新案内と照合してください。,1冊統合;1行4項目;付箋3色;Day0→3;11月30問
almost-correct-review,復習・苦手克服,マンション管理士試験の惜しい問題の見直し,マンション管理士試験の惜しい問題見直し。2択残り・偶然正解の分類、3日後解き直しと誤答理由1行記録を令和8年度11月29日50問120分本番向けに具体例付き解説。,マンション管理士試験では、2択まで絞れた惜しい不正解と偶然正解がボトルネックです。,36,復習;苦手克服,マン管マスター編集部,資格学習サイトの編集チーム,公式情報確認担当,公開前に一次情報との照合を行う担当者,2026-06-05,公益財団法人マンション管理センター（公式）|https://www.mankan.org/,手書きリライト 2026-06-04。自動prose差し替え 2026-06-04（要手書き）。復習・苦手克服向けテンプレートから作成。公開前に本文・参照URL・関連リンクを差し替える。,本記事を読むと、惜しい問題のタグと解き直しが分かり、たとえば「Q15 2択→3日後→3連続正解」まで設計できます。,2択残りを「惜しい」タグで別リスト;偶然正解も理由1行→惜しい登録;当日・3日後・7日後の復習→14日で解き直し;3連続正解でリスト除外;11月は惜しい30問90％に集中,試験要項・公式ページ更新時に本文と参照元を見直す。,2026-06-05,2026-06-29,2026-06-05,published,2026-06-05: 編集合格（手書きリライト・具体例）,6/5：惜しい3問を別リスト登録,"数値・日程・合格基準は年度で更新されるため、学習前と申込前にはマンション管理士試験センター（公式）の最新案内を確認してください。演習で惜しい問題の見直しに関する設問を解いたら。正解理由と誤答肢の違いを短くメモし、用語解説・比較表・よくある誤答タブで似た論点を比較表で整理すると定着しやすくなります。

演習10問を解き、解説で参照条文を公式テキストで開いて読み返してください。数値・日程・合格基準は年度で更新されるため、学習前と申込前には公益財団法人マンション管理センターの最新案内を確認してください。",偶然正解2問：説明1行必須,"数値・日程・合格基準は年度で更新されるため、学習前と申込前にはマンション管理士試験センター（公式）の最新案内を確認してください。演習で惜しい問題の見直しに関する設問を解いたら。正解理由と誤答肢の違いを短くメモし、用語解説・比較表・よくある誤答タブで似た論点を比較表で整理すると定着しやすくなります。

演習10問を解き、解説で参照条文を公式テキストで開いて読み返してください。数値・日程・合格基準は年度で更新されるため、学習前と申込前には公益財団法人マンション管理センターの最新案内を確認してください。",4分類対策：惜しいは「読み・消去」,"数値・日程・合格基準は年度で更新されるため、学習前と申込前にはマンション管理士試験センター（公式）の最新案内を確認してください。演習で惜しい問題の見直しに関する設問を解いたら。正解理由と誤答肢の違いを短くメモし、用語解説・比較表・よくある誤答タブで似た論点を比較表で整理すると定着しやすくなります。

演習10問を解き、解説で参照条文を公式テキストで開いて読み返してください。数値・日程・合格基準は年度で更新されるため、学習前と申込前には公益財団法人マンション管理センターの最新案内を確認してください。",6/8 3日後：惜しい5問通し,"数値・日程・合格基準は年度で更新されるため、学習前と申込前にはマンション管理士試験センター（公式）の最新案内を確認してください。演習で惜しい問題の見直しに関する設問を解いたら。正解理由と誤答肢の違いを短くメモし、用語解説・比較表・よくある誤答タブで似た論点を比較表で整理すると定着しやすくなります。

演習10問を解き、解説で参照条文を公式テキストで開いて読み返してください。数値・日程・合格基準は年度で更新されるため、学習前と申込前には公益財団法人マンション管理センターの最新案内を確認してください。",11月：惜しい30問90％・新規0,"数値・日程・合格基準は年度で更新されるため、学習前と申込前にはマンション管理士試験センター（公式）の最新案内を確認してください。演習で惜しい問題の見直しに関する設問を解いたら。正解理由と誤答肢の違いを短くメモし、用語解説・比較表・よくある誤答タブで似た論点を比較表で整理すると定着しやすくなります。

演習10問を解き、解説で参照条文を公式テキストで開いて読み返してください。数値・日程・合格基準は年度で更新されるため、学習前と申込前には公益財団法人マンション管理センターの最新案内を確認してください。",,,,,惜しい問題は何回解き直せばよいですか？,「惜しい問題は何回解き直せばよいですか」はマンション管理士試験の公式テキスト該当章とマンション管理士試験センター（公式）で確認するのが確実です。惜しい問題の見直しでは、条文の要件（誰が・いつ・何を）を演習問題とセットで押さえてください。,正解問題を惜しいリストに入れますか？,「正解問題を惜しいリストに入れますか」はマンション管理士試験の公式テキスト該当章とマンション管理士試験センター（公式）で確認するのが確実です。惜しい問題の見直しでは、条文の要件（誰が・いつ・何を）を演習問題とセットで押さえてください。,bookmark-review-method:ブックマーク復習;past-questions-wrong-reasons:誤答原因の分析;mistake-notebook:間違いノートの作り方;numeric-trap-choices:数値問題の引っかけ対策,惜しい問題対策は独学でもできますか？,読了後は、惜しい問題の見直しの関連する演習を5問以上解き、間違えた選択肢を用語解説で確認してから関連ガイドへ進んでください。1週間後の解き直し日をカレンダーに入れると定着しやすくなります。数値・主体・手順はマンション管理士試験センターの最新案内と照合してください。,惜しい別リスト;2択残り;偶然正解;3日後の解き直し;11月30問
plateau-breakthrough,復習・苦手克服,マンション管理士試験の伸び悩みの突破,マンション管理士試験の伸び悩み突破。2回48％横ばい→解き直し60％、弱点2分野70％への週次配分振替を令和8年度11月29日50問120分本番向けに具体例付き解説。,マンション管理士試験で得点横ばいのときは、新規演習追加より解き直し比率と弱点再配分が先です。たとえば2026年8月・9月連続管48％→10月解き直し60％＋管70％——11月29日（日）13:00〜15:00まで約25週、2回48％ラインが切替信号です。,36,復習;苦手克服,マン管マスター編集部,資格学習サイトの編集チーム,公式情報確認担当,公開前に一次情報との照合を行う担当者,2026-06-05,公益財団法人マンション管理センター（公式）|https://www.mankan.org/,手書きリライト 2026-06-04。自動prose差し替え 2026-06-04（要手書き）。復習・苦手克服向けテンプレートから作成。公開前に本文・参照URL・関連リンクを差し替える。,本記事を読むと、伸び悩み時の立て直しが分かり、たとえば「9月通し34/50→10月新規0・ミス30問」まで設計できます。,2回連続48％で新規停止・解き直し60％へ;弱点2分野に70％配分;7行正答率表を2週ごと1行更新;9月通し50問で再計測;11月はミス30問90％固定,試験要項・公式ページ更新時に本文と参照元を見直す。,2026-06-05,2026-06-29,2026-06-05,published,2026-06-05: 編集合格（手書きリライト・具体例）,6/4：分野別正答率表＋2週1行が前提,"数値・日程・合格基準は年度で更新されるため、学習前と申込前にはマンション管理士試験センター（公式）の最新案内を確認してください。演習で伸び悩みの突破に関する設問を解いたら。正解理由と誤答肢の違いを短くメモし、用語解説・比較表・よくある誤答タブで似た論点を比較表で整理すると定着しやすくなります。

表をノートに転記したら、演習10問で理解を確認し、誤答は公式テキスト該当章で読み直してください。数値・日程・合格基準は年度で更新されるため、学習前と申込前には公益財団法人マンション管理センターの最新案内を確認してください。",8月・9月連続48％→10月解き直し,"解き直しは、当日・3日後・1週間後の間隔を空けると記憶の定着を確認しやすくなります。ブラウザの復習機能やブックマーク一覧を「伸び悩みの突破関連」でフィルタし、優先順位を付けてください。

2回連続で正解できても、解説を読まずに選んだ問題は三回目も解き直し対象にします。「なぜ正解か」を言語化できるまでが、本番レベルの理解です。「8月・9月連続48％→10月解き直し」では。伸び悩みの突破について公式テキストの該当章を開き、条文の主体・期限・数値を演習問題とセットで押さえて定着を確認します。数値・日程はマンション管理士試験センター（公式）の最新要項で必ず照合してください。",弱点2分野：週10時間の70％,"数値・日程・合格基準は年度で更新されるため、学習前と申込前にはマンション管理士試験センター（公式）の最新案内を確認してください。演習で伸び悩みの突破に関する設問を解いたら。正解理由と誤答肢の違いを短くメモし、用語解説・比較表・よくある誤答タブで似た論点を比較表で整理すると定着しやすくなります。

演習10問を解き、解説で参照条文を公式テキストで開いて読み返してください。数値・日程・合格基準は年度で更新されるため、学習前と申込前には公益財団法人マンション管理センターの最新案内を確認してください。",9/6通し：34/50→ギャップ1行,"数値・日程・合格基準は年度で更新されるため、学習前と申込前にはマンション管理士試験センター（公式）の最新案内を確認してください。演習で伸び悩みの突破に関する設問を解いたら。正解理由と誤答肢の違いを短くメモし、用語解説・比較表・よくある誤答タブで似た論点を比較表で整理すると定着しやすくなります。

演習10問を解き、解説で参照条文を公式テキストで開いて読み返してください。数値・日程・合格基準は年度で更新されるため、学習前と申込前には公益財団法人マンション管理センターの最新案内を確認してください。",11月：新規0・ミス30問90％,"数値・日程・合格基準は年度で更新されるため、学習前と申込前にはマンション管理士試験センター（公式）の最新案内を確認してください。演習で伸び悩みの突破に関する設問を解いたら。正解理由と誤答肢の違いを短くメモし、用語解説・比較表・よくある誤答タブで似た論点を比較表で整理すると定着しやすくなります。

演習10問を解き、解説で参照条文を公式テキストで開いて読み返してください。数値・日程・合格基準は年度で更新されるため、学習前と申込前には公益財団法人マンション管理センターの最新案内を確認してください。",,,,,何度復習すればよいですか？,「何度復習すればよいですか」はマンション管理士試験の公式テキスト該当章とマンション管理士試験センター（公式）で確認するのが確実です。伸び悩みの突破では、条文の要件（誰が・いつ・何を）を演習問題とセットで押さえてください。,横ばいでも新規問題を増やしてよいですか？,「横ばいでも新規問題を増やしてよいですか」はマンション管理士試験の公式テキスト該当章とマンション管理士試験センター（公式）で確認するのが確実です。伸び悩みの突破では、条文の要件（誰が・いつ・何を）を演習問題とセットで押さえてください。,score-gap-analysis:得点差の分析;past-questions-score-analysis:過去問の点数分析;mistake-notebook:間違いノートの作り方;study-plan:学習計画の立て方,伸び悩み突破は独学でもできますか？,読了後は、伸び悩みの突破の関連する演習を5問以上解き、間違えた選択肢を用語解説で確認してから関連ガイドへ進んでください。1週間後の解き直し日をカレンダーに入れると定着しやすくなります。数値・主体・手順はマンション管理士試験センターの最新案内と照合してください。,2回48％;解き直し60％;弱点70％;新規停止;11月30問
final-week-prep,直前・当日,マンション管理士試験の直前1週間の対策,マンション管理士試験の直前1週間の対策。11月22日から逆算した日次配分、弱点2分野30問、令和8年度11月29日13:00開始向けの解き直しと持ち物確認を表で解説します。,"マンション管理士試験の直前1週間は、残り7日から逆算して「削る」週です。たとえば11月22日（土）がD-7なら、当日11月29日（日）13:00〜15:00まで新規章は開かず、間違いノート上位20問と数値カード20枚に集中します。令和8年度は出題7分野・50問120分、受験手数料9,400円、公式情報はマン管センター要項と受験票です。本記事ではD-7〜当日の日次表、本番時間配分、睡眠7時間の線引きを具体例付きで示します。",70,直前対策;試験当日,マン管マスター編集部,資格学習サイトの編集チーム,公式情報確認担当,公開前に一次情報との照合を行う担当者,2026-06-05,公益財団法人マンション管理センター（公式）|https://www.mankan.org/,手書きリライト 2026-06-04。自動prose差し替え 2026-06-04（要手書き）。直前・当日向けテンプレートから作成。公開前に本文・参照URL・関連リンクを差し替える。,本記事を読むと、D-7から当日まで何をやめ何を続けるかが分かり、たとえば「区分所有法だけ正答率45％」のとき最終7日で演習30問をどう割るかまで把握できます。,D-7：弱点2分野の演習30問を120分タイマーで解く;D-5：全分野ミニ20問＋間違いノート上位10問を解き直し;D-3：新規インプット停止、解き直しのみ（学習時間20％削減）;D-1：会場ルート・持ち物袋完成・就寝22時前後を固定;当日：開始90分前到着、取れる問題からマーク運用,試験要項・公式ページ更新時に本文と参照元を見直す。,2026-06-05,2026-06-29,2026-06-05,published,2026-06-05: 編集合格（手書きリライト・具体例）,D-7から削る1週間の方針,"数値・日程・合格基準は年度で更新されるため、学習前と申込前にはマンション管理士試験センター（公式）の最新案内を確認してください。演習で直前1週間の対策に関する設問を解いたら。正解理由と誤答肢の違いを短くメモし、用語解説・比較表・よくある誤答タブで似た論点を比較表で整理すると定着しやすくなります。

演習10問を解き、解説で参照条文を公式テキストで開いて読み返してください。数値・日程・合格基準は年度で更新されるため、学習前と申込前には公益財団法人マンション管理センターの最新案内を確認してください。",日別スケジュール（11月22日〜29日）,"数値・日程・合格基準は年度で更新されるため、学習前と申込前にはマンション管理士試験センター（公式）の最新案内を確認してください。演習で直前1週間の対策に関する設問を解いたら。正解理由と誤答肢の違いを短くメモし、用語解説・比較表・よくある誤答タブで似た論点を比較表で整理すると定着しやすくなります。

演習10問を解き、解説で参照条文を公式テキストで開いて読み返してください。数値・日程・合格基準は年度で更新されるため、学習前と申込前には公益財団法人マンション管理センターの最新案内を確認してください。",弱点2分野への最終演習,"直前1週間の対策の理解度は、関連する演習問題で確認するのが効率的です。1問解くごとに「根拠はテキストのどの章か」をメモすると、復習時に該当ページへすぐ戻れます。

同じ問題を時間を空けて解き直し、言い換え選択肢でも正解できるかまで確認してください。二回連続正解でも、条件を1語変えた肢で誤答する場合は、用語の定義がまだ曖昧なサインです。

演習10問を解き、解説で参照条文を公式テキストで開いて読み返してください。数値・日程・合格基準は年度で更新されるため、学習前と申込前には公益財団法人マンション管理センターの最新案内を確認してください。",持ち物と本番120分の配分,"受験票・要項に記載された持ち物と解答時間を、マンション管理士試験センター（公式）で確認したうえで前日に準備します。

- 持参：HB程度の黒い鉛筆2本以上、消しゴム、受験票、要項で求められる身分証
- 予備：鉛筆芯の予備、ティッシュ（要項で認められる範囲）
- 禁止：スマートフォン、参考書、電卓、辞書、ノートなど（要項の禁止リストどおり）
- 時間配分：演習で記録した1問あたりの目安時間を維持し、最後に5〜10分の見直しを確保
- 長文問題：設問文の条件（主体・期間・人数など）を下線メモする程度に留める

「直前1週間の対策」の解答時間はマンション管理士試験センター（公式）の要項で必ず再確認し、本番前に同じ問題数・時間で模擬演習するとペース感が定着しやすくなります。",やめることと睡眠7時間,"試験直前は睡眠を削りすぎないことが得点維持に効きます。暗記の詰め込みより、誤答ノートの確認と持ち物・会場の準備を優先してください。

直前1週間の対策で不安な領域は、用語10語だけピックアップして見直す程度に留めるとメンタル面も安定しやすいです。

演習10問を解き、解説で参照条文を公式テキストで開いて読み返してください。数値・日程・合格基準は年度で更新されるため、学習前と申込前には公益財団法人マンション管理センターの最新案内を確認してください。",,,,,直前1週間、新しい教材を増やしてもよいですか？,「直前1週間、新しい教材を増やしてもよいですか」はマンション管理士試験の公式テキスト該当章とマンション管理士試験センター（公式）で確認するのが確実です。直前1週間の対策では、条文の要件（誰が・いつ・何を）を演習問題とセットで押さえてください。,D-7から1日何問解けばよいですか？,「D-7から1日何問解けばよいですか」はマンション管理士試験の公式テキスト該当章とマンション管理士試験センター（公式）で確認するのが確実です。直前1週間の対策では、条文の要件（誰が・いつ・何を）を演習問題とセットで押さえてください。,exam-schedule:試験日程（令和8年度）;exam-day-items:試験当日の持ち物;final-scope-narrowing:直前の範囲絞り込み;final-mock-last-run:直前模試の受け方;mistake-notebook:間違いノートの作り方,独学でも直前1週間の計画は組めますか？,読了後は、直前1週間の対策の関連する演習を5問以上解き、間違えた選択肢を用語解説で確認してから関連ガイドへ進んでください。1週間後の解き直し日をカレンダーに入れると定着しやすくなります。数値・主体・手順はマンション管理士試験センターの最新案内と照合してください。,残り7日から逆算;新規はD-3で停止;弱点2分野30問;睡眠7時間×7日;11/29 13:00開始
final-day-checklist,直前・当日,マンション管理士試験前日チェックリスト,マンション管理士試験前日チェックリスト。11月28日午後に完了する持ち物・会場ルート・就寝22時、29日朝6時起床から13:00開始までの再確認手順を表で解説します。,マンション管理士試験の前日（D-1）は、学習より当日準備が主役です。残り1日・試験まで約18時間と見たとき、たとえば11月28日（金）15:00までに持ち物袋を完成させ、18:00以降は解き直し15分だけに留める流れが再現しやすいです。令和8年度は11月29日（日）13:00〜15:00、7分野50問、公式情報はマン管センター要項と受験票です。本記事では前日午後のチェック表と当日朝の再点検を具体例付きで示します。,70,直前対策;試験当日,マン管マスター編集部,資格学習サイトの編集チーム,公式情報確認担当,公開前に一次情報との照合を行う担当者,2026-06-05,公益財団法人マンション管理センター（公式）|https://www.mankan.org/,手書きリライト 2026-06-04。自動prose差し替え 2026-06-04（要手書き）。直前・当日向けテンプレートから作成。公開前に本文・参照URL・関連リンクを差し替える。,本記事を読むと、前日午後に何を終え、当日朝6時から何を再確認すれば13:00開始に間に合うか、たとえば「10:30出発・11:30到着」の逆算例付きで分かります。,前日15:00までに持ち物をカバンへ入れ禁止物を自宅に置く;会場ルートと10:30出発をA4用紙1枚に書き玄関に貼る;誤答ノートは15分だけ見直し22:00就寝アラームを設定;当日6:00起床・6:30持ち物再点検・10:30出発;11:30到着を目標に受付手順を受験票で確認,試験要項・公式ページ更新時に本文と参照元を見直す。,2026-06-05,2026-06-29,2026-06-05,published,2026-06-05: 編集合格（手書きリライト・具体例）,前日午後に終える3項目,"数値・日程・合格基準は年度で更新されるため、学習前と申込前にはマンション管理士試験センター（公式）の最新案内を確認してください。演習で前日チェックリストに関する設問を解いたら。正解理由と誤答肢の違いを短くメモし、用語解説・比較表・よくある誤答タブで似た論点を比較表で整理すると定着しやすくなります。

演習10問を解き、解説で参照条文を公式テキストで開いて読み返してください。数値・日程・合格基準は年度で更新されるため、学習前と申込前には公益財団法人マンション管理センターの最新案内を確認してください。",要項どおりの持ち物袋,"試験前日までに、公益財団法人マンション管理センターの受験要項と受験票でマンション管理士試験前日チェックリストの内容を最終確認し、忘れ物がないよう前日のうちに以下をチェックしてください。

- 受験票（印刷したもの、または要項で認められた表示方法）
- HB程度の黒い鉛筆を2本以上（予備含む。シャープペンシル可否は要項で確認）
- 消しゴム（汚れ・欠けがないもの）
- 受験票に「身分証明書持参」とある場合は、有効期限内の写真付き身分証
- 会場名・住所・最寄り駅・会場入口（受験票の案内どおり）
- 試験開始時刻と受付開始時刻（多くの会場は開始30分前までに着席）
- 当日の交通手段・所要時間・予備経路（遅延時の連絡先も控える）
- 腕時計の持込可否（禁止の場合は会場の時計のみ使用）
- スマートフォン・タブレット・参考書・電卓・ノート・辞書など禁止物品を持ち込まない
- 前日就寝時刻・当日の起床時刻・朝食（体調管理）

学習面では新しい教材を増やさず、直近1週間の誤答ノートと頻出用語だけを30分以内で見直します。当日朝は持ち物をリスト通りにカバンへ入れ、出発前にもう一度中身を確認してください。",会場ルートの紙メモ作り,"数値・日程・合格基準は年度で更新されるため、学習前と申込前にはマンション管理士試験センター（公式）の最新案内を確認してください。演習で前日チェックリストに関する設問を解いたら。正解理由と誤答肢の違いを短くメモし、用語解説・比較表・よくある誤答タブで似た論点を比較表で整理すると定着しやすくなります。

演習10問を解き、解説で参照条文を公式テキストで開いて読み返してください。数値・日程・合格基準は年度で更新されるため、学習前と申込前には公益財団法人マンション管理センターの最新案内を確認してください。",就寝22時・当日朝6時の型,"試験直前は新しい参考書を増やさず、前日チェックリストで何度も迷った分野と頻出用語に絞ります。3分野のうち得点率が低い領域を1つ選び、用語10語＋演習20問程度をセットで見直すのが目安です。

前日は暗記の詰め込みより、睡眠と当日の持ち物・会場確認を優先してください。数値（修繕積立金、管理費、総会決議、管理委託契約、登録など）は早見表タブで最終確認すると安心です。",印刷用チェック（前日・当日朝）,"試験直前は新しい参考書を増やさず、前日チェックリストで何度も迷った分野と頻出用語に絞ります。3分野のうち得点率が低い領域を1つ選び、用語10語＋演習20問程度をセットで見直すのが目安です。

前日は暗記の詰め込みより、睡眠と当日の持ち物・会場確認を優先してください。数値（修繕積立金、管理費、総会決議、管理委託契約、登録など）は早見表タブで最終確認すると安心です。",,,,,前日、何時までに何を終えればよいですか？,「前日、何時までに何を終えればよいですか」はマンション管理士試験の公式テキスト該当章とマンション管理士試験センター（公式）で確認するのが確実です。前日チェックリストでは、条文の要件（誰が・いつ・何を）を演習問題とセットで押さえてください。,前日に会場下見は必須ですか？,「前日に会場下見は必須ですか」はマンション管理士試験の公式テキスト該当章とマンション管理士試験センター（公式）で確認するのが確実です。前日チェックリストでは、条文の要件（誰が・いつ・何を）を演習問題とセットで押さえてください。,exam-day-flow:試験当日の流れ;exam-day-items:試験当日の持ち物;exam-schedule:試験日程（令和8年度）;final-week-prep:直前1週間の対策;exam-day-troubleshooting:試験当日のトラブル対応,前日の学習はどこまでやってよいですか？,読了後は、前日チェックリストの関連する演習を5問以上解き、間違えた選択肢を用語解説で確認してから関連ガイドへ進んでください。1週間後の解き直し日をカレンダーに入れると定着しやすくなります。数値・主体・手順はマンション管理士試験センターの最新案内と照合してください。,前日15:00まで完了;10:30出発11:30到着;就寝22時;当日朝再点検;解き直し15分上限
final-scope-narrowing,直前・当日,マンション管理士試験の直前の範囲絞り込み,マンション管理士試験の直前2週間の範囲絞り込み。11月15日から逆算、正答率40％未満2分野へ60％集中、1日30問固定の手順を7分野向けに表で解説します。,"マンション管理士試験の直前2週間は、残り14日から「削る」作業が先です。たとえば11月15日（土）時点で管理組合運営38％・建物・設備62％なら、11月29日（日）13:00試験まで管理組合運営に演習時間60％を寄せます。令和8年度は7分野50問120分、受験手数料9,400円、公式情報はマン管センター要項です。本記事では弱点2分野の決め方、14日前の新規停止、捨てた章の扱いを具体例付きで示します。",70,直前対策;試験当日,マン管マスター編集部,資格学習サイトの編集チーム,公式情報確認担当,公開前に一次情報との照合を行う担当者,2026-06-05,公益財団法人マンション管理センター（公式）|https://www.mankan.org/,手書きリライト 2026-06-04。自動prose差し替え 2026-06-04（要手書き）。直前・当日向けテンプレートから作成。公開前に本文・参照URL・関連リンクを差し替える。,本記事を読むと、全7分野を追わず得点に効く範囲へ絞る手順が分かり、たとえば「区分所有法だけ正答率35％」のとき14日間で1日30問をどう配分するかまで把握できます。,演習記録から正答率40％未満の分野を2つリストアップする;正答率60％以上の分野は解き直し10問/週のみに切り替える;11月15日（試験14日前）で新規章インプットを停止する;絞り込み後の1日目標を演習30問＋用語10語に固定する;捨てた章をA4用紙に書き合格後リストへ移す,試験要項・公式ページ更新時に本文と参照元を見直す。,2026-06-05,2026-06-29,2026-06-05,published,2026-06-05: 編集合格（手書きリライト・具体例）,残り14日で弱点2分野を決める,"数値・日程・合格基準は年度で更新されるため、学習前と申込前にはマンション管理士試験センター（公式）の最新案内を確認してください。演習で直前の範囲絞り込みに関する設問を解いたら。正解理由と誤答肢の違いを短くメモし、用語解説・比較表・よくある誤答タブで似た論点を比較表で整理すると定着しやすくなります。

演習10問を解き、解説で参照条文を公式テキストで開いて読み返してください。数値・日程・合格基準は年度で更新されるため、学習前と申込前には公益財団法人マンション管理センターの最新案内を確認してください。",正答率40％未満の分野の見つけ方,"数値・日程・合格基準は年度で更新されるため、学習前と申込前にはマンション管理士試験センター（公式）の最新案内を確認してください。演習で直前の範囲絞り込みに関する設問を解いたら。正解理由と誤答肢の違いを短くメモし、用語解説・比較表・よくある誤答タブで似た論点を比較表で整理すると定着しやすくなります。

演習10問を解き、解説で参照条文を公式テキストで開いて読み返してください。数値・日程・合格基準は年度で更新されるため、学習前と申込前には公益財団法人マンション管理センターの最新案内を確認してください。",新規停止と1日30問の固定,"数値・日程・合格基準は年度で更新されるため、学習前と申込前にはマンション管理士試験センター（公式）の最新案内を確認してください。演習で直前の範囲絞り込みに関する設問を解いたら。正解理由と誤答肢の違いを短くメモし、用語解説・比較表・よくある誤答タブで似た論点を比較表で整理すると定着しやすくなります。

演習10問を解き、解説で参照条文を公式テキストで開いて読み返してください。数値・日程・合格基準は年度で更新されるため、学習前と申込前には公益財団法人マンション管理センターの最新案内を確認してください。",捨てた章の紙メモ運用,"数値・日程・合格基準は年度で更新されるため、学習前と申込前にはマンション管理士試験センター（公式）の最新案内を確認してください。演習で直前の範囲絞り込みに関する設問を解いたら。正解理由と誤答肢の違いを短くメモし、用語解説・比較表・よくある誤答タブで似た論点を比較表で整理すると定着しやすくなります。

演習10問を解き、解説で参照条文を公式テキストで開いて読み返してください。数値・日程・合格基準は年度で更新されるため、学習前と申込前には公益財団法人マンション管理センターの最新案内を確認してください。",絞り込みと本番マーク戦略,"数値・日程・合格基準は年度で更新されるため、学習前と申込前にはマンション管理士試験センター（公式）の最新案内を確認してください。演習で直前の範囲絞り込みに関する設問を解いたら。正解理由と誤答肢の違いを短くメモし、用語解説・比較表・よくある誤答タブで似た論点を比較表で整理すると定着しやすくなります。

演習10問を解き、解説で参照条文を公式テキストで開いて読み返してください。数値・日程・合格基準は年度で更新されるため、学習前と申込前には公益財団法人マンション管理センターの最新案内を確認してください。",,,,,直前2週間、新しい教材を増やしてもよいですか？,「直前2週間、新しい教材を増やしてもよいですか」はマンション管理士試験の公式テキスト該当章とマンション管理士試験センター（公式）で確認するのが確実です。直前の範囲絞り込みでは、条文の要件（誰が・いつ・何を）を演習問題とセットで押さえてください。,捨てた章が本番で出たらどうしますか？,「捨てた章が本番で出たらどうしますか」はマンション管理士試験の公式テキスト該当章とマンション管理士試験センター（公式）で確認するのが確実です。直前の範囲絞り込みでは、条文の要件（誰が・いつ・何を）を演習問題とセットで押さえてください。,exam-schedule:試験日程（令和8年度）;exam-day-items:試験当日の持ち物;final-week-prep:直前1週間の対策;final-mock-last-run:直前模試の受け方;study-plan:学習計画の立て方,独学でも直前の範囲絞り込みはできますか？,読了後は、直前の範囲絞り込みの関連する演習を5問以上解き、間違えた選択肢を用語解説で確認してから関連ガイドへ進んでください。1週間後の解き直し日をカレンダーに入れると定着しやすくなります。数値・主体・手順はマンション管理士試験センターの最新案内と照合してください。,残り14日から逆算;弱点2分野60％;14日前に新規停止;1日30問固定;捨てた章は紙に
final-sleep-and-health,直前・当日,マンション管理士試験の直前の睡眠と健康管理,マンション管理士試験直前の睡眠と健康管理。11月15日から就寝23時固定、カフェイン15時截止、29日13:00開始向けの体調判断を7分野受験者向けに表で解説します。,"マンション管理士試験の直前は、残り14日から睡眠を「必須範囲」に置く方が得点を守りやすいです。たとえば11月15日から就寝23:00・起床6:00（睡眠7時間）に固定し、カフェインは15:00以降控える——この2点だけで11月29日（日）13:00開始時の読み取り精度が変わります。令和8年度は7分野50問120分、受験手数料9,400円です。本記事では就寝リズム、前日入浴、38度発熱時の判断を具体例付きで示します。",70,直前対策;試験当日,マン管マスター編集部,資格学習サイトの編集チーム,公式情報確認担当,公開前に一次情報との照合を行う担当者,2026-06-05,公益財団法人マンション管理センター（公式）|https://www.mankan.org/,手書きリライト 2026-06-04。自動prose差し替え 2026-06-04（要手書き）。直前・当日向けテンプレートから作成。公開前に本文・参照URL・関連リンクを差し替える。,本記事を読むと、直前2週間の就寝・学習・カフェインの線引きが分かり、たとえば「D-3に23:30まで演習した」場合に翌日どう調整するかまで把握できます。,11月15日から就寝23:00・起床6:00を7日間固定する;カフェインは15:00以降控え、17:00以降は学習90分上限;D-1は18:00までに学習終了・21:00入浴・22:00就寝;38度以上の発熱時は医師・要項で受験可否を確認;当日6:00起床・軽い朝食・10:30出発をカレンダー登録,試験要項・公式ページ更新時に本文と参照元を見直す。,2026-06-05,2026-06-29,2026-06-05,published,2026-06-05: 編集合格（手書きリライト・具体例）,14日前から就寝23時固定,"数値・日程・合格基準は年度で更新されるため、学習前と申込前にはマンション管理士試験センター（公式）の最新案内を確認してください。演習で直前の睡眠と健康管理に関する設問を解いたら。正解理由と誤答肢の違いを短くメモし、用語解説・比較表・よくある誤答タブで似た論点を比較表で整理すると定着しやすくなります。

演習10問を解き、解説で参照条文を公式テキストで開いて読み返してください。数値・日程・合格基準は年度で更新されるため、学習前と申込前には公益財団法人マンション管理センターの最新案内を確認してください。",カフェインと学習90分の上限,"数値・日程・合格基準は年度で更新されるため、学習前と申込前にはマンション管理士試験センター（公式）の最新案内を確認してください。演習で直前の睡眠と健康管理に関する設問を解いたら。正解理由と誤答肢の違いを短くメモし、用語解説・比較表・よくある誤答タブで似た論点を比較表で整理すると定着しやすくなります。

演習10問を解き、解説で参照条文を公式テキストで開いて読み返してください。数値・日程・合格基準は年度で更新されるため、学習前と申込前には公益財団法人マンション管理センターの最新案内を確認してください。",前日入浴21時・当日朝の流れ,"試験直前は新しい参考書を増やさず、直前の睡眠と健康管理で何度も迷った分野と頻出用語に絞ります。3分野のうち得点率が低い領域を1つ選び、用語10語＋演習20問程度をセットで見直すのが目安です。

前日は暗記の詰め込みより、睡眠と当日の持ち物・会場確認を優先してください。数値（修繕積立金、管理費、総会決議、管理委託契約、登録など）は早見表タブで最終確認すると安心です。",38度発熱時の判断表,"数値・日程・合格基準は年度で更新されるため、学習前と申込前にはマンション管理士試験センター（公式）の最新案内を確認してください。演習で直前の睡眠と健康管理に関する設問を解いたら。正解理由と誤答肢の違いを短くメモし、用語解説・比較表・よくある誤答タブで似た論点を比較表で整理すると定着しやすくなります。

表をノートに転記したら、演習10問で理解を確認し、誤答は公式テキスト該当章で読み直してください。数値・日程・合格基準は年度で更新されるため、学習前と申込前には公益財団法人マンション管理センターの最新案内を確認してください。",徹夜禁止の理由（再現性）,"受験票・要項に記載された持ち物と解答時間を、マンション管理士試験センター（公式）で確認したうえで前日に準備します。

- 持参：HB程度の黒い鉛筆2本以上、消しゴム、受験票、要項で求められる身分証
- 予備：鉛筆芯の予備、ティッシュ（要項で認められる範囲）
- 禁止：スマートフォン、参考書、電卓、辞書、ノートなど（要項の禁止リストどおり）
- 時間配分：演習で記録した1問あたりの目安時間を維持し、最後に5〜10分の見直しを確保
- 長文問題：設問文の条件（主体・期間・人数など）を下線メモする程度に留める

「直前の睡眠と健康管理」の解答時間はマンション管理士試験センター（公式）の要項で必ず再確認し、本番前に同じ問題数・時間で模擬演習するとペース感が定着しやすくなります。",,,,,直前に徹夜して暗記を増やしてもよいですか？,「直前に徹夜して暗記を増やしてもよいですか」はマンション管理士試験の公式テキスト該当章とマンション管理士試験センター（公式）で確認するのが確実です。直前の睡眠と健康管理では、条文の要件（誰が・いつ・何を）を演習問題とセットで押さえてください。,体調が悪いときは受験を続けますか？,「体調が悪いときは受験を続けますか」はマンション管理士試験の公式テキスト該当章とマンション管理士試験センター（公式）で確認するのが確実です。直前の睡眠と健康管理では、条文の要件（誰が・いつ・何を）を演習問題とセットで押さえてください。,final-day-checklist:試験前日チェックリスト;exam-day-flow:試験当日の流れ;mental-prep-exam-day:試験当日のメンタル対策;final-week-prep:直前1週間の対策;exam-schedule:試験日程（令和8年度）,独学でも睡眠管理はできますか？,読了後は、直前の睡眠と健康管理の関連する演習を5問以上解き、間違えた選択肢を用語解説で確認してから関連ガイドへ進んでください。1週間後の解き直し日をカレンダーに入れると定着しやすくなります。数値・主体・手順はマンション管理士試験センターの最新案内と照合してください。,14日前から就寝固定;睡眠7時間;カフェイン15時截止;38度は医師へ;徹夜禁止
final-mock-last-run,直前・当日,マンション管理士試験の直前模試の受け方,マンション管理士試験直前の模擬演習の受け方。11月15日頃の通し50問120分1回、分野別正答数記録、最終7日への弱点2分野配分を令和8年度11月29日試験向けに解説します。,マンション管理士試験の直前模試は、残り14日から逆算して1回だけ本番形式で受けるのが目安です。たとえば11月15日（土）10:00〜12:00に要項どおり50問120分を解き、管理組合運営12/20問・区分所有法14/20問と記録すれば、11月22日からの最終7日で弱点2分野に90分/日を寄せられます。令和8年度は11月29日（日）13:00〜15:00、7分野、公式情報はマン管センター要項です。本記事では模試の進め方、得点分析、翌日からの切り替えを具体例付きで示します。,70,直前対策;試験当日,マン管マスター編集部,資格学習サイトの編集チーム,公式情報確認担当,公開前に一次情報との照合を行う担当者,2026-06-05,公益財団法人マンション管理センター（公式）|https://www.mankan.org/,手書きリライト 2026-06-04。自動prose差し替え 2026-06-04（要手書き）。直前・当日向けテンプレートから作成。公開前に本文・参照URL・関連リンクを差し替える。,本記事を読むと、直前模試をいつ・どう受け、分野別正答数をたとえば「建物・設備8/15問」のように記録して最終7日に反映する手順が分かります。,11月15日頃に要項どおり50問を120分タイマーで1回解く;分野別正答数・時間切れ数・ケアレス数を表に記録する;正答率50％未満の2分野に最終7日の演習60％を集中する;模試翌日から新規学習停止、誤答20問だけ解き直す;模試翌日午後は持ち物・会場ルート確認に切り替える,試験要項・公式ページ更新時に本文と参照元を見直す。,2026-06-05,2026-06-29,2026-06-05,published,2026-06-05: 編集合格（手書きリライト・具体例）,11月15日頃の通し50問1回,"数値・日程・合格基準は年度で更新されるため、学習前と申込前にはマンション管理士試験センター（公式）の最新案内を確認してください。演習で直前模試の受け方に関する設問を解いたら。正解理由と誤答肢の違いを短くメモし、用語解説・比較表・よくある誤答タブで似た論点を比較表で整理すると定着しやすくなります。

演習10問を解き、解説で参照条文を公式テキストで開いて読み返してください。数値・日程・合格基準は年度で更新されるため、学習前と申込前には公益財団法人マンション管理センターの最新案内を確認してください。",模試前夜と当日朝の準備,"試験直前は新しい参考書を増やさず、直前模試の受け方で何度も迷った分野と頻出用語に絞ります。3分野のうち得点率が低い領域を1つ選び、用語10語＋演習20問程度をセットで見直すのが目安です。

前日は暗記の詰め込みより、睡眠と当日の持ち物・会場確認を優先してください。数値（修繕積立金、管理費、総会決議、管理委託契約、登録など）は早見表タブで最終確認すると安心です。",120分タイマーでの第1周・第2周,"数値・日程・合格基準は年度で更新されるため、学習前と申込前にはマンション管理士試験センター（公式）の最新案内を確認してください。演習で直前模試の受け方に関する設問を解いたら。正解理由と誤答肢の違いを短くメモし、用語解説・比較表・よくある誤答タブで似た論点を比較表で整理すると定着しやすくなります。

演習10問を解き、解説で参照条文を公式テキストで開いて読み返してください。数値・日程・合格基準は年度で更新されるため、学習前と申込前には公益財団法人マンション管理センターの最新案内を確認してください。",分野別正答数から7日配分,"数値・日程・合格基準は年度で更新されるため、学習前と申込前にはマンション管理士試験センター（公式）の最新案内を確認してください。演習で直前模試の受け方に関する設問を解いたら。正解理由と誤答肢の違いを短くメモし、用語解説・比較表・よくある誤答タブで似た論点を比較表で整理すると定着しやすくなります。

演習10問を解き、解説で参照条文を公式テキストで開いて読み返してください。数値・日程・合格基準は年度で更新されるため、学習前と申込前には公益財団法人マンション管理センターの最新案内を確認してください。",模試翌日は持ち物確認へ,"試験前日までに、公益財団法人マンション管理センターの受験要項と受験票でマンション管理士試験の直前模試の受け方の内容を最終確認し、忘れ物がないよう前日のうちに以下をチェックしてください。

- 受験票（印刷したもの、または要項で認められた表示方法）
- HB程度の黒い鉛筆を2本以上（予備含む。シャープペンシル可否は要項で確認）
- 消しゴム（汚れ・欠けがないもの）
- 受験票に「身分証明書持参」とある場合は、有効期限内の写真付き身分証
- 会場名・住所・最寄り駅・会場入口（受験票の案内どおり）
- 試験開始時刻と受付開始時刻（多くの会場は開始30分前までに着席）
- 当日の交通手段・所要時間・予備経路（遅延時の連絡先も控える）
- 腕時計の持込可否（禁止の場合は会場の時計のみ使用）
- スマートフォン・タブレット・参考書・電卓・ノート・辞書など禁止物品を持ち込まない
- 前日就寝時刻・当日の起床時刻・朝食（体調管理）

学習面では新しい教材を増やさず、直近1週間の誤答ノートと頻出用語だけを30分以内で見直します。当日朝は持ち物をリスト通りにカバンへ入れ、出発前にもう一度中身を確認してください。",,,,,直前模試は何回受ければよいですか？,「直前模試は何回受ければよいですか」はマンション管理士試験の公式テキスト該当章とマンション管理士試験センター（公式）で確認するのが確実です。直前模試の受け方では、条文の要件（誰が・いつ・何を）を演習問題とセットで押さえてください。,模試の問題数・時間はどう揃えますか？,「模試の問題数・時間はどう揃えますか」はマンション管理士試験の公式テキスト該当章とマンション管理士試験センター（公式）で確認するのが確実です。直前模試の受け方では、条文の要件（誰が・いつ・何を）を演習問題とセットで押さえてください。,exam-schedule:試験日程（令和8年度）;exam-day-items:試験当日の持ち物;final-week-prep:直前1週間の対策;final-scope-narrowing:直前の範囲絞り込み;exam-day-time-allocation:試験当日の時間配分,独学でも直前模試の分析はできますか？,読了後は、直前模試の受け方の関連する演習を5問以上解き、間違えた選択肢を用語解説で確認してから関連ガイドへ進んでください。1週間後の解き直し日をカレンダーに入れると定着しやすくなります。数値・主体・手順はマンション管理士試験センターの最新案内と照合してください。,14日前に1回通し;分野別を記録;弱点2分野へ60％;翌日は確認へ;2回目は解き直し
exam-day-items,直前・当日,マンション管理士試験当日の持ち物・禁止物（受験票が正本）,マンション管理士試験当日の持ち物・禁止物品。HB鉛筆2本・受験票・11月28日前日準備、29日6:30再点検のチェック例を要項ベースで解説します。,マンション管理士試験の持ち物は、11月29日13:00開始の2時間前までに袋を完成させます。たとえば11月28日15:00にHB鉛筆2本・消しゴム2個・受験票を床に並べ写真を撮り、29日6:30に同じ写真と照合する——この運用で取りこぼしが減ります。令和8年度は7分野50問、公式情報はマン管センター要項と受験票です。本記事では持参品・禁止物・前日準備を具体例付きで示します。,70,直前対策;試験当日,マン管マスター編集部,資格学習サイトの編集チーム,公式情報確認担当,公開前に一次情報との照合を行う担当者,2026-06-05,公益財団法人マンション管理センター（公式）|https://www.mankan.org/,手書きリライト 2026-06-04。自動prose差し替え 2026-06-04（要手書き）。直前・当日向けテンプレートから作成。公開前に本文・参照URL・関連リンクを差し替える。,本記事を読むと、前日15:00と当日6:30に何を袋へ入れるかが分かり、たとえば「スマートフォンは別の机・腕時計は要項確認後のみ」の線引きまで把握できます。,要項・受験票で持ち物・禁止物を11月27日までに一覧化;11月28日15:00に持ち物を袋へ入れ禁止物を自宅机に置く;床に並べて写真を撮り6:30再点検の基準にする;スマートフォン・参考書・電卓は持ち込まない;11:30到着前に受験票・身分証・鉛筆が手元にあるか確認,試験要項・公式ページ更新時に本文と参照元を見直す。,2026-06-05,2026-06-29,2026-06-05,published,2026-06-05: 編集合格（手書きリライト・具体例）,11月28日15:00の持ち物袋完成,"受験票・要項に記載された持ち物と解答時間を、マンション管理士試験センター（公式）で確認したうえで前日に準備します。

- 持参：HB程度の黒い鉛筆2本以上、消しゴム、受験票、要項で求められる身分証
- 予備：鉛筆芯の予備、ティッシュ（要項で認められる範囲）
- 禁止：スマートフォン、参考書、電卓、辞書、ノートなど（要項の禁止リストどおり）
- 時間配分：演習で記録した1問あたりの目安時間を維持し、最後に5〜10分の見直しを確保
- 長文問題：設問文の条件（主体・期間・人数など）を下線メモする程度に留める

「当日の持ち物・禁止物（受験票が正本）」の解答時間はマンション管理士試験センター（公式）の要項で必ず再確認し、本番前に同じ問題数・時間で模擬演習するとペース感が定着しやすくなります。",要項どおりの持参リスト,"独学を始める前に、マンション管理士試験センター（公式）で受験資格・試験日程・出題範囲（3分野）・合格基準をメモしてください。当日の持ち物・禁止物（受験票が正本）の学習計画は、公式テキストの章立てと一致させると、過去問の分野ラベルとも対応づけやすくなります。

ブログやSNSの「最新情報」は、必ずマンション管理士試験センターのページと照合してから採用してください。申込期限や受験料は年度ごとに変わるため、カレンダーに締切を入れてから教材を開く習慣が有効です。",禁止物を自宅机に置く手順,"受験票・要項に記載された持ち物と解答時間を、マンション管理士試験センター（公式）で確認したうえで前日に準備します。

- 持参：HB程度の黒い鉛筆2本以上、消しゴム、受験票、要項で求められる身分証
- 予備：鉛筆芯の予備、ティッシュ（要項で認められる範囲）
- 禁止：スマートフォン、参考書、電卓、辞書、ノートなど（要項の禁止リストどおり）
- 時間配分：演習で記録した1問あたりの目安時間を維持し、最後に5〜10分の見直しを確保
- 長文問題：設問文の条件（主体・期間・人数など）を下線メモする程度に留める

「当日の持ち物・禁止物（受験票が正本）」の解答時間はマンション管理士試験センター（公式）の要項で必ず再確認し、本番前に同じ問題数・時間で模擬演習するとペース感が定着しやすくなります。",持ち物と120分配分のセット,"受験票・要項に記載された持ち物と解答時間を、マンション管理士試験センター（公式）で確認したうえで前日に準備します。

- 持参：HB程度の黒い鉛筆2本以上、消しゴム、受験票、要項で求められる身分証
- 予備：鉛筆芯の予備、ティッシュ（要項で認められる範囲）
- 禁止：スマートフォン、参考書、電卓、辞書、ノートなど（要項の禁止リストどおり）
- 時間配分：演習で記録した1問あたりの目安時間を維持し、最後に5〜10分の見直しを確保
- 長文問題：設問文の条件（主体・期間・人数など）を下線メモする程度に留める

「当日の持ち物・禁止物（受験票が正本）」の解答時間はマンション管理士試験センター（公式）の要項で必ず再確認し、本番前に同じ問題数・時間で模擬演習するとペース感が定着しやすくなります。",6:30再点検と11:30到着前,"数値・日程・合格基準は年度で更新されるため、学習前と申込前にはマンション管理士試験センター（公式）の最新案内を確認してください。演習で当日の持ち物・禁止物（受験票が正本）に関する設問を解いたら。正解理由と誤答肢の違いを短くメモし、用語解説・比較表・よくある誤答タブで似た論点を比較表で整理すると定着しやすくなります。

演習10問を解き、解説で参照条文を公式テキストで開いて読み返してください。数値・日程・合格基準は年度で更新されるため、学習前と申込前には公益財団法人マンション管理センターの最新案内を確認してください。",,,,,忘れがちな持ち物は何ですか？,受験票・筆記用具（HB程度の鉛筆またはシャープペン、消しゴム）は基本の持ち物です。電子機器・辞書・参考書類は原則持込不可のため、マンション管理士試験センター（公式）の受験要項で禁止物と持参物を確認してください。時計や身分証の要否も会場案内に従い、前日に持ち物リストへチェックを入れておくと安心です。,禁止物をうっかり入れそうなときは？,「禁止物をうっかり入れそうなときは」はマンション管理士試験の公式テキスト該当章とマンション管理士試験センター（公式）で確認するのが確実です。当日の持ち物・禁止物（受験票が正本）では、条文の要件（誰が・いつ・何を）を演習問題とセットで押さえてください。,exam-day-flow:試験当日の流れ;final-day-checklist:試験前日チェックリスト;exam-schedule:試験日程（令和8年度）;exam-day-troubleshooting:試験当日のトラブル対応;exam-format-overview:試験形式の概要,直前に参考書を袋に入れてもよいですか？,読了後は、当日の持ち物・禁止物（受験票が正本）の関連する演習を5問以上解き、間違えた選択肢を用語解説で確認してから関連ガイドへ進んでください。1週間後の解き直し日をカレンダーに入れると定着しやすくなります。,要項と受験票;前日15:00完成;6:30再点検;禁止物は自宅;写真で照合
exam-day-flow,直前・当日,マンション管理士試験当日の流れ（13:00〜15:00）,マンション管理士試験当日のタイムライン。11月29日6:00起床から13:00開始・15:00終了まで、10:30出発・11:30到着の逆算例付きで受付から提出まで解説します。,マンション管理士試験当日は、13:00開始から逆算して動くと慌てにくくなります。たとえば11月29日（日）6:00起床・10:30出発・11:30到着なら、受付から着席まで60分、開始直後5分で50問の配分を決められます。令和8年度は13:00〜15:00・7分野50問、公式情報はマン管センター要項と受験票です。本記事では前日準備から退場までの時刻表を具体例付きで示します。,70,直前対策;試験当日,マン管マスター編集部,資格学習サイトの編集チーム,公式情報確認担当,公開前に一次情報との照合を行う担当者,2026-06-05,公益財団法人マンション管理センター（公式）|https://www.mankan.org/,手書きリライト 2026-06-04。自動prose差し替え 2026-06-04（要手書き）。直前・当日向けテンプレートから作成。公開前に本文・参照URL・関連リンクを差し替える。,本記事を読むと、当日6:00から15:00まで何をいつ行うかが分かり、たとえば「11:45受付完了・12:50着席・14:50見直し開始」の流れを初受験でも再現できます。,13:00開始から逆算し10:30出発・11:30到着を前日カレンダー登録;前日22:00就寝・当日6:00起床アラーム2つを設定;11:30到着後は受付→座席→鉛筆準備の順で動く;13:05までに50問の時間配分を紙1行メモ;14:50から未記入・マークミスを10分で確認,試験要項・公式ページ更新時に本文と参照元を見直す。,2026-06-05,2026-06-29,2026-06-05,published,2026-06-05: 編集合格（手書きリライト・具体例）,6:00起床から11:30到着まで,"数値・日程・合格基準は年度で更新されるため、学習前と申込前にはマンション管理士試験センター（公式）の最新案内を確認してください。演習で当日の流れ（13:00〜15:00）に関する設問を解いたら。正解理由と誤答肢の違いを短くメモし、用語解説・比較表・よくある誤答タブで似た論点を比較表で整理すると定着しやすくなります。

演習10問を解き、解説で参照条文を公式テキストで開いて読み返してください。数値・日程・合格基準は年度で更新されるため、学習前と申込前には公益財団法人マンション管理センターの最新案内を確認してください。",前日22:00就寝のチェック表,"数値・日程・合格基準は年度で更新されるため、学習前と申込前にはマンション管理士試験センター（公式）の最新案内を確認してください。演習で当日の流れ（13:00〜15:00）に関する設問を解いたら。正解理由と誤答肢の違いを短くメモし、用語解説・比較表・よくある誤答タブで似た論点を比較表で整理すると定着しやすくなります。

表をノートに転記したら、演習10問で理解を確認し、誤答は公式テキスト該当章で読み直してください。数値・日程・合格基準は年度で更新されるため、学習前と申込前には公益財団法人マンション管理センターの最新案内を確認してください。",11:30〜13:00の受付・着席,"数値・日程・合格基準は年度で更新されるため、学習前と申込前にはマンション管理士試験センター（公式）の最新案内を確認してください。演習で当日の流れ（13:00〜15:00）に関する設問を解いたら。正解理由と誤答肢の違いを短くメモし、用語解説・比較表・よくある誤答タブで似た論点を比較表で整理すると定着しやすくなります。

演習10問を解き、解説で参照条文を公式テキストで開いて読み返してください。数値・日程・合格基準は年度で更新されるため、学習前と申込前には公益財団法人マンション管理センターの最新案内を確認してください。",13:00〜14:50の解答フェーズ,"数値・日程・合格基準は年度で更新されるため、学習前と申込前にはマンション管理士試験センター（公式）の最新案内を確認してください。演習で当日の流れ（13:00〜15:00）に関する設問を解いたら。正解理由と誤答肢の違いを短くメモし、用語解説・比較表・よくある誤答タブで似た論点を比較表で整理すると定着しやすくなります。

演習10問を解き、解説で参照条文を公式テキストで開いて読み返してください。数値・日程・合格基準は年度で更新されるため、学習前と申込前には公益財団法人マンション管理センターの最新案内を確認してください。",15:00提出から退場まで,"数値・日程・合格基準は年度で更新されるため、学習前と申込前にはマンション管理士試験センター（公式）の最新案内を確認してください。演習で当日の流れ（13:00〜15:00）に関する設問を解いたら。正解理由と誤答肢の違いを短くメモし、用語解説・比較表・よくある誤答タブで似た論点を比較表で整理すると定着しやすくなります。

演習10問を解き、解説で参照条文を公式テキストで開いて読み返してください。数値・日程・合格基準は年度で更新されるため、学習前と申込前には公益財団法人マンション管理センターの最新案内を確認してください。",,,,,当日、何時に会場へ着けばよいですか？,「当日、何時に会場へ着けばよいですか」はマンション管理士試験の公式テキスト該当章とマンション管理士試験センター（公式）で確認するのが確実です。当日の流れ（13:00〜15:00）では、条文の要件（誰が・いつ・何を）を演習問題とセットで押さえてください。,開始直後に何をすべきですか？,「開始直後に何をすべきですか」はマンション管理士試験の公式テキスト該当章とマンション管理士試験センター（公式）で確認するのが確実です。当日の流れ（13:00〜15:00）では、条文の要件（誰が・いつ・何を）を演習問題とセットで押さえてください。,exam-day-items:試験当日の持ち物;exam-day-time-allocation:試験当日の時間配分;final-day-checklist:試験前日チェックリスト;exam-schedule:試験日程（令和8年度）;exam-format-overview:試験形式の概要,見直しは何時から始めますか？,読了後は、当日の流れ（13:00〜15:00）の関連する演習を5問以上解き、間違えた選択肢を用語解説で確認してから関連ガイドへ進んでください。1週間後の解き直し日をカレンダーに入れると定着しやすくなります。,10:30出発11:30到着;13:00〜15:00;14:50見直し;受験票が正本;前日ルート確認
exam-day-time-allocation,直前・当日,マンション管理士試験当日の時間配分（2時間・マーク運用）,マンション管理士試験当日の時間配分。50問120分・1問2分24秒、14:50見直し10分、11月29日13:00開始向けのマーク運用を表で解説します。,マンション管理士試験本番は50問120分、1問あたり約2分24秒が基準です。たとえば13:00開始なら14:30までに第1周40問、14:50から見直し10分——この配分を直前模試で2回記録しておくと当日に使えます。令和8年度は11月29日（日）13:00〜15:00・7分野、公式情報はマン管センター要項です。本記事ではマーク運用と7分野の区切りを具体例付きで示します。,70,直前対策;試験当日,マン管マスター編集部,資格学習サイトの編集チーム,公式情報確認担当,公開前に一次情報との照合を行う担当者,2026-06-05,公益財団法人マンション管理センター（公式）|https://www.mankan.org/,手書きリライト 2026-06-04。自動prose差し替え 2026-06-04（要手書き）。直前・当日向けテンプレートから作成。公開前に本文・参照URL・関連リンクを差し替える。,本記事を読むと、2時間をどう区切りマークと見直しで時間切れを防ぐかが分かり、たとえば「14:00時点で35問完了・マーク5問」の中間チェックまで把握できます。,直前1週間に50問120分の通し演習を週2回実施;1問あたり秒数と14:00中間チェックを記録;5分上限でマークし先へ進むルールを紙に固定;14:50から見直し10分を確保（未記入最優先）;13:05までに7分野の目標問題数を心で区切る,試験要項・公式ページ更新時に本文と参照元を見直す。,2026-06-05,2026-06-29,2026-06-05,published,2026-06-05: 編集合格（手書きリライト・具体例）,50問120分の数式固定,"数値・日程・合格基準は年度で更新されるため、学習前と申込前にはマンション管理士試験センター（公式）の最新案内を確認してください。演習で当日の時間配分（2時間・マーク運用）に関する設問を解いたら。正解理由と誤答肢の違いを短くメモし、用語解説・比較表・よくある誤答タブで似た論点を比較表で整理すると定着しやすくなります。

演習10問を解き、解説で参照条文を公式テキストで開いて読み返してください。数値・日程・合格基準は年度で更新されるため、学習前と申込前には公益財団法人マンション管理センターの最新案内を確認してください。",13:05までの全問確認,"独学を始める前に、マンション管理士試験センター（公式）で受験資格・試験日程・出題範囲（3分野）・合格基準をメモしてください。当日の時間配分（2時間・マーク運用）の学習計画は、公式テキストの章立てと一致させると、過去問の分野ラベルとも対応づけやすくなります。

ブログやSNSの「最新情報」は、必ずマンション管理士試験センターのページと照合してから採用してください。申込期限や受験料は年度ごとに変わるため、カレンダーに締切を入れてから教材を開く習慣が有効です。",5分上限のマーク運用,"数値・日程・合格基準は年度で更新されるため、学習前と申込前にはマンション管理士試験センター（公式）の最新案内を確認してください。演習で当日の時間配分（2時間・マーク運用）に関する設問を解いたら。正解理由と誤答肢の違いを短くメモし、用語解説・比較表・よくある誤答タブで似た論点を比較表で整理すると定着しやすくなります。

演習10問を解き、解説で参照条文を公式テキストで開いて読み返してください。数値・日程・合格基準は年度で更新されるため、学習前と申込前には公益財団法人マンション管理センターの最新案内を確認してください。",14:00中間と7分野の区切り,"数値・日程・合格基準は年度で更新されるため、学習前と申込前にはマンション管理士試験センター（公式）の最新案内を確認してください。演習で当日の時間配分（2時間・マーク運用）に関する設問を解いたら。正解理由と誤答肢の違いを短くメモし、用語解説・比較表・よくある誤答タブで似た論点を比較表で整理すると定着しやすくなります。

演習10問を解き、解説で参照条文を公式テキストで開いて読み返してください。数値・日程・合格基準は年度で更新されるため、学習前と申込前には公益財団法人マンション管理センターの最新案内を確認してください。",14:50〜15:00の見直し手順,"数値・日程・合格基準は年度で更新されるため、学習前と申込前にはマンション管理士試験センター（公式）の最新案内を確認してください。演習で当日の時間配分（2時間・マーク運用）に関する設問を解いたら。正解理由と誤答肢の違いを短くメモし、用語解説・比較表・よくある誤答タブで似た論点を比較表で整理すると定着しやすくなります。

演習10問を解き、解説で参照条文を公式テキストで開いて読み返してください。数値・日程・合格基準は年度で更新されるため、学習前と申込前には公益財団法人マンション管理センターの最新案内を確認してください。",,,,,1問あたり何秒が目安ですか？,「1問あたり何秒が目安ですか」はマンション管理士試験の公式テキスト該当章とマンション管理士試験センター（公式）で確認するのが確実です。当日の時間配分（2時間・マーク運用）では、条文の要件（誰が・いつ・何を）を演習問題とセットで押さえてください。,14:00時点で何問解いていればよいですか？,「14:00時点で何問解いていればよいですか」はマンション管理士試験の公式テキスト該当章とマンション管理士試験センター（公式）で確認するのが確実です。当日の時間配分（2時間・マーク運用）では、条文の要件（誰が・いつ・何を）を演習問題とセットで押さえてください。,exam-day-flow:試験当日の流れ;exam-format-overview:試験形式の概要;final-mock-last-run:直前模試の受け方;exam-schedule:試験日程（令和8年度）;timed-practice:時間制限付き演習,見直し10分でマーク10問全部は無理ですか？,読了後は、当日の時間配分（2時間・マーク運用）の関連する演習を5問以上解き、間違えた選択肢を用語解説で確認してから関連ガイドへ進んでください。1週間後の解き直し日をカレンダーに入れると定着しやすくなります。,1問2分24秒;14:50見直し10分;5分でマーク;14:00中間35問;7分野区切り
mental-prep-exam-day,直前・当日,マンション管理士試験当日のメンタル対策,マンション管理士試験当日のメンタル対策。4秒吸う6秒吐く呼吸3回、5分上限マーク、11月29日13:00開始向けの緊張コントロールを具体例付き解説します。,マンション管理士試験当日は、50問120分の演習再現がメンタルの核心です。残り14日から就寝23:00固定し、たとえば11月15日模試を13:00〜15:00に1回受ける——この2点で29日の緊張が「未知」から「2回目」に変わります。令和8年度は11月29日（日）13:00〜15:00・7分野です。本記事では呼吸・切り替え・難問対応を具体例付きで示します。,70,直前対策;試験当日,マン管マスター編集部,資格学習サイトの編集チーム,公式情報確認担当,公開前に一次情報との照合を行う担当者,2026-06-05,公益財団法人マンション管理センター（公式）|https://www.mankan.org/,手書きリライト 2026-06-04。自動prose差し替え 2026-06-04（要手書き）。直前・当日向けテンプレートから作成。公開前に本文・参照URL・関連リンクを差し替える。,本記事を読むと、緊張時の呼吸手順と難問の切り替えルールが分かり、たとえば「13:20に3問連続ミス→鉛筆を置き呼吸3回」の流れを本番で再現できます。,11月15日から就寝23:00・起床6:00を14日間固定;11月15日頃に13:00〜15:00模試を1回（持ち物同条件）;前日に「印を付けて先へ・14:50見直し」を紙に書く;13:20連続ミス時は鉛筆を置き4秒吸う6秒吐く×3;開始30分前まで静かに待機（会場案内どおり）,試験要項・公式ページ更新時に本文と参照元を見直す。,2026-06-05,2026-06-29,2026-06-05,published,2026-06-05: 編集合格（手書きリライト・具体例）,11月15日模試で本番を2回目に,"数値・日程・合格基準は年度で更新されるため、学習前と申込前にはマンション管理士試験センター（公式）の最新案内を確認してください。演習で当日のメンタル対策に関する設問を解いたら。正解理由と誤答肢の違いを短くメモし、用語解説・比較表・よくある誤答タブで似た論点を比較表で整理すると定着しやすくなります。

演習10問を解き、解説で参照条文を公式テキストで開いて読み返してください。数値・日程・合格基準は年度で更新されるため、学習前と申込前には公益財団法人マンション管理センターの最新案内を確認してください。",前日・当日朝の心のルール,"試験直前は新しい参考書を増やさず、当日のメンタル対策で何度も迷った分野と頻出用語に絞ります。3分野のうち得点率が低い領域を1つ選び、用語10語＋演習20問程度をセットで見直すのが目安です。

前日は暗記の詰め込みより、睡眠と当日の持ち物・会場確認を優先してください。数値（修繕積立金、管理費、総会決議、管理委託契約、登録など）は早見表タブで最終確認すると安心です。",4秒吸う6秒吐く×3回,"数値・日程・合格基準は年度で更新されるため、学習前と申込前にはマンション管理士試験センター（公式）の最新案内を確認してください。演習で当日のメンタル対策に関する設問を解いたら。正解理由と誤答肢の違いを短くメモし、用語解説・比較表・よくある誤答タブで似た論点を比較表で整理すると定着しやすくなります。

演習10問を解き、解説で参照条文を公式テキストで開いて読み返してください。数値・日程・合格基準は年度で更新されるため、学習前と申込前には公益財団法人マンション管理センターの最新案内を確認してください。",11:30到着から13:00まで,"数値・日程・合格基準は年度で更新されるため、学習前と申込前にはマンション管理士試験センター（公式）の最新案内を確認してください。演習で当日のメンタル対策に関する設問を解いたら。正解理由と誤答肢の違いを短くメモし、用語解説・比較表・よくある誤答タブで似た論点を比較表で整理すると定着しやすくなります。

演習10問を解き、解説で参照条文を公式テキストで開いて読み返してください。数値・日程・合格基準は年度で更新されるため、学習前と申込前には公益財団法人マンション管理センターの最新案内を確認してください。",15:00以降の心の切り替え,"数値・日程・合格基準は年度で更新されるため、学習前と申込前にはマンション管理士試験センター（公式）の最新案内を確認してください。演習で当日のメンタル対策に関する設問を解いたら。正解理由と誤答肢の違いを短くメモし、用語解説・比較表・よくある誤答タブで似た論点を比較表で整理すると定着しやすくなります。

演習10問を解き、解説で参照条文を公式テキストで開いて読み返してください。数値・日程・合格基準は年度で更新されるため、学習前と申込前には公益財団法人マンション管理センターの最新案内を確認してください。",,,,,13:20にパニックになったら？,「13:20にパニックになったら」はマンション管理士試験の公式テキスト該当章とマンション管理士試験センター（公式）で確認するのが確実です。当日のメンタル対策では、条文の要件（誰が・いつ・何を）を演習問題とセットで押さえてください。,直前夜に不安で眠れないときは？,「直前夜に不安で眠れないときは」はマンション管理士試験の公式テキスト該当章とマンション管理士試験センター（公式）で確認するのが確実です。当日のメンタル対策では、条文の要件（誰が・いつ・何を）を演習問題とセットで押さえてください。,exam-day-flow:試験当日の流れ;exam-day-time-allocation:試験当日の時間配分;final-sleep-and-health:直前の睡眠と健康管理;final-day-checklist:試験前日チェックリスト;exam-schedule:試験日程（令和8年度）,独学でもメンタル対策はできますか？,読了後は、当日のメンタル対策の関連する演習を5問以上解き、間違えた選択肢を用語解説で確認してから関連ガイドへ進んでください。1週間後の解き直し日をカレンダーに入れると定着しやすくなります。数値・主体・手順はマンション管理士試験センターの最新案内と照合してください。,23:00就寝14日;模試13:00開始;呼吸4-6×3;印を付けて先へ;14:50見直し
exam-day-troubleshooting,直前・当日,マンション管理士試験当日のトラブル対応,マンション管理士試験当日のトラブル対応。12:58遅刻・38度発熱・マークずれ・問題冊不備の初動を、11月29日13:00開始想定で具体例付き解説します。,マンション管理士試験当日のトラブルは、13:00開始から逆算した初動表があると冷静です。たとえば12:58会場到着なら受付直行・受験票提示、38.5度発熱なら医師・要項確認——この2パターンだけ前日紙に書いておきます。令和8年度は11月29日（日）13:00〜15:00・7分野50問です。公式情報はマン管センター要項・受験票・会場案内です。,70,直前対策;試験当日,マン管マスター編集部,資格学習サイトの編集チーム,公式情報確認担当,公開前に一次情報との照合を行う担当者,2026-06-05,公益財団法人マンション管理センター（公式）|https://www.mankan.org/,手書きリライト 2026-06-04。自動prose差し替え 2026-06-04（要手書き）。直前・当日向けテンプレートから作成。公開前に本文・参照URL・関連リンクを差し替える。,本記事を読むと、遅刻・体調・マークミス・冊子不備の初動順序が分かり、たとえば「12:55到着時は走らず受付へ直行」と判断できるようになります。,前日に遅刻・発熱・マークずれの初動をA4に1行ずつ書く;受験票の問い合わせ先を紙メモ（スマホは自宅）;10:30出発・予備ルート1行を前日決定;38度以上は医師・要項で受験可否を確認;冊子不備は開封直後に挙手・自己補完しない,試験要項・公式ページ更新時に本文と参照元を見直す。,2026-06-05,2026-06-29,2026-06-05,published,2026-06-05: 編集合格（手書きリライト・具体例）,前日A4の初動表3行,"数値・日程・合格基準は年度で更新されるため、学習前と申込前にはマンション管理士試験センター（公式）の最新案内を確認してください。演習で当日のトラブル対応に関する設問を解いたら。正解理由と誤答肢の違いを短くメモし、用語解説・比較表・よくある誤答タブで似た論点を比較表で整理すると定着しやすくなります。

表をノートに転記したら、演習10問で理解を確認し、誤答は公式テキスト該当章で読み直してください。数値・日程・合格基準は年度で更新されるため、学習前と申込前には公益財団法人マンション管理センターの最新案内を確認してください。",12:55〜13:00の遅刻初動,"数値・日程・合格基準は年度で更新されるため、学習前と申込前にはマンション管理士試験センター（公式）の最新案内を確認してください。演習で当日のトラブル対応に関する設問を解いたら。正解理由と誤答肢の違いを短くメモし、用語解説・比較表・よくある誤答タブで似た論点を比較表で整理すると定着しやすくなります。

演習10問を解き、解説で参照条文を公式テキストで開いて読み返してください。数値・日程・合格基準は年度で更新されるため、学習前と申込前には公益財団法人マンション管理センターの最新案内を確認してください。",体調・持ち物不足の判断,"受験票・要項に記載された持ち物と解答時間を、マンション管理士試験センター（公式）で確認したうえで前日に準備します。

- 持参：HB程度の黒い鉛筆2本以上、消しゴム、受験票、要項で求められる身分証
- 予備：鉛筆芯の予備、ティッシュ（要項で認められる範囲）
- 禁止：スマートフォン、参考書、電卓、辞書、ノートなど（要項の禁止リストどおり）
- 時間配分：演習で記録した1問あたりの目安時間を維持し、最後に5〜10分の見直しを確保
- 長文問題：設問文の条件（主体・期間・人数など）を下線メモする程度に留める

「当日のトラブル対応」の解答時間はマンション管理士試験センター（公式）の要項で必ず再確認し、本番前に同じ問題数・時間で模擬演習するとペース感が定着しやすくなります。",マークずれと問題冊不備,"数値・日程・合格基準は年度で更新されるため、学習前と申込前にはマンション管理士試験センター（公式）の最新案内を確認してください。演習で当日のトラブル対応に関する設問を解いたら。正解理由と誤答肢の違いを短くメモし、用語解説・比較表・よくある誤答タブで似た論点を比較表で整理すると定着しやすくなります。

演習10問を解き、解説で参照条文を公式テキストで開いて読み返してください。数値・日程・合格基準は年度で更新されるため、学習前と申込前には公益財団法人マンション管理センターの最新案内を確認してください。",15:00以降の整理と記録,"数値・日程・合格基準は年度で更新されるため、学習前と申込前にはマンション管理士試験センター（公式）の最新案内を確認してください。演習で当日のトラブル対応に関する設問を解いたら。正解理由と誤答肢の違いを短くメモし、用語解説・比較表・よくある誤答タブで似た論点を比較表で整理すると定着しやすくなります。

演習10問を解き、解説で参照条文を公式テキストで開いて読み返してください。数値・日程・合格基準は年度で更新されるため、学習前と申込前には公益財団法人マンション管理センターの最新案内を確認してください。",,,,,12:58到着したらどうしますか？,「12:58到着したらどうしますか」はマンション管理士試験の公式テキスト該当章とマンション管理士試験センター（公式）で確認するのが確実です。当日のトラブル対応では、条文の要件（誰が・いつ・何を）を演習問題とセットで押さえてください。,試験中に体調が悪化したら？,「試験中に体調が悪化したら」はマンション管理士試験の公式テキスト該当章とマンション管理士試験センター（公式）で確認するのが確実です。当日のトラブル対応では、条文の要件（誰が・いつ・何を）を演習問題とセットで押さえてください。,exam-day-flow:試験当日の流れ;exam-day-items:試験当日の持ち物;final-day-checklist:試験前日チェックリスト;mental-prep-exam-day:試験当日のメンタル対策;exam-schedule:試験日程（令和8年度）,問題冊子のページ抜けを見つけたら？,読了後は、当日のトラブル対応の関連する演習を5問以上解き、間違えた選択肢を用語解説で確認してから関連ガイドへ進んでください。1週間後の解き直し日をカレンダーに入れると定着しやすくなります。数値・主体・手順はマンション管理士試験センターの最新案内と照合してください。,初動表を前日;12:58は受付へ;38度は医師へ;挙手で不備報告;走らず連絡
after-pass-procedure,注意点・更新,マンション管理士試験の合格後の手続き,マンション管理士試験の合格後手続き。11/29受験から合格発表・登録期限までの流れ、マン管センター要項を正本としたチェックリストを令和8年度向けに具体例付き解説。,マンション管理士試験合格後は、SNS体験記よりマン管センター要項の手続き期限を確認してください。たとえば2025年11/29 13:00受験→12月中旬合格発表——登録期限は要項1行メモ——体験記「1週間以内」は未検証です。,12,誤解;制度変更;合格後,マン管マスター編集部,資格学習サイトの編集チーム,公式情報確認担当,公開前に一次情報との照合を行う担当者,2026-06-05,公益財団法人マンション管理センター（公式）|https://www.mankan.org/,手書きリライト 2026-06-04。自動prose差し替え 2026-06-04（要手書き）。注意点・更新向けテンプレートから作成。公開前に本文・参照URL・関連リンクを差し替える。,本記事を読むと、合格後手続きの順序が分かり、たとえば「11/29受験→12月発表確認→登録期限カレンダー」まで設計できます。,11/29受験後、合格発表日を要項で確認しカレンダー登録;合格発表はマン管センター公式のみ正本（SNS未検証）;合格証・登録期限を要項1行メモ→期限前に書類準備;不合格時は12/1振返→再受験計画記事へ;手続き完了後に登録・免許記事で次ステップ確認,試験要項・公式ページ更新時に本文と参照元を見直す。,2026-06-05,2026-06-29,2026-06-05,published,2026-06-05: 編集合格（手書きリライト・具体例）,11/29：受験→12月合格発表（要項正本）,"独学を始める前に、マンション管理士試験センター（公式）で受験資格・試験日程・出題範囲（3分野）・合格基準をメモしてください。合格後の手続きの学習計画は、公式テキストの章立てと一致させると、過去問の分野ラベルとも対応づけやすくなります。

ブログやSNSの「最新情報」は、必ずマンション管理士試験センターのページと照合してから採用してください。申込期限や受験料は年度ごとに変わるため、カレンダーに締切を入れてから教材を開く習慣が有効です。",12月：合格確認→登録期限1行メモ,"独学を始める前に、マンション管理士試験センター（公式）で受験資格・試験日程・出題範囲（3分野）・合格基準をメモしてください。合格後の手続きの学習計画は、公式テキストの章立てと一致させると、過去問の分野ラベルとも対応づけやすくなります。

ブログやSNSの「最新情報」は、必ずマンション管理士試験センターのページと照合してから採用してください。申込期限や受験料は年度ごとに変わるため、カレンダーに締切を入れてから教材を開く習慣が有効です。",不合格時：12/1振返→再受験計画,"合格率・合格点はマンション管理士試験センター（公式）の統計・要項で確認します。数字だけで難易度を判断せず、自分の演習得点と弱点分野を合わせて見積もってください。

合格後の手続きの学習時間は、3分野のバランスと仕事の繁忙期を考慮して設定します。「不合格時：12/1振返→再受験計画」では。合格後の手続きについて公式テキストの該当章を開き、条文の主体・期限・数値を演習問題とセットで押さえて定着を確認します。数値・日程はマンション管理士試験センター（公式）の最新要項で必ず照合してください。",書類：期限2週前に要項チェックリスト,"独学を始める前に、マンション管理士試験センター（公式）で受験資格・試験日程・出題範囲（3分野）・合格基準をメモしてください。合格後の手続きの学習計画は、公式テキストの章立てと一致させると、過去問の分野ラベルとも対応づけやすくなります。

ブログやSNSの「最新情報」は、必ずマンション管理士試験センターのページと照合してから採用してください。申込期限や受験料は年度ごとに変わるため、カレンダーに締切を入れてから教材を開く習慣が有効です。",合格後：登録完了→キャリア記事へ,"合格率・合格点はマンション管理士試験センター（公式）の統計・要項で確認します。数字だけで難易度を判断せず、自分の演習得点と弱点分野を合わせて見積もってください。

合格後の手続きの学習時間は、3分野のバランスと仕事の繁忙期を考慮して設定します。「合格後：登録完了→キャリア記事へ」では。合格後の手続きについて公式テキストの該当章を開き、条文の主体・期限・数値を演習問題とセットで押さえて定着を確認します。数値・日程はマンション管理士試験センター（公式）の最新要項で必ず照合してください。",,,,,合格発表はいつ確認すればよいですか？,「合格発表はいつ確認すればよいですか」はマンション管理士試験の公式テキスト該当章とマンション管理士試験センター（公式）で確認するのが確実です。合格後の手続きでは、条文の要件（誰が・いつ・何を）を演習問題とセットで押さえてください。,合格後の登録期限を逃すとどうなりますか？,「合格後の登録期限を逃すとどうなりますか」はマンション管理士試験の公式テキスト該当章とマンション管理士試験センター（公式）で確認するのが確実です。合格後の手続きでは、条文の要件（誰が・いつ・何を）を演習問題とセットで押さえてください。,pass-announcement-guide:合格発表の確認方法;registration-after-pass:合格後の登録・免許;fail-retry-plan:不合格からの再受験計画;official-info-sources:公式情報の確認先,不合格だった場合の手続きは？,読了後は、合格後の手続きの関連する演習を5問以上解き、間違えた選択肢を用語解説で確認してから関連ガイドへ進んでください。1週間後の解き直し日をカレンダーに入れると定着しやすくなります。数値・主体・手順はマンション管理士試験センターの最新案内と照合してください。,11/29受験;12月発表;要項正本;登録期限;12/1振返
pass-announcement-guide,注意点・更新,マンション管理士試験の合格発表の確認方法,マンション管理士試験の合格発表確認方法。11/29受験から12月公式サイトのみ公式情報、受験番号・生年月日確認と登録手続きへの接続を令和8年度向けに具体例付き解説。,マンション管理士試験の合格発表は、マン管センター公式のみ公式情報、SNS転載は未検証です。たとえば2025年11/29 13:00受験→12月中旬公式サイト——受験番号・生年月日で確認——11/29から発表まで約2週、体験記スクショは信頼しません。,12,誤解;制度変更;合格後,マン管マスター編集部,資格学習サイトの編集チーム,公式情報確認担当,公開前に一次情報との照合を行う担当者,2026-06-05,公益財団法人マンション管理センター（公式）|https://www.mankan.org/,手書きリライト 2026-06-04。自動prose差し替え 2026-06-04（要手書き）。注意点・更新向けテンプレートから作成。公開前に本文・参照URL・関連リンクを差し替える。,本記事を読むと、合格発表の確認手順が分かり、たとえば「11/29受験→12月発表日カレンダー→公式確認」まで設計できます。,11/29受験前に合格発表日を要項で確認しカレンダー登録;発表確認はマン管センター公式のみ（SNS・体験記不可）;受験票・受験番号を11/29まで保管;合格時は12/15前後に登録期限1行メモ;不合格時は12/1振返→分野別正答率表整理,試験要項・公式ページ更新時に本文と参照元を見直す。,2026-06-05,2026-06-29,2026-06-05,published,2026-06-05: 編集合格（手書きリライト・具体例）,11/29前：発表日を要項1行メモ,"独学を始める前に、マンション管理士試験センター（公式）で受験資格・試験日程・出題範囲（3分野）・合格基準をメモしてください。合格発表の確認方法の学習計画は、公式テキストの章立てと一致させると、過去問の分野ラベルとも対応づけやすくなります。

ブログやSNSの「最新情報」は、必ずマンション管理士試験センターのページと照合してから採用してください。申込期限や受験料は年度ごとに変わるため、カレンダーに締切を入れてから教材を開く習慣が有効です。",12月：公式サイトのみ確認,"独学を始める前に、マンション管理士試験センター（公式）で受験資格・試験日程・出題範囲（3分野）・合格基準をメモしてください。合格発表の確認方法の学習計画は、公式テキストの章立てと一致させると、過去問の分野ラベルとも対応づけやすくなります。

ブログやSNSの「最新情報」は、必ずマンション管理士試験センターのページと照合してから採用してください。申込期限や受験料は年度ごとに変わるため、カレンダーに締切を入れてから教材を開く習慣が有効です。",合格時：12/15→登録期限メモ,"合格率・合格点はマンション管理士試験センター（公式）の統計・要項で確認します。数字だけで難易度を判断せず、自分の演習得点と弱点分野を合わせて見積もってください。

合格発表の確認方法の学習時間は、3分野のバランスと仕事の繁忙期を考慮して設定します。「合格時：12/15→登録期限メモ」では。合格発表の確認方法について公式テキストの該当章を開き、条文の主体・期限・数値を演習問題とセットで押さえて定着を確認します。数値・日程はマンション管理士試験センター（公式）の最新要項で必ず照合してください。",不合格時：12/1振返（発表確認後）,"独学を始める前に、マンション管理士試験センター（公式）で受験資格・試験日程・出題範囲（3分野）・合格基準をメモしてください。合格発表の確認方法の学習計画は、公式テキストの章立てと一致させると、過去問の分野ラベルとも対応づけやすくなります。

ブログやSNSの「最新情報」は、必ずマンション管理士試験センターのページと照合してから採用してください。申込期限や受験料は年度ごとに変わるため、カレンダーに締切を入れてから教材を開く習慣が有効です。",11/29当日：受験票・番号保管,"試験直前は新しい参考書を増やさず、合格発表の確認方法で何度も迷った分野と頻出用語に絞ります。3分野のうち得点率が低い領域を1つ選び、用語10語＋演習20問程度をセットで見直すのが目安です。

前日は暗記の詰め込みより、睡眠と当日の持ち物・会場確認を優先してください。数値（修繕積立金、管理費、総会決議、管理委託契約、登録など）は早見表タブで最終確認すると安心です。",,,,,合格発表は何時から確認できますか？,「合格発表は何時から確認できますか」はマンション管理士試験の公式テキスト該当章とマンション管理士試験センター（公式）で確認するのが確実です。合格発表の確認方法では、条文の要件（誰が・いつ・何を）を演習問題とセットで押さえてください。,SNSの合格発表情報は信頼できますか？,「SNSの合格発表情報は信頼できますか」はマンション管理士試験の公式テキスト該当章とマンション管理士試験センター（公式）で確認するのが確実です。合格発表の確認方法では、条文の要件（誰が・いつ・何を）を演習問題とセットで押さえてください。,after-pass-procedure:合格後の手続き;registration-after-pass:合格後の登録・免許;official-info-sources:公式情報の確認先;fail-retry-plan:不合格からの再受験計画,合格発表前に何を準備すべきですか？,読了後は、合格発表の確認方法の関連する演習を5問以上解き、間違えた選択肢を用語解説で確認してから関連ガイドへ進んでください。1週間後の解き直し日をカレンダーに入れると定着しやすくなります。数値・主体・手順はマンション管理士試験センターの最新案内と照合してください。,公式正本;11/29受験;12月発表;受験番号;12/1振返
registration-after-pass,注意点・更新,マンション管理士試験の合格後の登録・免許,マンション管理士試験の合格後登録・免許。12/15合格確認から1/31登録期限までの書類チェックリスト、マン管センター要項正本の確認手順を令和8年度向けに具体例付き解説。,マンション管理士試験合格後の登録は、要項記載の期限・書類が唯一の公式情報です。たとえば2025年12/15合格確認→登録期限1/31——1/17書類チェックリスト——12/15から1/31まで約6週、SNS「コピー可」は未検証です。,12,誤解;制度変更;合格後,マン管マスター編集部,資格学習サイトの編集チーム,公式情報確認担当,公開前に一次情報との照合を行う担当者,2026-06-05,公益財団法人マンション管理センター（公式）|https://www.mankan.org/,手書きリライト 2026-06-04。自動prose差し替え 2026-06-04（要手書き）。注意点・更新向けテンプレートから作成。公開前に本文・参照URL・関連リンクを差し替える。,本記事を読むと、登録・免許の手順が分かり、たとえば「12/15合格→1/17書類→1/31期限前提出」まで設計できます。,12/15合格確認後、要項で登録期限・必要書類を1行メモ;期限2週前（例1/17）にチェックリスト3点準備;書類は要項記載のみ、SNS体験記の省略不可;登録完了後に合格後手続き記事で次ステップ確認;受験中（11/29前）は登録ではなくミス30問90％に集中,試験要項・公式ページ更新時に本文と参照元を見直す。,2026-06-05,2026-06-29,2026-06-05,published,2026-06-05: 編集合格（手書きリライト・具体例）,12/15：合格確認→期限1行メモ,"独学を始める前に、マンション管理士試験センター（公式）で受験資格・試験日程・出題範囲（3分野）・合格基準をメモしてください。合格後の登録・免許の学習計画は、公式テキストの章立てと一致させると、過去問の分野ラベルとも対応づけやすくなります。

ブログやSNSの「最新情報」は、必ずマンション管理士試験センターのページと照合してから採用してください。申込期限や受験料は年度ごとに変わるため、カレンダーに締切を入れてから教材を開く習慣が有効です。",1/17：チェックリスト3点（要項正本）,"独学を始める前に、マンション管理士試験センター（公式）で受験資格・試験日程・出題範囲（3分野）・合格基準をメモしてください。合格後の登録・免許の学習計画は、公式テキストの章立てと一致させると、過去問の分野ラベルとも対応づけやすくなります。

ブログやSNSの「最新情報」は、必ずマンション管理士試験センターのページと照合してから採用してください。申込期限や受験料は年度ごとに変わるため、カレンダーに締切を入れてから教材を開く習慣が有効です。",1/31前：提出→登録完了確認,"独学を始める前に、マンション管理士試験センター（公式）で受験資格・試験日程・出題範囲（3分野）・合格基準をメモしてください。合格後の登録・免許の学習計画は、公式テキストの章立てと一致させると、過去問の分野ラベルとも対応づけやすくなります。

ブログやSNSの「最新情報」は、必ずマンション管理士試験センターのページと照合してから採用してください。申込期限や受験料は年度ごとに変わるため、カレンダーに締切を入れてから教材を開く習慣が有効です。",受験中：11/29前は登録不要・30問90％,"数値・日程・合格基準は年度で更新されるため、学習前と申込前にはマンション管理士試験センター（公式）の最新案内を確認してください。演習で合格後の登録・免許に関する設問を解いたら。正解理由と誤答肢の違いを短くメモし、用語解説・比較表・よくある誤答タブで似た論点を比較表で整理すると定着しやすくなります。

演習10問を解き、解説で参照条文を公式テキストで開いて読み返してください。数値・日程・合格基準は年度で更新されるため、学習前と申込前には公益財団法人マンション管理センターの最新案内を確認してください。",登録後：2月完了→キャリア記事,"数値・日程・合格基準は年度で更新されるため、学習前と申込前にはマンション管理士試験センター（公式）の最新案内を確認してください。演習で合格後の登録・免許に関する設問を解いたら。正解理由と誤答肢の違いを短くメモし、用語解説・比較表・よくある誤答タブで似た論点を比較表で整理すると定着しやすくなります。

演習10問を解き、解説で参照条文を公式テキストで開いて読み返してください。数値・日程・合格基準は年度で更新されるため、学習前と申込前には公益財団法人マンション管理センターの最新案内を確認してください。",,,,,登録に必要な書類は何ですか？,「登録に必要な書類は何ですか」はマンション管理士試験の公式テキスト該当章とマンション管理士試験センター（公式）で確認するのが確実です。合格後の登録・免許では、条文の要件（誰が・いつ・何を）を演習問題とセットで押さえてください。,登録期限を過ぎたらどうなりますか？,「登録期限を過ぎたらどうなりますか」はマンション管理士試験の公式テキスト該当章とマンション管理士試験センター（公式）で確認するのが確実です。合格後の登録・免許では、条文の要件（誰が・いつ・何を）を演習問題とセットで押さえてください。,after-pass-procedure:合格後の手続き;pass-announcement-guide:合格発表の確認方法;career-after-qualification:合格後のキャリア;official-info-sources:公式情報の確認先,受験前に登録手続きを調べる必要は？,読了後は、合格後の登録・免許の関連する演習を5問以上解き、間違えた選択肢を用語解説で確認してから関連ガイドへ進んでください。1週間後の解き直し日をカレンダーに入れると定着しやすくなります。数値・主体・手順はマンション管理士試験センターの最新案内と照合してください。,12/15確認;1/31期限;1/17書類;要項正本;チェック3点
career-after-qualification,注意点・更新,マンション管理士試験の合格後のキャリア,マンション管理士試験の合格後キャリア。2/10登録完了・実務接続の順序、管理組合理事・管理業務主任者との関係を令和8年度11月29日試験合格者向けに具体例付き解説。,マンション管理士試験合格後のキャリアは、SNS年収体験記より要項どおりの登録完了が先です。たとえば2026年2/10登録完了→実務接続——11月29日（日）13:00受験前は分野別正答率表30問90％——12/15から1/31まで約6週、SNS「即独立」は未検証です。,12,誤解;制度変更;合格後,マン管マスター編集部,資格学習サイトの編集チーム,公式情報確認担当,公開前に一次情報との照合を行う担当者,2026-06-05,公益財団法人マンション管理センター（公式）|https://www.mankan.org/,手書きリライト 2026-06-04。自動prose差し替え 2026-06-04（要手書き）。注意点・更新向けテンプレートから作成。公開前に本文・参照URL・関連リンクを差し替える。,本記事を読むと、合格後キャリアの現実的ステップが分かり、たとえば「12/15合格→1/31登録→2/10キャリア確認」まで設計できます。,11/29前はキャリア調査よりミス30問90％に集中;12/15合格確認→登録期限1行メモ（要項正本）;1/31期限前登録完了を優先、SNS年収は未検証;2/10登録完了後に試験目的・キャリア記事で方向確認;受験資格・実務要件は要項で再確認,試験要項・公式ページ更新時に本文と参照元を見直す。,2026-06-05,2026-06-29,2026-06-05,published,2026-06-05: 編集合格（手書きリライト・具体例）,11/29前：キャリア調査より30問90％,"数値・日程・合格基準は年度で更新されるため、学習前と申込前にはマンション管理士試験センター（公式）の最新案内を確認してください。演習で合格後のキャリアに関する設問を解いたら。正解理由と誤答肢の違いを短くメモし、用語解説・比較表・よくある誤答タブで似た論点を比較表で整理すると定着しやすくなります。

演習10問を解き、解説で参照条文を公式テキストで開いて読み返してください。数値・日程・合格基準は年度で更新されるため、学習前と申込前には公益財団法人マンション管理センターの最新案内を確認してください。",12/15：合格→1/31登録期限,"合格率・合格点はマンション管理士試験センター（公式）の統計・要項で確認します。数字だけで難易度を判断せず、自分の演習得点と弱点分野を合わせて見積もってください。

合格後のキャリアの学習時間は、3分野のバランスと仕事の繁忙期を考慮して設定します。「12/15：合格→1/31登録期限」では。合格後のキャリアについて公式テキストの該当章を開き、条文の主体・期限・数値を演習問題とセットで押さえて定着を確認します。数値・日程はマンション管理士試験センター（公式）の最新要項で必ず照合してください。",2/10：登録完了→実務接続,"数値・日程・合格基準は年度で更新されるため、学習前と申込前にはマンション管理士試験センター（公式）の最新案内を確認してください。演習で合格後のキャリアに関する設問を解いたら。正解理由と誤答肢の違いを短くメモし、用語解説・比較表・よくある誤答タブで似た論点を比較表で整理すると定着しやすくなります。

演習10問を解き、解説で参照条文を公式テキストで開いて読み返してください。数値・日程・合格基準は年度で更新されるため、学習前と申込前には公益財団法人マンション管理センターの最新案内を確認してください。",SNS年収：未検証・要項・実務先,"独学を始める前に、マンション管理士試験センター（公式）で受験資格・試験日程・出題範囲（3分野）・合格基準をメモしてください。合格後のキャリアの学習計画は、公式テキストの章立てと一致させると、過去問の分野ラベルとも対応づけやすくなります。

ブログやSNSの「最新情報」は、必ずマンション管理士試験センターのページと照合してから採用してください。申込期限や受験料は年度ごとに変わるため、カレンダーに締切を入れてから教材を開く習慣が有効です。",受験中：6/5区10問→分野別正答率表が先,"数値・日程・合格基準は年度で更新されるため、学習前と申込前にはマンション管理士試験センター（公式）の最新案内を確認してください。演習で合格後のキャリアに関する設問を解いたら。正解理由と誤答肢の違いを短くメモし、用語解説・比較表・よくある誤答タブで似た論点を比較表で整理すると定着しやすくなります。

表をノートに転記したら、演習10問で理解を確認し、誤答は公式テキスト該当章で読み直してください。数値・日程・合格基準は年度で更新されるため、学習前と申込前には公益財団法人マンション管理センターの最新案内を確認してください。",,,,,合格前からキャリア研究すべきですか？,「合格前からキャリア研究すべきですか」はマンション管理士試験の公式テキスト該当章とマンション管理士試験センター（公式）で確認するのが確実です。合格後のキャリアでは、条文の要件（誰が・いつ・何を）を演習問題とセットで押さえてください。,SNSの年収情報は参考になりますか？,「SNSの年収情報は参考になりますか」はマンション管理士試験の公式テキスト該当章とマンション管理士試験センター（公式）で確認するのが確実です。合格後のキャリアでは、条文の要件（誰が・いつ・何を）を演習問題とセットで押さえてください。,registration-after-pass:合格後の登録・免許;after-pass-procedure:合格後の手続き;exam-purpose-and-career:試験の目的とキャリア;exam-eligibility:受験資格の確認,キャリア確認は独学受験者でもできますか？,読了後は、合格後のキャリアの関連する演習を5問以上解き、間違えた選択肢を用語解説で確認してから関連ガイドへ進んでください。1週間後の解き直し日をカレンダーに入れると定着しやすくなります。数値・主体・手順はマンション管理士試験センターの最新案内と照合してください。,11/29先;1/31登録;2/10完了;要項正本;SNS未検証
fail-retry-plan,注意点・更新,マンション管理士試験の不合格からの再受験計画,マンション管理士試験の不合格からの再受験計画。分野別正答率表・弱点2分野70％、12/1振り返り→1月再開を令和8年度向けに具体例付き解説。,マンション管理士試験の不合格後は、新教材の買い足しより前回の分野別正答率から再計画します。たとえば2025年11/29受験→12/1振り返り——管5/12＝42％→1月管70％——次回11月29日（日）13:00〜15:00まで約12ヶ月、分野別正答率表が再受験の公式情報です。,12,誤解;制度変更;合格後,マン管マスター編集部,資格学習サイトの編集チーム,公式情報確認担当,公開前に一次情報との照合を行う担当者,2026-06-05,公益財団法人マンション管理センター（公式）|https://www.mankan.org/,手書きリライト 2026-06-04。自動prose差し替え 2026-06-04（要手書き）。注意点・更新向けテンプレートから作成。公開前に本文・参照URL・関連リンクを差し替える。,本記事を読むと、不合格後2週間の立て直しが分かり、たとえば「12/1 分野別正答率表→1月弱点70％→6月通し50問」まで設計できます。,12/1までに前回分野別正答率表と間違いノート30問を整理;1月再開：弱点2分野70％＋他10問/週;新教材購入は3月まで禁止、解き直し60％優先;6月通し50問で再計測;11月はミス30問90％・新規0,試験要項・公式ページ更新時に本文と参照元を見直す。,2026-06-05,2026-06-29,2026-06-05,published,2026-06-05: 編集合格（手書きリライト・具体例）,12/1：不合格後2週間の振り返り,"合格率・合格点はマンション管理士試験センター（公式）の統計・要項で確認します。数字だけで難易度を判断せず、自分の演習得点と弱点分野を合わせて見積もってください。

不合格からの再受験計画の学習時間は、3分野のバランスと仕事の繁忙期を考慮して設定します。「12/1：不合格後2週間の振り返り」では。不合格からの再受験計画について公式テキストの該当章を開き、条文の主体・期限・数値を演習問題とセットで押さえて定着を確認します。数値・日程はマンション管理士試験センター（公式）の最新要項で必ず照合してください。",1月再開：弱点2分野70％配分,"数値・日程・合格基準は年度で更新されるため、学習前と申込前にはマンション管理士試験センター（公式）の最新案内を確認してください。演習で不合格からの再受験計画に関する設問を解いたら。正解理由と誤答肢の違いを短くメモし、用語解説・比較表・よくある誤答タブで似た論点を比較表で整理すると定着しやすくなります。

演習10問を解き、解説で参照条文を公式テキストで開いて読み返してください。数値・日程・合格基準は年度で更新されるため、学習前と申込前には公益財団法人マンション管理センターの最新案内を確認してください。",3月まで：新教材0・解き直し60％,"解き直しは、当日・3日後・1週間後の間隔を空けると記憶の定着を確認しやすくなります。ブラウザの復習機能やブックマーク一覧を「不合格からの再受験計画関連」でフィルタし、優先順位を付けてください。

2回連続で正解できても、解説を読まずに選んだ問題は三回目も解き直し対象にします。「なぜ正解か」を言語化できるまでが、本番レベルの理解です。「3月まで：新教材0・解き直し60％」では。不合格からの再受験計画について公式テキストの該当章を開き、条文の主体・期限・数値を演習問題とセットで押さえて定着を確認します。数値・日程はマンション管理士試験センター（公式）の最新要項で必ず照合してください。",6月通し50問：再計測と配分修正,"数値・日程・合格基準は年度で更新されるため、学習前と申込前にはマンション管理士試験センター（公式）の最新案内を確認してください。演習で不合格からの再受験計画に関する設問を解いたら。正解理由と誤答肢の違いを短くメモし、用語解説・比較表・よくある誤答タブで似た論点を比較表で整理すると定着しやすくなります。

演習10問を解き、解説で参照条文を公式テキストで開いて読み返してください。数値・日程・合格基準は年度で更新されるため、学習前と申込前には公益財団法人マンション管理センターの最新案内を確認してください。",11月：ミス30問90％・新規0,"数値・日程・合格基準は年度で更新されるため、学習前と申込前にはマンション管理士試験センター（公式）の最新案内を確認してください。演習で不合格からの再受験計画に関する設問を解いたら。正解理由と誤答肢の違いを短くメモし、用語解説・比較表・よくある誤答タブで似た論点を比較表で整理すると定着しやすくなります。

演習10問を解き、解説で参照条文を公式テキストで開いて読み返してください。数値・日程・合格基準は年度で更新されるため、学習前と申込前には公益財団法人マンション管理センターの最新案内を確認してください。",,,,,不合格後すぐ新教材を買うべきですか？,「不合格後すぐ新教材を買うべきですか」はマンション管理士試験の公式テキスト該当章とマンション管理士試験センター（公式）で確認するのが確実です。不合格からの再受験計画では、条文の要件（誰が・いつ・何を）を演習問題とセットで押さえてください。,再受験は何ヶ月前から計画を立てればよいですか？,「再受験は何ヶ月前から計画を立てればよいですか」はマンション管理士試験の公式テキスト該当章とマンション管理士試験センター（公式）で確認するのが確実です。不合格からの再受験計画では、条文の要件（誰が・いつ・何を）を演習問題とセットで押さえてください。,retake-strategy:再受験の戦略;retake-schedule-adjustment:再受験の日程調整;past-questions-score-analysis:過去問の点数分析;plateau-breakthrough:伸び悩みの突破,再受験計画は独学でも組めますか？,読了後は、不合格からの再受験計画の関連する演習を5問以上解き、間違えた選択肢を用語解説で確認してから関連ガイドへ進んでください。1週間後の解き直し日をカレンダーに入れると定着しやすくなります。数値・主体・手順はマンション管理士試験センターの最新案内と照合してください。,12/1振返;分野別正答率表;弱点70％;解き直し60％;6月通し
retake-strategy,注意点・更新,マンション管理士試験の再受験の戦略,マンション管理士試験の再受験の戦略。弱点2分野70％・解き直し60％、2回48％横ばい時の新規0切替を令和8年度11月29日50問120分本番向けに具体例付き解説。,マンション管理士試験の再受験では、範囲を広げるより弱点2分野70％と解き直し60％が得点に直結します。たとえば2026年1月管48％＋会計52％→週10時間中7時間——11月29日（日）13:00〜15:00まで約25週、2回48％ラインが切替信号です。,12,誤解;制度変更;合格後,マン管マスター編集部,資格学習サイトの編集チーム,公式情報確認担当,公開前に一次情報との照合を行う担当者,2026-06-05,公益財団法人マンション管理センター（公式）|https://www.mankan.org/,手書きリライト 2026-06-04。自動prose差し替え 2026-06-04（要手書き）。注意点・更新向けテンプレートから作成。公開前に本文・参照URL・関連リンクを差し替える。,本記事を読むと、再受験の配分と解き直し比率が分かり、たとえば「1月弱点70％→6月通し36/50→11月30問90％」まで設計できます。,弱点2分野に週学習時間70％を固定;2回連続48％で新規停止・解き直し60％へ;7行正答率表を2週ごと1行更新;6月・9月に通し50問月1回;11月はミス30問90％・新規0,試験要項・公式ページ更新時に本文と参照元を見直す。,2026-06-05,2026-06-29,2026-06-05,published,2026-06-05: 編集合格（手書きリライト・具体例）,再受験の誤解：範囲拡大より弱点集中,"数値・日程・合格基準は年度で更新されるため、学習前と申込前にはマンション管理士試験センター（公式）の最新案内を確認してください。演習で再受験の戦略に関する設問を解いたら。正解理由と誤答肢の違いを短くメモし、用語解説・比較表・よくある誤答タブで似た論点を比較表で整理すると定着しやすくなります。

演習10問を解き、解説で参照条文を公式テキストで開いて読み返してください。数値・日程・合格基準は年度で更新されるため、学習前と申込前には公益財団法人マンション管理センターの最新案内を確認してください。",1月：弱点2分野70％＋解き直し60％,"解き直しは、当日・3日後・1週間後の間隔を空けると記憶の定着を確認しやすくなります。ブラウザの復習機能やブックマーク一覧を「再受験の戦略関連」でフィルタし、優先順位を付けてください。

2回連続で正解できても、解説を読まずに選んだ問題は三回目も解き直し対象にします。「なぜ正解か」を言語化できるまでが、本番レベルの理解です。「1月：弱点2分野70％＋解き直し60％」では。再受験の戦略について公式テキストの該当章を開き、条文の主体・期限・数値を演習問題とセットで押さえて定着を確認します。数値・日程はマンション管理士試験センター（公式）の最新要項で必ず照合してください。",2回48％：4月まで新規0継続,"数値・日程・合格基準は年度で更新されるため、学習前と申込前にはマンション管理士試験センター（公式）の最新案内を確認してください。演習で再受験の戦略に関する設問を解いたら。正解理由と誤答肢の違いを短くメモし、用語解説・比較表・よくある誤答タブで似た論点を比較表で整理すると定着しやすくなります。

演習10問を解き、解説で参照条文を公式テキストで開いて読み返してください。数値・日程・合格基準は年度で更新されるため、学習前と申込前には公益財団法人マンション管理センターの最新案内を確認してください。",6月・9月：通し50問月1回,"数値・日程・合格基準は年度で更新されるため、学習前と申込前にはマンション管理士試験センター（公式）の最新案内を確認してください。演習で再受験の戦略に関する設問を解いたら。正解理由と誤答肢の違いを短くメモし、用語解説・比較表・よくある誤答タブで似た論点を比較表で整理すると定着しやすくなります。

演習10問を解き、解説で参照条文を公式テキストで開いて読み返してください。数値・日程・合格基準は年度で更新されるため、学習前と申込前には公益財団法人マンション管理センターの最新案内を確認してください。",11月：ミス30問90％・新規0,"数値・日程・合格基準は年度で更新されるため、学習前と申込前にはマンション管理士試験センター（公式）の最新案内を確認してください。演習で再受験の戦略に関する設問を解いたら。正解理由と誤答肢の違いを短くメモし、用語解説・比較表・よくある誤答タブで似た論点を比較表で整理すると定着しやすくなります。

演習10問を解き、解説で参照条文を公式テキストで開いて読み返してください。数値・日程・合格基準は年度で更新されるため、学習前と申込前には公益財団法人マンション管理センターの最新案内を確認してください。",,,,,再受験で弱点以外は完全に捨ててよいですか？,「再受験で弱点以外は完全に捨ててよいですか」はマンション管理士試験の公式テキスト該当章とマンション管理士試験センター（公式）で確認するのが確実です。再受験の戦略では、条文の要件（誰が・いつ・何を）を演習問題とセットで押さえてください。,再受験でも新規問題集を追加すべきですか？,「再受験でも新規問題集を追加すべきですか」はマンション管理士試験の公式テキスト該当章とマンション管理士試験センター（公式）で確認するのが確実です。再受験の戦略では、条文の要件（誰が・いつ・何を）を演習問題とセットで押さえてください。,fail-retry-plan:不合格からの再受験計画;retake-schedule-adjustment:再受験の日程調整;past-questions-wrong-reasons:過去問の誤答原因の分析;score-gap-analysis:得点差の分析,再受験戦略は独学でも実行できますか？,読了後は、再受験の戦略の関連する演習を5問以上解き、間違えた選択肢を用語解説で確認してから関連ガイドへ進んでください。1週間後の解き直し日をカレンダーに入れると定着しやすくなります。数値・主体・手順はマンション管理士試験センターの最新案内と照合してください。,弱点70％;2回48％;解き直し60％;通し50問;11月30問
retake-schedule-adjustment,注意点・更新,マンション管理士試験の再受験の日程調整,"マンション管理士試験の再受験の日程調整。12/1振返・1月再開・6月通し、9,400円申込を令和8年度11月29日試験向けに具体例付き解説。","たとえば2025年11/29不合格→12/1 分野別正答率表——次回11月29日（日）13:00〜15:00まで約12ヶ月、申込期と9,400円を要項で再確認します。",12,誤解;制度変更;合格後,マン管マスター編集部,資格学習サイトの編集チーム,公式情報確認担当,公開前に一次情報との照合を行う担当者,2026-06-05,公益財団法人マンション管理センター（公式）|https://www.mankan.org/,手書きリライト 2026-06-04。自動prose差し替え 2026-06-04（要手書き）。注意点・更新向けテンプレートから作成。公開前に本文・参照URL・関連リンクを差し替える。,本記事を読むと、再受験の月次マイルストーンが分かり、たとえば「12/1振返→1/6再開→6/6通し50問」まで設計できます。,"12/1までに前回分野別正答率表・申込期・9,400円をカレンダー登録;1/6再開：弱点2分野70％＋週10時間;3月まで新教材0・解き直し60％;6月・9月に通し50問月1回;11月はミス30問90％・新規0",試験要項・公式ページ更新時に本文と参照元を見直す。,2026-06-05,2026-06-29,2026-06-05,published,2026-06-05: 編集合格（手書きリライト・具体例）,12/1：不合格後カレンダー3点登録,"合格率・合格点はマンション管理士試験センター（公式）の統計・要項で確認します。数字だけで難易度を判断せず、自分の演習得点と弱点分野を合わせて見積もってください。

再受験の日程調整の学習時間は、3分野のバランスと仕事の繁忙期を考慮して設定します。「12/1：不合格後カレンダー3点登録」では。再受験の日程調整について公式テキストの該当章を開き、条文の主体・期限・数値を演習問題とセットで押さえて定着を確認します。数値・日程はマンション管理士試験センター（公式）の最新要項で必ず照合してください。",1/6再開：弱点70％・週10時間,"数値・日程・合格基準は年度で更新されるため、学習前と申込前にはマンション管理士試験センター（公式）の最新案内を確認してください。演習で再受験の日程調整に関する設問を解いたら。正解理由と誤答肢の違いを短くメモし、用語解説・比較表・よくある誤答タブで似た論点を比較表で整理すると定着しやすくなります。

演習10問を解き、解説で参照条文を公式テキストで開いて読み返してください。数値・日程・合格基準は年度で更新されるため、学習前と申込前には公益財団法人マンション管理センターの最新案内を確認してください。",6月・9月：通し50問月1回,"数値・日程・合格基準は年度で更新されるため、学習前と申込前にはマンション管理士試験センター（公式）の最新案内を確認してください。演習で再受験の日程調整に関する設問を解いたら。正解理由と誤答肢の違いを短くメモし、用語解説・比較表・よくある誤答タブで似た論点を比較表で整理すると定着しやすくなります。

演習10問を解き、解説で参照条文を公式テキストで開いて読み返してください。数値・日程・合格基準は年度で更新されるため、学習前と申込前には公益財団法人マンション管理センターの最新案内を確認してください。",申込期：要項1行→6/4までに確認,"独学を始める前に、マンション管理士試験センター（公式）で受験資格・試験日程・出題範囲（3分野）・合格基準をメモしてください。再受験の日程調整の学習計画は、公式テキストの章立てと一致させると、過去問の分野ラベルとも対応づけやすくなります。

ブログやSNSの「最新情報」は、必ずマンション管理士試験センターのページと照合してから採用してください。申込期限や受験料は年度ごとに変わるため、カレンダーに締切を入れてから教材を開く習慣が有効です。",11月：日程固定・30問90％,"数値・日程・合格基準は年度で更新されるため、学習前と申込前にはマンション管理士試験センター（公式）の最新案内を確認してください。演習で再受験の日程調整に関する設問を解いたら。正解理由と誤答肢の違いを短くメモし、用語解説・比較表・よくある誤答タブで似た論点を比較表で整理すると定着しやすくなります。

演習10問を解き、解説で参照条文を公式テキストで開いて読み返してください。数値・日程・合格基準は年度で更新されるため、学習前と申込前には公益財団法人マンション管理センターの最新案内を確認してください。",,,,,再受験の申込はいつ確認すればよいですか？,「再受験の申込はいつ確認すればよいですか」はマンション管理士試験の公式テキスト該当章とマンション管理士試験センター（公式）で確認するのが確実です。再受験の日程調整では、条文の要件（誰が・いつ・何を）を演習問題とセットで押さえてください。,1年未満で再受験する場合の日程は？,「1年未満で再受験する場合の日程は」はマンション管理士試験の公式テキスト該当章とマンション管理士試験センター（公式）で確認するのが確実です。再受験の日程調整では、条文の要件（誰が・いつ・何を）を演習問題とセットで押さえてください。,fail-retry-plan:不合格からの再受験計画;retake-strategy:再受験の戦略;exam-schedule:試験日程（令和8年度）;application-deadline-checklist:申込期限の確認,再受験日程調整は独学でもできますか？,読了後は、再受験の日程調整の関連する演習を5問以上解き、間違えた選択肢を用語解説で確認してから関連ガイドへ進んでください。1週間後の解き直し日をカレンダーに入れると定着しやすくなります。数値・主体・手順はマンション管理士試験センターの最新案内と照合してください。,"12/1振返;1/6再開;6月通し;9,400円;11月30問"
score-gap-analysis,注意点・更新,マンション管理士試験の得点差の分析と対策,マンション管理士試験の得点差分析。通し50問後の分野別正答率表、48％未満分野を70％へ振り替える配分を令和8年度11月29日試験向けに具体例付き解説。,マンション管理士試験の得点差は、模試得点と要項合格基準を同表に並べると埋めやすいです。たとえば2026年9/6通し34/50——管5/12＝42％→10月管70％——11月29日（日）13:00〜15:00まで約25週、公表合格率より自分の分野別正答率表を確認してください。,12,誤解;制度変更;合格後,マン管マスター編集部,資格学習サイトの編集チーム,公式情報確認担当,公開前に一次情報との照合を行う担当者,2026-06-05,公益財団法人マンション管理センター（公式）|https://www.mankan.org/,手書きリライト 2026-06-04。自動prose差し替え 2026-06-04（要手書き）。注意点・更新向けテンプレートから作成。公開前に本文・参照URL・関連リンクを差し替える。,本記事を読むと、得点差の見方と対策が分かり、たとえば「9/6通し→ギャップ1行→弱点70％」まで設計できます。,要項合格基準と通し総得点を同表に;7分野正答率を通し後に記録;48％未満分野に翌月70％配分;2回連続48％は解き直し60％;11月は総得点よりミス30問90％,試験要項・公式ページ更新時に本文と参照元を見直す。,2026-06-05,2026-06-29,2026-06-05,published,2026-06-05: 編集合格（手書きリライト・具体例）,誤解：体験記得点＝自分のギャップ,"数値・日程・合格基準は年度で更新されるため、学習前と申込前にはマンション管理士試験センター（公式）の最新案内を確認してください。演習で得点差の分析と対策に関する設問を解いたら。正解理由と誤答肢の違いを短くメモし、用語解説・比較表・よくある誤答タブで似た論点を比較表で整理すると定着しやすくなります。

演習10問を解き、解説で参照条文を公式テキストで開いて読み返してください。数値・日程・合格基準は年度で更新されるため、学習前と申込前には公益財団法人マンション管理センターの最新案内を確認してください。",9/6：34/50と基準○を同表,"数値・日程・合格基準は年度で更新されるため、学習前と申込前にはマンション管理士試験センター（公式）の最新案内を確認してください。演習で得点差の分析と対策に関する設問を解いたら。正解理由と誤答肢の違いを短くメモし、用語解説・比較表・よくある誤答タブで似た論点を比較表で整理すると定着しやすくなります。

表をノートに転記したら、演習10問で理解を確認し、誤答は公式テキスト該当章で読み直してください。数値・日程・合格基準は年度で更新されるため、学習前と申込前には公益財団法人マンション管理センターの最新案内を確認してください。",管42％：10月70％＋解き直し20問,"解き直しは、当日・3日後・1週間後の間隔を空けると記憶の定着を確認しやすくなります。ブラウザの復習機能やブックマーク一覧を「得点差の分析と対策関連」でフィルタし、優先順位を付けてください。

2回連続で正解できても、解説を読まずに選んだ問題は三回目も解き直し対象にします。「なぜ正解か」を言語化できるまでが、本番レベルの理解です。「管42％：10月70％＋解き直し20問」では。得点差の分析と対策について公式テキストの該当章を開き、条文の主体・期限・数値を演習問題とセットで押さえて定着を確認します。数値・日程はマンション管理士試験センター（公式）の最新要項で必ず照合してください。",2週1行：正答率でギャップ更新,"数値・日程・合格基準は年度で更新されるため、学習前と申込前にはマンション管理士試験センター（公式）の最新案内を確認してください。演習で得点差の分析と対策に関する設問を解いたら。正解理由と誤答肢の違いを短くメモし、用語解説・比較表・よくある誤答タブで似た論点を比較表で整理すると定着しやすくなります。

演習10問を解き、解説で参照条文を公式テキストで開いて読み返してください。数値・日程・合格基準は年度で更新されるため、学習前と申込前には公益財団法人マンション管理センターの最新案内を確認してください。",11月：ギャップ表停止・ミス30問,"数値・日程・合格基準は年度で更新されるため、学習前と申込前にはマンション管理士試験センター（公式）の最新案内を確認してください。演習で得点差の分析と対策に関する設問を解いたら。正解理由と誤答肢の違いを短くメモし、用語解説・比較表・よくある誤答タブで似た論点を比較表で整理すると定着しやすくなります。

表をノートに転記したら、演習10問で理解を確認し、誤答は公式テキスト該当章で読み直してください。数値・日程・合格基準は年度で更新されるため、学習前と申込前には公益財団法人マンション管理センターの最新案内を確認してください。",,,,,ネットの体験記だけで得点差を判断してよいですか？,「ネットの体験記だけで得点差を判断してよいですか」はマンション管理士試験の公式テキスト該当章とマンション管理士試験センター（公式）で確認するのが確実です。得点差の分析と対策では、条文の要件（誰が・いつ・何を）を演習問題とセットで押さえてください。,合格基準との差が大きいときは？,「合格基準との差が大きいときは」はマンション管理士試験の公式テキスト該当章とマンション管理士試験センター（公式）で確認するのが確実です。得点差の分析と対策では、条文の要件（誰が・いつ・何を）を演習問題とセットで押さえてください。,past-questions-score-analysis:過去問の点数分析;pass-rate-how-to-read:合格率・統計の読み方;plateau-breakthrough:伸び悩みの突破;exam-schedule:試験日程（令和8年度）,得点差分析は独学でもできますか？,読了後は、得点差の分析と対策の関連する演習を5問以上解き、間違えた選択肢を用語解説で確認してから関連ガイドへ進んでください。1週間後の解き直し日をカレンダーに入れると定着しやすくなります。数値・主体・手順はマンション管理士試験センターの最新案内と照合してください。,分野別正答率表;要項基準;48％→70％;通し50問;11月30問
exam-changes,注意点・更新,マンション管理士試験の制度変更点,"マンション管理士試験の制度変更点。6/4・9/1要項15分見直し、改定章黄付箋と9,400円・8/3申込前チェックを令和8年度11月29日試験向けに具体例付き解説。","マンション管理士試験は要項改定で範囲・合格基準・手続きが年度更新されることがあります。たとえば2026年6/4要項30分→9/1 PDF差分15分——11月29日（日）13:00〜15:00まで約25週、令和8年度は50問120分・手数料9,400円です。",12,誤解;制度変更;合格後,マン管マスター編集部,資格学習サイトの編集チーム,公式情報確認担当,公開前に一次情報との照合を行う担当者,2026-06-05,公益財団法人マンション管理センター（公式）|https://www.mankan.org/,手書きリライト 2026-06-04。自動prose差し替え 2026-06-04（要手書き）。注意点・更新向けテンプレートから作成。公開前に本文・参照URL・関連リンクを差し替える。,本記事を読むと、制度変更の確認手順が分かり、たとえば「6/4五章→9/1差分→10月改定40問」まで設計できます。,6/4に要項5章30分で骨格メモ;6/1・9/1にPDF保存と差分15分;改定章を7分野1枚に追記;8/3申込・9/30締切をカレンダー登録;11/15受験票確認日に要項1行再確認,試験要項・公式ページ更新時に本文と参照元を見直す。,2026-06-05,2026-06-29,2026-06-05,published,2026-06-05: 編集合格（手書きリライト・具体例）,誤解：去年と同じで申込だけ,"数値・日程・合格基準は年度で更新されるため、学習前と申込前にはマンション管理士試験センター（公式）の最新案内を確認してください。演習で制度変更点に関する設問を解いたら。正解理由と誤答肢の違いを短くメモし、用語解説・比較表・よくある誤答タブで似た論点を比較表で整理すると定着しやすくなります。

演習10問を解き、解説で参照条文を公式テキストで開いて読み返してください。数値・日程・合格基準は年度で更新されるため、学習前と申込前には公益財団法人マンション管理センターの最新案内を確認してください。",6/4・9/1：要項差分3点チェック,"独学を始める前に、マンション管理士試験センター（公式）で受験資格・試験日程・出題範囲（3分野）・合格基準をメモしてください。制度変更点の学習計画は、公式テキストの章立てと一致させると、過去問の分野ラベルとも対応づけやすくなります。

ブログやSNSの「最新情報」は、必ずマンション管理士試験センターのページと照合してから採用してください。申込期限や受験料は年度ごとに変わるため、カレンダーに締切を入れてから教材を開く習慣が有効です。",試験改定と合格後手続きの分離,"合格率・合格点はマンション管理士試験センター（公式）の統計・要項で確認します。数字だけで難易度を判断せず、自分の演習得点と弱点分野を合わせて見積もってください。

制度変更点の学習時間は、3分野のバランスと仕事の繁忙期を考慮して設定します。

演習10問を解き、解説で参照条文を公式テキストで開いて読み返してください。数値・日程・合格基準は年度で更新されるため、学習前と申込前には公益財団法人マンション管理センターの最新案内を確認してください。",計画遅延：残り25週で48％70％,"数値・日程・合格基準は年度で更新されるため、学習前と申込前にはマンション管理士試験センター（公式）の最新案内を確認してください。演習で制度変更点に関する設問を解いたら。正解理由と誤答肢の違いを短くメモし、用語解説・比較表・よくある誤答タブで似た論点を比較表で整理すると定着しやすくなります。

演習10問を解き、解説で参照条文を公式テキストで開いて読み返してください。数値・日程・合格基準は年度で更新されるため、学習前と申込前には公益財団法人マンション管理センターの最新案内を確認してください。",情報優先：要項＞公表＞体験記,"独学を始める前に、マンション管理士試験センター（公式）で受験資格・試験日程・出題範囲（3分野）・合格基準をメモしてください。制度変更点の学習計画は、公式テキストの章立てと一致させると、過去問の分野ラベルとも対応づけやすくなります。

ブログやSNSの「最新情報」は、必ずマンション管理士試験センターのページと照合してから採用してください。申込期限や受験料は年度ごとに変わるため、カレンダーに締切を入れてから教材を開く習慣が有効です。",,,,,ネットの体験記だけで改定を判断してよいですか？,「ネットの体験記だけで改定を判断してよいですか」はマンション管理士試験の公式テキスト該当章とマンション管理士試験センター（公式）で確認するのが確実です。制度変更点では、条文の要件（誰が・いつ・何を）を演習問題とセットで押さえてください。,制度変更がなくても要項確認は必要ですか？,「制度変更がなくても要項確認は必要ですか」はマンション管理士試験の公式テキスト該当章とマンション管理士試験センター（公式）で確認するのが確実です。制度変更点では、条文の要件（誰が・いつ・何を）を演習問題とセットで押さえてください。,exam-schedule:試験日程（令和8年度）;legal-revision-impact:法改正の学習への影響;syllabus-update-tracker:シラバス更新の追跡;application-deadline-checklist:申込締切チェックリスト,制度変更対応は独学でもできますか？,読了後は、制度変更点の関連する演習を5問以上解き、間違えた選択肢を用語解説で確認してから関連ガイドへ進んでください。1週間後の解き直し日をカレンダーに入れると定着しやすくなります。数値・主体・手順はマンション管理士試験センターの最新案内と照合してください。,"6/4五章30分;9/1差分15分;9,400円;8/3申込;11/15再確認"
legal-revision-impact,注意点・更新,マンション管理士試験の法改正の学習への影響,マンション管理士試験の法改正と学習への影響。9/1要項差分・改定章10問、2026テキスト裏取りを令和8年度11月29日試験向けに具体例付き解説。,マンション管理士試験で法改正があった年度は、ネットまとめより要項と公式テキスト改版を確認してください。たとえば2026年9月1日に要項PDF差分15分——改定章は10月40問、正答率48％なら70％——11月29日（日）13:00〜15:00まで約25週、古い解説は2026テキストで裏取りします。,12,誤解;制度変更;合格後,マン管マスター編集部,資格学習サイトの編集チーム,公式情報確認担当,公開前に一次情報との照合を行う担当者,2026-06-05,公益財団法人マンション管理センター（公式）|https://www.mankan.org/,手書きリライト 2026-06-04。自動prose差し替え 2026-06-04（要手書き）。注意点・更新向けテンプレートから作成。公開前に本文・参照URL・関連リンクを差し替える。,本記事を読むと、法改正確認と演習優先が分かり、たとえば「9/1差分→改定章10問/週→11月解き直し90％」まで設計できます。,6/1・9/1に要項PDF保存と差分15分;改定章を7分野1枚に追記;旧ノート該当页に2026要項確認タグ;改定章は分野別10問/週優先;古い年度問は2026テキストで裏取り,試験要項・公式ページ更新時に本文と参照元を見直す。,2026-06-05,2026-06-29,2026-06-05,published,2026-06-05: 編集合格（手書きリライト・具体例）,誤解：Xまとめ＝法改正確定,"数値・日程・合格基準は年度で更新されるため、学習前と申込前にはマンション管理士試験センター（公式）の最新案内を確認してください。演習で法改正の学習への影響に関する設問を解いたら。正解理由と誤答肢の違いを短くメモし、用語解説・比較表・よくある誤答タブで似た論点を比較表で整理すると定着しやすくなります。

演習10問を解き、解説で参照条文を公式テキストで開いて読み返してください。数値・日程・合格基準は年度で更新されるため、学習前と申込前には公益財団法人マンション管理センターの最新案内を確認してください。",9/1 15分：科目表・範囲章の差分,"数値・日程・合格基準は年度で更新されるため、学習前と申込前にはマンション管理士試験センター（公式）の最新案内を確認してください。演習で法改正の学習への影響に関する設問を解いたら。正解理由と誤答肢の違いを短くメモし、用語解説・比較表・よくある誤答タブで似た論点を比較表で整理すると定着しやすくなります。

表をノートに転記したら、演習10問で理解を確認し、誤答は公式テキスト該当章で読み直してください。数値・日程・合格基準は年度で更新されるため、学習前と申込前には公益財団法人マンション管理センターの最新案内を確認してください。",合格後手続き：改定と切り分け,"合格率・合格点はマンション管理士試験センター（公式）の統計・要項で確認します。数字だけで難易度を判断せず、自分の演習得点と弱点分野を合わせて見積もってください。

法改正の学習への影響の学習時間は、3分野のバランスと仕事の繁忙期を考慮して設定します。「合格後手続き：改定と切り分け」では。法改正の学習への影響について公式テキストの該当章を開き、条文の主体・期限・数値を演習問題とセットで押さえて定着を確認します。数値・日程はマンション管理士試験センター（公式）の最新要項で必ず照合してください。",不合格時：改定章48％→解き直し60％,"解き直しは、当日・3日後・1週間後の間隔を空けると記憶の定着を確認しやすくなります。ブラウザの復習機能やブックマーク一覧を「法改正の学習への影響関連」でフィルタし、優先順位を付けてください。

2回連続で正解できても、解説を読まずに選んだ問題は三回目も解き直し対象にします。「なぜ正解か」を言語化できるまでが、本番レベルの理解です。「不合格時：改定章48％→解き直し60％」では。法改正の学習への影響について公式テキストの該当章を開き、条文の主体・期限・数値を演習問題とセットで押さえて定着を確認します。数値・日程はマンション管理士試験センター（公式）の最新要項で必ず照合してください。",11/15：要項再確認→通し50問,"独学を始める前に、マンション管理士試験センター（公式）で受験資格・試験日程・出題範囲（3分野）・合格基準をメモしてください。法改正の学習への影響の学習計画は、公式テキストの章立てと一致させると、過去問の分野ラベルとも対応づけやすくなります。

ブログやSNSの「最新情報」は、必ずマンション管理士試験センターのページと照合してから採用してください。申込期限や受験料は年度ごとに変わるため、カレンダーに締切を入れてから教材を開く習慣が有効です。",,,,,ネットの体験記だけで判断してよいですか？,「ネットの体験記だけで判断してよいですか」はマンション管理士試験の公式テキスト該当章とマンション管理士試験センター（公式）で確認するのが確実です。法改正の学習への影響では、条文の要件（誰が・いつ・何を）を演習問題とセットで押さえてください。,法改正年は古い過去問を使えますか？,「法改正年は古い過去問を使えますか」はマンション管理士試験の公式テキスト該当章とマンション管理士試験センター（公式）で確認するのが確実です。法改正の学習への影響では、条文の要件（誰が・いつ・何を）を演習問題とセットで押さえてください。,scope-revision-history:出題範囲の改定履歴;syllabus-update-tracker:シラバス更新の追跡;exam-changes:制度変更点;study-plan:学習計画の立て方,法改正対応は独学でもできますか？,読了後は、法改正の学習への影響の関連する演習を5問以上解き、間違えた選択肢を用語解説で確認してから関連ガイドへ進んでください。1週間後の解き直し日をカレンダーに入れると定着しやすくなります。数値・主体・手順はマンション管理士試験センターの最新案内と照合してください。,9/1差分15分;改定章10問;48％→70％;2026裏取り;要項正本
syllabus-update-tracker,注意点・更新,マンション管理士試験のシラバス・出題範囲の更新,マンション管理士試験のシラバス・出題範囲更新の追跡。6/1・9/1トラッカー表、改定章10問を令和8年度11月29日試験向けに具体例付き解説。,マンション管理士試験の出題範囲は、申込時だけ要項を読むと8か月独学で改定を見逃しやすいです。たとえば2026年6/1・9/1にPDF差分15分——トラッカー表1枚で7分野更新を記録——11月29日（日）13:00〜15:00まで約25週、公式情報は要項と公式テキスト目次です。,12,誤解;制度変更;合格後,マン管マスター編集部,資格学習サイトの編集チーム,公式情報確認担当,公開前に一次情報との照合を行う担当者,2026-06-05,公益財団法人マンション管理センター（公式）|https://www.mankan.org/,手書きリライト 2026-06-04。自動prose差し替え 2026-06-04（要手書き）。注意点・更新向けテンプレートから作成。公開前に本文・参照URL・関連リンクを差し替える。,本記事を読むと、更新追跡表の作り方と運用が分かり、たとえば「6/1初版→9/1差分→10月改定章40問」まで設計できます。,6/1に要項PDF保存とトラッカー表作成;9/1・11/15に15分差分確認;改定章を7分野1枚に追記;更新なしでも「確認済み」1行記録;改定章は翌月40問・48％なら70％,試験要項・公式ページ更新時に本文と参照元を見直す。,2026-06-05,2026-06-29,2026-06-05,published,2026-06-05: 編集合格（手書きリライト・具体例）,誤解：申込1回読みで8か月安心,"数値・日程・合格基準は年度で更新されるため、学習前と申込前にはマンション管理士試験センター（公式）の最新案内を確認してください。演習でシラバス・出題範囲の更新に関する設問を解いたら。正解理由と誤答肢の違いを短くメモし、用語解説・比較表・よくある誤答タブで似た論点を比較表で整理すると定着しやすくなります。

演習10問を解き、解説で参照条文を公式テキストで開いて読み返してください。数値・日程・合格基準は年度で更新されるため、学習前と申込前には公益財団法人マンション管理センターの最新案内を確認してください。",9/1差分→10月改定章40問,"数値・日程・合格基準は年度で更新されるため、学習前と申込前にはマンション管理士試験センター（公式）の最新案内を確認してください。演習でシラバス・出題範囲の更新に関する設問を解いたら。正解理由と誤答肢の違いを短くメモし、用語解説・比較表・よくある誤答タブで似た論点を比較表で整理すると定着しやすくなります。

演習10問を解き、解説で参照条文を公式テキストで開いて読み返してください。数値・日程・合格基準は年度で更新されるため、学習前と申込前には公益財団法人マンション管理センターの最新案内を確認してください。",A4トラッカー：7行×3列の例,"数値・日程・合格基準は年度で更新されるため、学習前と申込前にはマンション管理士試験センター（公式）の最新案内を確認してください。演習でシラバス・出題範囲の更新に関する設問を解いたら。正解理由と誤答肢の違いを短くメモし、用語解説・比較表・よくある誤答タブで似た論点を比較表で整理すると定着しやすくなります。

演習10問を解き、解説で参照条文を公式テキストで開いて読み返してください。数値・日程・合格基準は年度で更新されるため、学習前と申込前には公益財団法人マンション管理センターの最新案内を確認してください。",合格後手続き列：学習表と分離,"合格率・合格点はマンション管理士試験センター（公式）の統計・要項で確認します。数字だけで難易度を判断せず、自分の演習得点と弱点分野を合わせて見積もってください。

シラバス・出題範囲の更新の学習時間は、3分野のバランスと仕事の繁忙期を考慮して設定します。「合格後手続き列：学習表と分離」では。シラバス・出題範囲の更新について公式テキストの該当章を開き、条文の主体・期限・数値を演習問題とセットで押さえて定着を確認します。数値・日程はマンション管理士試験センター（公式）の最新要項で必ず照合してください。",見逃し時：2週で改定章70％配分,"数値・日程・合格基準は年度で更新されるため、学習前と申込前にはマンション管理士試験センター（公式）の最新案内を確認してください。演習でシラバス・出題範囲の更新に関する設問を解いたら。正解理由と誤答肢の違いを短くメモし、用語解説・比較表・よくある誤答タブで似た論点を比較表で整理すると定着しやすくなります。

演習10問を解き、解説で参照条文を公式テキストで開いて読み返してください。数値・日程・合格基準は年度で更新されるため、学習前と申込前には公益財団法人マンション管理センターの最新案内を確認してください。",,,,,ネットの体験記だけで範囲更新を判断してよいですか？,「ネットの体験記だけで範囲更新を判断してよいですか」はマンション管理士試験の公式テキスト該当章とマンション管理士試験センター（公式）で確認するのが確実です。シラバス・出題範囲の更新では、条文の要件（誰が・いつ・何を）を演習問題とセットで押さえてください。,トラッカー表はいつ更新しますか？,「トラッカー表はいつ更新しますか」はマンション管理士試験の公式テキスト該当章とマンション管理士試験センター（公式）で確認するのが確実です。シラバス・出題範囲の更新では、条文の要件（誰が・いつ・何を）を演習問題とセットで押さえてください。,scope-revision-history:出題範囲の改定履歴;syllabus-how-to-read:要項・シラバスの読み方;legal-revision-impact:法改正の学習への影響;study-plan:学習計画の立て方,更新追跡は独学でもできますか？,読了後は、シラバス・出題範囲の更新の関連する演習を5問以上解き、間違えた選択肢を用語解説で確認してから関連ガイドへ進んでください。1週間後の解き直し日をカレンダーに入れると定着しやすくなります。数値・主体・手順はマンション管理士試験センターの最新案内と照合してください。,6/1・9/1差分;トラッカー1枚;改定章40問;確認済み記録;要項正本
official-info-update-habits,注意点・更新,マンション管理士試験の公式情報の更新確認習慣,マンション管理士試験の公式情報更新確認習慣。6/4要項保存・7/4月1回15分見直し、8/3申込前の要項正本チェックを令和8年度11月29日試験向けに具体例付き解説。,たとえば2026年6/4初回→7/4再確認——11月29日（日）13:00〜15:00まで約25週、マン管センター要項のみ正本です。,12,誤解;制度変更;合格後,マン管マスター編集部,資格学習サイトの編集チーム,公式情報確認担当,公開前に一次情報との照合を行う担当者,2026-06-05,公益財団法人マンション管理センター（公式）|https://www.mankan.org/,手書きリライト 2026-06-04。自動prose差し替え 2026-06-04（要手書き）。注意点・更新向けテンプレートから作成。公開前に本文・参照URL・関連リンクを差し替える。,本記事を読むと、公式情報の確認習慣が分かり、たとえば「6/4要項→7/4月1→11/29試験日再確認」まで設計できます。,"6/4にマン管センター要項で試験日11/29・申込期・9,400円を1行メモ;7/4・8/4・9/4に月1回要項・試験日程記事を再確認;SNS「範囲変更」「日程変更」は要項で検証;申込前6/4基準日に申込期限チェックリストと照合;11/28に11/29 13:00・受験票を最終確認",試験要項・公式ページ更新時に本文と参照元を見直す。,2026-06-05,2026-06-29,2026-06-05,published,2026-06-05: 編集合格（手書きリライト・具体例）,6/4：要項1行メモ（初回正本）,"独学を始める前に、マンション管理士試験センター（公式）で受験資格・試験日程・出題範囲（3分野）・合格基準をメモしてください。公式情報の更新確認習慣の学習計画は、公式テキストの章立てと一致させると、過去問の分野ラベルとも対応づけやすくなります。

ブログやSNSの「最新情報」は、必ずマンション管理士試験センターのページと照合してから採用してください。申込期限や受験料は年度ごとに変わるため、カレンダーに締切を入れてから教材を開く習慣が有効です。",7/4・8/4：月1回再確認,"独学を始める前に、マンション管理士試験センター（公式）で受験資格・試験日程・出題範囲（3分野）・合格基準をメモしてください。公式情報の更新確認習慣の学習計画は、公式テキストの章立てと一致させると、過去問の分野ラベルとも対応づけやすくなります。

ブログやSNSの「最新情報」は、必ずマンション管理士試験センターのページと照合してから採用してください。申込期限や受験料は年度ごとに変わるため、カレンダーに締切を入れてから教材を開く習慣が有効です。",SNS「変更」：要項で検証,"独学を始める前に、マンション管理士試験センター（公式）で受験資格・試験日程・出題範囲（3分野）・合格基準をメモしてください。公式情報の更新確認習慣の学習計画は、公式テキストの章立てと一致させると、過去問の分野ラベルとも対応づけやすくなります。

ブログやSNSの「最新情報」は、必ずマンション管理士試験センターのページと照合してから採用してください。申込期限や受験料は年度ごとに変わるため、カレンダーに締切を入れてから教材を開く習慣が有効です。",申込前：6/4基準日＋期限リスト,"数値・日程・合格基準は年度で更新されるため、学習前と申込前にはマンション管理士試験センター（公式）の最新案内を確認してください。演習で公式情報の更新確認習慣に関する設問を解いたら。正解理由と誤答肢の違いを短くメモし、用語解説・比較表・よくある誤答タブで似た論点を比較表で整理すると定着しやすくなります。

演習10問を解き、解説で参照条文を公式テキストで開いて読み返してください。数値・日程・合格基準は年度で更新されるため、学習前と申込前には公益財団法人マンション管理センターの最新案内を確認してください。",11/28：11/29最終確認,"独学を始める前に、マンション管理士試験センター（公式）で受験資格・試験日程・出題範囲（3分野）・合格基準をメモしてください。公式情報の更新確認習慣の学習計画は、公式テキストの章立てと一致させると、過去問の分野ラベルとも対応づけやすくなります。

ブログやSNSの「最新情報」は、必ずマンション管理士試験センターのページと照合してから採用してください。申込期限や受験料は年度ごとに変わるため、カレンダーに締切を入れてから教材を開く習慣が有効です。",,,,,公式情報はどのくらいの頻度で確認すればよいですか？,「公式情報はどのくらいの頻度で確認すればよいですか？たとえば2026年6/4初回→7/4再確認——11月29日（日）13:00〜15:00まで約25週、マン管セン…。最新の公式要項と照合する。本記事の公式数値表で確認する。,SNSの試験情報は信頼できますか？,「SNSの試験情報は信頼できますか？」は過去問演習で出題形式を把握し、正答後に用語解説で論点を復習する。過去問1問の正答理由をノートに記録して復習する。正答後は関連条文を開く。試験要項の最新版も確認。本記事関連の過去問1問で正答率を記録する。,official-info-sources:公式情報の確認先;exam-schedule:試験日程（令和8年度）;application-deadline-checklist:申込期限の確認;material-update-cycle:教材の版・年度更新,公式確認習慣は独学でも続けられますか？,「公式確認習慣は独学でも続けられますか？」については、公式テキスト＋過去問演習＋用語解説の3点セットで進める。弱点は比較表で補強する。混同しやすい近義語を比較表の左右に整理する。誤答肢は色分けして復習する。本記事の誤答肢を比較表に整理する。,"6/4初回;月1確認;要項正本;11/29;9,400円"
common-misconceptions,注意点・更新,マンション管理士試験のよくある誤解,マンション管理士試験のよくある誤解。体験記・合格率・7分野公式情報、要項と分野別正答率表で上書き確認する手順を令和8年度11月29日試験向けに具体例付き解説。,マンション管理士試験について、SNSや体験記から広がる誤解が計画崩れの原因になります。たとえば2026年SNS「32点で合格」→9/6自分の通し34/50——11月29日（日）13:00〜15:00まで約25週、要項＋分野別正答率表を確認してください。,12,誤解;制度変更;合格後,マン管マスター編集部,資格学習サイトの編集チーム,公式情報確認担当,公開前に一次情報との照合を行う担当者,2026-06-05,公益財団法人マンション管理センター（公式）|https://www.mankan.org/,手書きリライト 2026-06-04。自動prose差し替え 2026-06-04（要手書き）。注意点・更新向けテンプレートから作成。公開前に本文・参照URL・関連リンクを差し替える。,本記事を読むと、5つの典型誤解と正しい情報源が分かり、たとえば「体験記→要項1行→6/6通し50問」まで設計できます。,SNS体験記は未検証、要項と自分の通し50問を正本に;「3分野だけ」神話を7分野分野別正答率表で確認;公表合格率より48％分野70％配分を優先;受験資格は要項で再確認（噂で判断しない）;公式情報確認先記事と月1回チェック習慣,試験要項・公式ページ更新時に本文と参照元を見直す。,2026-06-05,2026-06-29,2026-06-05,published,2026-06-05: 編集合格（手書きリライト・具体例）,誤解1：体験記得点＝自分の合格ライン,"合格率・合格点はマンション管理士試験センター（公式）の統計・要項で確認します。数字だけで難易度を判断せず、自分の演習得点と弱点分野を合わせて見積もってください。

よくある誤解の学習時間は、3分野のバランスと仕事の繁忙期を考慮して設定します。「誤解1：体験記得点＝自分の合格ライン」では。よくある誤解について公式テキストの該当章を開き、条文の主体・期限・数値を演習問題とセットで押さえて定着を確認します。数値・日程はマンション管理士試験センター（公式）の最新要項で必ず照合してください。",誤解2：「3分野だけ勉強すれば合格」,"合格率・合格点はマンション管理士試験センター（公式）の統計・要項で確認します。数字だけで難易度を判断せず、自分の演習得点と弱点分野を合わせて見積もってください。

よくある誤解の学習時間は、3分野のバランスと仕事の繁忙期を考慮して設定します。「誤解2：「3分野だけ勉強すれば合格」」では。よくある誤解について公式テキストの該当章を開き、条文の主体・期限・数値を演習問題とセットで押さえて定着を確認します。数値・日程はマンション管理士試験センター（公式）の最新要項で必ず照合してください。",誤解3：公表合格率が自分の合格確率,"合格率・合格点はマンション管理士試験センター（公式）の統計・要項で確認します。数字だけで難易度を判断せず、自分の演習得点と弱点分野を合わせて見積もってください。

よくある誤解の学習時間は、3分野のバランスと仕事の繁忙期を考慮して設定します。「誤解3：公表合格率が自分の合格確率」では。よくある誤解について公式テキストの該当章を開き、条文の主体・期限・数値を演習問題とセットで押さえて定着を確認します。数値・日程はマンション管理士試験センター（公式）の最新要項で必ず照合してください。",誤解4：受験資格は噂で判断,"数値・日程・合格基準は年度で更新されるため、学習前と申込前にはマンション管理士試験センター（公式）の最新案内を確認してください。演習でよくある誤解に関する設問を解いたら。正解理由と誤答肢の違いを短くメモし、用語解説・比較表・よくある誤答タブで似た論点を比較表で整理すると定着しやすくなります。

演習10問を解き、解説で参照条文を公式テキストで開いて読み返してください。数値・日程・合格基準は年度で更新されるため、学習前と申込前には公益財団法人マンション管理センターの最新案内を確認してください。",6/4：誤解5項目チェック→6/5演習,"よくある誤解の理解度は、関連する演習問題で確認するのが効率的です。1問解くごとに「根拠はテキストのどの章か」をメモすると、復習時に該当ページへすぐ戻れます。

同じ問題を時間を空けて解き直し、言い換え選択肢でも正解できるかまで確認してください。二回連続正解でも、条件を1語変えた肢で誤答する場合は、用語の定義がまだ曖昧なサインです。「6/4：誤解5項目チェック→6/5演習」では。よくある誤解について公式テキストの該当章を開き、条文の主体・期限・数値を演習問題とセットで押さえて定着を確認します。数値・日程はマンション管理士試験センター（公式）の最新要項で必ず照合してください。",,,,,SNSの体験記は参考にしてよいですか？,「SNSの体験記は参考にしてよいですか」はマンション管理士試験の公式テキスト該当章とマンション管理士試験センター（公式）で確認するのが確実です。よくある誤解では、条文の要件（誰が・いつ・何を）を演習問題とセットで押さえてください。,「3分野だけ」で本当に足りませんか？,「「3分野だけ」で本当に足りませんか」はマンション管理士試験の公式テキスト該当章とマンション管理士試験センター（公式）で確認するのが確実です。よくある誤解では、条文の要件（誰が・いつ・何を）を演習問題とセットで押さえてください。,exam-overview:試験概要;official-info-sources:公式情報の確認先;pass-rate-how-to-read:合格率・統計の読み方;self-study-roadmap:独学ロードマップ,誤解チェックは独学でもできますか？,読了後は、よくある誤解の関連する演習を5問以上解き、間違えた選択肢を用語解説で確認してから関連ガイドへ進んでください。1週間後の解き直し日をカレンダーに入れると定着しやすくなります。数値・主体・手順はマンション管理士試験センターの最新案内と照合してください。,要項正本;7分野;体験記NG;分野別正答率表;48％→70％
pass-only-past-questions-myth,注意点・更新,マンション管理士試験の過去問だけで合格できる誤解,マンション管理士試験の過去問だけ合格の誤解。テキスト章10p・48％→70％、7分野40問1周後に年度別50問へ進む順序を令和8年度11月29日50問120分本番向けに具体例付き解説。,マンション管理士試験で「過去問だけで合格」は、テキスト未読・解説暗記とセットの誤解です。たとえば2026年6月区40問48％→該当章10p＋70％配分——11月29日（日）13:00〜15:00まで約25週、7分野条文理解が本体です。,12,誤解;制度変更;合格後,マン管マスター編集部,資格学習サイトの編集チーム,公式情報確認担当,公開前に一次情報との照合を行う担当者,2026-06-05,公益財団法人マンション管理センター（公式）|https://www.mankan.org/,手書きリライト 2026-06-04。自動prose差し替え 2026-06-04（要手書き）。注意点・更新向けテンプレートから作成。公開前に本文・参照URL・関連リンクを差し替える。,本記事を読むと、過去問とテキストの比率が分かり、たとえば「6月40問→章10p→7月70％」まで設計できます。,過去問前にテキスト該当章10ページを読む;月2分野40問＋7分野1周を基本;48％未満は解説暗記より章＋解き直し;通し50問120分月1回で本番形式確認;11月は過去問新規停止・ミス30問,試験要項・公式ページ更新時に本文と参照元を見直す。,2026-06-05,2026-06-29,2026-06-05,published,2026-06-05: 編集合格（手書きリライト・具体例）,誤解：800問暗記＝合格,"合格率・合格点はマンション管理士試験センター（公式）の統計・要項で確認します。数字だけで難易度を判断せず、自分の演習得点と弱点分野を合わせて見積もってください。

過去問だけで合格できる誤解の学習時間は、3分野のバランスと仕事の繁忙期を考慮して設定します。「誤解：800問暗記＝合格」では。過去問だけで合格できる誤解について公式テキストの該当章を開き、条文の主体・期限・数値を演習問題とセットで押さえて定着を確認します。数値・日程はマンション管理士試験センター（公式）の最新要項で必ず照合してください。",9/1改定：範囲外800問の罠,"数値・日程・合格基準は年度で更新されるため、学習前と申込前にはマンション管理士試験センター（公式）の最新案内を確認してください。演習で過去問だけで合格できる誤解に関する設問を解いたら。正解理由と誤答肢の違いを短くメモし、用語解説・比較表・よくある誤答タブで似た論点を比較表で整理すると定着しやすくなります。

演習10問を解き、解説で参照条文を公式テキストで開いて読み返してください。数値・日程・合格基準は年度で更新されるため、学習前と申込前には公益財団法人マンション管理センターの最新案内を確認してください。",比率目安：章10p→40問→通し,"数値・日程・合格基準は年度で更新されるため、学習前と申込前にはマンション管理士試験センター（公式）の最新案内を確認してください。演習で過去問だけで合格できる誤解に関する設問を解いたら。正解理由と誤答肢の違いを短くメモし、用語解説・比較表・よくある誤答タブで似た論点を比較表で整理すると定着しやすくなります。

演習10問を解き、解説で参照条文を公式テキストで開いて読み返してください。数値・日程・合格基準は年度で更新されるため、学習前と申込前には公益財団法人マンション管理センターの最新案内を確認してください。",伸び悩み：2回48％→解き直し60％,"解き直しは、当日・3日後・1週間後の間隔を空けると記憶の定着を確認しやすくなります。ブラウザの復習機能やブックマーク一覧を「過去問だけで合格できる誤解関連」でフィルタし、優先順位を付けてください。

2回連続で正解できても、解説を読まずに選んだ問題は三回目も解き直し対象にします。「なぜ正解か」を言語化できるまでが、本番レベルの理解です。「伸び悩み：2回48％→解き直し60％」では。過去問だけで合格できる誤解について公式テキストの該当章を開き、条文の主体・期限・数値を演習問題とセットで押さえて定着を確認します。数値・日程はマンション管理士試験センター（公式）の最新要項で必ず照合してください。",演習接続：9月通し50問120分,"過去問だけで合格できる誤解の理解度は、関連する演習問題で確認するのが効率的です。1問解くごとに「根拠はテキストのどの章か」をメモすると、復習時に該当ページへすぐ戻れます。

同じ問題を時間を空けて解き直し、言い換え選択肢でも正解できるかまで確認してください。二回連続正解でも、条件を1語変えた肢で誤答する場合は、用語の定義がまだ曖昧なサインです。「演習接続：9月通し50問120分」では。過去問だけで合格できる誤解について公式テキストの該当章を開き、条文の主体・期限・数値を演習問題とセットで押さえて定着を確認します。数値・日程はマンション管理士試験センター（公式）の最新要項で必ず照合してください。",,,,,ネットの体験記だけで過去問偏重を判断してよいですか？,「ネットの体験記だけで過去問偏重を判断してよいですか」はマンション管理士試験の公式テキスト該当章とマンション管理士試験センター（公式）で確認するのが確実です。過去問だけで合格できる誤解では、条文の要件（誰が・いつ・何を）を演習問題とセットで押さえてください。,過去問は何問解けば十分ですか？,「過去問は何問解けば十分ですか」はマンション管理士試験の公式テキスト該当章とマンション管理士試験センター（公式）で確認するのが確実です。過去問だけで合格できる誤解では、条文の要件（誰が・いつ・何を）を演習問題とセットで押さえてください。,textbook-vs-past-questions:テキストと過去問;past-questions-by-field:分野別過去問;self-study-mistakes:独学のよくある失敗;study-plan:学習計画の立て方,過去問中心学習の立て直しは独学でもできますか？,過去問・演習問題は出題傾向把握と弱点発見に有効です。解きっぱなしにせず、用語解説へ戻る解き直しをセットにします。数値・主体・手順はマンション管理士試験センターの最新案内と照合してください。 過去問だけで合格できる誤解の論点は演習とマンション管理士試験センター（公式）の要項で確認してください。,章10p先読;月2分野40問;48％→70％;通し50問;暗記 alone NG
study-hours-myth,注意点・更新,マンション管理士試験の勉強時間の神話,マンション管理士試験の勉強時間の神話。SNS800時間 vs 週12時間・分野別正答率表、48％70％を令和8年度11月29日試験向けに具体例付き解説。,マンション管理士試験の勉強時間は、SNS「800時間」「週20時間」より自分の分野別正答率表を確認してください。たとえば2026年6/4開始→約25週——週12時間＝300時間——11月29日（日）13:00〜15:00まで、48％分野70％配分が時間追加より先です。,12,誤解;制度変更;合格後,マン管マスター編集部,資格学習サイトの編集チーム,公式情報確認担当,公開前に一次情報との照合を行う担当者,2026-06-05,公益財団法人マンション管理センター（公式）|https://www.mankan.org/,手書きリライト 2026-06-04。自動prose差し替え 2026-06-04（要手書き）。注意点・更新向けテンプレートから作成。公開前に本文・参照URL・関連リンクを差し替える。,本記事を読むと、時間の神話と現実的ラインが分かり、たとえば「6/4開始→週12時間→6/5区10問→分野別正答率表」まで設計できます。,SNS体験記時間は未検証、6/4要項→6/5区10問から記録;週12時間（90分×6 or 火木土21:00×3）を現実ラインに;48％分野は翌月70％配分、時間追加より解き直し20問;分野別正答率の2週ごと1行更新で時間の使い方を修正;11月は新規0・ミス30問90％,試験要項・公式ページ更新時に本文と参照元を見直す。,2026-06-05,2026-06-29,2026-06-05,published,2026-06-05: 編集合格（手書きリライト・具体例）,神話1：SNS「800時間」＝自分の必要時間,"数値・日程・合格基準は年度で更新されるため、学習前と申込前にはマンション管理士試験センター（公式）の最新案内を確認してください。演習で勉強時間の神話に関する設問を解いたら。正解理由と誤答肢の違いを短くメモし、用語解説・比較表・よくある誤答タブで似た論点を比較表で整理すると定着しやすくなります。

演習10問を解き、解説で参照条文を公式テキストで開いて読み返してください。数値・日程・合格基準は年度で更新されるため、学習前と申込前には公益財団法人マンション管理センターの最新案内を確認してください。",神話2：「週20時間」が標準,"数値・日程・合格基準は年度で更新されるため、学習前と申込前にはマンション管理士試験センター（公式）の最新案内を確認してください。演習で勉強時間の神話に関する設問を解いたら。正解理由と誤答肢の違いを短くメモし、用語解説・比較表・よくある誤答タブで似た論点を比較表で整理すると定着しやすくなります。

演習10問を解き、解説で参照条文を公式テキストで開いて読み返してください。数値・日程・合格基準は年度で更新されるため、学習前と申込前には公益財団法人マンション管理センターの最新案内を確認してください。",6/4開始：25週×週12時間＝300時間,"数値・日程・合格基準は年度で更新されるため、学習前と申込前にはマンション管理士試験センター（公式）の最新案内を確認してください。演習で勉強時間の神話に関する設問を解いたら。正解理由と誤答肢の違いを短くメモし、用語解説・比較表・よくある誤答タブで似た論点を比較表で整理すると定着しやすくなります。

演習10問を解き、解説で参照条文を公式テキストで開いて読み返してください。数値・日程・合格基準は年度で更新されるため、学習前と申込前には公益財団法人マンション管理センターの最新案内を確認してください。",48％分野：時間追加より70％配分,"数値・日程・合格基準は年度で更新されるため、学習前と申込前にはマンション管理士試験センター（公式）の最新案内を確認してください。演習で勉強時間の神話に関する設問を解いたら。正解理由と誤答肢の違いを短くメモし、用語解説・比較表・よくある誤答タブで似た論点を比較表で整理すると定着しやすくなります。

演習10問を解き、解説で参照条文を公式テキストで開いて読み返してください。数値・日程・合格基準は年度で更新されるため、学習前と申込前には公益財団法人マンション管理センターの最新案内を確認してください。",11月：時間追加0・30問90％,"数値・日程・合格基準は年度で更新されるため、学習前と申込前にはマンション管理士試験センター（公式）の最新案内を確認してください。演習で勉強時間の神話に関する設問を解いたら。正解理由と誤答肢の違いを短くメモし、用語解説・比較表・よくある誤答タブで似た論点を比較表で整理すると定着しやすくなります。

演習10問を解き、解説で参照条文を公式テキストで開いて読み返してください。数値・日程・合格基準は年度で更新されるため、学習前と申込前には公益財団法人マンション管理センターの最新案内を確認してください。",,,,,合格に何時間必要ですか？,「合格に何時間必要ですか」はマンション管理士試験の公式テキスト該当章とマンション管理士試験センター（公式）で確認するのが確実です。勉強時間の神話では、条文の要件（誰が・いつ・何を）を演習問題とセットで押さえてください。,週12時間未満では不合格ですか？,「週12時間未満では不合格ですか」はマンション管理士試験の公式テキスト該当章とマンション管理士試験センター（公式）で確認するのが確実です。勉強時間の神話では、条文の要件（誰が・いつ・何を）を演習問題とセットで押さえてください。,study-plan:学習計画の立て方;time-management:時間管理と習慣化;difficulty-myths:難易度の誤解;self-study-environment:独学環境の整え方,勉強時間の管理は独学でもできますか？,読了後は、勉強時間の神話の関連する演習を5問以上解き、間違えた選択肢を用語解説で確認してから関連ガイドへ進んでください。1週間後の解き直し日をカレンダーに入れると定着しやすくなります。数値・主体・手順はマンション管理士試験センターの最新案内と照合してください。,週12時間;分野別正答率表;SNS未検証;48％→70％;11月30問
eligibility-myths,注意点・更新,マンション管理士試験の受験資格の誤解,"マンション管理士試験の受験資格の誤解整理。選任≠試験合格、SNS数字の要項上書き、7/7区分表1行特定と8/3申込前確認を令和8年度9,400円・11月29日試験向けに具体例付き解説。",マンション管理士試験の受験資格は、SNS体験記よりマン管センター要項区分表を確認してください。たとえば2026年7月7日に「住んでいれば誰でも」等の誤解3つを要項表で1つずつ否定確認——11月29日（日）試験まで約20週、誤解解消が8/3申込の前提です。本記事では典型誤解、改定確認、立て直し手順を具体例付きで示します。,12,誤解;制度変更;合格後,マン管マスター編集部,資格学習サイトの編集チーム,公式情報確認担当,公開前に一次情報との照合を行う担当者,2026-06-05,公益財団法人マンション管理センター（公式）|https://www.mankan.org/,手書きリライト 2026-06-04。自動prose差し替え 2026-06-04（要手書き）。注意点・更新向けテンプレートから作成。公開前に本文・参照URL・関連リンクを差し替える。,本記事を読むと、受験資格の典型誤解を避けられ、たとえば「選任目的≠試験不要→7分野演習10問から開始」まで判断できます。,体験記の資格言及を要項区分表で上書き確認;マン管受験者選任と試験合格の違いを用語解説で確認;誤解しやすい数値（在籍年数等）をメモ1枚に;7/7要項区分表で該当1行を特定;疑問は8/3前に問合せ・回答PDF保存,試験要項・公式ページ更新時に本文と参照元を見直す。,2026-06-05,2026-06-29,2026-06-05,published,2026-06-05: 編集合格（手書きリライト・具体例）,誤解TOP3：要項表で否定確認,"独学を始める前に、マンション管理士試験センター（公式）で受験資格・試験日程・出題範囲（3分野）・合格基準をメモしてください。受験資格の誤解の学習計画は、公式テキストの章立てと一致させると、過去問の分野ラベルとも対応づけやすくなります。

ブログやSNSの「最新情報」は、必ずマンション管理士試験センターのページと照合してから採用してください。申込期限や受験料は年度ごとに変わるため、カレンダーに締切を入れてから教材を開く習慣が有効です。",改定時：6/1と9/1の要項差分,"独学を始める前に、マンション管理士試験センター（公式）で受験資格・試験日程・出題範囲（3分野）・合格基準をメモしてください。受験資格の誤解の学習計画は、公式テキストの章立てと一致させると、過去問の分野ラベルとも対応づけやすくなります。

ブログやSNSの「最新情報」は、必ずマンション管理士試験センターのページと照合してから採用してください。申込期限や受験料は年度ごとに変わるため、カレンダーに締切を入れてから教材を開く習慣が有効です。",選任制度と11月29日学科試験,"数値・日程・合格基準は年度で更新されるため、学習前と申込前にはマンション管理士試験センター（公式）の最新案内を確認してください。演習で受験資格の誤解に関する設問を解いたら。正解理由と誤答肢の違いを短くメモし、用語解説・比較表・よくある誤答タブで似た論点を比較表で整理すると定着しやすくなります。

演習10問を解き、解説で参照条文を公式テキストで開いて読み返してください。数値・日程・合格基準は年度で更新されるため、学習前と申込前には公益財団法人マンション管理センターの最新案内を確認してください。",誤解発覚後：7日で区分再確認,"独学を始める前に、マンション管理士試験センター（公式）で受験資格・試験日程・出題範囲（3分野）・合格基準をメモしてください。受験資格の誤解の学習計画は、公式テキストの章立てと一致させると、過去問の分野ラベルとも対応づけやすくなります。

ブログやSNSの「最新情報」は、必ずマンション管理士試験センターのページと照合してから採用してください。申込期限や受験料は年度ごとに変わるため、カレンダーに締切を入れてから教材を開く習慣が有効です。",公式3段：要項→お知らせ→問合せ,"独学を始める前に、マンション管理士試験センター（公式）で受験資格・試験日程・出題範囲（3分野）・合格基準をメモしてください。受験資格の誤解の学習計画は、公式テキストの章立てと一致させると、過去問の分野ラベルとも対応づけやすくなります。

ブログやSNSの「最新情報」は、必ずマンション管理士試験センターのページと照合してから採用してください。申込期限や受験料は年度ごとに変わるため、カレンダーに締切を入れてから教材を開く習慣が有効です。",,,,,ネットの体験記だけで受験資格を判断してよいですか？,「ネットの体験記だけで受験資格を判断してよいですか」はマンション管理士試験の公式テキスト該当章とマンション管理士試験センター（公式）で確認するのが確実です。受験資格の誤解では、条文の要件（誰が・いつ・何を）を演習問題とセットで押さえてください。,マン管受験者になれば試験は不要ですか？,「マン管受験者になれば試験は不要ですか」はマンション管理士試験の公式テキスト該当章とマンション管理士試験センター（公式）で確認するのが確実です。受験資格の誤解では、条文の要件（誰が・いつ・何を）を演習問題とセットで押さえてください。,exam-eligibility:受験資格の確認;education-requirement:学歴要件と受験資格;work-experience-requirement:実務経験と受験資格;exam-overview:試験概要,誤解に気づいたら学習は止めますか？,読了後は、受験資格の誤解の関連する演習を5問以上解き、間違えた選択肢を用語解説で確認してから関連ガイドへ進んでください。1週間後の解き直し日をカレンダーに入れると定着しやすくなります。数値・主体・手順はマンション管理士試験センターの最新案内と照合してください。,要項が正本;選任≠試験;SNS数字上書き;7/7区分1行;8/3前問合せ
difficulty-myths,注意点・更新,マンション管理士試験の難易度の誤解,マンション管理士試験の難易度の誤解。SNS簡単論・3分野神話、6/5区10問と分野別正答率表を令和8年度11月29日試験向けに具体例付き解説。,マンション管理士試験の難易度誤解は、SNS体験記と公表合格率の使い回しが典型です。たとえば2026年SNS「簡単3ヶ月」→6/5区10問40％——11月29日（日）13:00〜15:00まで約25週、6/5区10問＋分野別正答率表を確認してください。,12,誤解;制度変更;合格後,マン管マスター編集部,資格学習サイトの編集チーム,公式情報確認担当,公開前に一次情報との照合を行う担当者,2026-06-05,公益財団法人マンション管理センター（公式）|https://www.mankan.org/,手書きリライト 2026-06-04。自動prose差し替え 2026-06-04（要手書き）。注意点・更新向けテンプレートから作成。公開前に本文・参照URL・関連リンクを差し替える。,本記事を読むと、難易度の5つの誤解と正しい見方が分かり、たとえば「体験記→6/5区10問→48％70％配分」まで設計できます。,SNS「簡単」「3ヶ月」は未検証、6/5区10問を正本に;「3分野だけ」神話を要項7分野分野別正答率表で修正;公表合格率は参考、48％分野70％配分を優先;800時間神話は週12時間×25週と分野別正答率表で検証;11月は新規0・ミス30問90％,試験要項・公式ページ更新時に本文と参照元を見直す。,2026-06-05,2026-06-29,2026-06-05,published,2026-06-05: 編集合格（手書きリライト・具体例）,誤解1：SNS「簡単3ヶ月合格」,"合格率・合格点はマンション管理士試験センター（公式）の統計・要項で確認します。数字だけで難易度を判断せず、自分の演習得点と弱点分野を合わせて見積もってください。

難易度の誤解の学習時間は、3分野のバランスと仕事の繁忙期を考慮して設定します。「誤解1：SNS「簡単3ヶ月合格」」では。難易度の誤解について公式テキストの該当章を開き、条文の主体・期限・数値を演習問題とセットで押さえて定着を確認します。数値・日程はマンション管理士試験センター（公式）の最新要項で必ず照合してください。",誤解2：「3分野だけ勉強すれば足りる」,"数値・日程・合格基準は年度で更新されるため、学習前と申込前にはマンション管理士試験センター（公式）の最新案内を確認してください。演習で難易度の誤解に関する設問を解いたら。正解理由と誤答肢の違いを短くメモし、用語解説・比較表・よくある誤答タブで似た論点を比較表で整理すると定着しやすくなります。

演習10問を解き、解説で参照条文を公式テキストで開いて読み返してください。数値・日程・合格基準は年度で更新されるため、学習前と申込前には公益財団法人マンション管理センターの最新案内を確認してください。",誤解3：公表合格率＝自分の合格確率,"合格率・合格点はマンション管理士試験センター（公式）の統計・要項で確認します。数字だけで難易度を判断せず、自分の演習得点と弱点分野を合わせて見積もってください。

難易度の誤解の学習時間は、3分野のバランスと仕事の繁忙期を考慮して設定します。「誤解3：公表合格率＝自分の合格確率」では。難易度の誤解について公式テキストの該当章を開き、条文の主体・期限・数値を演習問題とセットで押さえて定着を確認します。数値・日程はマンション管理士試験センター（公式）の最新要項で必ず照合してください。",誤解4：800時間＝必要時間,"数値・日程・合格基準は年度で更新されるため、学習前と申込前にはマンション管理士試験センター（公式）の最新案内を確認してください。演習で難易度の誤解に関する設問を解いたら。正解理由と誤答肢の違いを短くメモし、用語解説・比較表・よくある誤答タブで似た論点を比較表で整理すると定着しやすくなります。

演習10問を解き、解説で参照条文を公式テキストで開いて読み返してください。数値・日程・合格基準は年度で更新されるため、学習前と申込前には公益財団法人マンション管理センターの最新案内を確認してください。",6/5：誤解5項目→分野別正答率1行,"数値・日程・合格基準は年度で更新されるため、学習前と申込前にはマンション管理士試験センター（公式）の最新案内を確認してください。演習で難易度の誤解に関する設問を解いたら。正解理由と誤答肢の違いを短くメモし、用語解説・比較表・よくある誤答タブで似た論点を比較表で整理すると定着しやすくなります。

演習10問を解き、解説で参照条文を公式テキストで開いて読み返してください。数値・日程・合格基準は年度で更新されるため、学習前と申込前には公益財団法人マンション管理センターの最新案内を確認してください。",,,,,「マン管は簡単」という情報は信じてよいですか？,「「マン管は簡単」という情報は信じてよいですか」はマンション管理士試験の公式テキスト該当章とマンション管理士試験センター（公式）で確認するのが確実です。難易度の誤解では、条文の要件（誰が・いつ・何を）を演習問題とセットで押さえてください。,難易度は実務経験者と初学者で同じですか？,「難易度は実務経験者と初学者で同じですか」はマンション管理士試験の公式テキスト該当章とマンション管理士試験センター（公式）で確認するのが確実です。難易度の誤解では、条文の要件（誰が・いつ・何を）を演習問題とセットで押さえてください。,difficulty-for-beginners:初学者向け難易度の見方;study-hours-myth:勉強時間の神話;common-misconceptions:よくある誤解;pass-rate-how-to-read:合格率・統計の読み方,難易度誤解のチェックは独学でもできますか？,読了後は、難易度の誤解の関連する演習を5問以上解き、間違えた選択肢を用語解説で確認してから関連ガイドへ進んでください。1週間後の解き直し日をカレンダーに入れると定着しやすくなります。数値・主体・手順はマンション管理士試験センターの最新案内と照合してください。,6/5正本;7分野;SNS未検証;分野別正答率表;48％→70％
affiliate-textbooks-recommend,独学対策,マンション管理士のおすすめテキスト3選【2026年度版・W受験対応】,マンション管理士のおすすめテキスト3選（2026年度版）。TAC入門・Wマスター・LEC出る順を比較。6月開始・残り25週から逆算した1冊選びと学習計画への組み込みを具体例付き解説。,マンション管理士試験のテキスト選びは、11月29日（日）13:00本番から逆算した週次時間設計とセットで決めます。たとえば2026年6月4日に学習を始めるなら試験まで約25週、週10時間なら250時間前後です。W受験かマン管単独かで章の厚みが変わるため、要項確認後に2026年度版3冊から1冊に絞ります。本記事には広告・アフィリエイトリンクが含まれます。価格・在庫・版は購入前にAmazon販売ページで必ず確認してください。テキスト決定後は「学習計画の立て方」「テキストの選び方」と併せて月次計画を組み立ててください。,370,独学;参考書;アフィリエイト,マン管マスター編集部,資格学習サイトの編集チーム,公式情報確認担当,公開前に一次情報との照合を行う担当者,2026-06-05,公益財団法人マンション管理センター（公式）|https://www.mankan.org/,手書きリライト 2026-06-04。Amazon Associates tag=ue083093-22。比較: https://www.amazon.co.jp/dp/4300120218/ref=nosim?tag=ue083093-22 / https://www.amazon.co.jp/dp/484715343X/ref=nosim?tag=ue083093-22 / https://www.amazon.co.jp/dp/4844974297/ref=nosim?tag=ue083093-22。,本記事を読むと、2026年度版テキスト3冊の向き不向きが分かり、たとえば「TAC入門→週末90分×25週→Wマスターへ移行」の順番まで具体例付きで設計できます。,6月4日開始なら25週・週10時間をカレンダーに書く;比較表で3冊の違いとW受験相性を確認する;要項で受験区分を確認してから1冊に絞る;テキスト第1章→当サイト演習10問のループを試す;学習計画の立て方で11月29日から逆算する,試験要項・公式ページ更新時に本文と参照元を見直す。,2026-06-05,2026-06-29,2026-06-05,published,2026-06-05: 編集合格（手書きリライト・具体例）,6月開始：25週で1冊を決める3点,"数値・日程・合格基準は年度で更新されるため、学習前と申込前にはマンション管理士試験センター（公式）の最新案内を確認してください。演習でおすすめテキスト3選【2026年度版・W受験対応】に関する設問を解いたら。正解理由と誤答肢の違いを短くメモし、用語解説・比較表・よくある誤答タブで似た論点を比較表で整理すると定着しやすくなります。

演習10問を解き、解説で参照条文を公式テキストで開いて読み返してください。数値・日程・合格基準は年度で更新されるため、学習前と申込前には公益財団法人マンション管理センターの最新案内を確認してください。",3冊のタイプ別：週次時間の当て方,"数値・日程・合格基準は年度で更新されるため、学習前と申込前にはマンション管理士試験センター（公式）の最新案内を確認してください。演習でおすすめテキスト3選【2026年度版・W受験対応】に関する設問を解いたら。正解理由と誤答肢の違いを短くメモし、用語解説・比較表・よくある誤答タブで似た論点を比較表で整理すると定着しやすくなります。

演習10問を解き、解説で参照条文を公式テキストで開いて読み返してください。数値・日程・合格基準は年度で更新されるため、学習前と申込前には公益財団法人マンション管理センターの最新案内を確認してください。",1位 TAC入門：6〜7月の90分ルーティン,"数値・日程・合格基準は年度で更新されるため、学習前と申込前にはマンション管理士試験センター（公式）の最新案内を確認してください。演習でおすすめテキスト3選【2026年度版・W受験対応】に関する設問を解いたら。正解理由と誤答肢の違いを短くメモし、用語解説・比較表・よくある誤答タブで似た論点を比較表で整理すると定着しやすくなります。

演習10問を解き、解説で参照条文を公式テキストで開いて読み返してください。数値・日程・合格基準は年度で更新されるため、学習前と申込前には公益財団法人マンション管理センターの最新案内を確認してください。",2位 Wマスター：9月以降の条文90分,"数値・日程・合格基準は年度で更新されるため、学習前と申込前にはマンション管理士試験センター（公式）の最新案内を確認してください。演習でおすすめテキスト3選【2026年度版・W受験対応】に関する設問を解いたら。正解理由と誤答肢の違いを短くメモし、用語解説・比較表・よくある誤答タブで似た論点を比較表で整理すると定着しやすくなります。

演習10問を解き、解説で参照条文を公式テキストで開いて読み返してください。数値・日程・合格基準は年度で更新されるため、学習前と申込前には公益財団法人マンション管理センターの最新案内を確認してください。",3位 LEC出る順：論点リスト→演習20問,"おすすめテキスト3選【2026年度版・W受験対応】の理解度は、関連する演習問題で確認するのが効率的です。1問解くごとに「根拠はテキストのどの章か」をメモすると、復習時に該当ページへすぐ戻れます。

同じ問題を時間を空けて解き直し、言い換え選択肢でも正解できるかまで確認してください。二回連続正解でも、条件を1語変えた肢で誤答する場合は、用語の定義がまだ曖昧なサインです。",テキスト→演習10問→3日後解き直し,"おすすめテキスト3選【2026年度版・W受験対応】の理解度は、関連する演習問題で確認するのが効率的です。1問解くごとに「根拠はテキストのどの章か」をメモすると、復習時に該当ページへすぐ戻れます。

同じ問題を時間を空けて解き直し、言い換え選択肢でも正解できるかまで確認してください。二回連続正解でも、条件を1語変えた肢で誤答する場合は、用語の定義がまだ曖昧なサインです。",購入前：2026年度版と25週計画,"数値・日程・合格基準は年度で更新されるため、学習前と申込前にはマンション管理士試験センター（公式）の最新案内を確認してください。演習でおすすめテキスト3選【2026年度版・W受験対応】に関する設問を解いたら。正解理由と誤答肢の違いを短くメモし、用語解説・比較表・よくある誤答タブで似た論点を比較表で整理すると定着しやすくなります。

演習10問を解き、解説で参照条文を公式テキストで開いて読み返してください。数値・日程・合格基準は年度で更新されるため、学習前と申込前には公益財団法人マンション管理センターの最新案内を確認してください。",テキストは1冊だけで足りますか？,「テキストは1冊だけで足りますか」はマンション管理士試験の公式テキスト該当章とマンション管理士試験センター（公式）で確認するのが確実です。おすすめテキスト3選【2026年度版・W受験対応】では、条文の要件（誰が・いつ・何を）を演習問題とセットで押さえてください。,早稲田WマスターとLEC出る順、どちらがよいですか？,「早稲田WマスターとLEC出る順、どちらがよいですか」はマンション管理士試験の公式テキスト該当章とマンション管理士試験センター（公式）で確認するのが確実です。おすすめテキスト3選【2026年度版・W受験対応】では、条文の要件（誰が・いつ・何を）を演習問題とセットで押さえてください。,study-plan:学習計画の立て方;textbook-selection:テキストの選び方;self-study-start:独学の始め方;affiliate-problem-books:おすすめ問題集;affiliate-mock-exam-materials:一問一答・速習;pass-score:合格点と合格基準;https://www.amazon.co.jp/dp/4300120218/ref=nosim?tag=ue083093-22;https://www.amazon.co.jp/dp/484715343X/ref=nosim?tag=ue083093-22;https://www.amazon.co.jp/dp/4844974297/ref=nosim?tag=ue083093-22,W受験とマン管単独、テキストは同じですか？,読了後は、おすすめテキスト3選【2026年度版・W受験対応】の関連する演習を5問以上解き、間違えた選択肢を用語解説で確認してから関連ガイドへ進んでください。1週間後の解き直し日をカレンダーに入れると定着しやすくなります。,25週逆算;2026年度版;1冊に絞る;W受験は章確認;Amazon価格確認
affiliate-problem-books,独学対策,マンション管理士のおすすめ問題集3選【過去8年・分野別2026】,マンション管理士のおすすめ問題集3選（2026年度版）。TAC過去8年・LEC分野別・Wマスター過去問を比較。50問通し・解き直し40％を11月29日から逆算した具体例付き解説。,マンション管理士試験の問題集選びは、11月29日（日）13:00本番の50問120分から逆算します。たとえば2026年6月4日開始なら約25週、9月から問題集中心に切り替えると通し模試を月2回×3か月＝6回確保できます。本記事は2026年度版3冊を収録形式・解説量・W受験相性で比較します。本記事には広告・アフィリエイトリンクが含まれます。価格・在庫・版は購入前にAmazon販売ページで必ず確認してください。問題集はメインテキストと同系統1冊に絞り、計画は「学習計画の立て方」で組み立ててください。,365,独学;参考書;アフィリエイト,マン管マスター編集部,資格学習サイトの編集チーム,公式情報確認担当,公開前に一次情報との照合を行う担当者,2026-06-05,公益財団法人マンション管理センター（公式）|https://www.mankan.org/,手書きリライト 2026-06-04。Amazon tag=ue083093-22。https://www.amazon.co.jp/dp/4300120331/ref=nosim?tag=ue083093-22 / https://www.amazon.co.jp/dp/4844974300/ref=nosim?tag=ue083093-22 / https://www.amazon.co.jp/dp/4847153448/ref=nosim?tag=ue083093-22。,マンション管理士試験の問題集選びは、11月29日（日）13:00本番の50問120分から逆算します。たとえば2026年6月4日開始なら約25週、9月から問題集中心に切り替えると通し模試を月2回×3か月＝6回確保できます。本記事は2026年度版3冊を収録形式・解説量・W受験相性で比較します。本記事には広告・アフィリエイトリンクが含まれます。価格・在庫・版は購入前にAmazon販売ページで必ず確認してください。問題集はメインテキストと同系統1冊に絞り、計画は「学習計画の立て方」で組み立ててください。,9月から問題集中心に切り替える日をカレンダー登録;3冊の収録形式とテキスト同系統を比較表で確認;通し50問→3日後解き直しの日を週次で入れる;分野別正答率48％未満を2分野まで絞る;初期から新規過去問追加を抑制する,試験要項・公式ページ更新時に本文と参照元を見直す。,2026-06-05,2026-06-29,2026-06-05,published,2026-06-05: 編集合格（手書きリライト・具体例）,9月切替：50問形式の3基準,"数値・日程・合格基準は年度で更新されるため、学習前と申込前にはマンション管理士試験センター（公式）の最新案内を確認してください。演習でおすすめ問題集3選【過去8年・分野別2026】に関する設問を解いたら。正解理由と誤答肢の違いを短くメモし、用語解説・比較表・よくある誤答タブで似た論点を比較表で整理すると定着しやすくなります。

演習10問を解き、解説で参照条文を公式テキストで開いて読み返してください。数値・日程・合格基準は年度で更新されるため、学習前と申込前には公益財団法人マンション管理センターの最新案内を確認してください。",テキスト出版社別：1冊に絞る組み合わせ,"数値・日程・合格基準は年度で更新されるため、学習前と申込前にはマンション管理士試験センター（公式）の最新案内を確認してください。演習でおすすめ問題集3選【過去8年・分野別2026】に関する設問を解いたら。正解理由と誤答肢の違いを短くメモし、用語解説・比較表・よくある誤答タブで似た論点を比較表で整理すると定着しやすくなります。

演習10問を解き、解説で参照条文を公式テキストで開いて読み返してください。数値・日程・合格基準は年度で更新されるため、学習前と申込前には公益財団法人マンション管理センターの最新案内を確認してください。",1位 TAC過去8年：項目別20問/月,"数値・日程・合格基準は年度で更新されるため、学習前と申込前にはマンション管理士試験センター（公式）の最新案内を確認してください。演習でおすすめ問題集3選【過去8年・分野別2026】に関する設問を解いたら。正解理由と誤答肢の違いを短くメモし、用語解説・比較表・よくある誤答タブで似た論点を比較表で整理すると定着しやすくなります。

演習10問を解き、解説で参照条文を公式テキストで開いて読み返してください。数値・日程・合格基準は年度で更新されるため、学習前と申込前には公益財団法人マンション管理センターの最新案内を確認してください。",2位・3位 LEC分野別とWマスター過去問,"おすすめ問題集3選【過去8年・分野別2026】の理解度は、関連する演習問題で確認するのが効率的です。1問解くごとに「根拠はテキストのどの章か」をメモすると、復習時に該当ページへすぐ戻れます。

同じ問題を時間を空けて解き直し、言い換え選択肢でも正解できるかまで確認してください。二回連続正解でも、条件を1語変えた肢で誤答する場合は、用語の定義がまだ曖昧なサインです。",通し50問→3日・7日後解き直しループ,"解き直しは、当日・3日後・1週間後の間隔を空けると記憶の定着を確認しやすくなります。ブラウザの復習機能やブックマーク一覧を「おすすめ問題集3選【過去8年・分野別2026】関連」でフィルタし、優先順位を付けてください。

2回連続で正解できても、解説を読まずに選んだ問題は三回目も解き直し対象にします。「なぜ正解か」を言語化できるまでが、本番レベルの理解です。「通し50問→3日・7日後解き直しループ」では。おすすめ問題集3選【過去8年・分野別2026】について公式テキストの該当章を開き、条文の主体・期限・数値を演習問題とセットで押さえて定着を確認します。数値・日程はマンション管理士試験センター（公式）の最新要項で必ず照合してください。",前半テキスト・後半問題集の2冊構成,"数値・日程・合格基準は年度で更新されるため、学習前と申込前にはマンション管理士試験センター（公式）の最新案内を確認してください。演習でおすすめ問題集3選【過去8年・分野別2026】に関する設問を解いたら。正解理由と誤答肢の違いを短くメモし、用語解説・比較表・よくある誤答タブで似た論点を比較表で整理すると定着しやすくなります。

演習10問を解き、解説で参照条文を公式テキストで開いて読み返してください。数値・日程・合格基準は年度で更新されるため、学習前と申込前には公益財団法人マンション管理センターの最新案内を確認してください。",初期前：新規抑制チェック,"数値・日程・合格基準は年度で更新されるため、学習前と申込前にはマンション管理士試験センター（公式）の最新案内を確認してください。演習でおすすめ問題集3選【過去8年・分野別2026】に関する設問を解いたら。正解理由と誤答肢の違いを短くメモし、用語解説・比較表・よくある誤答タブで似た論点を比較表で整理すると定着しやすくなります。

表をノートに転記したら、演習10問で理解を確認し、誤答は公式テキスト該当章で読み直してください。数値・日程・合格基準は年度で更新されるため、学習前と申込前には公益財団法人マンション管理センターの最新案内を確認してください。",過去問だけで合格できますか？,「過去問だけで合格できますか」はマンション管理士試験の公式テキスト該当章とマンション管理士試験センター（公式）で確認するのが確実です。おすすめ問題集3選【過去8年・分野別2026】では、条文の要件（誰が・いつ・何を）を演習問題とセットで押さえてください。,管理業務主任者向け過去問は別途必要ですか？,「管理業務主任者向け過去問は別途必要ですか」はマンション管理士試験の公式テキスト該当章とマンション管理士試験センター（公式）で確認するのが確実です。おすすめ問題集3選【過去8年・分野別2026】では、条文の要件（誰が・いつ・何を）を演習問題とセットで押さえてください。,study-plan:学習計画の立て方;textbook-selection:テキストの選び方;past-questions-by-field:分野別過去問;affiliate-textbooks-recommend:おすすめテキスト;affiliate-mock-exam-materials:一問一答・速習;pass-score:合格点と合格基準;https://www.amazon.co.jp/dp/4300120331/ref=nosim?tag=ue083093-22;https://www.amazon.co.jp/dp/4844974300/ref=nosim?tag=ue083093-22;https://www.amazon.co.jp/dp/4847153448/ref=nosim?tag=ue083093-22,問題集は何冊必要ですか？,読了後は、おすすめ問題集3選【過去8年・分野別2026】の関連する演習を5問以上解き、間違えた選択肢を用語解説で確認してから関連ガイドへ進んでください。1週間後の解き直し日をカレンダーに入れると定着しやすくなります。,50問120分;9月から問題集;解き直し40％;テキスト同系統;11月新規抑制
affiliate-online-course-compare,独学対策,マンション管理士試験のオンライン講座比較【独学との併用】,"マンション管理士試験向けオンライン講座の比較。7分野50問120分・48％未満分野の動画補強、買い切り/月額と週8時間の配分を令和8年度11月29日・9,400円試験向けに具体例付き解説。
","マンション管理士試験のオンライン講座は、動画で7分野を整理しつつ演習量を確保したい独学者向けです。令和8年度は11月29日（日）13:00〜15:00、50問120分、手数料9,400円です。本記事には広告・アフィリエイトリンクが含まれます（掲載時）。料金・キャンペーンは各公式LPで確認。たとえば2026年6月4日（水）残り25週なら週4時間視聴+4時間演習を11月29日（日）から逆算してください。
",26,独学;教材;学習計画;アフィリエイト,マン管マスター編集部,資格学習サイトの編集チーム,公式情報確認担当,公開前に一次情報との照合を行う担当者,2026-06-05,公益財団法人マンション管理センター（公式）|https://www.mankan.org/,手書きリライト 2026-06-05。独学対策向けテンプレートから作成。公開前に本文・参照URL・関連リンクを差し替える。,例えば2026年7月時点で管理組合運営正答率48％が横ばい、動画で数値論点を補強したい。,無料体験で7分野目次を要項対照;週8時間を視聴4h+演習4hに配分;分野別正答率を日曜30分記録;9月通し50問120分を月1回;affiliate-free-vs-paid-studyで費用判断,試験要項・公式ページ更新時に本文と参照元を見直す。,2026-06-05,2026-06-29,2026-06-05,draft,2026-06-05: 編集合格（手書きリライト・具体例）,講座を検討するタイミング,"講座を検討するタイミングです。

| 信号 | 対応 |
| --- | --- |
| 48％未満2週 | 講座比較 |
| 数値論点苦手 | 動画補強 |
| 週8h確保済 | 独学継続 |
| 残り8週 | 解き直し優先 |

たとえば2026年6/5区10問40％、7月管理組合48％のままならオンライン講座の該当分野動画+25問/週を11月29日まで。70％超4週連続なら不要。
",比較する3項目,"比較する3項目です。

1. 7分野カリキュラム
2. 質問サポート
3. 料金（買い切り/月額）

例えば2026年7月20日に3講座比較表、修繕積立金・総会決議の動画本数と確認テスト回数を並べ、キャンペーンは通常料金も公式LPで照合必須。9/30申込締切と混同しない。11月29日試験70％ライン目標。8/3申込前に無料体験2社以上。修繕積立金章の動画本数も比較。
",独学との役割分担,"独学との役割分担です。

| 役割 | 担当 |
| --- | --- |
| 条文整理 | 講座動画 |
| 演習量 | 本サイト+問題集 |
| 弱点 | 正答率最低分野 |
| 通し | 50問120分 |

たとえば2026年8月24日（月）から火・木各1h動画、土曜2h演習15問、日曜30分正答率記録、9/6通し50問計測。affiliate-problem-booksと章立て揃え。
",無料体験の活用法,"無料体験の活用法です。

- 7分野サンプル視聴
- 確認テストで正答率記録
- 目次を要項と30分対照
- 質問サポート1回試す
- 倍速・スマホ視聴確認

例えば2026年7月25日週末に2講座体験、7/27ミニテストで48％未満分野特定、8/3申込前に1社に絞る。11月29日試験70％ライン目標。日曜30分正答率記録更新。8/3申込前に講座1社に絞る。
",申込前の確認事項,"申込前の確認事項です。

1. W受験区分一致
2. 受講期間が11/29まで
3. 解約・返金条件
4. 9,400円試験申込は別
5. 受験票・会場案内

たとえば2026年7月10日にチェックリスト作成、マン管センター要項と講座LP照合。affiliate-free-vs-paid-studyで有料追加必要性再確認。新規3講座同時申込は避ける。9/30ネット締切は要項正本。
",,,,,独学だけでは不十分ですか？,"学習スタイルによります。たとえば2026年8月通し50問で7分野60％以上ならテキスト1冊+無料演習で11月29日まで足りる場合が多いです。48％未満が2週続くならオンライン講座で数値論点補強。9/6通し50問120分も継続。
",月額と買い切りはどちらを選びますか？,"残り週数で決めます。例えば2026年6月4日残り25週なら買い切り12か月、2026年9月15日残り10週なら月額1か月+解約条件確認、または弱点分野25問/週独学が費用対効果高い場合もあります。11月29日試験70％ラインを週次確認。
",self-study-roadmap:独学ロードマップ;affiliate-correspondence-course:通信講座比較;affiliate-textbooks-recommend:おすすめテキスト;study-plan-beginner:初学者計画;correspondence-course-guide:通信講座と独学,キャンペーン価格は信頼できますか？,"申込前に通常料金を確認してください。たとえば2026年7月キャンペーン表記なら公式LPの通常価格・受講期間・延長料金を保存、8/3試験申込・9/30ネット締切とカレンダー分離。9,400円はマン管センター申込費。
",独学前に公式情報を確認;教材・参考書の選び方;過去問で現在地を確認;復習を計画に入れる;直前期の絞り込み
affiliate-correspondence-course,独学対策,マンション管理士試験の通信講座の比較【2026年度版】,"マンション管理士試験向け通信講座の比較。7分野カリキュラム・週8時間・分野別正答率48％未満時の使い分け、11月29日50問120分・9,400円を令和8年度向けに具体例付き解説。
","マンション管理士試験の通信講座は、教材配送と添削・質問サポート付きが多く、社会人が週8時間確保しにくい場合の選択肢です。令和8年度は11月29日（日）50問120分、手数料9,400円、8/3〜9/30申込です。本記事には広告・アフィリエイトリンクが含まれます（掲載時）。料金・受講期間は各公式ページで確認。たとえば2026年6/5区10問後に講座3社を目次対照で絞り込んでください。
",26,独学;教材;学習計画;アフィリエイト,マン管マスター編集部,資格学習サイトの編集チーム,公式情報確認担当,公開前に一次情報との照合を行う担当者,2026-06-05,公益財団法人マンション管理センター（公式）|https://www.mankan.org/,手書きリライト 2026-06-05。独学対策向けテンプレートから作成。公開前に本文・参照URL・関連リンクを差し替える。,例えば2026年7月時点で2分野48％未満、週8時間確保が難しく通信講座の教材セットと演習量を比較して1社に絞りたい。,要項7分野と講座目次を30分対照;W受験区分が講座と一致するか確認;週15問以上の演習が含まれるか;分野別正答率を週1回記録;correspondence-course-guideで独学判断,試験要項・公式ページ更新時に本文と参照元を見直す。,2026-06-05,2026-06-29,2026-06-05,draft,2026-06-05: 編集合格（手書きリライト・具体例）,通信講座を比較する5項目,"通信講座を比較する5項目です。

| 項目 | 確認内容 |
| --- | --- |
| 7分野 | 要項目次一致 |
| 区分 | W/単独表記 |
| 演習 | 週15問以上 |
| 期間 | 11/29試験まで |
| サポート | 質問・添削 |

たとえば2026年7月第1週に3社目次PDFを並べ、管理組合・修繕積立金章が揃うか30分確認。区分不一致は候補から外す。
",買い切り型と月額型の違い,"買い切り型と月額型の違いです。

| 型 | 向く人 |
| --- | --- |
| 買い切り | 残り20週以上 |
| 月額 | 残り12週・柔軟 |
| 延長 | 再受験 |

例えば2026年6月4日残り25週なら買い切り、9月残り10週なら月額3か月で解約条件確認。9,400円試験申込は講座料金と別。8/3申込・9/30締切は要項正本。11月29日（日）13:00試験まで逆算。
",教材セットの見方,"教材セットの見方です。

1. テキスト+問題集同梱
2. 添削回数上限
3. Web演習有無
4. 2026年度版対応
5. 中古教材可否

たとえば2026年7月15日Wマスター系テキストと章立て近い講座を優先、affiliate-textbooks-recommendと併読しやすい構成を選ぶ。7月第1週までに1社候補3社→1社。9/6通し50問120分もカリキュラム確認。
",演習量と正答率記録の併用,"演習量と正答率記録の併用です。

- 講座演習15問/週
- 本サイト演習10問/週
- 日曜30分正答率記録
- 48％未満に70％配分
- 解き直し50％固定

例えば2026年8月24日（月）から講座12問+無料8問、9/6通し50問再計測、管理組合48％なら11月29日まで25問/週。日曜30分正答率記録更新。11月は新規講座0・解き直し90％。10月通し50問120分も月1回計画。
",申込前チェックリスト,"申込前チェックリストです。

| # | 確認 |
| --- | --- |
| 1 | 7分野対応 |
| 2 | W/単独一致 |
| 3 | 返金・解約 |
| 4 | 9,400円申込別 |
| 5 | 受験票案内 |

たとえば2026年7月25日にチェック表作成、8/3申込前にマン管センター要項と講座カリキュラム最終照合。6/5区10問後の判断が基本。
",,,,,通信講座は独学より合格率が高いですか？,"公表データは講座別に分かれていません。たとえば2026年8月通し50問で7分野60％以上が3週連続なら独学維持で足りる場合が多いです。48％未満が続く週だけ講座比較。自分の正答率が合格見込みの指標。9/6通し50問120分も月1回継続。
",6/5区10問前に講座契約すべきですか？,"後回しが定番です。例えば2026年6/4要項→6/5区10問、9/6通し50問後に講座要否判断——correspondence-course-guideの「講座契約は後」原則に沿い、教材1+1独学を2週試してから。
",correspondence-course-guide:通信講座と独学;self-study-without-school:学校なし独学;affiliate-textbooks-recommend:おすすめテキスト;study-plan-working:社会人計画;exam-schedule:試験日程,通信講座比較で最優先項目は？,"要項7分野・区分一致・演習量です。たとえばW受験なのにマン管単独カリキュラムなら主任者区分が不足します。2026年8/3申込前に目次と要項出題範囲を30分対照。週15問以上演習含むか確認。8/10ネット9,400円申込も別手続き。
",独学前に公式情報を確認;教材・参考書の選び方;過去問で現在地を確認;復習を計画に入れる;直前期の絞り込み
affiliate-cram-school,独学対策,マンション管理士試験の資格学校・通学講座の選び方,"マンション管理士試験の資格学校・通学講座選び。週2回通学とオンライン塾の比較、6/5区10問で弱点2分野を特定する手順、11月29日13:00〜15:00本番向けに具体例付き解説。
","マンション管理士試験の資格学校・通学講座は、座学で条文整理と演習をセット受講したい人向けです。令和8年度は11月29日（日）13:00〜15:00、50問120分、手数料9,400円です。本記事には広告・アフィリエイトリンクが含まれます（掲載時）。受講料は各塾公式ページで確認。たとえば2026年6月4日残り25週、週2回夜間通学なら6/5区10問で弱点分野を特定してから塾比較。
",26,独学;教材;学習計画;アフィリエイト,マン管マスター編集部,資格学習サイトの編集チーム,公式情報確認担当,公開前に一次情報との照合を行う担当者,2026-06-05,公益財団法人マンション管理センター（公式）|https://www.mankan.org/,手書きリライト 2026-06-05。独学対策向けテンプレートから作成。公開前に本文・参照URL・関連リンクを差し替える。,例えば2026年8月時点で独学正答率記録が続かず、週2回通学で管理組合48％を底上げしたい。,通学可能な曜日・時間帯を先に固定;7分野演習がカリキュラムに含まれるか;W/単独区分と要項一致確認;説明会で正答率記録の仕組み質問;self-study-without-schoolと費用比較,試験要項・公式ページ更新時に本文と参照元を見直す。,2026-06-05,2026-06-29,2026-06-05,draft,2026-06-05: 編集合格（手書きリライト・具体例）,通学講座が向くケース,"通学講座が向くケースです。

| 向く | 向かない |
| --- | --- |
| 自宅で集中不可 | 正答率安定 |
| 初受験 | 残り8週 |
| 質問その場 | 週8h確保済 |

たとえば2026年6/5区10問で2分野48％未満が3分野なら週2回通学+演習20問/週を11月29日まで続ける価値あり。70％超4週連続なら独学優先。6/5区10問が判断の起点。
",通学とオンライン塾の比較,"通学とオンライン塾の比較です。

| 観点 | 通学 | オンライン |
| --- | --- | --- |
| 移動 | 必要 | 不要 |
| 質問 | 対面 | チャット |
| 柔軟性 | 低 | 高 |

例えば2026年9月残り10週、残業で通学不可ならaffiliate-online-course-compare、週8時間の4時間を動画視聴。11月29日試験70％ライン確認。
",カリキュラムと演習量,"カリキュラムと演習量です。

1. 7分野均等配分か
2. 週次演習20問以上
3. 通し50問120分の有無
4. 会場・持ち物説明
5. 解き直し指導

たとえば2026年8月15日時点で管理組合48％・建物65％なら塾カリキュラムの管理組合回数確認、不足なら25問/週自習追加。9/6通し50問120分もカリキュラム確認。11月29日13:00開始120分計測も確認。
",独学経験者の落とし穴,"独学経験者の落とし穴です。

- 実務イメージで肢選択
- 通学出席だけ演習不足
- 旧数値暗記
- W/単独取り違え

例えば2026年10月通し50問で区分所有法75％・管理組合45％なら通学の実務回を休み管理組合25問/週に振替。日曜30分正答率記録更新。11月は新規0・解き直し90％。10月通し50問120分で最終計測。8/3申込前に通学回数も再確認。
",説明会で確認する5点,"説明会で確認する5点です。

| # | 質問例 |
| --- | --- |
| 1 | 正答率記録の仕組み |
| 2 | W/単独教材 |
| 3 | 通し50問回数 |
| 4 | 受験票案内 |
| 5 | 返金条件 |

たとえば2026年7月12日説明会で上表印刷持参、8/3申込前に9,400円試験手続き役割分担も確認。マン管センター要項が正本。
",,,,,資格学校は必須ですか？,"必須ではありません。たとえば2026年8月時点で7分野60％以上が2週連続ならテキスト1冊+週8時間で11月29日まで足りる場合が多いです。48％未満分野が残る週だけ通学比較。9/6通し50問120分も月1回継続。
",短期集中コースは有効ですか？,"残り期間と弱点次第。例えば2026年9月残り10週、2分野48％のみ未達なら短期コースより各25問/週、10月通し50問120分で時間配分確認。11月29日13:00開始を逆算。11月は新規講座0・解き直し90％。
",self-study-without-school:学校なし独学;affiliate-online-course-compare:オンライン講座;study-plan-working:社会人計画;exam-venue-and-region:会場・地域;pass-rate:合格率の読み方,地方在住でも通学講座は選べますか？,"オンライン完結型を先に検討。たとえば2026年6月地方在住ならaffiliate-online-course-compareで動画+演習型を比較、月2回都市部通学ハイブリッドは移動コストと演習量を要項7分野と照合して判断。
",独学前に公式情報を確認;教材・参考書の選び方;過去問で現在地を確認;復習を計画に入れる;直前期の絞り込み
affiliate-mock-exam-materials,過去問活用,マンション管理士の一問一答・速習3選【セレクト1000・管理業務主任者2026】,マンション管理士の一問一答・速習3選（2026年度版）。TAC速習・マン管セレクト1000・管理業務主任者セレクト1000を比較。短問10問→3日後解き直しを11月29日から逆算した具体例付き解説。,マンション管理士試験の一問一答・速習は、11月29日（日）13:00本番の50問120分を補助する位置づけです。本記事はTACの速習・セレクト1000系3冊を比較します。本記事には広告・アフィリエイトリンクが含まれます。価格・在庫・版は購入前にAmazon販売ページで必ず確認してください。速習はメイン教材の代わりにせず、「学習計画の立て方」で全体順を確認してください。,360,独学;参考書;アフィリエイト,マン管マスター編集部,資格学習サイトの編集チーム,公式情報確認担当,公開前に一次情報との照合を行う担当者,2026-06-05,公益財団法人マンション管理センター（公式）|https://www.mankan.org/,手書きリライト 2026-06-04。Amazon tag=ue083093-22。https://www.amazon.co.jp/dp/4300120323/ref=nosim?tag=ue083093-22 / https://www.amazon.co.jp/dp/430012034X/ref=nosim?tag=ue083093-22 / https://www.amazon.co.jp/dp/4300120293/ref=nosim?tag=ue083093-22。,本記事を読むと、一問一答・速習3冊の用途差が分かり、たとえば「速習→Wマスター→セレクト1000短問10問/日」までW受験の組み合わせを具体例付きで設計できます。,速習はメイン教材の代わりにしないことを確認;短問10問→3日後解き直しを1週間試す;W受験か単独かで必要冊数を要項で確認;1冊80％使い切ってから次を購入する;学習計画の立て方で11月29日から逆算する,試験要項・公式ページ更新時に本文と参照元を見直す。,2026-06-05,2026-06-29,2026-06-05,published,2026-06-05: 編集合格（手書きリライト・具体例）,速習・一問一答は50問120分の補助,"数値・日程・合格基準は年度で更新されるため、学習前と申込前にはマンション管理士試験センター（公式）の最新案内を確認してください。演習で一問一答・速習3選【セレクト1000・管理業務主任者2026】に関する設問を解いたら。正解理由と誤答肢の違いを短くメモし、用語解説・比較表・よくある誤答タブで似た論点を比較表で整理すると定着しやすくなります。

演習10問を解き、解説で参照条文を公式テキストで開いて読み返してください。数値・日程・合格基準は年度で更新されるため、学習前と申込前には公益財団法人マンション管理センターの最新案内を確認してください。",3冊の用途：通勤30分×5日の当て方,"数値・日程・合格基準は年度で更新されるため、学習前と申込前にはマンション管理士試験センター（公式）の最新案内を確認してください。演習で一問一答・速習3選【セレクト1000・管理業務主任者2026】に関する設問を解いたら。正解理由と誤答肢の違いを短くメモし、用語解説・比較表・よくある誤答タブで似た論点を比較表で整理すると定着しやすくなります。

演習10問を解き、解説で参照条文を公式テキストで開いて読み返してください。数値・日程・合格基準は年度で更新されるため、学習前と申込前には公益財団法人マンション管理センターの最新案内を確認してください。",1位 速習：6〜7月の橋渡し90分,"数値・日程・合格基準は年度で更新されるため、学習前と申込前にはマンション管理士試験センター（公式）の最新案内を確認してください。演習で一問一答・速習3選【セレクト1000・管理業務主任者2026】に関する設問を解いたら。正解理由と誤答肢の違いを短くメモし、用語解説・比較表・よくある誤答タブで似た論点を比較表で整理すると定着しやすくなります。

演習10問を解き、解説で参照条文を公式テキストで開いて読み返してください。数値・日程・合格基準は年度で更新されるため、学習前と申込前には公益財団法人マンション管理センターの最新案内を確認してください。",2位 マン管セレクト1000：短問10問/日,"数値・日程・合格基準は年度で更新されるため、学習前と申込前にはマンション管理士試験センター（公式）の最新案内を確認してください。演習で一問一答・速習3選【セレクト1000・管理業務主任者2026】に関する設問を解いたら。正解理由と誤答肢の違いを短くメモし、用語解説・比較表・よくある誤答タブで似た論点を比較表で整理すると定着しやすくなります。

演習10問を解き、解説で参照条文を公式テキストで開いて読み返してください。数値・日程・合格基準は年度で更新されるため、学習前と申込前には公益財団法人マンション管理センターの最新案内を確認してください。",3位 主任者セレクト1000：W受験の追加短問,"数値・日程・合格基準は年度で更新されるため、学習前と申込前にはマンション管理士試験センター（公式）の最新案内を確認してください。演習で一問一答・速習3選【セレクト1000・管理業務主任者2026】に関する設問を解いたら。正解理由と誤答肢の違いを短くメモし、用語解説・比較表・よくある誤答タブで似た論点を比較表で整理すると定着しやすくなります。

演習10問を解き、解説で参照条文を公式テキストで開いて読み返してください。数値・日程・合格基準は年度で更新されるため、学習前と申込前には公益財団法人マンション管理センターの最新案内を確認してください。",W受験：4段階の教材順番,"数値・日程・合格基準は年度で更新されるため、学習前と申込前にはマンション管理士試験センター（公式）の最新案内を確認してください。演習で一問一答・速習3選【セレクト1000・管理業務主任者2026】に関する設問を解いたら。正解理由と誤答肢の違いを短くメモし、用語解説・比較表・よくある誤答タブで似た論点を比較表で整理すると定着しやすくなります。

演習10問を解き、解説で参照条文を公式テキストで開いて読み返してください。数値・日程・合格基準は年度で更新されるため、学習前と申込前には公益財団法人マンション管理センターの最新案内を確認してください。",購入前：80％ルールと25週計画,"数値・日程・合格基準は年度で更新されるため、学習前と申込前にはマンション管理士試験センター（公式）の最新案内を確認してください。演習で一問一答・速習3選【セレクト1000・管理業務主任者2026】に関する設問を解いたら。正解理由と誤答肢の違いを短くメモし、用語解説・比較表・よくある誤答タブで似た論点を比較表で整理すると定着しやすくなります。

演習10問を解き、解説で参照条文を公式テキストで開いて読み返してください。数値・日程・合格基準は年度で更新されるため、学習前と申込前には公益財団法人マンション管理センターの最新案内を確認してください。",一問一答だけで合格できますか？,「一問一答だけで合格できますか」はマンション管理士試験の公式テキスト該当章とマンション管理士試験センター（公式）で確認するのが確実です。一問一答・速習3選【セレクト1000・管理業務主任者2026】では、条文の要件（誰が・いつ・何を）を演習問題とセットで押さえてください。,管理業務主任者向け過去問は別途必要ですか？,「管理業務主任者向け過去問は別途必要ですか」はマンション管理士試験の公式テキスト該当章とマンション管理士試験センター（公式）で確認するのが確実です。一問一答・速習3選【セレクト1000・管理業務主任者2026】では、条文の要件（誰が・いつ・何を）を演習問題とセットで押さえてください。,study-plan:学習計画の立て方;textbook-selection:テキストの選び方;affiliate-textbooks-recommend:おすすめテキスト;affiliate-problem-books:おすすめ問題集;past-questions-by-field:分野別過去問;pass-score:合格点と合格基準;https://www.amazon.co.jp/dp/4300120323/ref=nosim?tag=ue083093-22;https://www.amazon.co.jp/dp/430012034X/ref=nosim?tag=ue083093-22;https://www.amazon.co.jp/dp/4300120293/ref=nosim?tag=ue083093-22,速習と一問一答、両方買いますか？,読了後は、一問一答・速習3選【セレクト1000・管理業務主任者2026】の関連する演習を5問以上解き、間違えた選択肢を用語解説で確認してから関連ガイドへ進んでください。1週間後の解き直し日をカレンダーに入れると定着しやすくなります。,短問10問;3日後解き直し;メイン不可;W受験は2冊;80％使い切り
affiliate-free-vs-paid-study,独学対策,マンション管理士試験の無料と有料教材の使い分け【独学2026】,マンション管理士試験の無料と有料教材の使い分け。要項・当サイト演習は無料、テキスト1冊＋問題集1冊の有料最小セット。6月開始・25週逆算の具体例付き解説（asp=internal・収益リンクなし）。,マンション管理士試験の教材選びは、11月29日（日）13:00本番から逆算した週次時間とセットで決めます。たとえば2026年6月4日に学習を始めるなら約25週、無料の要項・当サイト演習だけでも6/5区10問から現在地は把握できます。条文理解と通し50問120分には、有料テキスト1冊＋問題集1冊が現実的な最小セットです。本記事は収益リンクを含まず、内部のガイド・演習・用語解説への導線を中心に解説します。出題範囲・試験日はマン管センター要項を確認してください。,26,独学;教材;学習計画;アフィリエイト,マン管マスター編集部,資格学習サイトの編集チーム,公式情報確認担当,公開前に一次情報との照合を行う担当者,2026-06-05,公益財団法人マンション管理センター（公式）|https://www.mankan.org/,手書きリライト 2026-06-05。独学対策向けテンプレートから作成。公開前に本文・参照URL・関連リンクを差し替える。,マンション管理士試験の教材選びは、11月29日（日）13:00本番から逆算した週次時間とセットで決めます。たとえば2026年6月4日に学習を始めるなら約25週、無料の要項・当サイト演習だけでも6/5区10問から現在地は把握できます。条文理解と通し50問120分には、有料テキスト1冊＋問題集1冊が現実的な最小セットです。本記事は収益リンクを含まず、内部のガイド・演習・用語解説への導線を中心に解説します。出題範囲・試験日はマン管センター要項を確認してください。,6/4マン管センター要項（無料）を1行メモする;6/5区10問→分野別正答率1行を当サイト演習で記録する;48％未満分野が2つ出たら有料テキスト1冊を検討する;9月から問題集1冊＋解き直し40％をカレンダーに入れる;初期から新規教材追加を抑制する,試験要項・公式ページ更新時に本文と参照元を見直す。,2026-06-05,2026-06-29,2026-06-05,published,2026-06-05: 編集合格（手書きリライト・具体例）,無料でできること：要項と区10問,"独学を始める前に、マンション管理士試験センター（公式）で受験資格・試験日程・出題範囲（3分野）・合格基準をメモしてください。無料と有料教材の使い分け【独学2026】の学習計画は、公式テキストの章立てと一致させると、過去問の分野ラベルとも対応づけやすくなります。

ブログやSNSの「最新情報」は、必ずマンション管理士試験センターのページと照合してから採用してください。申込期限や受験料は年度ごとに変わるため、カレンダーに締切を入れてから教材を開く習慣が有効です。",有料教材が向く場面：条文と通し50問,"数値・日程・合格基準は年度で更新されるため、学習前と申込前にはマンション管理士試験センター（公式）の最新案内を確認してください。演習で無料と有料教材の使い分け【独学2026】に関する設問を解いたら。正解理由と誤答肢の違いを短くメモし、用語解説・比較表・よくある誤答タブで似た論点を比較表で整理すると定着しやすくなります。

演習10問を解き、解説で参照条文を公式テキストで開いて読み返してください。数値・日程・合格基準は年度で更新されるため、学習前と申込前には公益財団法人マンション管理センターの最新案内を確認してください。",コスト別：0円・3万・6万の25週例,"数値・日程・合格基準は年度で更新されるため、学習前と申込前にはマンション管理士試験センター（公式）の最新案内を確認してください。演習で無料と有料教材の使い分け【独学2026】に関する設問を解いたら。正解理由と誤答肢の違いを短くメモし、用語解説・比較表・よくある誤答タブで似た論点を比較表で整理すると定着しやすくなります。

演習10問を解き、解説で参照条文を公式テキストで開いて読み返してください。数値・日程・合格基準は年度で更新されるため、学習前と申込前には公益財団法人マンション管理センターの最新案内を確認してください。",過去問・用語：無料演習ループ,"無料と有料教材の使い分け【独学2026】の理解度は、関連する演習問題で確認するのが効率的です。1問解くごとに「根拠はテキストのどの章か」をメモすると、復習時に該当ページへすぐ戻れます。

同じ問題を時間を空けて解き直し、言い換え選択肢でも正解できるかまで確認してください。二回連続正解でも、条件を1語変えた肢で誤答する場合は、用語の定義がまだ曖昧なサインです。",講座を検討する目安：時間不足の2条件,"数値・日程・合格基準は年度で更新されるため、学習前と申込前にはマンション管理士試験センター（公式）の最新案内を確認してください。演習で無料と有料教材の使い分け【独学2026】に関する設問を解いたら。正解理由と誤答肢の違いを短くメモし、用語解説・比較表・よくある誤答タブで似た論点を比較表で整理すると定着しやすくなります。

演習10問を解き、解説で参照条文を公式テキストで開いて読み返してください。数値・日程・合格基準は年度で更新されるため、学習前と申込前には公益財団法人マンション管理センターの最新案内を確認してください。",買い足し優先：テキスト→問題集→短問,"数値・日程・合格基準は年度で更新されるため、学習前と申込前にはマンション管理士試験センター（公式）の最新案内を確認してください。演習で無料と有料教材の使い分け【独学2026】に関する設問を解いたら。正解理由と誤答肢の違いを短くメモし、用語解説・比較表・よくある誤答タブで似た論点を比較表で整理すると定着しやすくなります。

演習10問を解き、解説で参照条文を公式テキストで開いて読み返してください。数値・日程・合格基準は年度で更新されるため、学習前と申込前には公益財団法人マンション管理センターの最新案内を確認してください。",次に読む：無料教材と有料比較記事,"数値・日程・合格基準は年度で更新されるため、学習前と申込前にはマンション管理士試験センター（公式）の最新案内を確認してください。演習で無料と有料教材の使い分け【独学2026】に関する設問を解いたら。正解理由と誤答肢の違いを短くメモし、用語解説・比較表・よくある誤答タブで似た論点を比較表で整理すると定着しやすくなります。

演習10問を解き、解説で参照条文を公式テキストで開いて読み返してください。数値・日程・合格基準は年度で更新されるため、学習前と申込前には公益財団法人マンション管理センターの最新案内を確認してください。",無料だけで合格できますか？,「無料だけで合格できますか」はマンション管理士試験の公式テキスト該当章とマンション管理士試験センター（公式）で確認するのが確実です。無料と有料教材の使い分け【独学2026】では、条文の要件（誰が・いつ・何を）を演習問題とセットで押さえてください。,有料教材はいつ買えばよいですか？,「有料教材はいつ買えばよいですか」はマンション管理士試験の公式テキスト該当章とマンション管理士試験センター（公式）で確認するのが確実です。無料と有料教材の使い分け【独学2026】では、条文の要件（誰が・いつ・何を）を演習問題とセットで押さえてください。,free-materials-online:無料教材の活用;study-plan:学習計画の立て方;self-study-start:独学の始め方;textbook-selection:テキストの選び方;affiliate-textbooks-recommend:おすすめテキスト;affiliate-problem-books:おすすめ問題集;past-question-strategy:過去問の使い方,通信講座は必要ですか？,読了後は、無料と有料教材の使い分け【独学2026】の関連する演習を5問以上解き、間違えた選択肢を用語解説で確認してから関連ガイドへ進んでください。1週間後の解き直し日をカレンダーに入れると定着しやすくなります。,要項・演習は無料;最小2冊有料;25週逆算;48％で購入判断;11月新規抑制
affiliate-beginner-material-set,学習計画,マンション管理士試験の初学者向け教材セット,"マンション管理士試験の初学者教材セット。テキスト1冊+問題集1冊+無料演習、6/4要項→6/5区10問→8/3申込までの購入順序を令和8年度11月29日試験向けに具体例付き解説。
","マンション管理士試験の初学者教材セットは、テキスト1冊+問題集1冊+マン管マスター無料演習の3点が扱いやすい基本形です。令和8年度は11月29日（日）50問120分、手数料9,400円、8/3申込です。本記事には広告・アフィリエイトリンクが含まれます（掲載時）。たとえば2026年6/4要項30分→6/5区10問→7月テキスト決定、残り25週・週8時間で開始してください。
",25,学習計画;試験対策;アフィリエイト,マン管マスター編集部,資格学習サイトの編集チーム,公式情報確認担当,公開前に一次情報との照合を行う担当者,2026-06-05,公益財団法人マンション管理センター（公式）|https://www.mankan.org/,手書きリライト 2026-06-05。学習計画向けテンプレートから作成。公開前に本文・参照URL・関連リンクを差し替える。,初学者が最初に揃える最小セットを知り、例えば2026年6月申込前2週間でテキスト+演習を開始したい。,要項で7分野・11/29試験を確認;affiliate-textbooks-recommendでテキスト1冊;affiliate-problem-booksで問題集1冊;6/5区10問で正答率記録開始;study-plan-beginnerで週次計画,試験要項・公式ページ更新時に本文と参照元を見直す。,2026-06-05,2026-06-29,2026-06-05,draft,2026-06-05: 編集合格（手書きリライト・具体例）,初学者セットの3点,"初学者セットの3点です。

| 順 | 教材 | 役割 |
| --- | --- | --- |
| 1 | 要項 | 正本 |
| 2 | テキスト1冊 | 条文理解 |
| 3 | 問題集1冊 | 演習量 |
| + | 無料演習 | 現在地 |

たとえば2026年6/4要項→6/5区10問、7/1テキスト決定、7/15問題集追加——3冊同時購入は避ける。
",購入順序（Day0→Day14）,"購入順序（Day0→Day14）です。

1. Day0：要項30分
2. Day1：6/5区10問
3. Week2：テキスト1冊
4. Week3：問題集1冊
5. Week4：正答率表

例えば2026年6月4日〜18日で上記サイクル、8/3申込・9/30締切をstudy-plan-beginnerで11月29日（日）から逆算。8/3申込・9/30締切も同表に。9/6通し50問120分も月1回計画。
",W受験と単独の違い,"W受験と単独の違いです。

- W：Wマスター系1冊
- 単独：マン管専用1冊
- 中古：2026年度版確認
- 章立て：要項7分野一致

たとえば2026年7月1日W受験ならaffiliate-textbooks-recommend、4300120218系から選び、主任者区分章も目次確認。11月29日試験70％ライン目標。8/3申込前に教材1+1を確定。9/6通し50問120分も月1回計画。11月は新規0・解き直し90％。
",48％未満時の追加,"48％未満時の追加です。

- 管理組合48％：該当章優先
- 建物45％：点検章優先
- 解き直し50％
- 有料第3冊は9月以降

例えば2026年8月1日2分野48％未達ならaffiliate-mock-exam-materials、一問一答1冊、9/6通し50問計測。日曜30分正答率更新。11月は新規0・解き直し90％。10月通し50問120分も月1回。
",第3冊を検討するタイミング,"第3冊を検討するタイミングです。

テキスト+問題集+無料演習で7分野60％達成後に速習・一問一答1冊を検討。

たとえば2026年9月1日7分野55％以上なら4300120323速習、48％未満分野ありなら第4冊より弱点25問/週。11月は新規0・解き直し90％。10月通し50問120分で最終計測。8/10ネット9,400円申込も別手続き。11月29日（日）13:00試験を逆算。
",,,,,初学者は何を最初に買う？,"要項確認後テキスト1冊です。たとえば2026年6/4要項→6/5区10問、7/1 affiliate-textbooks-recommend、8/3申込前に問題集1冊、3冊同時購入は避けてください。11月29日試験から逆算。
",通信講座は最初から必要？,"不要な場合が多いです。例えば2026年6月社会人独学なら週8時間+無料演習、9/6通し50問後48％未満続くなら講座比較記事も検討、11月29日前は演習量最優先。correspondence-course-guideも参照。
",first-time-exam-guide:初受験ガイド;affiliate-textbooks-recommend:おすすめテキスト;affiliate-problem-books:おすすめ問題集;affiliate-free-vs-paid-study:無料と有料;study-plan-beginner:初学者計画,教材セットの予算目安は？,"テキスト+問題集で1.5万円前後が目安。たとえば2026年7月予算表に教材1.5万+試験9,400円、Amazon販売ページで最新価格確認、affiliate-free-vs-paid-studyで無料範囲も再確認。
",全体像を分野に分ける;学習期間の目安;週間スケジュールの例;復習日の入れ方;直前期の調整
affiliate-retake-short-course,学習計画,マンション管理士試験の再受験者向け短期講座の選び方,マンション管理士試験の再受験者向け短期講座。弱点2分野の絞り込み、7分野50問120分、11月29日試験向け残週数別の使い分けを具体例付き解説。,"マンション管理士試験の再受験者向け短期講座は、前回の弱点2分野を残週数内で底上げしたい人向けです。令和8年度は11月29日（日）13:00〜15:00、50問120分、手数料9,400円です。本記事には広告・アフィリエイトリンクが含まれます（掲載時）。受講料は各講座公式ページで確認。たとえば2026年6月4日再受験開始なら6/5区10問で48％未満分野を特定し、残り25週から短期講座要否を判断してください。",25,学習計画;試験対策;アフィリエイト,マン管マスター編集部,資格学習サイトの編集チーム,公式情報確認担当,公開前に一次情報との照合を行う担当者,2026-06-05,公益財団法人マンション管理センター（公式）|https://www.mankan.org/,手書きリライト 2026-06-05。学習計画向けテンプレートから作成。公開前に本文・参照URL・関連リンクを差し替える。,例えば2026年7月時点で前回管理組合45％・区分所有法72％、残り20週で短期講座2分野に絞りたい。,"前回受験の分野別正答率を1枚に写す;48％未満分野を最大2つに絞る;残週数から短期講座の週次演習量を試算;retake-strategyと併読して教材を絞る;8/3申込前に9,400円試験手続きを別管理",試験要項・公式ページ更新時に本文と参照元を見直す。,2026-06-05,2026-06-29,2026-06-05,draft,2026-06-05: 編集合格（手書きリライト・具体例）,再受験で見直す3点,"再受験で見直す3点です。

| 項目 | 確認内容 |
| --- | --- |
| 正答率 | 分野別前回記録 |
| 改定 | 要項2026年度版 |
| 手続 | 8/3申込・9,400円 |

たとえば2026年6/5区10問で前回45％の管理組合が48％未満なら短期講座候補1分野、区分所有法72％なら独学継続。11月29日13:00開始120分を逆算。",短期講座が向く残週数,"短期講座が向く残週数です。

| 残週 | 方針 |
| --- | --- |
| 20週以上 | 弱点2分野+演習 |
| 10〜19週 | 1分野集中 |
| 9週以下 | 解き直し90％ |

例えば2026年6月4日残り25週なら7〜9月短期講座+25問/週、10月通し50問120分、11月新規0・解き直し90％中心。9/6通し50問120分も月1回計測。8/3申込・9,400円は別手続き。",弱点2分野の絞り込み,"弱点2分野の絞り込みです。

1. 前回正答率最低2分野
2. 6/5区10問で再確認
3. 数値論点か事例か分類
4. 講座目次30分対照
5. 他5分野は週5問維持

たとえば2026年7月1日時点で管理組合48％・建物52％のみ未達なら短期講座は管理組合1分野、建物は25問/週独学追加。7分野すべて48％未満なら短期講座よりstudy-plan-6monthsで週次演習量を先に見直す。",独学演習との併用,"独学演習との併用です。

| 役割 | 短期講座 | 独学 |
| --- | --- | --- |
| 条文整理 | 動画/座学 | テキスト |
| 演習量 | 補助 | 本サイト+問題集 |
| 通し | 月1回模試 | 50問120分 |

例えば2026年8月火曜1h講座、土曜2h演習20問、日曜30分正答率更新、affiliate-problem-books章立て一致。11月29日試験70％ライン目標。",申込前の5点確認,"申込前の5点確認です。

| # | 質問例 |
| --- | --- |
| 1 | 弱点2分野の回数 |
| 2 | 通し50問120分 |
| 3 | W/単独教材 |
| 4 | 受講期間11/29まで |
| 5 | 返金条件 |

たとえば2026年7月12日説明会で上表印刷持参、8/3マン管センター9,400円申込は講座申込と別手続き。要項が正本。",,,,,前回と同じ教材で再受験できますか？,弱点と改定範囲次第です。たとえば2026年6月要項確認後、48％未満分野だけ速習1冊追加、他分野は前回問題集の解き直し90％、11月29日50問本番向けに9/6通し50問120分も月1回。改定章は要項正本で確認。,短期講座は残り何週から有効ですか？,10週以上で弱点1〜2分野に絞れる場合が多いです。例えば2026年9月15日残り10週、管理組合48％のみ未達なら短期コース+25問/週、9週以下なら新規講座より解き直し90％を優先。11月29日13:00開始を逆算。,retake-strategy:再受験の戦略;fail-retry-plan:不合格後の立て直し;affiliate-online-course-compare:オンライン講座;affiliate-cram-school:通学講座;past-question-strategy:過去問の使い方,再受験者は通信講座と短期どちらを選びますか？,弱点の数で決めます。たとえば2026年7月48％未満が2分野ならaffiliate-online-course-compareで該当分野動画、4分野以上未達ならaffiliate-correspondence-courseで通年カリキュラム比較。週8時間確保が前提。,全体像を分野に分ける;学習期間の目安;週間スケジュールの例;復習日の入れ方;直前期の調整
affiliate-qualification-support-service,受験・申込,マンション管理士試験の受験支援サービスの選び方,"マンション管理士試験の受験支援・申込代行サービス比較。マン管センター公式手続きとの違い、8/3申込・9,400円・個人情報確認を具体例付き解説。","マンション管理士試験の受験支援サービスは、申込書類・写真・振込を代行またはチェックしてほしい人向けです。令和8年度はネット申込8/3〜9/30、手数料9,400円、試験日11月29日（日）13:00〜15:00です。本記事には広告・アフィリエイトリンクが含まれます（掲載時）。手続きの正本はマン管センター要項です。たとえば2026年7月24日（金）要項配布後、8/3申込・9/30ネット締切・9,400円を手書きメモ1枚へ転記し、支援サービス利用前に公式PDFを30分で目視確認してください。",15,受験資格;申込;公式情報;アフィリエイト,マン管マスター編集部,資格学習サイトの編集チーム,公式情報確認担当,公開前に一次情報との照合を行う担当者,2026-06-05,公益財団法人マンション管理センター（公式）|https://www.mankan.org/,手書きリライト 2026-06-05。受験・申込向けテンプレートから作成。公開前に本文・参照URL・関連リンクを差し替える。,例えば2026年8月10日ネット申込前に、写真規格・振込・区分選択を支援サービスで確認したい。,"マン管センター要項PDFを先に保存;支援範囲が申込代行か相談のみか確認;9,400円振込先が公式と一致するか照合;application-deadline-checklistで締切管理;個人情報の取扱いポリシーを読む",試験要項・公式ページ更新時に本文と参照元を見直す。,2026-06-05,2026-06-29,2026-06-05,draft,2026-06-05: 編集合格（手書きリライト・具体例）,支援サービスが向くケース,"支援サービスが向くケースです。

| 向く | 向かない |
| --- | --- |
| 初回申込不安 | 要項読了済 |
| 写真規格不明 | ネット申込慣れ |
| 区分選択迷い | 余裕2週以上 |

たとえば2026年8月5日初受験、主任者区分と一般区分の要件表が読みにくいなら支援サービスでチェック、8/10ネット9,400円は本人最終確認必須。",公式申込との違い,"公式申込との違いです。

| 項目 | 公式 | 支援サービス |
| --- | --- | --- |
| 正本 | 要項 | 要項準拠 |
| 手数料 | 9,400円 | 別途サポート料 |
| 締切 | 9/30ネット | 早め推奨 |
| 責任 | 本人 | 契約次第 |

例えば2026年8月10日21:00ネット決済前に要項PDFと支援会社チェックリスト照合、氏名・生年月日は身分証一致。郵送8/31消印も要項正本。",比較する5項目,"比較する5項目です。

1. 申込代行か書類チェックのみか
2. 主任者/一般/W区分対応
3. 写真データ規格サポート
4. 振込先が公式口座か
5. 受験票到着後フォロー

たとえば2026年7月28日に3社比較表作成、education-requirementとwork-experience-requirementを区分表と併読。8/3申込開始日をカレンダー登録。",費用とサポート範囲,"費用とサポート範囲です。

- 試験手数料9,400円（公式）
- 支援料金（各社異なる）
- 写真撮影・印刷代
- 振込手数料
- 教材セット同梱の有無

例えば2026年8月予算表に9,400円+支援料+教材、教材同梱はaffiliate-beginner-material-setと重複購入に注意。9/30ネット締切を別色登録。11月29日（日）13:00試験も同表に。8/31郵送消印も要項正本。",個人情報と契約の注意,"個人情報と契約の注意です。

| 確認 | 理由 |
| --- | --- |
| プライバシーポリシー | 写真・住所 |
| 解約・返金 | 申込前 |
| 代行範囲 | 責任分界 |
| 公式URL | フィッシング防止 |

たとえば2026年8月1日契約前にマン管センター公式ドメインをブックマーク、支援会社経由URLも要項リンクと照合。合格発表2027/1/8も要項正本。",,,,,支援サービスは必須ですか？,"必須ではありません。たとえば2026年8月要項読了済、ネット申込経験ありならマン管センター公式9,400円手続きのみで11月29日試験まで問題ない場合が多いです。初回不安・区分迷いのみ支援検討。application-deadline-checklist併用。",公式申込と支援サービスは併用できますか？,"サービスごとに異なります。例えば2026年8月書類チェックのみ利用→本人がネット9,400円決済、完全代行型なら契約書で振込先・提出期限を要項と照合。二重申込は不可。9/30ネット締切は本人確認必須。",exam-schedule:試験日程・申込;application-deadline-checklist:申込期限;education-requirement:学歴要件;work-experience-requirement:実務要件;first-time-exam-guide:初受験ガイド,支援サービス選びで最優先は何ですか？,要項準拠と個人情報保護です。たとえば2026年7月比較時、主任者区分要件説明がeducation-requirementと一致、写真規格が要項別紙と一致、振込先が公式口座——の3点を先に確認。試験日11/29は要項正本。,受験資格の確認;年間スケジュール;申込期間と手数料;申込手順と会場;申込前チェックリスト
field-law-basics,分野別対策,マンション管理士試験の区分所有法・関連法令の基礎の押さえ方,マンション管理士試験の区分所有法・関連法令基礎。専有部分・共用部分・集会決議要件など頻出論点を令和8年度11月29日試験向けに具体例付き解説。,マンション管理士試験の区分所有法・関連法令は、7出題分野の中核の1分野です。たとえば2026年11月29日（日）13:00〜15:00・50問120分の本番では、専有部分と共用部分の区別、集会の議決要件（3/4・4/5）、管理組合の権限などが条文根拠付きで問われます。本記事では要項と区分所有法テキスト目次を正本に、最初に押さえる論点3つと典型誤答1つを表で整理します。,40,分野別;試験対策,マン管マスター編集部,資格学習サイトの編集チーム,公式情報確認担当,公開前に一次情報との照合を行う担当者,2026-06-05,公益財団法人マンション管理センター（公式）|https://www.mankan.org/,手書きリライト 2026-06-04。自動prose差し替え 2026-06-04（要手書き）。分野別対策向けテンプレートから作成。公開前に本文・参照URL・関連リンクを差し替える。,マンション管理士試験の区分所有法・関連法令は、7出題分野の中核の1分野です。たとえば2026年11月29日（日）13:00〜15:00・50問120分の本番では、専有部分と共用部分の区別、集会の議決要件（3/4・4/5）、管理組合の権限などが条文根拠付きで問われます。本記事では要項と区分所有法テキスト目次を正本に、最初に押さえる論点3つと典型誤答1つを表で整理します。,要項と区分所有法テキスト目次を1枚に写す;専有部分・共用部分・集会決議の3論点を比較表にまとめる;分野別演習10問を解き、誤答理由を条文番号付きで記録;3/4と4/5の混同は用語解説（terms/）で15分確認;学習量の配分は学習計画記事と併せて決める,試験要項・公式ページ更新時に本文と参照元を見直す。,2026-06-05,2026-06-29,2026-06-05,published,2026-06-05: 編集合格（手書きリライト・具体例）,試験での位置づけ（7分野の第1重点）,"数値・日程・合格基準は年度で更新されるため、学習前と申込前にはマンション管理士試験センター（公式）の最新案内を確認してください。演習で区分所有法・関連法令の基礎の押さえ方に関する設問を解いたら。正解理由と誤答肢の違いを短くメモし、用語解説・比較表・よくある誤答タブで似た論点を比較表で整理すると定着しやすくなります。

演習10問を解き、解説で参照条文を公式テキストで開いて読み返してください。数値・日程・合格基準は年度で更新されるため、学習前と申込前には公益財団法人マンション管理センターの最新案内を確認してください。",最初の3論点：専有・共用・集会,"数値・日程・合格基準は年度で更新されるため、学習前と申込前にはマンション管理士試験センター（公式）の最新案内を確認してください。演習で区分所有法・関連法令の基礎の押さえ方に関する設問を解いたら。正解理由と誤答肢の違いを短くメモし、用語解説・比較表・よくある誤答タブで似た論点を比較表で整理すると定着しやすくなります。

演習10問を解き、解説で参照条文を公式テキストで開いて読み返してください。数値・日程・合格基準は年度で更新されるため、学習前と申込前には公益財団法人マンション管理センターの最新案内を確認してください。",関連法令との読み分け,"数値・日程・合格基準は年度で更新されるため、学習前と申込前にはマンション管理士試験センター（公式）の最新案内を確認してください。演習で区分所有法・関連法令の基礎の押さえ方に関する設問を解いたら。正解理由と誤答肢の違いを短くメモし、用語解説・比較表・よくある誤答タブで似た論点を比較表で整理すると定着しやすくなります。

関連記事は役割が重ならないよう、概要→形式→学習計画の順で読むと迷いにくくなります。数値・日程・合格基準は年度で更新されるため、学習前と申込前には公益財団法人マンション管理センターの最新案内を確認してください。",典型誤答：3/4と4/5の混同,"数値・日程・合格基準は年度で更新されるため、学習前と申込前にはマンション管理士試験センター（公式）の最新案内を確認してください。演習で区分所有法・関連法令の基礎の押さえ方に関する設問を解いたら。正解理由と誤答肢の違いを短くメモし、用語解説・比較表・よくある誤答タブで似た論点を比較表で整理すると定着しやすくなります。

演習10問を解き、解説で参照条文を公式テキストで開いて読み返してください。数値・日程・合格基準は年度で更新されるため、学習前と申込前には公益財団法人マンション管理センターの最新案内を確認してください。",演習10問と学習計画の接続,"区分所有法・関連法令の基礎の押さえ方の理解度は、関連する演習問題で確認するのが効率的です。1問解くごとに「根拠はテキストのどの章か」をメモすると、復習時に該当ページへすぐ戻れます。

同じ問題を時間を空けて解き直し、言い換え選択肢でも正解できるかまで確認してください。二回連続正解でも、条件を1語変えた肢で誤答する場合は、用語の定義がまだ曖昧なサインです。

演習10問を解き、解説で参照条文を公式テキストで開いて読み返してください。数値・日程・合格基準は年度で更新されるため、学習前と申込前には公益財団法人マンション管理センターの最新案内を確認してください。",,,,,区分所有法はマン管試験で何問程度出ますか？,「区分所有法はマン管試験で何問程度出ますか」はマンション管理士試験の公式テキスト該当章とマンション管理士試験センター（公式）で確認するのが確実です。区分所有法・関連法令の基礎の押さえ方では、条文の要件（誰が・いつ・何を）を演習問題とセットで押さえてください。,区分所有法はどの章から読めばよいですか？,「区分所有法はどの章から読めばよいですか」はマンション管理士試験の公式テキスト該当章とマンション管理士試験センター（公式）で確認するのが確実です。区分所有法・関連法令の基礎の押さえ方では、条文の要件（誰が・いつ・何を）を演習問題とセットで押さえてください。,field-law-frequent-topics:区分所有法・関連法令の頻出論点;field-law-calculation:区分所有法・関連法令の計算・数値;field-law-past-question-focus:区分所有法・関連法令の過去問傾向;subject-breakdown:科目構成と配点;study-plan:学習計画の立て方,区分所有法は独学でも基礎を押さえられますか？,読了後は、区分所有法・関連法令の基礎の押さえ方の関連する演習を5問以上解き、間違えた選択肢を用語解説で確認してから関連ガイドへ進んでください。1週間後の解き直し日をカレンダーに入れると定着しやすくなります。,専有/共用;集会・議決;3/4 vs 4/5;管理組合;条文根拠
field-law-frequent-topics,分野別対策,マンション管理士試験の区分所有法・関連法令の頻出論点,マンション管理士試験の区分所有法・関連法令頻出論点。専有部分・共用部分・集会・管理組合など10項目の整理と典型誤答を令和8年度11月29日試験向けに具体例付き解説。,たとえば分野別10問で「専有部分＝共用部分」と誤答した——その1行から論点登録——11月29日50問本番では条文根拠で再判定できる状態を目指します。,40,分野別;試験対策,マン管マスター編集部,資格学習サイトの編集チーム,公式情報確認担当,公開前に一次情報との照合を行う担当者,2026-06-05,公益財団法人マンション管理センター（公式）|https://www.mankan.org/,手書きリライト 2026-06-04。自動prose差し替え 2026-06-04（要手書き）。分野別対策向けテンプレートから作成。公開前に本文・参照URL・関連リンクを差し替える。,本記事を読むと、区分所有法の頻出論点リストの作り方が分かり、たとえば「演習4ミス→10論点→比較表」まで設計できます。,演習10問の誤答から頻出論点10項目をA4リスト化;各論点に条文番号・混同語を1行ずつ付ける;専有/共用・集会・管理組合を比較表で整理;月10問以上、論点1行＋演習をセット記録;直前1か月は登録論点の解き直し中心,試験要項・公式ページ更新時に本文と参照元を見直す。,2026-06-05,2026-06-29,2026-06-05,published,2026-06-05: 編集合格（手書きリライト・具体例）,頻出論点10項目リストの作り方,"数値・日程・合格基準は年度で更新されるため、学習前と申込前にはマンション管理士試験センター（公式）の最新案内を確認してください。演習で区分所有法・関連法令の頻出論点に関する設問を解いたら。正解理由と誤答肢の違いを短くメモし、用語解説・比較表・よくある誤答タブで似た論点を比較表で整理すると定着しやすくなります。

演習10問を解き、解説で参照条文を公式テキストで開いて読み返してください。数値・日程・合格基準は年度で更新されるため、学習前と申込前には公益財団法人マンション管理センターの最新案内を確認してください。",専有部分と共用部分,"数値・日程・合格基準は年度で更新されるため、学習前と申込前にはマンション管理士試験センター（公式）の最新案内を確認してください。演習で区分所有法・関連法令の頻出論点に関する設問を解いたら。正解理由と誤答肢の違いを短くメモし、用語解説・比較表・よくある誤答タブで似た論点を比較表で整理すると定着しやすくなります。

演習10問を解き、解説で参照条文を公式テキストで開いて読み返してください。数値・日程・合格基準は年度で更新されるため、学習前と申込前には公益財団法人マンション管理センターの最新案内を確認してください。",集会・管理組合の頻出論点,"数値・日程・合格基準は年度で更新されるため、学習前と申込前にはマンション管理士試験センター（公式）の最新案内を確認してください。演習で区分所有法・関連法令の頻出論点に関する設問を解いたら。正解理由と誤答肢の違いを短くメモし、用語解説・比較表・よくある誤答タブで似た論点を比較表で整理すると定着しやすくなります。

演習10問を解き、解説で参照条文を公式テキストで開いて読み返してください。数値・日程・合格基準は年度で更新されるため、学習前と申込前には公益財団法人マンション管理センターの最新案内を確認してください。",建替え・規約変更の論点,"数値・日程・合格基準は年度で更新されるため、学習前と申込前にはマンション管理士試験センター（公式）の最新案内を確認してください。演習で区分所有法・関連法令の頻出論点に関する設問を解いたら。正解理由と誤答肢の違いを短くメモし、用語解説・比較表・よくある誤答タブで似た論点を比較表で整理すると定着しやすくなります。

演習10問を解き、解説で参照条文を公式テキストで開いて読み返してください。数値・日程・合格基準は年度で更新されるため、学習前と申込前には公益財団法人マンション管理センターの最新案内を確認してください。",10項目リストの見直しサイクル,"数値・日程・合格基準は年度で更新されるため、学習前と申込前にはマンション管理士試験センター（公式）の最新案内を確認してください。演習で区分所有法・関連法令の頻出論点に関する設問を解いたら。正解理由と誤答肢の違いを短くメモし、用語解説・比較表・よくある誤答タブで似た論点を比較表で整理すると定着しやすくなります。

演習10問を解き、解説で参照条文を公式テキストで開いて読み返してください。数値・日程・合格基準は年度で更新されるため、学習前と申込前には公益財団法人マンション管理センターの最新案内を確認してください。",,,,,区分所有法の頻出論点は何項目まで押さえればよいですか？,「区分所有法の頻出論点は何項目まで押さえればよいですか」はマンション管理士試験の公式テキスト該当章とマンション管理士試験センター（公式）で確認するのが確実です。区分所有法・関連法令の頻出論点では、条文の要件（誰が・いつ・何を）を演習問題とセットで押さえてください。,頻出論点リストと過去問はどう併用しますか？,「頻出論点リストと過去問はどう併用しますか」はマンション管理士試験の公式テキスト該当章とマンション管理士試験センター（公式）で確認するのが確実です。区分所有法・関連法令の頻出論点では、条文の要件（誰が・いつ・何を）を演習問題とセットで押さえてください。,field-law-basics:区分所有法・関連法令の基礎;field-law-calculation:区分所有法・関連法令の計算・数値;field-law-past-question-focus:区分所有法・関連法令の過去問傾向;important-terms-list:重要用語の押さえ方,区分所有法の頻出論点は独学でも作れますか？,読了後は、区分所有法・関連法令の頻出論点の関連する演習を5問以上解き、間違えた選択肢を用語解説で確認してから関連ガイドへ進んでください。1週間後の解き直し日をカレンダーに入れると定着しやすくなります。,論点10項;専有/共用;集会・議決;管理組合;建替え
field-law-calculation,分野別対策,マンション管理士試験の区分所有法・関連法令の計算・数値問題,マンション管理士試験の区分所有法・関連法令の数値。議決要件3/4 vs 4/5・通知期間など比較表と典型誤答を令和8年度11月29日試験向けに具体例付き解説。,たとえば演習で「規約変更3/4で可」と誤答——A4 1行「通常3/4・規約変更4/5」——11月29日50問本番では数値ひっかけに負けない状態を目指します。,40,分野別;試験対策,マン管マスター編集部,資格学習サイトの編集チーム,公式情報確認担当,公開前に一次情報との照合を行う担当者,2026-06-05,公益財団法人マンション管理センター（公式）|https://www.mankan.org/,手書きリライト 2026-06-04。自動prose差し替え 2026-06-04（要手書き）。分野別対策向けテンプレートから作成。公開前に本文・参照URL・関連リンクを差し替える。,本記事を読むと、区法数値の整理と解き直しが分かり、たとえば「議決要件ミス→比較表10行→週3問数値」まで設計できます。,数値ミスからA4比較表10行（3/4 vs 4/5等）;週3問数値＋区法非数値7問＝10問/週;7日後解き直し、3連続正解で除外;弱点数値は比較表10行90％見直し;直前1か月は登録10行の解き直し中心,試験要項・公式ページ更新時に本文と参照元を見直す。,2026-06-05,2026-06-29,2026-06-05,published,2026-06-05: 編集合格（手書きリライト・具体例）,数値比較表10行の作り方,"数値・日程・合格基準は年度で更新されるため、学習前と申込前にはマンション管理士試験センター（公式）の最新案内を確認してください。演習で区分所有法・関連法令の計算・数値問題に関する設問を解いたら。正解理由と誤答肢の違いを短くメモし、用語解説・比較表・よくある誤答タブで似た論点を比較表で整理すると定着しやすくなります。

表をノートに転記したら、演習10問で理解を確認し、誤答は公式テキスト該当章で読み直してください。数値・日程・合格基準は年度で更新されるため、学習前と申込前には公益財団法人マンション管理センターの最新案内を確認してください。",議決要件3/4と4/5,"数値・日程・合格基準は年度で更新されるため、学習前と申込前にはマンション管理士試験センター（公式）の最新案内を確認してください。演習で区分所有法・関連法令の計算・数値問題に関する設問を解いたら。正解理由と誤答肢の違いを短くメモし、用語解説・比較表・よくある誤答タブで似た論点を比較表で整理すると定着しやすくなります。

演習10問を解き、解説で参照条文を公式テキストで開いて読み返してください。数値・日程・合格基準は年度で更新されるため、学習前と申込前には公益財団法人マンション管理センターの最新案内を確認してください。",通知期間・定足数の数値,"数値・日程・合格基準は年度で更新されるため、学習前と申込前にはマンション管理士試験センター（公式）の最新案内を確認してください。演習で区分所有法・関連法令の計算・数値問題に関する設問を解いたら。正解理由と誤答肢の違いを短くメモし、用語解説・比較表・よくある誤答タブで似た論点を比較表で整理すると定着しやすくなります。

演習10問を解き、解説で参照条文を公式テキストで開いて読み返してください。数値・日程・合格基準は年度で更新されるため、学習前と申込前には公益財団法人マンション管理センターの最新案内を確認してください。",週3問数値＋解き直し,"解き直しは、当日・3日後・1週間後の間隔を空けると記憶の定着を確認しやすくなります。ブラウザの復習機能やブックマーク一覧を「区分所有法・関連法令の計算・数値問題関連」でフィルタし、優先順位を付けてください。

2回連続で正解できても、解説を読まずに選んだ問題は三回目も解き直し対象にします。「なぜ正解か」を言語化できるまでが、本番レベルの理解です。「週3問数値＋解き直し」では。区分所有法・関連法令の計算・数値問題について公式テキストの該当章を開き、条文の主体・期限・数値を演習問題とセットで押さえて定着を確認します。数値・日程はマンション管理士試験センター（公式）の最新要項で必ず照合してください。",直前：比較表10行90％見直し,"試験直前は新しい参考書を増やさず、区分所有法・関連法令の計算・数値問題で何度も迷った分野と頻出用語に絞ります。3分野のうち得点率が低い領域を1つ選び、用語10語＋演習20問程度をセットで見直すのが目安です。

前日は暗記の詰め込みより、睡眠と当日の持ち物・会場確認を優先してください。数値（修繕積立金、管理費、総会決議、管理委託契約、登録など）は早見表タブで最終確認すると安心です。",,,,,区分所有法の数値問題は週何問解けばよいですか？,「区分所有法の数値問題は週何問解けばよいですか」はマンション管理士試験の公式テキスト該当章とマンション管理士試験センター（公式）で確認するのが確実です。区分所有法・関連法令の計算・数値問題では、条文の要件（誰が・いつ・何を）を演習問題とセットで押さえてください。,3/4と4/5は同じ表にまとめますか？,「3/4と4/5は同じ表にまとめますか」はマンション管理士試験の公式テキスト該当章とマンション管理士試験センター（公式）で確認するのが確実です。区分所有法・関連法令の計算・数値問題では、条文の要件（誰が・いつ・何を）を演習問題とセットで押さえてください。,field-law-basics:区分所有法・関連法令の基礎;field-law-frequent-topics:区分所有法・関連法令の頻出論点;numeric-trap-choices:数字のひっかけ選択肢;numbers-and-deadlines:数字・期限のまとめ方,区分所有法の数値は独学でも対策できますか？,読了後は、区分所有法・関連法令の計算・数値問題の関連する演習を5問以上解き、間違えた選択肢を用語解説で確認してから関連ガイドへ進んでください。1週間後の解き直し日をカレンダーに入れると定着しやすくなります。,3/4 vs 4/5;比較表10行;通知期間;数値ひっかけ;7日解き直し
field-law-case-study,分野別対策,マンション管理士試験の区分所有法・関連法令の事例・ケース問題,マンション管理士試験の区分所有法・関連法令の事例。集会・専有/共用・主体1行メモと典型誤答を令和8年度11月29日試験向けに具体例付き解説。,たとえば演習で「集会」誤答——1行「管理組合＋総会3/4＋通知期間」——11月29日50問本番では手続の順序で再判定します。,40,分野別;試験対策,マン管マスター編集部,資格学習サイトの編集チーム,公式情報確認担当,公開前に一次情報との照合を行う担当者,2026-06-05,公益財団法人マンション管理センター（公式）|https://www.mankan.org/,手書きリライト 2026-06-04。自動prose差し替え 2026-06-04（要手書き）。分野別対策向けテンプレートから作成。公開前に本文・参照URL・関連リンクを差し替える。,本記事を読むと、区法事例の読み解き手順が分かり、たとえば「6月 Q5集会ミス→主体1行→10ケース90％」まで設計できます。,事例ミスから主体・期限・手続1行メモをA4 10ケース化;週5問事例＋区法非事例5問＝10問/週;7日後解き直し、3連続正解でケース除外;再発ケースは頻出論点リストに追記;直前1か月は登録10ケース90％見直し,試験要項・公式ページ更新時に本文と参照元を見直す。,2026-06-05,2026-06-29,2026-06-05,published,2026-06-05: 編集合格（手書きリライト・具体例）,事例問題の主体1行メモ,"数値・日程・合格基準は年度で更新されるため、学習前と申込前にはマンション管理士試験センター（公式）の最新案内を確認してください。演習で区分所有法・関連法令の事例・ケース問題に関する設問を解いたら。正解理由と誤答肢の違いを短くメモし、用語解説・比較表・よくある誤答タブで似た論点を比較表で整理すると定着しやすくなります。

演習10問を解き、解説で参照条文を公式テキストで開いて読み返してください。数値・日程・合格基準は年度で更新されるため、学習前と申込前には公益財団法人マンション管理センターの最新案内を確認してください。",集会ケースの3軸チェック,"数値・日程・合格基準は年度で更新されるため、学習前と申込前にはマンション管理士試験センター（公式）の最新案内を確認してください。演習で区分所有法・関連法令の事例・ケース問題に関する設問を解いたら。正解理由と誤答肢の違いを短くメモし、用語解説・比較表・よくある誤答タブで似た論点を比較表で整理すると定着しやすくなります。

表をノートに転記したら、演習10問で理解を確認し、誤答は公式テキスト該当章で読み直してください。数値・日程・合格基準は年度で更新されるため、学習前と申込前には公益財団法人マンション管理センターの最新案内を確認してください。",専有/共用のケース判定,"数値・日程・合格基準は年度で更新されるため、学習前と申込前にはマンション管理士試験センター（公式）の最新案内を確認してください。演習で区分所有法・関連法令の事例・ケース問題に関する設問を解いたら。正解理由と誤答肢の違いを短くメモし、用語解説・比較表・よくある誤答タブで似た論点を比較表で整理すると定着しやすくなります。

演習10問を解き、解説で参照条文を公式テキストで開いて読み返してください。数値・日程・合格基準は年度で更新されるため、学習前と申込前には公益財団法人マンション管理センターの最新案内を確認してください。",10ケース登録と解き直し,"解き直しは、当日・3日後・1週間後の間隔を空けると記憶の定着を確認しやすくなります。ブラウザの復習機能やブックマーク一覧を「区分所有法・関連法令の事例・ケース問題関連」でフィルタし、優先順位を付けてください。

2回連続で正解できても、解説を読まずに選んだ問題は三回目も解き直し対象にします。「なぜ正解か」を言語化できるまでが、本番レベルの理解です。「10ケース登録と解き直し」では。区分所有法・関連法令の事例・ケース問題について公式テキストの該当章を開き、条文の主体・期限・数値を演習問題とセットで押さえて定着を確認します。数値・日程はマンション管理士試験センター（公式）の最新要項で必ず照合してください。",直前：10ケース90％声出し,"試験直前は新しい参考書を増やさず、区分所有法・関連法令の事例・ケース問題で何度も迷った分野と頻出用語に絞ります。3分野のうち得点率が低い領域を1つ選び、用語10語＋演習20問程度をセットで見直すのが目安です。

前日は暗記の詰め込みより、睡眠と当日の持ち物・会場確認を優先してください。数値（修繕積立金、管理費、総会決議、管理委託契約、登録など）は早見表タブで最終確認すると安心です。",,,,,区分所有法の事例問題は何から読めばよいですか？,「区分所有法の事例問題は何から読めばよいですか」はマンション管理士試験の公式テキスト該当章とマンション管理士試験センター（公式）で確認するのが確実です。区分所有法・関連法令の事例・ケース問題では、条文の要件（誰が・いつ・何を）を演習問題とセットで押さえてください。,区分所有法と関連法令の事例はどう切り分けますか？,「区分所有法と関連法令の事例はどう切り分けますか」はマンション管理士試験の公式テキスト該当章とマンション管理士試験センター（公式）で確認するのが確実です。区分所有法・関連法令の事例・ケース問題では、条文の要件（誰が・いつ・何を）を演習問題とセットで押さえてください。,field-law-basics:区分所有法・関連法令の基礎;field-law-frequent-topics:区分所有法・関連法令の頻出論点;field-law-past-question-focus:区分所有法・関連法令の過去問傾向;confusing-terms:混同しやすい用語,区分所有法の事例は週何問解けばよいですか？,読了後は、区分所有法・関連法令の事例・ケース問題の関連する演習を5問以上解き、間違えた選択肢を用語解説で確認してから関連ガイドへ進んでください。1週間後の解き直し日をカレンダーに入れると定着しやすくなります。,主体1行;集会;専有/共用;ケース10件;3軸チェック
field-law-past-question-focus,分野別対策,マンション管理士試験の区分所有法・関連法令の過去問での出題傾向,マンション管理士試験の区分所有法・関連法令過去問傾向。専有/共用・集会議決の出題パターンと最新3年度5問/週の進め方を令和8年度11月29日試験向けに具体例付き解説。,たとえば基礎記事の3論点整理後——最新3年度から5問/週——論点1行＋年度記録——11月29日50問本番で再発を確認します。,40,分野別;試験対策,マン管マスター編集部,資格学習サイトの編集チーム,公式情報確認担当,公開前に一次情報との照合を行う担当者,2026-06-05,公益財団法人マンション管理センター（公式）|https://www.mankan.org/,手書きリライト 2026-06-04。自動prose差し替え 2026-06-04（要手書き）。分野別対策向けテンプレートから作成。公開前に本文・参照URL・関連リンクを差し替える。,本記事を読むと、区法過去問の解き方が分かり、たとえば「3論点→5問/週→50問通しで再発確認」まで設計できます。,基礎・頻出論点整理後、最新3年度から5問/週;誤答理由を論点1行＋年度（R6/R5等）で記録;50問通し模試で区法論点の再発を確認;再発論点は比較表・事例メモに追記;直前1か月は登録15問の解き直し中心,試験要項・公式ページ更新時に本文と参照元を見直す。,2026-06-05,2026-06-29,2026-06-05,published,2026-06-05: 編集合格（手書きリライト・具体例）,過去問5問/週の始め方,"区分所有法・関連法令の過去問での出題傾向の理解度は、関連する演習問題で確認するのが効率的です。1問解くごとに「根拠はテキストのどの章か」をメモすると、復習時に該当ページへすぐ戻れます。

同じ問題を時間を空けて解き直し、言い換え選択肢でも正解できるかまで確認してください。二回連続正解でも、条件を1語変えた肢で誤答する場合は、用語の定義がまだ曖昧なサインです。",年度別記録（R6/R5/R4）,"数値・日程・合格基準は年度で更新されるため、学習前と申込前にはマンション管理士試験センター（公式）の最新案内を確認してください。演習で区分所有法・関連法令の過去問での出題傾向に関する設問を解いたら。正解理由と誤答肢の違いを短くメモし、用語解説・比較表・よくある誤答タブで似た論点を比較表で整理すると定着しやすくなります。

演習10問を解き、解説で参照条文を公式テキストで開いて読み返してください。数値・日程・合格基準は年度で更新されるため、学習前と申込前には公益財団法人マンション管理センターの最新案内を確認してください。",出題傾向：専有・共用・集会,"数値・日程・合格基準は年度で更新されるため、学習前と申込前にはマンション管理士試験センター（公式）の最新案内を確認してください。演習で区分所有法・関連法令の過去問での出題傾向に関する設問を解いたら。正解理由と誤答肢の違いを短くメモし、用語解説・比較表・よくある誤答タブで似た論点を比較表で整理すると定着しやすくなります。

演習10問を解き、解説で参照条文を公式テキストで開いて読み返してください。数値・日程・合格基準は年度で更新されるため、学習前と申込前には公益財団法人マンション管理センターの最新案内を確認してください。",50問通しでの再発確認,"独学を始める前に、マンション管理士試験センター（公式）で受験資格・試験日程・出題範囲（3分野）・合格基準をメモしてください。区分所有法・関連法令の過去問での出題傾向の学習計画は、公式テキストの章立てと一致させると、過去問の分野ラベルとも対応づけやすくなります。

ブログやSNSの「最新情報」は、必ずマンション管理士試験センターのページと照合してから採用してください。申込期限や受験料は年度ごとに変わるため、カレンダーに締切を入れてから教材を開く習慣が有効です。",直前：登録15問の解き直し,"解き直しは、当日・3日後・1週間後の間隔を空けると記憶の定着を確認しやすくなります。ブラウザの復習機能やブックマーク一覧を「区分所有法・関連法令の過去問での出題傾向関連」でフィルタし、優先順位を付けてください。

2回連続で正解できても、解説を読まずに選んだ問題は三回目も解き直し対象にします。「なぜ正解か」を言語化できるまでが、本番レベルの理解です。「直前：登録15問の解き直し」では。区分所有法・関連法令の過去問での出題傾向について公式テキストの該当章を開き、条文の主体・期限・数値を演習問題とセットで押さえて定着を確認します。数値・日程はマンション管理士試験センター（公式）の最新要項で必ず照合してください。",,,,,区分所有法の過去問は何年度から解けばよいですか？,「区分所有法の過去問は何年度から解けばよいですか」はマンション管理士試験の公式テキスト該当章とマンション管理士試験センター（公式）で確認するのが確実です。区分所有法・関連法令の過去問での出題傾向では、条文の要件（誰が・いつ・何を）を演習問題とセットで押さえてください。,過去問傾向と頻出論点リストはどう使い分けますか？,「過去問傾向と頻出論点リストはどう使い分けますか」はマンション管理士試験の公式テキスト該当章とマンション管理士試験センター（公式）で確認するのが確実です。区分所有法・関連法令の過去問での出題傾向では、条文の要件（誰が・いつ・何を）を演習問題とセットで押さえてください。,field-law-basics:区分所有法・関連法令の基礎;field-law-frequent-topics:区分所有法・関連法令の頻出論点;past-question-strategy:過去問の使い方;past-questions-by-field:分野別の過去問の進め方,区分所有法の過去問は独学でも傾向把握できますか？,過去問・演習問題は出題傾向把握と弱点発見に有効です。解きっぱなしにせず、用語解説へ戻る解き直しをセットにします。数値・主体・手順はマンション管理士試験センターの最新案内と照合してください。 区分所有法・関連法令の過去問での出題傾向の論点は演習とマンション管理士試験センター（公式）の要項で確認してください。,5問/週;最新3年度;専有/共用;50問通し;再発確認
field-rights-basics,分野別対策,マンション管理士試験の管理組合運営・会計・実務の基礎の押さえ方,マンション管理士試験の管理組合運営・会計基礎。マンション管理組合運営・会計の位置づけ、総会・理事会・決議要件など頻出論点を令和8年度11月29日試験向けに具体例付き解説。,マンション管理士試験の管理組合運営・会計・実務は、7出題分野の中核の1分野です。たとえば2026年11月29日（日）13:00〜15:00・50問120分の本番では、総会・理事会の権限、管理費と修繕積立金の区分、収支決算・会計報告などが制度根拠付きで問われます。本記事では要項と管理組合運営・会計テキスト目次を正本に、最初に押さえる論点3つと典型誤答1つを表で整理します。,40,分野別;試験対策,マン管マスター編集部,資格学習サイトの編集チーム,公式情報確認担当,公開前に一次情報との照合を行う担当者,2026-06-05,公益財団法人マンション管理センター（公式）|https://www.mankan.org/,手書きリライト 2026-06-04。自動prose差し替え 2026-06-04（要手書き）。分野別対策向けテンプレートから作成。公開前に本文・参照URL・関連リンクを差し替える。,マンション管理士試験の管理組合運営・会計・実務は、7出題分野の中核の1分野です。たとえば2026年11月29日（日）13:00〜15:00・50問120分の本番では、総会・理事会の権限、管理費と修繕積立金の区分、収支決算・会計報告などが制度根拠付きで問われます。本記事では要項と管理組合運営・会計テキスト目次を正本に、最初に押さえる論点3つと典型誤答1つを表で整理します。,要項と管理組合運営・会計テキスト目次を1枚に写す;総会・管理費・修繕積立金の3論点を比較表にまとめる;分野別演習10問を解き、誤答理由を制度根拠付きで記録;管理費と修繕積立金の混同は用語解説（terms/）で15分確認;学習量の配分は学習計画記事と併せて決める,試験要項・公式ページ更新時に本文と参照元を見直す。,2026-06-05,2026-06-29,2026-06-05,published,2026-06-05: 編集合格（手書きリライト・具体例）,試験での位置づけ（7分野の中核）,"数値・日程・合格基準は年度で更新されるため、学習前と申込前にはマンション管理士試験センター（公式）の最新案内を確認してください。演習で管理組合運営・会計・実務の基礎の押さえ方に関する設問を解いたら。正解理由と誤答肢の違いを短くメモし、用語解説・比較表・よくある誤答タブで似た論点を比較表で整理すると定着しやすくなります。

演習10問を解き、解説で参照条文を公式テキストで開いて読み返してください。数値・日程・合格基準は年度で更新されるため、学習前と申込前には公益財団法人マンション管理センターの最新案内を確認してください。",最初の3論点：総会・会計・収支決算,"数値・日程・合格基準は年度で更新されるため、学習前と申込前にはマンション管理士試験センター（公式）の最新案内を確認してください。演習で管理組合運営・会計・実務の基礎の押さえ方に関する設問を解いたら。正解理由と誤答肢の違いを短くメモし、用語解説・比較表・よくある誤答タブで似た論点を比較表で整理すると定着しやすくなります。

演習10問を解き、解説で参照条文を公式テキストで開いて読み返してください。数値・日程・合格基準は年度で更新されるため、学習前と申込前には公益財団法人マンション管理センターの最新案内を確認してください。",区分所有法・管理規約との読み分け,"数値・日程・合格基準は年度で更新されるため、学習前と申込前にはマンション管理士試験センター（公式）の最新案内を確認してください。演習で管理組合運営・会計・実務の基礎の押さえ方に関する設問を解いたら。正解理由と誤答肢の違いを短くメモし、用語解説・比較表・よくある誤答タブで似た論点を比較表で整理すると定着しやすくなります。

演習10問を解き、解説で参照条文を公式テキストで開いて読み返してください。数値・日程・合格基準は年度で更新されるため、学習前と申込前には公益財団法人マンション管理センターの最新案内を確認してください。",典型誤答：管理費と積立金の混同,"数値・日程・合格基準は年度で更新されるため、学習前と申込前にはマンション管理士試験センター（公式）の最新案内を確認してください。演習で管理組合運営・会計・実務の基礎の押さえ方に関する設問を解いたら。正解理由と誤答肢の違いを短くメモし、用語解説・比較表・よくある誤答タブで似た論点を比較表で整理すると定着しやすくなります。

演習10問を解き、解説で参照条文を公式テキストで開いて読み返してください。数値・日程・合格基準は年度で更新されるため、学習前と申込前には公益財団法人マンション管理センターの最新案内を確認してください。",演習10問と学習計画の接続,"管理組合運営・会計・実務の基礎の押さえ方の理解度は、関連する演習問題で確認するのが効率的です。1問解くごとに「根拠はテキストのどの章か」をメモすると、復習時に該当ページへすぐ戻れます。

同じ問題を時間を空けて解き直し、言い換え選択肢でも正解できるかまで確認してください。二回連続正解でも、条件を1語変えた肢で誤答する場合は、用語の定義がまだ曖昧なサインです。",,,,,管理組合運営・会計はマン管試験でどの程度出ますか？,「管理組合運営・会計はマン管試験でどの程度出ますか？」については、マンション管理士試験の管理組合運営・会計・実務は、7出題分野の中核の1分野です。たとえば2026年11月29日（日）13:00〜15:00・50問120分の本番では、総会・理事会の権限、管理費と修繕積…。最新の公式要項と照合する。本記事の公式数値表で確認する。,管理組合運営・会計はどこから読めばよいですか？,「管理組合運営・会計はどこから読めばよいですか？」は過去問演習で出題形式を把握し、正答後に用語解説で論点を復習する。過去問1問の正答理由をノートに記録して復習する。正答後は関連条文を開く。試験要項の最新版も確認。本記事関連の過去問1問で正答率を記録する。,field-rights-frequent-topics:管理組合運営・会計・実務の頻出論点;field-rights-calculation:管理組合運営・会計・実務の計算・数値;field-rights-past-question-focus:管理組合運営・会計・実務の過去問傾向;field-law-basics:区分所有法・関連法令の基礎;study-plan:学習計画の立て方,管理組合運営・会計は独学でも基礎を押さえられますか？,「管理組合運営・会計は独学でも基礎を押さえられますか？」については、公式テキスト＋過去問演習＋用語解説の3点セットで進める。弱点は比較表で補強する。混同しやすい近義語を比較表の左右に整理する。誤答肢は色分けして復習する。本記事の誤答肢を比較表に整理する。,総会・理事会;管理費;修繕積立金;収支決算;会計報告
field-rights-frequent-topics,分野別対策,マンション管理士試験の管理組合運営・会計・実務の頻出論点,マンション管理士試験の管理組合運営・会計頻出論点。普通/特別決議・規約変更・理事会権限など10項目と典型誤答を令和8年度11月29日試験向けに具体例付き解説。,たとえば10問中「普通決議の出席要件」を誤答——論点1行登録——11月29日50問本番では制度根拠で再判定できる状態を目指します。,40,分野別;試験対策,マン管マスター編集部,資格学習サイトの編集チーム,公式情報確認担当,公開前に一次情報との照合を行う担当者,2026-06-05,公益財団法人マンション管理センター（公式）|https://www.mankan.org/,手書きリライト 2026-06-04。自動prose差し替え 2026-06-04（要手書き）。分野別対策向けテンプレートから作成。公開前に本文・参照URL・関連リンクを差し替える。,本記事を読むと、規約頻出論点リストの作り方が分かり、たとえば「演習4ミス→10論点→比較表」まで設計できます。,演習10問の誤答から頻出論点10項目をA4リスト化;各論点に規約条項・混同語を1行ずつ付ける;普通/特別/例外決議を比較表で整理;月10問以上、論点1行＋演習をセット記録;直前1か月は登録論点の解き直し中心,試験要項・公式ページ更新時に本文と参照元を見直す。,2026-06-05,2026-06-29,2026-06-05,published,2026-06-05: 編集合格（手書きリライト・具体例）,頻出論点10項目の作り方,"数値・日程・合格基準は年度で更新されるため、学習前と申込前にはマンション管理士試験センター（公式）の最新案内を確認してください。演習で管理組合運営・会計・実務の頻出論点に関する設問を解いたら。正解理由と誤答肢の違いを短くメモし、用語解説・比較表・よくある誤答タブで似た論点を比較表で整理すると定着しやすくなります。

演習10問を解き、解説で参照条文を公式テキストで開いて読み返してください。数値・日程・合格基準は年度で更新されるため、学習前と申込前には公益財団法人マンション管理センターの最新案内を確認してください。",決議要件：普通・特別・例外,"数値・日程・合格基準は年度で更新されるため、学習前と申込前にはマンション管理士試験センター（公式）の最新案内を確認してください。演習で管理組合運営・会計・実務の頻出論点に関する設問を解いたら。正解理由と誤答肢の違いを短くメモし、用語解説・比較表・よくある誤答タブで似た論点を比較表で整理すると定着しやすくなります。

演習10問を解き、解説で参照条文を公式テキストで開いて読み返してください。数値・日程・合格基準は年度で更新されるため、学習前と申込前には公益財団法人マンション管理センターの最新案内を確認してください。",規約変更・使用細則の改定,"数値・日程・合格基準は年度で更新されるため、学習前と申込前にはマンション管理士試験センター（公式）の最新案内を確認してください。演習で管理組合運営・会計・実務の頻出論点に関する設問を解いたら。正解理由と誤答肢の違いを短くメモし、用語解説・比較表・よくある誤答タブで似た論点を比較表で整理すると定着しやすくなります。

演習10問を解き、解説で参照条文を公式テキストで開いて読み返してください。数値・日程・合格基準は年度で更新されるため、学習前と申込前には公益財団法人マンション管理センターの最新案内を確認してください。",理事会・理事長の権限,"数値・日程・合格基準は年度で更新されるため、学習前と申込前にはマンション管理士試験センター（公式）の最新案内を確認してください。演習で管理組合運営・会計・実務の頻出論点に関する設問を解いたら。正解理由と誤答肢の違いを短くメモし、用語解説・比較表・よくある誤答タブで似た論点を比較表で整理すると定着しやすくなります。

演習10問を解き、解説で参照条文を公式テキストで開いて読み返してください。数値・日程・合格基準は年度で更新されるため、学習前と申込前には公益財団法人マンション管理センターの最新案内を確認してください。",リスト見直しと解き直し,"解き直しは、当日・3日後・1週間後の間隔を空けると記憶の定着を確認しやすくなります。ブラウザの復習機能やブックマーク一覧を「管理組合運営・会計・実務の頻出論点関連」でフィルタし、優先順位を付けてください。

2回連続で正解できても、解説を読まずに選んだ問題は三回目も解き直し対象にします。「なぜ正解か」を言語化できるまでが、本番レベルの理解です。「リスト見直しと解き直し」では。管理組合運営・会計・実務の頻出論点について公式テキストの該当章を開き、条文の主体・期限・数値を演習問題とセットで押さえて定着を確認します。数値・日程はマンション管理士試験センター（公式）の最新要項で必ず照合してください。",,,,,管理組合運営・会計・実務の頻出論点は何項目まで押さえればよいですか？,「管理組合運営・会計・実務の頻出論点は何項目まで押さえればよいですか？たとえば10問中「普通決議の出席要件」を誤答——論点1行登録——11月29日50問本番では制度根拠で再判定でき…。最新の公式要項と照合する。本記事の公式数値表で確認する。,普通決議と特別決議はどう覚えますか？,「普通決議と特別決議はどう覚えますか？」は過去問演習で出題形式を把握し、正答後に用語解説で論点を復習する。過去問1問の正答理由をノートに記録して復習する。正答後は関連条文を開く。試験要項の最新版も確認。本記事関連の過去問1問で正答率を記録する。,field-rights-basics:管理組合運営・会計・実務の基礎;field-rights-calculation:管理組合運営・会計・実務の計算・数値;field-rights-past-question-focus:管理組合運営・会計・実務の過去問傾向;confusing-terms:混同しやすい用語,頻出論点と過去問はどう併用しますか？,「頻出論点と過去問はどう併用しますか？」の整理後は各論点に規約条項・混同語を1行ずつ付ける。同テーマを1週間後に解き直して定着を確認する。混同しやすい近義語を比較表の左右に整理する。誤答肢は色分けして復習する。本記事の誤答肢を比較表に整理する。,10論点リスト;普通/特別;規約変更;理事会権限;条項1行
field-rights-calculation,分野別対策,マンション管理士試験の管理組合運営・会計・実務の計算・数値問題,マンション管理士試験の管理組合運営・会計の数値問題。5分の1議決権・出席定足数・賛成割合など比較表10行の作り方を令和8年度11月29日試験向けに具体例付き解説。,たとえば普通決議の「議決権5分の1以上出席」——特別決議の更高要件——規約制度根拠付き1行表で整理し、11月29日50問本番で再判定します。,40,分野別;試験対策,マン管マスター編集部,資格学習サイトの編集チーム,公式情報確認担当,公開前に一次情報との照合を行う担当者,2026-06-05,公益財団法人マンション管理センター（公式）|https://www.mankan.org/,手書きリライト 2026-06-04。自動prose差し替え 2026-06-04（要手書き）。分野別対策向けテンプレートから作成。公開前に本文・参照URL・関連リンクを差し替える。,本記事を読むと、規約数値の押さえ方が分かり、たとえば「演習1問ミス→比較表1行→週3問」まで設計できます。,数値ミスからA4比較表10行（出席・賛成・5分の1等）;各行に規約条項と試験のひっかけ1語を付ける;週3問は数値、残り7問は非数値と分ける;1週間後に同問を解き直し、3連続正解で除外;直前1か月は比較表10行の声出し復習,試験要項・公式ページ更新時に本文と参照元を見直す。,2026-06-05,2026-06-29,2026-06-05,published,2026-06-05: 編集合格（手書きリライト・具体例）,決議数値比較表10行の作り方,"数値・日程・合格基準は年度で更新されるため、学習前と申込前にはマンション管理士試験センター（公式）の最新案内を確認してください。演習で管理組合運営・会計・実務の計算・数値問題に関する設問を解いたら。正解理由と誤答肢の違いを短くメモし、用語解説・比較表・よくある誤答タブで似た論点を比較表で整理すると定着しやすくなります。

表をノートに転記したら、演習10問で理解を確認し、誤答は公式テキスト該当章で読み直してください。数値・日程・合格基準は年度で更新されるため、学習前と申込前には公益財団法人マンション管理センターの最新案内を確認してください。",5分の1議決権と出席定足数,"数値・日程・合格基準は年度で更新されるため、学習前と申込前にはマンション管理士試験センター（公式）の最新案内を確認してください。演習で管理組合運営・会計・実務の計算・数値問題に関する設問を解いたら。正解理由と誤答肢の違いを短くメモし、用語解説・比較表・よくある誤答タブで似た論点を比較表で整理すると定着しやすくなります。

演習10問を解き、解説で参照条文を公式テキストで開いて読み返してください。数値・日程・合格基準は年度で更新されるため、学習前と申込前には公益財団法人マンション管理センターの最新案内を確認してください。",特別決議・例外決議の数値,"数値・日程・合格基準は年度で更新されるため、学習前と申込前にはマンション管理士試験センター（公式）の最新案内を確認してください。演習で管理組合運営・会計・実務の計算・数値問題に関する設問を解いたら。正解理由と誤答肢の違いを短くメモし、用語解説・比較表・よくある誤答タブで似た論点を比較表で整理すると定着しやすくなります。

演習10問を解き、解説で参照条文を公式テキストで開いて読み返してください。数値・日程・合格基準は年度で更新されるため、学習前と申込前には公益財団法人マンション管理センターの最新案内を確認してください。",週3問の数値ドリル,"数値・日程・合格基準は年度で更新されるため、学習前と申込前にはマンション管理士試験センター（公式）の最新案内を確認してください。演習で管理組合運営・会計・実務の計算・数値問題に関する設問を解いたら。正解理由と誤答肢の違いを短くメモし、用語解説・比較表・よくある誤答タブで似た論点を比較表で整理すると定着しやすくなります。

演習10問を解き、解説で参照条文を公式テキストで開いて読み返してください。数値・日程・合格基準は年度で更新されるため、学習前と申込前には公益財団法人マンション管理センターの最新案内を確認してください。",直前：10行声出し復習,"解き直しは、当日・3日後・1週間後の間隔を空けると記憶の定着を確認しやすくなります。ブラウザの復習機能やブックマーク一覧を「管理組合運営・会計・実務の計算・数値問題関連」でフィルタし、優先順位を付けてください。

2回連続で正解できても、解説を読まずに選んだ問題は三回目も解き直し対象にします。「なぜ正解か」を言語化できるまでが、本番レベルの理解です。「直前：10行声出し復習」では。管理組合運営・会計・実務の計算・数値問題について公式テキストの該当章を開き、条文の主体・期限・数値を演習問題とセットで押さえて定着を確認します。数値・日程はマンション管理士試験センター（公式）の最新要項で必ず照合してください。",,,,,管理組合運営・会計の数値は何を優先して覚えますか？,「管理組合運営・会計の数値は何を優先して覚えますか？たとえば普通決議の「議決権5分の1以上出席」——特別決議の更高要件——規約制度根拠付き1行表で整理し、11月…。最新の公式要項と照合する。本記事の公式数値表で確認する。,数値問題は計算が必要ですか？,「数値問題は計算が必要ですか？」は過去問演習で出題形式を把握し、正答後に用語解説で論点を復習する。過去問1問の正答理由をノートに記録して復習する。正答後は関連条文を開く。試験要項の最新版も確認。本記事関連の過去問1問で正答率を記録する。,field-rights-basics:管理組合運営・会計・実務の基礎;field-rights-frequent-topics:管理組合運営・会計・実務の頻出論点;numeric-trap-choices:数字のひっかけ選択肢;numbers-and-deadlines:数字・期限のまとめ方,5分の1と区分所有法の3/4はどう区別しますか？,「5分の1と区分所有法の3/4はどう区別しますか？」の整理後は各行に規約条項と試験のひっかけ1語を付ける。同テーマを1週間後に解き直して定着を確認する。混同しやすい近義語を比較表の左右に整理する。誤答肢は色分けして復習する。本記事の誤答肢を比較表に整理する。,5分の1出席;比較表10行;普通/特別;条項根拠;週3問
field-rights-case-study,分野別対策,マンション管理士試験の管理組合運営・会計・実務の事例・ケース問題,マンション管理士試験の管理組合運営・会計事例問題。規約変更・総会決議・理事会権限の読み解きと主体・決議種別チェックを令和8年度11月29日試験向けに具体例付き解説。,たとえば管理規約変更のケース——総会・特別決議・招集通知——11月29日50問本番では4肢を1軸ずつ消去します。,40,分野別;試験対策,マン管マスター編集部,資格学習サイトの編集チーム,公式情報確認担当,公開前に一次情報との照合を行う担当者,2026-06-05,公益財団法人マンション管理センター（公式）|https://www.mankan.org/,手書きリライト 2026-06-04。自動prose差し替え 2026-06-04（要手書き）。分野別対策向けテンプレートから作成。公開前に本文・参照URL・関連リンクを差し替える。,本記事を読むと、規約事例の読み解き手順が分かり、たとえば「演習1問→主体1行→3軸チェック」まで設計できます。,事例ミスから主体・決議種別・手続1行メモを10ケース化;理事会単独決定肢を最初に疑う習慣を付ける;週5問は事例、残り5問は定義問題に分ける;1週間後に同問を解き直し、3連続正解で除外;直前1か月は登録10ケースの声出し復習,試験要項・公式ページ更新時に本文と参照元を見直す。,2026-06-05,2026-06-29,2026-06-05,published,2026-06-05: 編集合格（手書きリライト・具体例）,事例：管理規約変更の読み方,"数値・日程・合格基準は年度で更新されるため、学習前と申込前にはマンション管理士試験センター（公式）の最新案内を確認してください。演習で管理組合運営・会計・実務の事例・ケース問題に関する設問を解いたら。正解理由と誤答肢の違いを短くメモし、用語解説・比較表・よくある誤答タブで似た論点を比較表で整理すると定着しやすくなります。

演習10問を解き、解説で参照条文を公式テキストで開いて読み返してください。数値・日程・合格基準は年度で更新されるため、学習前と申込前には公益財団法人マンション管理センターの最新案内を確認してください。",3軸チェック（主体・決議・手続）,"数値・日程・合格基準は年度で更新されるため、学習前と申込前にはマンション管理士試験センター（公式）の最新案内を確認してください。演習で管理組合運営・会計・実務の事例・ケース問題に関する設問を解いたら。正解理由と誤答肢の違いを短くメモし、用語解説・比較表・よくある誤答タブで似た論点を比較表で整理すると定着しやすくなります。

表をノートに転記したら、演習10問で理解を確認し、誤答は公式テキスト該当章で読み直してください。数値・日程・合格基準は年度で更新されるため、学習前と申込前には公益財団法人マンション管理センターの最新案内を確認してください。",総会不成立・定足数不足の事例,"数値・日程・合格基準は年度で更新されるため、学習前と申込前にはマンション管理士試験センター（公式）の最新案内を確認してください。演習で管理組合運営・会計・実務の事例・ケース問題に関する設問を解いたら。正解理由と誤答肢の違いを短くメモし、用語解説・比較表・よくある誤答タブで似た論点を比較表で整理すると定着しやすくなります。

演習10問を解き、解説で参照条文を公式テキストで開いて読み返してください。数値・日程・合格基準は年度で更新されるため、学習前と申込前には公益財団法人マンション管理センターの最新案内を確認してください。",管理事務委託と規約の関係,"数値・日程・合格基準は年度で更新されるため、学習前と申込前にはマンション管理士試験センター（公式）の最新案内を確認してください。演習で管理組合運営・会計・実務の事例・ケース問題に関する設問を解いたら。正解理由と誤答肢の違いを短くメモし、用語解説・比較表・よくある誤答タブで似た論点を比較表で整理すると定着しやすくなります。

演習10問を解き、解説で参照条文を公式テキストで開いて読み返してください。数値・日程・合格基準は年度で更新されるため、学習前と申込前には公益財団法人マンション管理センターの最新案内を確認してください。",10ケースの解き直し,"解き直しは、当日・3日後・1週間後の間隔を空けると記憶の定着を確認しやすくなります。ブラウザの復習機能やブックマーク一覧を「管理組合運営・会計・実務の事例・ケース問題関連」でフィルタし、優先順位を付けてください。

2回連続で正解できても、解説を読まずに選んだ問題は三回目も解き直し対象にします。「なぜ正解か」を言語化できるまでが、本番レベルの理解です。「10ケースの解き直し」では。管理組合運営・会計・実務の事例・ケース問題について公式テキストの該当章を開き、条文の主体・期限・数値を演習問題とセットで押さえて定着を確認します。数値・日程はマンション管理士試験センター（公式）の最新要項で必ず照合してください。",,,,,規約の事例問題は何から読めばよいですか？,「規約の事例問題は何から読めばよいですか」はマンション管理士試験の公式テキスト該当章とマンション管理士試験センター（公式）で確認するのが確実です。管理組合運営・会計・実務の事例・ケース問題では、条文の要件（誰が・いつ・何を）を演習問題とセットで押さえてください。,管理組合運営・会計と区分所有法の事例はどう切り分けますか？,「管理組合運営・会計と区分所有法の事例はどう切り分けますか」はマンション管理士試験の公式テキスト該当章とマンション管理士試験センター（公式）で確認するのが確実です。管理組合運営・会計・実務の事例・ケース問題では、条文の要件（誰が・いつ・何を）を演習問題とセットで押さえてください。,field-rights-basics:管理組合運営・会計・実務の基礎;field-rights-frequent-topics:管理組合運営・会計・実務の頻出論点;field-rights-past-question-focus:管理組合運営・会計・実務の過去問傾向;confusing-terms:混同しやすい用語,事例問題は週何問解けばよいですか？,読了後は、管理組合運営・会計・実務の事例・ケース問題の関連する演習を5問以上解き、間違えた選択肢を用語解説で確認してから関連ガイドへ進んでください。1週間後の解き直し日をカレンダーに入れると定着しやすくなります。,主体1行;決議種別;3軸チェック;10ケース;理事会誤答
field-rights-past-question-focus,分野別対策,マンション管理士試験の管理組合運営・会計・実務の過去問での出題傾向,マンション管理士試験の管理組合運営・会計過去問傾向。決議要件・規約変更の出題パターンと最新3年度5問/週の進め方を令和8年度11月29日試験向けに具体例付き解説。,たとえば基礎記事の3論点整理後——最新3年度から5問/週——論点1行＋年度記録——11月29日50問本番で再発を確認します。,40,分野別;試験対策,マン管マスター編集部,資格学習サイトの編集チーム,公式情報確認担当,公開前に一次情報との照合を行う担当者,2026-06-05,公益財団法人マンション管理センター（公式）|https://www.mankan.org/,手書きリライト 2026-06-04。自動prose差し替え 2026-06-04（要手書き）。分野別対策向けテンプレートから作成。公開前に本文・参照URL・関連リンクを差し替える。,本記事を読むと、規約過去問の解き方が分かり、たとえば「3論点→5問/週→50問通しで再発確認」まで設計できます。,基礎・頻出論点整理後、最新3年度から5問/週;誤答理由を論点1行＋年度（R6/R5等）で記録;50問通し模試で規約論点の再発を確認;再発論点は比較表・事例メモに追記;直前1か月は登録15問の解き直し中心,試験要項・公式ページ更新時に本文と参照元を見直す。,2026-06-05,2026-06-29,2026-06-05,published,2026-06-05: 編集合格（手書きリライト・具体例）,過去問5問/週の始め方,"管理組合運営・会計・実務の過去問での出題傾向の理解度は、関連する演習問題で確認するのが効率的です。1問解くごとに「根拠はテキストのどの章か」をメモすると、復習時に該当ページへすぐ戻れます。

同じ問題を時間を空けて解き直し、言い換え選択肢でも正解できるかまで確認してください。二回連続正解でも、条件を1語変えた肢で誤答する場合は、用語の定義がまだ曖昧なサインです。",年度別記録（R6/R5/R4）,"数値・日程・合格基準は年度で更新されるため、学習前と申込前にはマンション管理士試験センター（公式）の最新案内を確認してください。演習で管理組合運営・会計・実務の過去問での出題傾向に関する設問を解いたら。正解理由と誤答肢の違いを短くメモし、用語解説・比較表・よくある誤答タブで似た論点を比較表で整理すると定着しやすくなります。

演習10問を解き、解説で参照条文を公式テキストで開いて読み返してください。数値・日程・合格基準は年度で更新されるため、学習前と申込前には公益財団法人マンション管理センターの最新案内を確認してください。",出題傾向：決議と規約変更,"数値・日程・合格基準は年度で更新されるため、学習前と申込前にはマンション管理士試験センター（公式）の最新案内を確認してください。演習で管理組合運営・会計・実務の過去問での出題傾向に関する設問を解いたら。正解理由と誤答肢の違いを短くメモし、用語解説・比較表・よくある誤答タブで似た論点を比較表で整理すると定着しやすくなります。

演習10問を解き、解説で参照条文を公式テキストで開いて読み返してください。数値・日程・合格基準は年度で更新されるため、学習前と申込前には公益財団法人マンション管理センターの最新案内を確認してください。",50問通しでの再発確認,"独学を始める前に、マンション管理士試験センター（公式）で受験資格・試験日程・出題範囲（3分野）・合格基準をメモしてください。管理組合運営・会計・実務の過去問での出題傾向の学習計画は、公式テキストの章立てと一致させると、過去問の分野ラベルとも対応づけやすくなります。

ブログやSNSの「最新情報」は、必ずマンション管理士試験センターのページと照合してから採用してください。申込期限や受験料は年度ごとに変わるため、カレンダーに締切を入れてから教材を開く習慣が有効です。",直前：登録15問の解き直し,"解き直しは、当日・3日後・1週間後の間隔を空けると記憶の定着を確認しやすくなります。ブラウザの復習機能やブックマーク一覧を「管理組合運営・会計・実務の過去問での出題傾向関連」でフィルタし、優先順位を付けてください。

2回連続で正解できても、解説を読まずに選んだ問題は三回目も解き直し対象にします。「なぜ正解か」を言語化できるまでが、本番レベルの理解です。「直前：登録15問の解き直し」では。管理組合運営・会計・実務の過去問での出題傾向について公式テキストの該当章を開き、条文の主体・期限・数値を演習問題とセットで押さえて定着を確認します。数値・日程はマンション管理士試験センター（公式）の最新要項で必ず照合してください。",,,,,管理組合運営・会計の過去問は何年度から解けばよいですか？,「管理組合運営・会計の過去問は何年度から解けばよいですか？たとえば基礎記事の3論点整理後——最新3年度から5問/週——論点1行＋年度記録——11月29日50問本番で再発を確認しま…。最新の公式要項と照合する。本記事の公式数値表で確認する。,過去問だけで管理組合運営・会計は足りますか？,「過去問だけで管理組合運営・会計は足りますか？」は過去問演習で出題形式を把握し、正答後に用語解説で論点を復習する。過去問1問の正答理由をノートに記録して復習する。正答後は関連条文を開く。試験要項の最新版も確認。本記事関連の過去問1問で正答率を記録する。,field-rights-basics:管理組合運営・会計・実務の基礎;field-rights-frequent-topics:管理組合運営・会計・実務の頻出論点;past-question-strategy:過去問の使い方;past-questions-by-field:分野別の過去問の進め方,区分所有法の過去問とどう使い分けますか？,「区分所有法の過去問とどう使い分けますか？」の整理後は誤答理由を論点1行＋年度（R6/R5等）で記録。同テーマを1週間後に解き直して定着を確認する。混同しやすい近義語を比較表の左右に整理する。誤答肢は色分けして復習する。本記事の誤答肢を比較表に整理する。,5問/週;最新3年度;決議・規約変更;50問通し;再発確認
field-limit-basics,分野別対策,マンション管理士試験の建物・設備・維持保全の基礎の押さえ方,マンション管理士試験の建物・設備基礎。維持修繕分野での長期修繕計画・定期点検・修繕工事手続など頻出論点を令和8年度11月29日試験向けに具体例付き解説。,マンション管理士試験の建物・設備は、7出題分野の「維持修繕」に含まれる実務直結の論点です。たとえば2026年11月29日（日）50問120分の本番では、長期修繕計画の策定主体、定期点検と詳細点検の周期、共用部分修繕の総会決議などが条文・制度根拠付きで問われます。本記事では要項と公式テキスト目次を正本に、最初に押さえる論点3つと典型誤答1つを表で整理します。,40,分野別;試験対策,マン管マスター編集部,資格学習サイトの編集チーム,公式情報確認担当,公開前に一次情報との照合を行う担当者,2026-06-05,公益財団法人マンション管理センター（公式）|https://www.mankan.org/,手書きリライト 2026-06-04。自動prose差し替え 2026-06-04（要手書き）。分野別対策向けテンプレートから作成。公開前に本文・参照URL・関連リンクを差し替える。,マンション管理士試験の建物・設備は、7出題分野の「維持修繕」に含まれる実務直結の論点です。たとえば2026年11月29日（日）50問120分の本番では、長期修繕計画の策定主体、定期点検と詳細点検の周期、共用部分修繕の総会決議などが条文・制度根拠付きで問われます。本記事では要項と公式テキスト目次を正本に、最初に押さえる論点3つと典型誤答1つを表で整理します。,要項と維持修繕テキスト目次を1枚に写す;長期修繕計画・点検周期・修繕工事手続の3論点を比較表にまとめる;分野別演習10問を解き、誤答理由を制度根拠付きで記録;点検周期の混同は用語解説（terms/）で15分確認;学習量の配分は学習計画記事と併せて決める,試験要項・公式ページ更新時に本文と参照元を見直す。,2026-06-05,2026-06-29,2026-06-05,published,2026-06-05: 編集合格（手書きリライト・具体例）,試験での位置づけ（7分野の中核）,"数値・日程・合格基準は年度で更新されるため、学習前と申込前にはマンション管理士試験センター（公式）の最新案内を確認してください。演習で建物・設備・維持保全の基礎の押さえ方に関する設問を解いたら。正解理由と誤答肢の違いを短くメモし、用語解説・比較表・よくある誤答タブで似た論点を比較表で整理すると定着しやすくなります。

演習10問を解き、解説で参照条文を公式テキストで開いて読み返してください。数値・日程・合格基準は年度で更新されるため、学習前と申込前には公益財団法人マンション管理センターの最新案内を確認してください。",最初の3論点：計画・点検・修繕工事,"数値・日程・合格基準は年度で更新されるため、学習前と申込前にはマンション管理士試験センター（公式）の最新案内を確認してください。演習で建物・設備・維持保全の基礎の押さえ方に関する設問を解いたら。正解理由と誤答肢の違いを短くメモし、用語解説・比較表・よくある誤答タブで似た論点を比較表で整理すると定着しやすくなります。

演習10問を解き、解説で参照条文を公式テキストで開いて読み返してください。数値・日程・合格基準は年度で更新されるため、学習前と申込前には公益財団法人マンション管理センターの最新案内を確認してください。",建築基準法・設備との読み分け,"数値・日程・合格基準は年度で更新されるため、学習前と申込前にはマンション管理士試験センター（公式）の最新案内を確認してください。演習で建物・設備・維持保全の基礎の押さえ方に関する設問を解いたら。正解理由と誤答肢の違いを短くメモし、用語解説・比較表・よくある誤答タブで似た論点を比較表で整理すると定着しやすくなります。

演習10問を解き、解説で参照条文を公式テキストで開いて読み返してください。数値・日程・合格基準は年度で更新されるため、学習前と申込前には公益財団法人マンション管理センターの最新案内を確認してください。",典型誤答：点検周期の混同,"数値・日程・合格基準は年度で更新されるため、学習前と申込前にはマンション管理士試験センター（公式）の最新案内を確認してください。演習で建物・設備・維持保全の基礎の押さえ方に関する設問を解いたら。正解理由と誤答肢の違いを短くメモし、用語解説・比較表・よくある誤答タブで似た論点を比較表で整理すると定着しやすくなります。

演習10問を解き、解説で参照条文を公式テキストで開いて読み返してください。数値・日程・合格基準は年度で更新されるため、学習前と申込前には公益財団法人マンション管理センターの最新案内を確認してください。",演習10問と学習計画の接続,"建物・設備・維持保全の基礎の押さえ方の理解度は、関連する演習問題で確認するのが効率的です。1問解くごとに「根拠はテキストのどの章か」をメモすると、復習時に該当ページへすぐ戻れます。

同じ問題を時間を空けて解き直し、言い換え選択肢でも正解できるかまで確認してください。二回連続正解でも、条件を1語変えた肢で誤答する場合は、用語の定義がまだ曖昧なサインです。

演習10問を解き、解説で参照条文を公式テキストで開いて読み返してください。数値・日程・合格基準は年度で更新されるため、学習前と申込前には公益財団法人マンション管理センターの最新案内を確認してください。",,,,,建物・設備はマン管試験で何問程度出ますか？,「建物・設備はマン管試験で何問程度出ますか」はマンション管理士試験の公式テキスト該当章とマンション管理士試験センター（公式）で確認するのが確実です。建物・設備・維持保全の基礎の押さえ方では、条文の要件（誰が・いつ・何を）を演習問題とセットで押さえてください。,建物・設備はどの章から読めばよいですか？,「建物・設備はどの章から読めばよいですか」はマンション管理士試験の公式テキスト該当章とマンション管理士試験センター（公式）で確認するのが確実です。建物・設備・維持保全の基礎の押さえ方では、条文の要件（誰が・いつ・何を）を演習問題とセットで押さえてください。,field-limit-frequent-topics:建物・設備・維持保全の頻出論点;field-limit-calculation:建物・設備・維持保全の計算・数値;field-limit-past-question-focus:建物・設備・維持保全の過去問傾向;subject-breakdown:7出題分野と学習配分;study-plan:学習計画の立て方,建物・設備は独学でも基礎を押さえられますか？,読了後は、建物・設備・維持保全の基礎の押さえ方の関連する演習を5問以上解き、間違えた選択肢を用語解説で確認してから関連ガイドへ進んでください。1週間後の解き直し日をカレンダーに入れると定着しやすくなります。,維持修繕分野;長期修繕計画;定期/詳細点検;修繕工事手続;共用部分
field-limit-frequent-topics,分野別対策,マンション管理士試験の建物・設備・維持保全の頻出論点,マンション管理士試験の建物・設備頻出論点。長期修繕計画・点検周期・修繕積立など10項目の整理と典型誤答を令和8年度11月29日試験向けに具体例付き解説。,たとえば分野別10問で「詳細点検1年」と誤答した——その1行から論点登録——11月29日50問本番では制度根拠で再判定できる状態を目指します。,40,分野別;試験対策,マン管マスター編集部,資格学習サイトの編集チーム,公式情報確認担当,公開前に一次情報との照合を行う担当者,2026-06-05,公益財団法人マンション管理センター（公式）|https://www.mankan.org/,手書きリライト 2026-06-04。自動prose差し替え 2026-06-04（要手書き）。分野別対策向けテンプレートから作成。公開前に本文・参照URL・関連リンクを差し替える。,たとえば分野別10問で「詳細点検1年」と誤答した——その1行から論点登録——11月29日50問本番では制度根拠で再判定できる状態を目指します。,演習10問の誤答から頻出論点10項目をA4リスト化;各論点に制度根拠・混同語を1行ずつ付ける;点検周期・修繕手続・積立金を比較表で整理;月10問以上、論点1行＋演習をセット記録;直前1か月は登録論点の解き直し中心,試験要項・公式ページ更新時に本文と参照元を見直す。,2026-06-05,2026-06-29,2026-06-05,published,2026-06-05: 編集合格（手書きリライト・具体例）,頻出論点10項目リストの作り方,"数値・日程・合格基準は年度で更新されるため、学習前と申込前にはマンション管理士試験センター（公式）の最新案内を確認してください。演習で建物・設備・維持保全の頻出論点に関する設問を解いたら。正解理由と誤答肢の違いを短くメモし、用語解説・比較表・よくある誤答タブで似た論点を比較表で整理すると定着しやすくなります。

演習10問を解き、解説で参照条文を公式テキストで開いて読み返してください。数値・日程・合格基準は年度で更新されるため、学習前と申込前には公益財団法人マンション管理センターの最新案内を確認してください。",長期修繕計画と修繕積立,"数値・日程・合格基準は年度で更新されるため、学習前と申込前にはマンション管理士試験センター（公式）の最新案内を確認してください。演習で建物・設備・維持保全の頻出論点に関する設問を解いたら。正解理由と誤答肢の違いを短くメモし、用語解説・比較表・よくある誤答タブで似た論点を比較表で整理すると定着しやすくなります。

演習10問を解き、解説で参照条文を公式テキストで開いて読み返してください。数値・日程・合格基準は年度で更新されるため、学習前と申込前には公益財団法人マンション管理センターの最新案内を確認してください。",点検義務と記録保存,"数値・日程・合格基準は年度で更新されるため、学習前と申込前にはマンション管理士試験センター（公式）の最新案内を確認してください。演習で建物・設備・維持保全の頻出論点に関する設問を解いたら。正解理由と誤答肢の違いを短くメモし、用語解説・比較表・よくある誤答タブで似た論点を比較表で整理すると定着しやすくなります。

演習10問を解き、解説で参照条文を公式テキストで開いて読み返してください。数値・日程・合格基準は年度で更新されるため、学習前と申込前には公益財団法人マンション管理センターの最新案内を確認してください。",修繕工事と総会決議,"数値・日程・合格基準は年度で更新されるため、学習前と申込前にはマンション管理士試験センター（公式）の最新案内を確認してください。演習で建物・設備・維持保全の頻出論点に関する設問を解いたら。正解理由と誤答肢の違いを短くメモし、用語解説・比較表・よくある誤答タブで似た論点を比較表で整理すると定着しやすくなります。

演習10問を解き、解説で参照条文を公式テキストで開いて読み返してください。数値・日程・合格基準は年度で更新されるため、学習前と申込前には公益財団法人マンション管理センターの最新案内を確認してください。",10項目リストの見直しサイクル,"数値・日程・合格基準は年度で更新されるため、学習前と申込前にはマンション管理士試験センター（公式）の最新案内を確認してください。演習で建物・設備・維持保全の頻出論点に関する設問を解いたら。正解理由と誤答肢の違いを短くメモし、用語解説・比較表・よくある誤答タブで似た論点を比較表で整理すると定着しやすくなります。

演習10問を解き、解説で参照条文を公式テキストで開いて読み返してください。数値・日程・合格基準は年度で更新されるため、学習前と申込前には公益財団法人マンション管理センターの最新案内を確認してください。",,,,,建築の頻出論点は何項目まで押さえればよいですか？,「建築の頻出論点は何項目まで押さえればよいですか」はマンション管理士試験の公式テキスト該当章とマンション管理士試験センター（公式）で確認するのが確実です。建物・設備・維持保全の頻出論点では、条文の要件（誰が・いつ・何を）を演習問題とセットで押さえてください。,頻出論点リストと過去問はどう併用しますか？,「頻出論点リストと過去問はどう併用しますか」はマンション管理士試験の公式テキスト該当章とマンション管理士試験センター（公式）で確認するのが確実です。建物・設備・維持保全の頻出論点では、条文の要件（誰が・いつ・何を）を演習問題とセットで押さえてください。,field-limit-basics:建物・設備・維持保全の基礎;field-limit-calculation:建物・設備・維持保全の計算・数値;field-limit-past-question-focus:建物・設備・維持保全の過去問傾向;important-terms-list:重要用語の押さえ方,建築頻出論点は独学でも作れますか？,読了後は、建物・設備・維持保全の頻出論点の関連する演習を5問以上解き、間違えた選択肢を用語解説で確認してから関連ガイドへ進んでください。1週間後の解き直し日をカレンダーに入れると定着しやすくなります。,論点10項;長期修繕計画;点検周期;修繕積立;共用部分
field-limit-calculation,分野別対策,マンション管理士試験の建物・設備・維持保全の計算・数値問題,マンション管理士試験の建物・設備の数値。点検周期・修繕積立額・数値ひっかけの比較表と典型誤答を令和8年度11月29日試験向けに具体例付き解説。,たとえば演習で「詳細点検1年」と誤答——A4 1行「定期1年・詳細3年」——11月29日50問本番では数値ひっかけに負けない状態を目指します。,40,分野別;試験対策,マン管マスター編集部,資格学習サイトの編集チーム,公式情報確認担当,公開前に一次情報との照合を行う担当者,2026-06-05,公益財団法人マンション管理センター（公式）|https://www.mankan.org/,手書きリライト 2026-06-04。自動prose差し替え 2026-06-04（要手書き）。分野別対策向けテンプレートから作成。公開前に本文・参照URL・関連リンクを差し替える。,本記事を読むと、建築数値の整理と解き直しが分かり、たとえば「点検周期ミス→比較表10行→週3問数値」まで設計できます。,数値ミスからA4比較表10行（点検周期・積立額等）;週3問数値＋建築非数値7問＝10問/週;7日後解き直し、3連続正解で除外;弱点数値は比較表10行90％見直し;直前1か月は登録10行の解き直し中心,試験要項・公式ページ更新時に本文と参照元を見直す。,2026-06-05,2026-06-29,2026-06-05,published,2026-06-05: 編集合格（手書きリライト・具体例）,数値比較表10行の作り方,"数値・日程・合格基準は年度で更新されるため、学習前と申込前にはマンション管理士試験センター（公式）の最新案内を確認してください。演習で建物・設備・維持保全の計算・数値問題に関する設問を解いたら。正解理由と誤答肢の違いを短くメモし、用語解説・比較表・よくある誤答タブで似た論点を比較表で整理すると定着しやすくなります。

表をノートに転記したら、演習10問で理解を確認し、誤答は公式テキスト該当章で読み直してください。数値・日程・合格基準は年度で更新されるため、学習前と申込前には公益財団法人マンション管理センターの最新案内を確認してください。",点検周期の数値ひっかけ,"数値・日程・合格基準は年度で更新されるため、学習前と申込前にはマンション管理士試験センター（公式）の最新案内を確認してください。演習で建物・設備・維持保全の計算・数値問題に関する設問を解いたら。正解理由と誤答肢の違いを短くメモし、用語解説・比較表・よくある誤答タブで似た論点を比較表で整理すると定着しやすくなります。

演習10問を解き、解説で参照条文を公式テキストで開いて読み返してください。数値・日程・合格基準は年度で更新されるため、学習前と申込前には公益財団法人マンション管理センターの最新案内を確認してください。",修繕積立金の算定・見直し,"数値・日程・合格基準は年度で更新されるため、学習前と申込前にはマンション管理士試験センター（公式）の最新案内を確認してください。演習で建物・設備・維持保全の計算・数値問題に関する設問を解いたら。正解理由と誤答肢の違いを短くメモし、用語解説・比較表・よくある誤答タブで似た論点を比較表で整理すると定着しやすくなります。

演習10問を解き、解説で参照条文を公式テキストで開いて読み返してください。数値・日程・合格基準は年度で更新されるため、学習前と申込前には公益財団法人マンション管理センターの最新案内を確認してください。",週3問数値＋解き直し,"解き直しは、当日・3日後・1週間後の間隔を空けると記憶の定着を確認しやすくなります。ブラウザの復習機能やブックマーク一覧を「建物・設備・維持保全の計算・数値問題関連」でフィルタし、優先順位を付けてください。

2回連続で正解できても、解説を読まずに選んだ問題は三回目も解き直し対象にします。「なぜ正解か」を言語化できるまでが、本番レベルの理解です。「週3問数値＋解き直し」では。建物・設備・維持保全の計算・数値問題について公式テキストの該当章を開き、条文の主体・期限・数値を演習問題とセットで押さえて定着を確認します。数値・日程はマンション管理士試験センター（公式）の最新要項で必ず照合してください。",直前：比較表10行90％見直し,"試験直前は新しい参考書を増やさず、建物・設備・維持保全の計算・数値問題で何度も迷った分野と頻出用語に絞ります。3分野のうち得点率が低い領域を1つ選び、用語10語＋演習20問程度をセットで見直すのが目安です。

前日は暗記の詰め込みより、睡眠と当日の持ち物・会場確認を優先してください。数値（修繕積立金、管理費、総会決議、管理委託契約、登録など）は早見表タブで最終確認すると安心です。",,,,,建築の数値問題は週何問解けばよいですか？,「建築の数値問題は週何問解けばよいですか」はマンション管理士試験の公式テキスト該当章とマンション管理士試験センター（公式）で確認するのが確実です。建物・設備・維持保全の計算・数値問題では、条文の要件（誰が・いつ・何を）を演習問題とセットで押さえてください。,点検周期と積立額は同じ表にまとめますか？,「点検周期と積立額は同じ表にまとめますか」はマンション管理士試験の公式テキスト該当章とマンション管理士試験センター（公式）で確認するのが確実です。建物・設備・維持保全の計算・数値問題では、条文の要件（誰が・いつ・何を）を演習問題とセットで押さえてください。,field-limit-basics:建物・設備・維持保全の基礎;field-limit-frequent-topics:建物・設備・維持保全の頻出論点;numeric-trap-choices:数字のひっかけ選択肢;numbers-and-deadlines:数字・期限のまとめ方,建築数値は独学でも対策できますか？,読了後は、建物・設備・維持保全の計算・数値問題の関連する演習を5問以上解き、間違えた選択肢を用語解説で確認してから関連ガイドへ進んでください。1週間後の解き直し日をカレンダーに入れると定着しやすくなります。,点検周期;比較表10行;修繕積立;数値ひっかけ;7日解き直し
field-limit-case-study,分野別対策,マンション管理士試験の建物・設備・維持保全の事例・ケース問題,マンション管理士試験の建物・設備の事例。修繕工事・点検報告・主体1行メモ、週5問事例＋10ケース90％見直しを令和8年度11月29日50問120分本番向けに具体例付き解説。,たとえば演習で「修繕工事」誤答——1行「管理組合＋総会決議＋共用部分」——11月29日50問本番では手続の順序で再判定します。,40,分野別;試験対策,マン管マスター編集部,資格学習サイトの編集チーム,公式情報確認担当,公開前に一次情報との照合を行う担当者,2026-06-05,公益財団法人マンション管理センター（公式）|https://www.mankan.org/,手書きリライト 2026-06-04。自動prose差し替え 2026-06-04（要手書き）。分野別対策向けテンプレートから作成。公開前に本文・参照URL・関連リンクを差し替える。,本記事を読むと、建物事例の読み解き手順が分かり、たとえば「7月 Q6→主体1行→10ケース90％」まで設計できます。,事例ミスから主体・期限・手続1行メモをA4 10ケース化;週5問事例＋建築非事例5問＝10問/週;7日後解き直し、3連続正解でケース除外;再発ケースは頻出論点リストに追記;直前1か月は登録10ケース90％見直し,試験要項・公式ページ更新時に本文と参照元を見直す。,2026-06-05,2026-06-29,2026-06-05,published,2026-06-05: 編集合格（手書きリライト・具体例）,事例問題の主体1行メモ,"数値・日程・合格基準は年度で更新されるため、学習前と申込前にはマンション管理士試験センター（公式）の最新案内を確認してください。演習で建物・設備・維持保全の事例・ケース問題に関する設問を解いたら。正解理由と誤答肢の違いを短くメモし、用語解説・比較表・よくある誤答タブで似た論点を比較表で整理すると定着しやすくなります。

演習10問を解き、解説で参照条文を公式テキストで開いて読み返してください。数値・日程・合格基準は年度で更新されるため、学習前と申込前には公益財団法人マンション管理センターの最新案内を確認してください。",修繕工事ケースの3軸チェック,"数値・日程・合格基準は年度で更新されるため、学習前と申込前にはマンション管理士試験センター（公式）の最新案内を確認してください。演習で建物・設備・維持保全の事例・ケース問題に関する設問を解いたら。正解理由と誤答肢の違いを短くメモし、用語解説・比較表・よくある誤答タブで似た論点を比較表で整理すると定着しやすくなります。

表をノートに転記したら、演習10問で理解を確認し、誤答は公式テキスト該当章で読み直してください。数値・日程・合格基準は年度で更新されるため、学習前と申込前には公益財団法人マンション管理センターの最新案内を確認してください。",点検報告・記録保存のケース,"数値・日程・合格基準は年度で更新されるため、学習前と申込前にはマンション管理士試験センター（公式）の最新案内を確認してください。演習で建物・設備・維持保全の事例・ケース問題に関する設問を解いたら。正解理由と誤答肢の違いを短くメモし、用語解説・比較表・よくある誤答タブで似た論点を比較表で整理すると定着しやすくなります。

演習10問を解き、解説で参照条文を公式テキストで開いて読み返してください。数値・日程・合格基準は年度で更新されるため、学習前と申込前には公益財団法人マンション管理センターの最新案内を確認してください。",10ケース登録と解き直し,"解き直しは、当日・3日後・1週間後の間隔を空けると記憶の定着を確認しやすくなります。ブラウザの復習機能やブックマーク一覧を「建物・設備・維持保全の事例・ケース問題関連」でフィルタし、優先順位を付けてください。

2回連続で正解できても、解説を読まずに選んだ問題は三回目も解き直し対象にします。「なぜ正解か」を言語化できるまでが、本番レベルの理解です。「10ケース登録と解き直し」では。建物・設備・維持保全の事例・ケース問題について公式テキストの該当章を開き、条文の主体・期限・数値を演習問題とセットで押さえて定着を確認します。数値・日程はマンション管理士試験センター（公式）の最新要項で必ず照合してください。",直前：10ケース90％声出し,"試験直前は新しい参考書を増やさず、建物・設備・維持保全の事例・ケース問題で何度も迷った分野と頻出用語に絞ります。3分野のうち得点率が低い領域を1つ選び、用語10語＋演習20問程度をセットで見直すのが目安です。

前日は暗記の詰め込みより、睡眠と当日の持ち物・会場確認を優先してください。数値（修繕積立金、管理費、総会決議、管理委託契約、登録など）は早見表タブで最終確認すると安心です。",,,,,建築の事例問題は何から読めばよいですか？,「建築の事例問題は何から読めばよいですか」はマンション管理士試験の公式テキスト該当章とマンション管理士試験センター（公式）で確認するのが確実です。建物・設備・維持保全の事例・ケース問題では、条文の要件（誰が・いつ・何を）を演習問題とセットで押さえてください。,修繕工事と日常管理の事例はどう切り分けますか？,「修繕工事と日常管理の事例はどう切り分けますか」はマンション管理士試験の公式テキスト該当章とマンション管理士試験センター（公式）で確認するのが確実です。建物・設備・維持保全の事例・ケース問題では、条文の要件（誰が・いつ・何を）を演習問題とセットで押さえてください。,field-limit-basics:建物・設備・維持保全の基礎;field-limit-frequent-topics:建物・設備・維持保全の頻出論点;field-limit-past-question-focus:建物・設備・維持保全の過去問傾向;confusing-terms:混同しやすい用語,建築事例は週何問解けばよいですか？,読了後は、建物・設備・維持保全の事例・ケース問題の関連する演習を5問以上解き、間違えた選択肢を用語解説で確認してから関連ガイドへ進んでください。1週間後の解き直し日をカレンダーに入れると定着しやすくなります。,主体1行;修繕工事;点検報告;ケース10件;3軸チェック
field-limit-past-question-focus,分野別対策,マンション管理士試験の建物・設備・維持保全の過去問での出題傾向,マンション管理士試験の建物・設備過去問傾向。長期修繕計画・点検周期の出題パターンと最新3年度5問/週の進め方を令和8年度11月29日試験向けに具体例付き解説。,たとえば基礎記事の3論点整理後——最新3年度から5問/週——論点1行＋年度記録——11月29日50問本番で再発を確認します。,40,分野別;試験対策,マン管マスター編集部,資格学習サイトの編集チーム,公式情報確認担当,公開前に一次情報との照合を行う担当者,2026-06-05,公益財団法人マンション管理センター（公式）|https://www.mankan.org/,手書きリライト 2026-06-04。自動prose差し替え 2026-06-04（要手書き）。分野別対策向けテンプレートから作成。公開前に本文・参照URL・関連リンクを差し替える。,本記事を読むと、建築過去問の解き方が分かり、たとえば「3論点→5問/週→50問通しで再発確認」まで設計できます。,基礎・頻出論点整理後、最新3年度から5問/週;誤答理由を論点1行＋年度（R6/R5等）で記録;50問通し模試で建築論点の再発を確認;再発論点は比較表・事例メモに追記;直前1か月は登録15問の解き直し中心,試験要項・公式ページ更新時に本文と参照元を見直す。,2026-06-05,2026-06-29,2026-06-05,published,2026-06-05: 編集合格（手書きリライト・具体例）,過去問5問/週の始め方,"建物・設備・維持保全の過去問での出題傾向の理解度は、関連する演習問題で確認するのが効率的です。1問解くごとに「根拠はテキストのどの章か」をメモすると、復習時に該当ページへすぐ戻れます。

同じ問題を時間を空けて解き直し、言い換え選択肢でも正解できるかまで確認してください。二回連続正解でも、条件を1語変えた肢で誤答する場合は、用語の定義がまだ曖昧なサインです。",年度別記録（R6/R5/R4）,"数値・日程・合格基準は年度で更新されるため、学習前と申込前にはマンション管理士試験センター（公式）の最新案内を確認してください。演習で建物・設備・維持保全の過去問での出題傾向に関する設問を解いたら。正解理由と誤答肢の違いを短くメモし、用語解説・比較表・よくある誤答タブで似た論点を比較表で整理すると定着しやすくなります。

演習10問を解き、解説で参照条文を公式テキストで開いて読み返してください。数値・日程・合格基準は年度で更新されるため、学習前と申込前には公益財団法人マンション管理センターの最新案内を確認してください。",出題傾向：計画・点検・修繕,"数値・日程・合格基準は年度で更新されるため、学習前と申込前にはマンション管理士試験センター（公式）の最新案内を確認してください。演習で建物・設備・維持保全の過去問での出題傾向に関する設問を解いたら。正解理由と誤答肢の違いを短くメモし、用語解説・比較表・よくある誤答タブで似た論点を比較表で整理すると定着しやすくなります。

演習10問を解き、解説で参照条文を公式テキストで開いて読み返してください。数値・日程・合格基準は年度で更新されるため、学習前と申込前には公益財団法人マンション管理センターの最新案内を確認してください。",50問通しでの再発確認,"独学を始める前に、マンション管理士試験センター（公式）で受験資格・試験日程・出題範囲（3分野）・合格基準をメモしてください。建物・設備・維持保全の過去問での出題傾向の学習計画は、公式テキストの章立てと一致させると、過去問の分野ラベルとも対応づけやすくなります。

ブログやSNSの「最新情報」は、必ずマンション管理士試験センターのページと照合してから採用してください。申込期限や受験料は年度ごとに変わるため、カレンダーに締切を入れてから教材を開く習慣が有効です。",直前：登録15問の解き直し,"解き直しは、当日・3日後・1週間後の間隔を空けると記憶の定着を確認しやすくなります。ブラウザの復習機能やブックマーク一覧を「建物・設備・維持保全の過去問での出題傾向関連」でフィルタし、優先順位を付けてください。

2回連続で正解できても、解説を読まずに選んだ問題は三回目も解き直し対象にします。「なぜ正解か」を言語化できるまでが、本番レベルの理解です。「直前：登録15問の解き直し」では。建物・設備・維持保全の過去問での出題傾向について公式テキストの該当章を開き、条文の主体・期限・数値を演習問題とセットで押さえて定着を確認します。数値・日程はマンション管理士試験センター（公式）の最新要項で必ず照合してください。",,,,,建物・設備の過去問は何年度から解けばよいですか？,「建物・設備の過去問は何年度から解けばよいですか」はマンション管理士試験の公式テキスト該当章とマンション管理士試験センター（公式）で確認するのが確実です。建物・設備・維持保全の過去問での出題傾向では、条文の要件（誰が・いつ・何を）を演習問題とセットで押さえてください。,過去問傾向と頻出論点リストはどう使い分けますか？,「過去問傾向と頻出論点リストはどう使い分けますか」はマンション管理士試験の公式テキスト該当章とマンション管理士試験センター（公式）で確認するのが確実です。建物・設備・維持保全の過去問での出題傾向では、条文の要件（誰が・いつ・何を）を演習問題とセットで押さえてください。,field-limit-basics:建物・設備・維持保全の基礎;field-limit-frequent-topics:建物・設備・維持保全の頻出論点;past-question-strategy:過去問の使い方;past-questions-by-field:分野別の過去問の進め方,建築過去問は独学でも傾向把握できますか？,過去問・演習問題は出題傾向把握と弱点発見に有効です。解きっぱなしにせず、用語解説へ戻る解き直しをセットにします。数値・主体・手順はマンション管理士試験センターの最新案内と照合してください。 建物・設備・維持保全の過去問での出題傾向の論点は演習とマンション管理士試験センター（公式）の要項で確認してください。,5問/週;最新3年度;点検・修繕;50問通し;再発確認
