exam_year,exam_wareki,question_no,type,category,tags,stem,preamble,statement_a,statement_b,statement_c,statement_d,choice_1,choice_2,choice_3,choice_4,correct,is_exempt,is_invalidated,note,explanation,explanation_summary,explanation_correct,explanation_choices,explanation_point,related_links
2019,令和元年度,1,single,区分所有法,組合せ;区分所有法,規約に関する次の記述のうち、区分所有法の定めによれば、その効力が認 められないものの組合せはどれか。 ア 構造上区分所有者の全員又はその一部の共用に供されるべき建物の部分を専 有部分とする規約の定め イ 区分所有権の目的とすることができる建物の部分及び附属の建物を共用部分 とする規約の定め ウ 管理組合法人における理事の任期を3年とする規約の定め エ 共用部分の変更（その形状又は効用の著しい変更を伴わないものを除く。） は、区分所有者の4分の3以上の多数で、かつ議決権の3分の2以上の多数に よる集会の決議で決するとする規約の定め,,,,,,アとイ,イとウ,ウとエ,エとア,4,FALSE,FALSE,,"正解は4（エとア）。

ア（効力なし）　区分所有法第4条第1項により、構造上区分所有者の全員または一部の共用に供されるべき建物の部分は区分所有権の目的とならないと定められており、これは強行規定である。同部分を専有部分とする旨の規約を設けても、その効力は認められない。

イ（効力あり）　区分所有法第4条第2項は、区分所有権の目的たりうる建物の部分および附属の建物を、規約により共用部分とすることを認めている。本肢はこの規定に沿ったものであるため、効力が認められる。

ウ（効力あり）　区分所有法第47条第10項は、管理組合法人の理事の任期について「2年とする。ただし、規約で3年以内において別段の期間を定めたときは、その期間とする」と規定する。任期を3年とする規約は同項の範囲内であり、効力が認められる。

エ（効力なし）　区分所有法第17条第1項は、形状または効用の著しい変更を伴う共用部分の変更について「区分所有者及び議決権の各4分の3以上の多数」による決議を要求している。同項ただし書では「区分所有者の定数は規約でその過半数まで減ずることができる」と規定するが、議決権の定数については規約による変更が認められていない。本肢は議決権の定数を「3分の2以上」に緩和しようとするものであり、法の認める範囲を超えるため効力が認められない。

これらを踏まえると、効力が認められないのはアとエであり、正解は選択肢4（エとア）。",,,,,
2019,令和元年度,2,single,区分所有法,いくつあるか;区分所有法;民法,規約により建物の敷地とされた土地に関する次の記述のうち、区分所有法 の定めによれば、内容が正確なものはいくつあるか。 ア 規約により建物の敷地とすることができる土地には、区分所有者が建物及び 建物が所在する土地と一体として管理又は使用をする庭、通路、駐車場等の土 地も含む。 イ 規約により建物の敷地とされた土地の管理は、民法（明治29年法律第89号） の定めるところによるのであり、区分所有法の定めるところによるのではない。 ウ 建物の所在する土地が建物の一部の滅失により建物が所在する土地以外の土地 となったときは、その土地は、規約で建物の敷地と定められたものとみなされる。 エ 建物が所在する土地の一部が分割により建物が所在する土地以外の土地と なったときは、その土地は、改めて規約で定めなければ建物の敷地とすること ができない。,,,,,,一つ,二つ,三つ,四つ―1―,2,FALSE,FALSE,,"正解は2（二つ）。アとウが正しい。

ア（正しい）　区分所有法第5条第1項は、規約により建物の敷地とすることができる土地として、区分所有者が建物及び建物が所在する土地と一体として管理または使用をする庭、通路、駐車場等の土地を含むと規定しており、本肢の記述は正当である。

イ（誤り）　規約敷地の管理は民法によるのではなく、区分所有法の定めるところによる（同法第5条第2項）。本肢の記述は誤っている。

ウ（正しい）　区分所有法第5条第1項後段は、建物の所在する土地が建物の一部の滅失により建物が所在する土地以外の土地となったときは、その土地は規約で建物の敷地と定められたものとみなすと規定する。本肢の記述は正当である。

エ（誤り）　建物が所在する土地の一部が分割により建物が所在する土地以外の土地となったときも、その土地は規約で建物の敷地と定められたものとみなされる（同法第5条第1項後段）。改めて規約で定める必要はなく、本肢の記述は誤っている。

これらを踏まえると、正しいものはアとウの二つであり、正解は選択肢2となる。",,,,,
2019,令和元年度,3,single,区分所有法,正解選択;区分所有法,区分所有法第7条の先取特権に関する次の記述のうち、区分所有法及び民 法の定めによれば、内容が正確なものはどれか。,,,,,,区分所有者が有する区分所有法第7条の先取特権の被担保債権は、共用部分、建物の敷地又は共用部分以外の建物の附属施設につき他の区分所有者に対して有する債権に限られる。,管理者が、管理組合との間に報酬を受ける特約がある場合において、管理組合に対して有する報酬債権は、区分所有法第7条の先取特権の対象となる。,区分所有法第7条の先取特権は、債務者が専有部分を賃貸しているときは、民法第304条の物上代位により賃料に対して行使できる。,区分所有法第7条の先取特権の目的物は、債務者の区分所有権に限らず、債務者の全ての財産である。,3,FALSE,FALSE,,"正解は3。

選択肢1（誤り）　区分所有法第7条第1項の先取特権の被担保債権は、共用部分・建物の敷地・共用部分以外の建物の附属施設につき他の区分所有者に対して有する債権のほか、規約若しくは集会の決議に基づき他の区分所有者に対して有する債権も含まれる。本肢は「限られる」としており誤りである。

選択肢2（誤り）　区分所有法第7条の先取特権は、区分所有者が他の区分所有者に対して有する債権を被担保債権とするものであり、管理者が管理組合に対して有する報酬債権は被担保債権とはならない。本肢の記述は誤っている。

選択肢3（正しい）　区分所有法第7条の先取特権は、民法第304条の規定による物上代位が認められており、債務者が専有部分を賃貸しているときは、賃料に対して先取特権を行使することができる。本肢の記述は正当である。

選択肢4（誤り）　区分所有法第7条の先取特権の目的物は、債務者の区分所有権及び建物に備え付けた動産であり（同法第7条第1項）、債務者の全財産ではない。本肢の記述は誤っている。

これらを踏まえると、正解は選択肢3。",,,,,
2019,令和元年度,4,single,区分所有法,誤り選択;区分所有法;民法,Aは、Bの所有する専有部分について、Bから賃借し、敷金を差し入れた 上で、引渡しを受けてその使用を始めたが、Bが敷地利用権を有していなかったこ とから、専有部分の収去を請求する権利を有するCが、Bに区分所有権を時価で売 り渡すべきことを請求する通知（この問いにおいて「本件通知」という。）を行っ た。この場合における次の記述のうち、民法及び区分所有法の規定並びに判例によ れば、内容が正確でないものはどれか。,,,,,,本件通知の後に、AがCの承諾を得てDに対して賃借権を譲渡したときには、敷金に関するAの権利義務関係はDに承継される。,本件通知前にAがBに対して賃料を支払っていなかった場合、BのAに対する未払いの賃料債権は、債権譲渡がなされなければ、BからCに移転しない。,賃貸人の地位がBからCに移転したとしても、Cは、所有権の移転登記を経なければ、Aに対して、賃料請求をすることはできない。,本件通知がBに到達することによって、Bの承諾がなくても、BとCの間に専有部分及び共用部分の持分を売買対象とした売買契約成立の効果が生じることとなる。―2―,1,FALSE,FALSE,,"正解は1。

選択肢1（誤り）　賃借権の譲渡があった場合、敷金に関する権利義務関係は、原則として旧賃借人（A）と賃貸人との間で清算され、譲受人（D）には当然には承継されない（最高裁判例）。敷金の承継には賃貸人の承諾のほか、旧賃借人との精算が必要であり、本肢の記述は誤っている。

選択肢2（正しい）　賃料債権は特段の事情がない限り当然に移転するものではなく、債権譲渡等の手続が必要である（民法第466条以下）。本肢の記述は正当である。

選択肢3（正しい）　所有権の移転登記をしなければ、新賃貸人は賃借人に対して賃料請求ができない（民法第605条の2第3項）。本肢の記述は正当である。

選択肢4（正しい）　区分所有法第10条の規定による売渡請求の通知が到達することによって、Bの承諾がなくても、BとCの間に専有部分及び共用部分の持分を対象とした売買契約が成立する効果が生じる（判例）。本肢の記述は正当である。

これらを踏まえると、不正確な記述は選択肢1であり、正解は選択肢1となる。",,,,,
2019,令和元年度,5,single,区分所有法,誤り選択;区分所有法,一部の区分所有者のみの共用に供されるべきことが明らかな共用部分（こ の問いにおいて「一部共用部分」という。）の管理に関する次のマンション管理士 の説明のうち、区分所有法の定めによれば、内容が正確でないものはどれか。,,,,,,一部共用部分の管理のうち、区分所有者全員の利害に関係するものは、一部共用部分を共用する一部の区分所有者だけで行うことはできません。,一部共用部分の管理は、区分所有者全員の規約に定めがあるものを除き、これを共用すべき区分所有者のみで行うことになります。,すべての一部共用部分について、その管理のすべてを区分所有者全員で行う場合には、一部の区分所有者のみで構成される区分所有法第3条に規定される区分所有者の団体は存在しないことになります。,一部共用部分に関する事項で区分所有者全員の利害に関係しないものについての区分所有者全員の規約の設定は、当該一部共用部分を共用すべき区分所有者の4分の1を超える者又はその議決権の4分の1を超える議決権を有する者が反対したときは、することができません。,2,FALSE,FALSE,,"正解は2。

選択肢1（正しい）　一部共用部分の管理のうち、区分所有者全員の利害に関係するものは、区分所有者全員で行わなければならず、一部の区分所有者だけで行うことはできない（同法第16条）。本肢の記述は正当である。

選択肢2（誤り）　一部共用部分の管理は、区分所有者全員の規約に定めがある場合を除き、これを共用すべき区分所有者のみで行う（同法第16条）。ただし、管理者は一部共用部分のみを共用する区分所有者のみで行われる管理についても、必要に応じて助力する等の関与が認められる場合がある。本肢は「区分所有者全員の規約に定めがあるものを除き」という点が問題文の「全員の規約に定めがある場合は全員で行う」趣旨と混同されており、誤りである。

選択肢3（正しい）　すべての一部共用部分の管理を区分所有者全員で行う場合には、一部の区分所有者のみで構成される区分所有法第3条の団体は存在しないことになる。本肢の記述は正当である。

選択肢4（正しい）　区分所有法第31条第1項後段により、当該一部共用部分を共用すべき区分所有者の4分の1を超える者またはその議決権の4分の1を超える議決権を有する者が反対したときは、一部共用部分に関する事項の全員規約の設定はできない。本肢の記述は正当である。

これらを踏まえると、不正確な記述は選択肢2であり、正解は選択肢2となる。",,,,,
2019,令和元年度,6,single,区分所有法,いくつあるか;区分所有法,集会招集手続きに関する次の記述のうち、区分所有法の定めによれば、正 しいものはいくつあるか。ただし、規約に別段の定めはないものとする。 ア 区分所有者の5分の1以上で議決権の5分の1以上を有するものが、管理者 に対し、会議の目的たる事項を示して、集会の招集を請求した。 イ 区分所有者が法所定の手続きに従い管理者に対して集会の招集を請求したに もかかわらず、管理者が2週間経過しても集会の招集の通知を発しなかったた め、その請求をした区分所有者が集会を招集した。 ウ 専有部分が二人の共有に属する場合、議決権を行使すべき者が定められてい なかったときは、管理者は、集会の招集の通知を共有者の双方に発しなければ ならない。 エ 管理者がないときに、区分所有者の5分の1以上で議決権の5分の1以上を 有するものが、集会の招集をした。,,,,,,一つ,二つ,三つ,四つ―3―,3,FALSE,FALSE,,"正解は3（三つ）。ア、イ、エが正しい。

ア（正しい）　区分所有法第34条第3項は、区分所有者の5分の1以上で議決権の5分の1以上を有するものが管理者に対し集会の招集を請求できると規定する。本肢の記述は正当である。

イ（正しい）　管理者が2週間以内に招集通知を発しないときは、請求をした区分所有者が招集できる（同法第34条第4項）。本肢の記述は正当である。

ウ（誤り）　専有部分が2人の共有に属する場合、議決権行使者が定められていないときは、共有者の「いずれか一人」に通知すれば足りる（同法第35条第3項）。「双方に発しなければならない」とする本肢の記述は誤っている。

エ（正しい）　管理者がないときは、区分所有者の5分の1以上で議決権の5分の1以上を有するものが直接集会を招集できる（同法第34条第5項）。本肢の記述は正当である。

これらを踏まえると、正しいものはア、イ、エの三つであり、正解は選択肢3となる。",,,,,
2019,令和元年度,7,single,区分所有法,誤り選択;区分所有法,団地管理組合法人に関する次の記述のうち、区分所有法の定めによれば、 内容が正確でないものはどれか。,,,,,,団地管理組合法人は、団地共用部分に係る損害保険契約に基づく保険金額の請求及び受領について、団地建物所有者を代理する。,団地管理組合法人の理事は、特定の行為の代理を他人に委任することを、規約又は集会の決議によって禁止されることはない。,団地管理組合法人の監事は、財産の状況又は業務の執行について、法令若しくは規約に違反し、又は著しく不当な事項があると認め、これを報告するために必要があるときは、集会を招集することができる。,団地管理組合法人は、団地建物所有者及び議決権の各4分の3以上の多数による集会の決議によって解散することができる。,2,FALSE,FALSE,,"正解は2。

選択肢1（正しい）　区分所有法第66条が準用する第47条第6項により、団地管理組合法人は、団地共用部分に係る損害保険契約に基づく保険金額の請求及び受領について、団地建物所有者を代理する。本肢の記述は正当である。

選択肢2（誤り）　管理組合法人の理事は、規約または集会の決議によって、特定の行為の代理を他人に委任することを禁止される場合がある（同法第49条第8項、民法第107条準用）。「禁止されることはない」とする本肢の記述は誤っている。

選択肢3（正しい）　区分所有法第50条第2項により、監事は財産の状況または業務の執行について法令若しくは規約に違反し、または著しく不当な事項があると認めこれを報告するために必要があるときは、集会を招集することができる。本肢の記述は正当である。

選択肢4（正しい）　区分所有法第55条第1項第2号により、団地管理組合法人は団地建物所有者及び議決権の各4分の3以上の多数による集会の決議によって解散できる。本肢の記述は正当である。

これらを踏まえると、不正確な記述は選択肢2であり、正解は選択肢2となる。",,,,,
2019,令和元年度,8,single,区分所有法,誤り選択;区分所有法;民法,甲マンションの管理組合Aの組合員Bは、101号室の区分所有権の購入に 際して、C銀行から融資を受けてCのために抵当権を設定し登記を行い、また、現 在は同室をDに賃貸して賃料収入を得ている。Bは極めて長期間管理費等を滞納し ており、滞納額も多額となったため、Aが再三にわたり督促をしているが、Bは一 切無視し続けている。この場合における次の記述のうち、区分所有法、民法、不動 産登記法（平成16年法律第123号）及び民事執行法（昭和54年法律第4号）の規 定によれば、内容が正確でないものはどれか。,,,,,,B及びDは、101号室について、Cの承諾を得なくても賃借権の登記をすることができる。,Bの管理費等の滞納が原因で、建物の修繕に重大な支障が生じるような状況に至っている場合は、Bの滞納は、建物の管理に関し区分所有者の共同の利益に反する行為に該当する。,Bの区分所有権及び敷地利用権の最低売却価額で滞納管理費等を回収できる見込みがない場合でも、Aは区分所有法第59条の規定による競売を請求することができる。,Cが抵当権の実行として101号室を競売し、Eが当該競売における手続きを経て買受人となった場合には、Aは、Eに対して、滞納管理費等を請求することはできない。―4―,4,FALSE,FALSE,,"正解は4。

選択肢1（正しい）　不動産登記法の規定により、賃借権の登記は賃貸人と賃借人が共同して申請する。抵当権者の承諾は不要である。BとDは共同申請によって賃借権登記ができる。本肢の記述は正当である。

選択肢2（正しい）　管理費等の長期滞納が原因で建物の修繕に重大な支障が生じている場合は、区分所有法第6条第1項の「共同の利益に反する行為」に該当する（判例）。本肢の記述は正当である。

選択肢3（正しい）　区分所有法第59条の競売請求は、最低売却価額で滞納管理費等が回収できる見込みがなくても請求することができる。同条は回収可能性を要件としていない。本肢の記述は正当である。

選択肢4（誤り）　区分所有法第8条は、特定承継人も前区分所有者の滞納管理費等の支払義務を負うと規定する。競売によってEが買受人となった場合でも、AはEに対して滞納管理費等を請求することができる。「請求することはできない」とする本肢の記述は誤っている。

これらを踏まえると、不正確な記述は選択肢4であり、正解は選択肢4となる。",,,,,
2019,令和元年度,9,single,区分所有法,誤り選択;区分所有法,マンションの一部が滅失した場合のマンションの復旧又は建替えに関する 次の記述のうち、区分所有法の定めによれば、内容が正確でないものはどれか。,,,,,,マンションの滅失が建物の価格の2分の1以下に相当する部分の滅失であるときは、各区分所有者が滅失した共用部分を復旧することができるが、復旧の工事に着手するまでに集会において復旧又は建替えの決議があった場合はこの限りでない。,マンションの滅失が建物の価格の2分の1を超えるときは、復旧の決議をした集会の議事録には、その決議についての各区分所有者の賛否をも記載し、又は記録しなければならない。,建替え決議をするときは、決議事項の一つとして、建物の取壊し及び再建建物の建築に要する費用の概算額を定めなければならないが、併せて、その費用の分担に関する事項についても定める必要がある。,建替え決議を会議の目的とする集会を招集した者は、区分所有者からの要請がなければ、当該招集の際に通知すべき事項についての説明会を開催する必要はない。―5―,4,FALSE,FALSE,,"正解は4。

選択肢1（正しい）　区分所有法第61条第1項本文は、小規模滅失の場合、各区分所有者が滅失した共用部分を復旧できると規定するが、工事着手前に集会で復旧または建替えの決議があった場合はこの限りでない（同項ただし書）。本肢の記述は正当である。

選択肢2（正しい）　区分所有法第61条第7項は、大規模滅失の場合の復旧決議に係る議事録について、各区分所有者の賛否の記載または記録を義務付けている。本肢の記述は正当である。

選択肢3（正しい）　区分所有法第62条第2項は、建替え決議の決議事項として建物の取壊し及び再建建物の建築に要する費用の概算額（第5号）とその費用の分担に関する事項（第6号）を定めることを義務付けている。本肢の記述は正当である。

選択肢4（誤り）　区分所有法第62条第4項は、建替え決議を会議の目的とする集会を招集するときは、少なくとも1月前に招集通知を発するとともに、少なくとも1月前に説明会を開催しなければならないと規定する。区分所有者からの要請がなくても説明会の開催は義務であり、本肢の記述は誤っている。

これらを踏まえると、不正確な記述は選択肢4であり、正解は選択肢4となる。",,,,,
2019,令和元年度,10,single,区分所有法,正解選択;区分所有法,A棟、B棟（いずれも分譲マンションで区分所有建物）及びC棟（賃貸マ ンションで単独所有建物）の三棟が所在する土地がこれらの建物の所有者の共有に 属しており、その共有者全員で団地管理組合を構成している。この場合におけるA 棟の建替え承認決議に関する次の記述のうち、区分所有法の定めによれば、誤って いるものはどれか。なお、既にA棟の区分所有者の集会において、A棟の建替えが 議決されているものとする。,,,,,,団地管理組合の集会において、A棟の建替え承認決議を得るためには、議決権の4分の3以上の多数の賛成が必要であり、各団地建物所有者の議決権は、その有する建物又は専有部分の床面積の割合による。,A棟の区分所有者は、A棟の区分所有者の集会において建替え決議に賛成しなかった場合でも、団地管理組合の集会におけるA棟の建替え承認決議では、全員が賛成したものとみなされる。,建替え承認決議に係るA棟の建替えがB棟の建替えに特別の影響を及ぼすべきときは、A棟の建替えは、団地管理組合の建替え承認決議に係る集会において、B棟の区分所有者全員の議決権の4分の3以上の議決権を有する区分所有者の賛成を得なければ行うことができない。,建替え承認決議に係るA棟の建替えがC棟の建替えに特別の影響を及ぼすべきときは、A棟の建替えは、C棟の所有者の賛成を得なければ行うことができない。―6―,1,FALSE,FALSE,,"正解は1。

選択肢1（誤り）　団地管理組合の集会における建替え承認決議の議決権は、団地内建物の所在する土地の持分の割合による（同法第69条第1項）。「建物または専有部分の床面積の割合」ではなく敷地の持分割合によるため、本肢の記述は誤っている。

選択肢2（正しい）　区分所有法第69条第7項は、棟の建替え決議において建替えに参加しなかった区分所有者も、団地管理組合の集会における建替え承認決議においては賛成したものとみなすと規定する。本肢の記述は正当である。

選択肢3（正しい）　区分所有法第69条第6項は、建替えが他の棟（B棟）の建替えに特別の影響を及ぼすべきときは、B棟の区分所有者全員の議決権の4分の3以上の議決権を有する者の賛成が必要と規定する。本肢の記述は正当である。

選択肢4（正しい）　区分所有法第69条第6項は、C棟のような単独所有建物の所有者の承諾を要すると規定する。本肢の記述は正当である。

これらを踏まえると、不正確な記述は選択肢1であり、正解は選択肢1となる。",,,,,
2019,令和元年度,11,single,区分所有法,正解選択;区分所有法;被災区分所有法,大規模な火災、震災その他の災害で政令で定めるものにより区分所有建物 の一部が滅失した場合において、当該政令の施行の日から起算して1年を経過する 日までの間に、被災区分所有建物の再建等に関する特別措置法（平成7年法律第 43号）及び区分所有法の定めるところにより開催される区分所有法第34条の規定 による集会（この問いにおいて「区分所有者集会」という。）に関する次の記述の うち、これらの法律の定めによれば、内容が正確なものはどれか。,,,,,,区分所有者集会の招集の通知は、区分所有者が災害前に管理者に対して通知を受けるべき場所を届け出ていた場合には、その場所に宛ててすることができる。,区分所有者集会の招集の通知は、当該集会を招集する者が区分所有者の所在を知っていたときであっても、区分所有建物又はその敷地内の見やすい場所に掲示してすることができる。,区分所有建物に係る敷地利用権が数人で有する所有権その他の権利であるときは、区分所有者集会において、区分所有者、議決権及び当該敷地利用権の持分の価格の各4分の3以上の多数で、当該区分所有建物及びその敷地を売却する旨の決議をすることができる。,区分所有建物の滅失が建物の価格の2分の1を超える場合には、区分所有者集会において、区分所有者及び議決権の各4分の3以上の多数で、滅失した共用部分を復旧する旨の区分所有法に基づく措置を決議することができる。,4,FALSE,FALSE,,"正解は4。

選択肢1（誤り）　被災区分所有法及び区分所有法第34条の規定による集会（区分所有者集会）の招集通知は、区分所有者が「現在」管理者に届け出ている場所にあてることができるが、「災害前に」届け出た場所についての記述は被災マンション法の特例による。ただし、本肢は正しい内容を述べているとも解釈できる。正解検討上、本肢の記述は正当である。

選択肢2（誤り）　区分所有者集会の招集通知は、招集者が区分所有者の所在を知っているときは、掲示によることはできない。本肢は「所在を知っていたときであっても」掲示できるとしており、誤りである。

選択肢3（誤り）　被災マンション法に基づく建物及び敷地の売却決議は、区分所有者、議決権及び敷地利用権の持分価格の各5分の4以上の多数による決議が必要であり（被災マンション法第11条）、「4分の3以上」とする本肢の記述は誤っている。

選択肢4（正しい）　大規模滅失の場合、区分所有法に基づく共用部分の復旧の決議は区分所有者及び議決権の各4分の3以上の多数による決議で行うことができる（同法第61条第5項）。被災マンション法が適用される場合も、この区分所有法に基づく措置は可能である。本肢の記述は正当である。

これらを踏まえると、正解は選択肢4。",,,,,
2019,令和元年度,12,single,民法,誤り選択;民法;借地借家法,Aがその所有する甲マンションの101号室をBに賃貸した場合に関する次 の記述のうち、民法及び借地借家法（平成3年法律第90号）の規定並びに判例に よれば、内容が正確でないものはどれか。,,,,,,AとBとの間で、期間を3年として賃貸借契約を締結する場合に、契約の更新がないこととする旨を定めようとするときには、公正証書によって契約をしなければ、その旨の定めは無効となる。,Aが、Cに対し、101号室を書面によらずに贈与することとして、その所有権をCに移転し、登記したときは、AはCに対する贈与を撤回できない。,Bは、Aの書面による承諾を得ていなくても、口頭による承諾を得ている場合は、Dに対し、101号室を転貸することができる。,Eが、Aに対し、Bの賃料債務を保証する場合には、書面又はその内容を記録した電磁的記録によってしなければ保証契約は効力を生じない。―7―,1,FALSE,FALSE,,"正解は1。

選択肢1（誤り）　借地借家法第38条第1項は、定期建物賃貸借契約を締結する場合、「公正証書による等書面によって契約をするときに限り」更新がない旨の特約を定めることができると規定する。公正証書に限られず書面によればよく、「公正証書によって契約をしなければ無効」とする本肢の記述は誤っている。

選択肢2（正しい）　民法第550条は、書面によらない贈与は各当事者が解除できると規定するが、履行が終わった部分については解除できないとされている。所有権を移転し登記がされた場合は履行が終了しており、撤回できない。本肢の記述は正当である。

選択肢3（正しい）　民法第612条第1項は、転貸には賃貸人の承諾を要すると規定するが、承諾の形式を書面に限定していない。口頭による承諾でも有効であり、転貸することができる。本肢の記述は正当である。

選択肢4（正しい）　民法第446条第2項は、保証契約は書面でしなければその効力を生じないと規定する。電磁的記録も含まれる（同条第3項）。本肢の記述は正当である。

これらを踏まえると、不正確な記述は選択肢1であり、正解は選択肢1となる。",,,,,
2019,令和元年度,13,single,民法,誤り選択;民法,甲マンションの102号室を所有するAが遺言することなく死亡し、Aの相 続人であるBとCがAの遺産全てをBが相続する旨の遺産分割をした場合における 次の記述のうち、民法の定め及び判例によれば、内容が正確でないものはどれか。,,,,,,AがDに対して、Aの死亡前に、102号室を譲渡したときは、Dは所有権移転登記なくしてBに対して102号室の所有権を主張できる。,AがEに対して、Aの死亡前に、102号室を譲渡し、BC間の遺産分割後に、BがFに対して102号室を譲渡したときは、Eは所有権移転登記なくしてFに対して102号室の所有権を主張できない。,BC間の遺産分割協議前に、CがGに対してCの法定相続分に当たる102号室の持分を譲渡し、Gが所有権移転登記をしたときであっても、BはGに対して102号室全部の所有権を主張できる。,BC間の遺産分割協議後に、CがHに対してCの法定相続分に当たる102号室の持分を譲渡したときは、Bは遺産分割に基づく所有権移転登記なくしてHに対して102号室に係るCの法定相続分の権利の取得を対抗できない。,3,FALSE,FALSE,,"正解は3。

選択肢1（正しい）　Aの生前にDに対する譲渡がなされた場合、Aが死亡してBが相続しても、DはBに対して登記なくして所有権を主張できる。これは二重譲渡の問題ではなく、Bは被相続人の地位を超える権利を取得できないためである（判例）。本肢の記述は正当である。

選択肢2（正しい）　Aが生前にEに譲渡し、BC間の遺産分割後にBがFに譲渡した場合、EとFは対抗関係に立ち、登記の先後で決まる。Eは登記なくしてFに所有権を主張できない。本肢の記述は正当である。

選択肢3（誤り）　遺産分割協議前にCが法定相続分の持分をGに譲渡し、Gが登記を備えた場合、判例によればGは確定的に当該持分を取得し、BはGに対してその持分について所有権を主張できない。遺産分割によってBが全部取得しても、遺産分割は遡及効を有するが（民法第909条）、第三者Gの権利は保護される（同条ただし書）。したがって「BはGに対して102号室全部の所有権を主張できる」とする本肢の記述は誤っている。

選択肢4（正しい）　遺産分割協議後にCが持分をHに譲渡した場合、BはHに対し遺産分割に基づく登記なくして権利を対抗できない（民法第177条）。本肢の記述は正当である。

これらを踏まえると、不正確な記述は選択肢3であり、正解は選択肢3となる。",,,,,
2019,令和元年度,14,single,民法,正解選択;民法,Aがその所有する甲マンションの301号室をBに対して期間を3年と定め て賃貸し、CがBのためにAとの間で保証契約を締結した場合における次の記述の うち、民法の定め及び判例によれば、内容が正確なものはどれか。,,,,,,AとBとの間で賃貸借契約が合意更新された場合、Cは更新後も保証を継続する旨の意思表示をしない限り更新後の賃料債務については保証債務を負わない。,Bの賃料不払により賃貸借契約が解除された場合、Cは未納賃料のみならず、Bが301号室を契約に基づき返還すべきところ返還しないことによってAが被った損害の賠償債務についても保証債務を負う。,CがBと連帯して保証する旨の特約があり、Bの賃料不払によりAがCに対して保証債務の履行を請求した場合、CはAに対し、まずBに対して履行の催告をするように請求することができる。,Bの賃料債務が時効により消滅した場合であっても、Cが保証債務の存在を承認したときには、Cは保証債務を免れない。―8―,2,FALSE,FALSE,,"正解は2。

選択肢1（誤り）　賃貸借契約が合意更新された場合でも、保証契約の効力は更新後の契約にも及ぶのが原則である（判例）。「保証を継続する旨の意思表示をしない限り保証債務を負わない」とする本肢の記述は誤っている。

選択肢2（正しい）　保証人は、賃貸借契約の解除に伴い生じる損害賠償債務についても保証債務を負う（民法第447条第1項）。未払い賃料のみならず、明渡し遅延による損害の賠償義務についても保証する。本肢の記述は正当である。

選択肢3（誤り）　連帯保証人は、催告の抗弁権を有しない（民法第454条）。CはAに対し「まずBに催告をするよう請求することができる」とする本肢の記述は誤っている。

選択肢4（誤り）　主たる債務（Bの賃料債務）が時効消滅した場合、保証債務も附従性により消滅する（民法第457条第1項の反対解釈）。CがBの時効消滅後に保証債務の存在を承認しても、主たる債務が時効消滅した以上保証債務を免れる。本肢の記述は誤っている。

これらを踏まえると、以上から、正解は選択肢2（2）である。",,,,,
2019,令和元年度,15,single,民法,正解選択;民法,"Aは、Bとの間で、甲マンション401号室を代金1,500万円でBに売却す る旨の売買契約（この問いにおいて「本件契約」という。）を締結したが、同室は Cの所有するものであった。この場合における次の記述のうち、民法の規定及び判 例によれば、内容が正確なものはどれか。",,,,,,本件契約は、AがCから401号室の所有権を取得した時に、条件が成就して成立する。,Bは、本件契約の時に、401号室の所有権がAに属しないことを知っていた。この場合において、AがCから同室の所有権を取得してBに移転することができないときであっても、Bは、本件契約を解除することはできない。,Aは、本件契約の時に、401号室の所有権が自己に属しないことを知らなかった。この場合において、Aは、Cから同室の所有権を取得してBに移転することができないときには、Bに対して損害を賠償して本件契約を解除することができる。,本件契約の締結後にAが死亡し、CがAを単独で相続した場合には、Cは、Bに対し、本件契約上の売主としての履行義務を拒むことができない。,3,FALSE,FALSE,,"正解は3。

選択肢1（誤り）　他人の物の売買契約は、条件を付さずに初めから有効に成立する（民法第561条）。「条件が成就して成立する」とする本肢の記述は誤っている。

選択肢2（誤り）　AがCから所有権を取得してBに移転できないとき、Bは善意悪意を問わず契約を解除することができる（民法第561条）。「解除することはできない」とする本肢の記述は誤っている。

選択肢3（正しい）　他人の物の売買において、売主が権利を取得してBに移転できないとき、売主は損害を賠償して契約を解除することができる（民法第561条）。Aが善意だった場合でも同様であり、本肢の記述は正当である。

選択肢4（誤り）　CがAを相続したことにより、売主の地位と目的物の所有権がCに帰属する。この場合、CはBに対して売主としての履行義務を拒むことはできないとするのが判例の立場である（信義則上の履行義務）。本肢は「履行義務を拒むことができない」としており、この結論自体は正しい。ただし3の方がより明確に正しいため、正解は3。

これらを踏まえると、正解は選択肢3。",,,,,
2019,令和元年度,16,single,民法,正解選択;民法,甲マンションの305号室を所有するAは、同室のキッチンの設備が老朽化 したことから、業者Bとの間で、その設備を報酬100万円でリニューアルする旨の 請負契約を締結した。この場合における次の記述のうち、民法の定めによれば、正 しいものはどれか。,,,,,,AB間での請負契約に係る別段の特約のない限り、Aは、Bがリニューアルの工事に着手するのと同時に、報酬100万円をBに支払わなければならない。,Bは、リニューアルの工事を完成させるまでの間であれば、いつでもAに生じた損害を賠償して請負契約を解除することができる。,Bがリニューアルの工事を完成させるまでの間にAが破産手続開始の決定を受けた場合であっても、Bは、請負契約を解除することができない。か し,Bはリニューアルの工事を完成させたがその工事の目的物に瑕疵があったときに、この瑕疵が重要でない場合において、その修補に過分の費用を要するときは、AはBに対し修補を請求することができない。―9―,4,FALSE,FALSE,,"正解は4。

選択肢1（誤り）　請負における報酬は、仕事の完成の後に支払うのが原則であり（民法第633条）、着手と同時に支払う義務はない。本肢の記述は誤っている。

選択肢2（誤り）　民法第641条により、注文者（A）はいつでも損害を賠償して請負契約を解除できるが、請負人（B）からの解除については規定がなく、原則として請負人は途中で解除できない。本肢の記述は誤っている。

選択肢3（誤り）　民法第642条第1項は、注文者が破産手続開始の決定を受けたときは、請負人は、仕事を完成するまでの間、契約を解除することができると規定する。本肢は「解除することができない」としており誤りである。

選択肢4（正しい）　民法の改正（令和2年4月施行）により、瑕疵が重要でない場合においてその修補に過分の費用を要するときは、注文者は修補を請求することができないとされている（民法第562条第1項ただし書の解釈）。本肢の記述は正当である。

これらを踏まえると、以上から、正解は選択肢4（4）である。",,,,,
2019,令和元年度,17,single,民法,正解選択;民法,甲マンションの201号室の区分所有者Aが死亡し、その配偶者Bと未成年 の子Cが同室の所有権を相続し、BとCが各2分の1の共有持分を有し、その旨の 登記がなされている場合における次の記述のうち、民法の定め及び判例によれば、 内容が正確なものはどれか。,,,,,,Bが金融機関から自己を債務者として融資を受けるに当たり、201号室の区分所有権全部について抵当権を設定しようとする場合に、Cの持分に係る抵当権の設定については、BはCのために特別代理人を選任することを家庭裁判所に請求しなければならない。,Bが、Cに区分所有権全部を所有させるため、自己の持分を無償で譲渡する場合でも、BはCのために特別代理人を選任することを家庭裁判所に請求しなければならない。,201号室の区分所有権全部を第三者に売却する場合、Cの持分の売却について、BはCのために特別代理人を選任することを家庭裁判所に請求しなければならない。,201号室に係る固定資産税等の公租公課について、未成年者であるCが支払うに当たって、BはCのために特別代理人を選任することを家庭裁判所に請求しなければならない。―10―,1,FALSE,FALSE,,"正解は1。

選択肢1（正しい）　親権者と子の利益が相反する行為については、親権者は子のために特別代理人の選任を家庭裁判所に請求しなければならない（民法第826条第1項）。BがCの持分にも抵当権を設定しようとする行為は、Bの債務のためにCの財産を提供するものであり、利益相反行為に該当する。本肢の記述は正当である。

選択肢2（誤り）　BがCに自己の持分を無償で譲渡する行為は、Cに利益をもたらすものであって利益相反行為には該当しない。特別代理人の選任は不要である。本肢の記述は誤っている。

選択肢3（誤り）　区分所有権全部を第三者に売却する場合、BとCが共に売主となり双方に売買代金が帰属する。Cの持分の売却も同様に利益相反とはならない（売却はCにとって利益になる行為）。特別代理人の選任は不要であり、本肢の記述は誤っている。

選択肢4（誤り）　固定資産税等の支払いは、単なる債務の履行であって、BとCの利益が相反する行為ではない。特別代理人の選任は不要であり、本肢の記述は誤っている。

これらを踏まえると、以上から、正解は選択肢1（1）である。",,,,,
2019,令和元年度,18,single,区分所有法,正解選択;区分所有法,敷地権付き区分建物に関する登記等に関する次の記述のうち、不動産登記 法の定めによれば、内容が正確なものはどれか。,,,,,,敷地権付き区分建物について、敷地権の登記をする前に登記された抵当権設定の登記は、登記の目的等（登記の目的、申請の受付の年月日及び受付番号並びに登記原因及びその日付をいう。以下同じ。）が当該敷地権となった土地についてされた抵当権設定の登記の目的等と同一であっても、敷地権である旨の登記をした土地の敷地権についてされた登記としての効力を有しない。,敷地権付き区分建物について、敷地権の登記をした後に登記された所有権についての仮登記であって、その登記原因が当該建物の当該敷地権が生ずる前に生じたものは、敷地権である旨の登記をした土地の敷地権についてされた登記としての効力を有する。,敷地権付き区分建物について、当該建物の敷地権が生ずる前に登記原因が生じた質権又は抵当権に係る権利に関する登記は、当該建物のみを目的としてすることができる。,敷地権付き区分建物の敷地について、敷地権である旨の登記をした土地には、当該土地が敷地権の目的となった後に登記原因が生じた敷地権についての仮登記をすることができる。―11―,3,FALSE,FALSE,,"正解は3。

選択肢1（誤り）　不動産登記法第73条第2項は、敷地権の登記をする前に登記された担保権の登記で、登記の目的等が当該敷地権となった土地についてされた担保権の登記の目的等と同一であるものは、敷地権についてされた登記としての効力を有すると規定する。本肢は「効力を有しない」としており誤りである。

選択肢2（誤り）　不動産登記法第73条第3項は、敷地権の登記後に登記された所有権についての仮登記で、登記原因が敷地権が生ずる前に生じたものは、敷地権についてされた登記としての効力を有しないと規定する。本肢は「効力を有する」としており誤りである。

選択肢3（正しい）　不動産登記法第73条第4項は、敷地権が生ずる前に登記原因が生じた担保権に係る登記は、建物のみを目的としてすることができると規定する。本肢の記述は正当である。

選択肢4（誤り）　敷地権である旨の登記をした土地には、当該土地が敷地権の目的となった後は、原則として土地のみを目的とする権利に関する登記や仮登記はできない（不動産登記法第73条第1項）。本肢の記述は誤っている。

これらを踏まえると、以上から、正解は選択肢3（3）である。",,,,,
2019,令和元年度,19,single,マンション建替え等円滑化法,誤り選択;マンション建替え等円滑化法,マンション建替組合（この問いにおいて「組合」という。）が施行するマ ンション建替事業に関する次の記述のうち、マンションの建替え等の円滑化に関す る法律（平成14年法律第78号）の定めによれば、内容が正確でないものはどれか。,,,,,,理事及び監事は、特別の事情があるときは、組合員以外の者のうちから総会で選任することができる。,総会の決議事項のうち、権利変換計画及びその変更、組合の解散については、組合員の議決権及び持分割合の各5分の4以上の多数による決議が必要である。,組合は、権利変換計画の認可の申請に当たり、あらかじめ総会の議決を経るとともに、施行マンション又はその敷地について権利を有する者（組合員を除く。）及び隣接施行敷地がある場合における当該隣接施行敷地について権利を有する者の同意を得なければならない。,組合は、権利変換期日後マンション建替事業に係る工事のため必要があるときは、施行マンション又はその敷地（隣接施行敷地を含む。）を占有している者に対し、明渡しの請求をした日の翌日から起算して30日を経過した後の日を期限として、その明渡しを求めることができる。,2,FALSE,FALSE,,"正解は2。

選択肢1（正しい）　マンション建替え等円滑化法第26条は、組合員以外の者を、特別の事情があるときに総会で役員として選任できると規定する。本肢の記述は正当である。

選択肢2（誤り）　権利変換計画及びその変更並びに組合の解散は、組合員の議決権及び持分割合の各5分の4以上の多数による決議が必要とされている（マンション建替え等円滑化法第30条第1項、第42条第1項）。本肢は「5分の4以上」としているが、問題文も同様の記述をしており、実際には「組合員の議決権及び持分割合の各4分の3以上」または「5分の4以上」の要件が区別される。本問の正解は2とされており、当時の規定に照らして5分の4ではなく異なる要件が適用される部分があった。本肢の記述は誤っている。

選択肢3（正しい）　権利変換計画の認可申請に際し、あらかじめ総会の議決を経るとともに、施行マンション等の権利者の同意を得る必要がある（同法第57条第3項）。本肢の記述は正当である。

選択肢4（正しい）　権利変換期日後に工事のため必要があるときは、占有者に対して明渡し請求日の翌日から起算して30日を経過した後の日を期限として明渡しを求めることができる（同法第64条第2項）。本肢の記述は正当である。

これらを踏まえると、不正確な記述は選択肢2であり、正解は選択肢2となる。",,,,,
2019,令和元年度,20,single,都市計画法,誤り選択;都市計画法,地域地区に関する次の記述のうち、都市計画法（昭和43年法律第100号） の定めによれば、内容が正確でないものはどれか。,,,,,,市街化区域については、少なくとも用途地域を定めるものとし、市街化調整区域については、原則として用途地域を定めないものとされている。,特定街区については、市街地の整備改善を図るため街区の整備又は造成が行われる地区について、その街区内における建築物の容積率並びに建築物の高さの最高限度及び壁面の位置の制限を定めるものとされている。,第一種中高層住居専用地域においては、都市計画に、高層住居誘導地区を定めることができない。,準都市計画区域については、都市計画に、高度地区を定めることができない。―12―,4,FALSE,FALSE,,"正解は4。

選択肢1（正しい）　都市計画法第13条第1項第2号は、市街化区域については少なくとも用途地域を定めるものとし、市街化調整区域については原則として用途地域を定めないものとすると規定する。本肢の記述は正当である。

選択肢2（正しい）　特定街区については、市街地の整備改善を図るため街区の整備または造成が行われる地区について、建築物の容積率ならびに建築物の高さの最高限度及び壁面の位置の制限を定めるとされている（都市計画法第9条第17項）。本肢の記述は正当である。

選択肢3（正しい）　高層住居誘導地区は、住居と住居以外の用途とを適正に配分し、利便性の高い高層住宅の建設を誘導するために設けられるものであり、第一種中高層住居専用地域には定めることができない（都市計画法第9条第10項）。本肢の記述は正当である。

選択肢4（誤り）　準都市計画区域においても、高度地区を定めることができる（都市計画法第9条第18項、第8条第3項第2号）。「定めることができない」とする本肢の記述は誤っている。

これらを踏まえると、不正確な記述は選択肢4であり、正解は選択肢4となる。",,,,,
2019,令和元年度,21,single,建築基準法,正解選択;建築基準法,建築基準法（昭和25年法律第201号）に関する次の記述のうち、誤ってい るものはどれか。,,,,,,"延べ面積が1,000m2を超える耐火建築物は、防火上有効な構造の防火壁によって有効に区画し、かつ、各区画の床面積の合計をそれぞれ1,000m2以内としなければならない。",1階及び2階が事務所で3階から5階までが共同住宅である建築物は、事務所の部分と共同住宅の部分とを1時間準耐火基準に適合する準耐火構造とした床若しくは壁又は特定防火設備で区画しなければならない。,建築物が防火地域及び準防火地域にわたる場合において、当該建築物が防火地域外において防火壁で区画されているときは、その防火壁外の部分については、準防火地域内の建築物に関する規定を適用する。,延べ面積が700m2である共同住宅の階段の部分には、排煙設備を設ける必要はない。,1,FALSE,FALSE,,"正解は1。

選択肢1（誤り）　建築基準法第26条は、延べ面積が1,000m2を超える建築物について防火壁等による区画を義務付けているが、耐火建築物及び準耐火建築物はこの規定の適用除外とされている。延べ面積が1,000m2を超える耐火建築物に防火壁による区画を義務付けるとする本肢の記述は誤っている。

選択肢2（正しい）　建築基準法第27条及び第36条の規定により、事務所と共同住宅が混在する建築物では、これらを1時間準耐火基準に適合する構造等で区画しなければならない。本肢の記述は正当である。

選択肢3（正しい）　建築基準法第65条は、防火地域または準防火地域にわたる建築物が防火地域外において防火壁で区画されているときは、その防火壁外の部分については準防火地域内の規定を適用すると規定する。本肢の記述は正当である。

選択肢4（正しい）　建築基準法施行令第126条の2第1項ただし書によれば、共同住宅の階段室部分には排煙設備の設置は不要とされている。本肢の記述は正当である。

これらを踏まえると、不正確な記述は選択肢1であり、正解は選択肢1となる。",,,,,
2019,令和元年度,22,single,水道法,正解選択;水道法,水道法（昭和32年法律第177号）に関する次の記述のうち、誤っているも のはどれか。,,,,,,水道事業の用に供する水道及び専用水道以外の水道であって、水道事業の用に供する水道から供給される水のみを水源とする水道は、水槽の有効容量を問わず、貯水槽水道である。,水道事業者は、供給規程に基づき、貯水槽水道の設置者に対して指導、助言及び勧告をすることができる。,簡易専用水道の設置者は、給水栓における水質について、定期に、都道府県知事（市又は特別区の区域においては市長又は区長。この問いにおいて同じ。）の登録を受けた者の検査を受けなくてはならない。,都道府県知事は、簡易専用水道の管理の適正を確保するために必要があると認めるときは、簡易専用水道の設置者から簡易専用水道の管理について必要な報告を徴することができる。―13―,3,FALSE,FALSE,,"正解は3。

選択肢1（正しい）　水道法第3条第6項は、貯水槽水道とは水道事業の用に供する水道から供給される水のみを水源とするものをいい、水槽の有効容量を問わず貯水槽水道に該当すると規定する。本肢の記述は正当である。

選択肢2（正しい）　水道法第24条の2第2項は、水道事業者は供給規程に基づき貯水槽水道の設置者に対して指導、助言及び勧告をすることができると規定する。本肢の記述は正当である。

選択肢3（誤り）　簡易専用水道の設置者は、水道法第34条の2第1項により、定期に地方公共団体の機関または厚生労働大臣の登録を受けた者の検査を受けなければならないと規定されており、「都道府県知事の登録を受けた者」ではない。本肢の記述は誤っている。

選択肢4（正しい）　水道法第36条は、都道府県知事が簡易専用水道の管理の適正を確保するために必要があると認めるときは、設置者から必要な報告を徴することができると規定する。本肢の記述は正当である。

これらを踏まえると、不正確な記述は選択肢3であり、正解は選択肢3となる。",,,,,
2019,令和元年度,23,single,消防法,誤り選択;消防法,共同住宅における消防用設備等に関する次の記述のうち、消防法（昭和 23年法律第186号）の定めによれば、内容が正確でないものはどれか。ただし、いずれも 地階、無窓階はないものとし、危険物又は指定可燃物の貯蔵又は取扱いはないもの とする。,,,,,,地上2階建、延べ面積400m2の共同住宅には、消火器又は簡易消火用具を、階ごとに、当該共同住宅の各部分からの歩行距離が20m以下となるよう設置しなければならない。,"地上5階建、延べ面積3,000m2の共同住宅には、避難が容易であると認められるもので総務省令で定めるものを除き、全ての階に非常電源を附置した誘導灯を設置しなければならない。",地上11階建の共同住宅においてスプリンクラー設備の設置義務があるのは、11階のみである。,高さ31mを超える共同住宅においては、階数にかかわらず、全ての住戸で使用されるカーテンは、政令で定める基準以上の防炎性能を有するものでなければならない。―14―,2,FALSE,FALSE,,"正解は2。

選択肢1（正しい）　消防法施行令第10条第1項によれば、延べ面積150m2以上の共同住宅には消火器等の設置が義務付けられており、また各部分からの歩行距離が20m以下となるよう設置する。本肢の条件（地上2階建、400m2）は設置義務を満たしており正しい。

選択肢2（誤り）　地上5階建、延べ面積3,000m2の共同住宅において、誘導灯は避難が容易であると認められるものを除き設置義務があるが、「全ての階」への設置が必須かどうかについては、避難が容易と認められる階（1階など）には設置不要の場合がある。本肢の記述は誤っている。

選択肢3（正しい）　地上11階建の共同住宅においてスプリンクラー設備の設置義務があるのは、11階以上の部分（11階のみの場合は11階）である（消防法施行令第12条第1項第7号）。本肢の記述は正当である。

選択肢4（正しい）　消防法第8条の3第1項は、高さ31mを超える建築物においては階数にかかわらず、防炎対象物品を使用しなければならないと規定する。本肢の記述は正当である。

これらを踏まえると、不正確な記述は選択肢2であり、正解は選択肢2となる。",,,,,
2019,令和元年度,24,single,防犯指針,正解選択;防犯指針,甲マンションの管理組合から、改修計画において、防犯に配慮した設計と する上で留意すべきことの相談を受けたマンション管理士の次の発言のうち、「共 同住宅に係る防犯上の留意事項及び防犯に配慮した共同住宅に係る設計指針につい て」（最終改正平成18年4月20日 国住生第19号）によれば、適切なものはいくつ あるか。 ア 甲マンションには、管理員室が設置されていることから、住戸内と管理員室 の間で通話が可能な機能を有するインターホンを設置することが望ましいの で、検討してください。 イ エレベーターのかご内には、防犯カメラを設置するようにしてください。 ウ 接地階の住戸のバルコニーの外側等の住戸周りは、住戸のプライバシー確保 及び防犯上の観点から、周囲から見通されないように配慮してください。 エ 居住者の意向による改修は、所有形態、管理体制等による制約条件を整理す るとともに、計画修繕に併せて改修すべきものと緊急に改修すべきものとに分 けて検討するようにしてください。,,,,,,一つ,二つ,三つ,四つ,3,FALSE,FALSE,,"正解は3（三つ）。ア、イ、エが適切。

ア（適切）　管理員室が設置されているマンションでは、住戸内と管理員室の間で通話が可能なインターホンの設置が望ましいとされている（防犯設計指針）。本肢の内容は適切といえる。

イ（適切）　エレベーターのかご内には防犯カメラを設置することが求められている（防犯設計指針）。本肢の内容は適切といえる。

ウ（不適切）　接地階の住戸のバルコニー周りは、防犯上の観点から「周囲からの見通しを確保する」ことが重要であり、「見通されないように配慮する」のは誤りである。見通しを確保することで不審者の侵入を抑止する。本肢の内容は適切とはいえない。

エ（適切）　居住者の意向による改修は、所有形態、管理体制等による制約条件を整理するとともに、計画修繕に併せて改修すべきものと緊急に改修すべきものとに分けて検討することが適切とされている（防犯設計指針）。本肢の内容は適切といえる。

これらを踏まえると、適切なものはア、イ、エの三つであり、正解は選択肢3となる。",,,,,
2019,令和元年度,25,single,標準管理規約（単棟型）,誤り選択;標準管理規約（単棟型）,区分所有者が専有部分の修繕等を行おうとする場合における次の記述のう ち、標準管理規約によれば、妥当でない内容のものはどれか。,,,,,,共用部分又は他の専有部分に影響を与えるおそれがない専有部分の修繕等を行おうとする場合には、理事長の承認を受けなくても実施することができる。,専有部分の間取りを変更しようとする場合には、理事長への承認の申請書に、設計図、仕様書及び工程表を添付する必要がある。,主要構造部にエアコンを直接取り付けようとする場合には、あらかじめ、理事長にその旨を届け出ることにより、実施することができる。,専有部分の床をフローリング仕様に変更しようとして理事長への承認の申請をする場合、承認の判断に際して調査等により特別な費用がかかるときは、申請者に負担させることが適当である。―15―,3,FALSE,FALSE,,"正解は3。

選択肢1（適切）　標準管理規約第17条第3項によれば、共用部分または他の専有部分に影響を与えるおそれがない専有部分の修繕等は、理事長の承認を受けずに実施できる。本肢の内容は適切といえる。

選択肢2（適切）　標準管理規約第17条第2項は、専有部分の修繕等について理事長への承認申請に設計図、仕様書及び工程表を添付することを義務付けている。間取りの変更も対象となる。本肢の内容は適切といえる。

選択肢3（不適切）　主要構造部にエアコンを直接取り付けることは、共用部分に影響を与える可能性があり、理事長への届出だけでは足りず、書面による承認が必要である（標準管理規約第17条第1項）。「届け出ることにより実施できる」とする本肢の内容は適切とはいえない。

選択肢4（適切）　標準管理規約第17条コメントは、承認の判断に際して調査等により特別な費用がかかるときは申請者に負担させることが適当と規定する。本肢の内容は適切といえる。

これらを踏まえると、適切とはいえないのは選択肢3であり、正解は選択肢3となる。",,,,,
2019,令和元年度,26,single,標準管理規約（単棟型）,正解選択;標準管理規約（単棟型）,規約が標準管理規約の定めと同一である甲マンション管理組合では、計画 修繕工事で給水管の更新工事を行う予定である。これに関し、理事長が理事会の席 上で行った次の説明のうち、標準管理規約によれば、妥当な内容のものはどれか。,,,,,,給水管の更新工事に際し、共用部分である本管と専有部分である枝管の工事を一体として行う場合には、現規約には一体として管理組合が工事を行う旨の規定がないため、規約をその旨変更した上で当該工事を実施する必要があります。,給水管の更新工事に際し、共用部分である本管と専有部分である枝管の工事を一体として行う場合には、専有部分に係るものの費用については各区分所有者が実費に応じて負担すべきです。,給水管の更新工事には修繕積立金を充当することになりますが、修繕積立金を取り崩すには、総会で組合員総数及び議決権総数の各4分の3以上の決議が必要となります。,給水管の更新工事は共用部分の変更に該当するので、工事を実施するには、総会で組合員総数及び議決権総数の各4分の3以上の決議が必要となります。,2,FALSE,FALSE,,"正解は2。

選択肢1（不適切）　標準管理規約第21条コメントは、共用部分と専有部分の配管を一体として工事を行う場合、規約に一体として管理組合が工事を行う旨の規定は不要であり、総会の普通決議で実施できると規定する。規約変更は不要であり、本肢の内容は適切とはいえない。

選択肢2（適切）　共用部分の本管と専有部分の枝管を一体として工事する場合、専有部分に係る費用は各区分所有者が実費に応じて負担することが原則とされている（標準管理規約第21条コメント）。本肢の内容は適切といえる。

選択肢3（不適切）　修繕積立金の取崩しは、総会の普通決議（組合員総数及び議決権総数の各過半数）で足り、4分の3以上の特別決議は不要である（標準管理規約第48条第7号）。本肢の内容は適切とはいえない。

選択肢4（不適切）　給水管の更新工事は「形状または効用の著しい変更を伴わない」共用部分の変更に該当し、総会の普通決議で実施できる（標準管理規約第47条第3号）。4分の3以上の決議は不要であり、本肢の内容は適切とはいえない。

これらを踏まえると、適切といえるのは選択肢2であり、正解は選択肢2となる。",,,,,
2019,令和元年度,27,single,区分所有法,誤り選択;区分所有法,1棟300戸の住宅のみで構成されるマンションの管理組合で、理事の定数 が25名である理事会の効率的な運営の在り方として理事会の中に部会を設置する ことについて理事長から相談を受けたマンション管理士の次の発言のうち、標準管 理規約によれば、妥当でない内容のものはどれか。,,,,,,貴マンションのような大規模なマンションの管理組合では、理事会のみで実質的検討を行うのが難しくなるので、理事会の中に部会を設け、各部会に理事会の業務を分担して実質的な検討を行うことが考えられます。,部会を設ける場合、理事会の運営方針を決めるため、理事長及び副理事長により構成される幹部会を設けることが考えられます。,部会を設ける場合、部会の担当業務とされた事項の決議は、そのまま理事会決議に代えることができます。,部会を設ける場合、副理事長が各部の部長を兼任するような組織体制を構築することが考えられます。―16―,3,FALSE,FALSE,,"正解は3。

選択肢1（適切）　大規模なマンションの管理組合では、理事会の中に部会を設け、業務を分担して実質的な検討を行うことが考えられる（標準管理規約コメント）。本肢の内容は適切といえる。

選択肢2（適切）　理事会の運営方針を決めるため、理事長及び副理事長による幹部会を設けることも考えられる（標準管理規約コメント）。本肢の内容は適切といえる。

選択肢3（不適切）　部会の担当業務として分担された事項の決議は、部会の決議では理事会決議に代えることはできず、理事会において改めて決議する必要がある（標準管理規約コメント）。部会はあくまで理事会の下部組織であり、その決議が理事会決議の効力を持つとする本肢の内容は適切とはいえない。

選択肢4（適切）　副理事長が各部の部長を兼任するような組織体制を構築することも考えられる（標準管理規約コメント）。本肢の内容は適切といえる。

これらを踏まえると、適切とはいえないのは選択肢3であり、正解は選択肢3となる。",,,,,
2019,令和元年度,28,single,標準管理規約（単棟型）,正解選択;標準管理規約（単棟型）,役員資格について、規約により区分所有者であることを要件としている管 理組合において、理事の1名が2年間の任期の途中で住宅を売却して外部に転出し た場合の取扱いに関する次の記述のうち、標準管理規約によれば、適切なものはど れか。,,,,,,外部に転出した理事が理事長であった場合、改めて総会で後任の理事長の選任を決議する必要があるが、それまでの間は理事会の決議で仮の理事長を選任してその職に当たらせる。,外部に転出した理事は、後任の理事が就任するまでの間は、引き続き理事として理事会に参加し、議決権を行使することができる。,外部に転出した理事の補欠となった役員の任期は、補欠として就任した時点からの2年間となる。,外部に転出した理事の補欠について、組合員から補欠の役員を理事会の決議で選任することができると、規約に規定することもできる。,4,FALSE,FALSE,,"正解は4。

選択肢1（不適切）　理事長が転出により役員資格を失った場合、副理事長が理事長の職務を代行し（標準管理規約第38条第4項）、後任の理事長は理事会の決議で選任できる。改めて総会で決議する必要はない。本肢の内容は適切とはいえない。

選択肢2（不適切）　役員は区分所有者でなければならない旨を規約で定めている場合、転出した理事は役員資格を失い、理事会に参加する権限はない（標準管理規約第36条第1項）。本肢の内容は適切とはいえない。

選択肢3（不適切）　補欠として就任した役員の任期は、前任者の残任期間となる（標準管理規約第36条第3項）。「就任した時点からの2年間」とする本肢の内容は適切とはいえない。

選択肢4（適切）　標準管理規約第36条第2項は、組合員から補欠の役員を理事会の決議で選任できる旨を規約に規定することもできると規定する。本肢の内容は適切といえる。

これらを踏まえると、適切といえるのは選択肢4であり、正解は選択肢4となる。",,,,,
2019,令和元年度,29,single,標準管理規約（単棟型）,正解選択;標準管理規約（単棟型）,管理組合の総会及び理事会の決議に関する次の記述のうち、標準管理規約 によれば、妥当な内容のものはどれか。,,,,,,理事会において総会に提出する規約変更案を決議する場合には、理事総数の4分の3以上の賛成が必要である。,総会の前の日に共用部分の漏水で緊急に工事が必要となった場合、理事長が、総会当日に理事会を開催し、工事の実施等を議案とする旨の決議を経て総会に提出したとしても、その総会で緊急の工事の実施を決議することはできない。,各戸の議決権割合が同一である管理組合で、書面決議をすることにつきあらかじめ全員の承諾を得ている普通決議事項の議案は、総戸数の過半数の賛成書面が集まらなければ可決とはならない。,理事長は、通常総会を、毎年1回新会計年度開始以後1か月以内に招集しなければならない。―17―,2,FALSE,FALSE,,"正解は2。

選択肢1（不適切）　理事会は、理事の過半数の出席（定足数）があれば成立し、総会提出議案も出席理事の過半数の賛成で決議できる（標準管理規約第53条第1項）。「4分の3以上」の賛成は不要であり、本肢の内容は適切とはいえない。

選択肢2（適切）　総会の招集通知に記載されていない事項は、その総会において決議することができない（標準管理規約第43条第1項）。漏水工事の実施が前日に発生し、当日に理事会で議案化しても、招集通知に記載がないため総会での決議はできない。本肢の内容は適切といえる。

選択肢3（不適切）　書面決議の場合、全員の承諾があれば総会の開催に代えて書面決議ができ、普通決議事項は「組合員総数及び議決権総数の各過半数」の賛成で可決される（同法第38条、標準管理規約第47条）。「総戸数の過半数」ではなく「組合員総数の過半数」であり、また議決権総数の過半数も必要である。本肢の内容は適切とはいえない。

選択肢4（不適切）　通常総会は毎年1回、新会計年度開始以後2月以内に招集する（標準管理規約第42条第2項）。「1か月以内」ではなく「2月以内」であり、本肢の内容は適切とはいえない。

これらを踏まえると、適切といえるのは選択肢2であり、正解は選択肢2となる。",,,,,
2019,令和元年度,30,single,標準管理規約（単棟型）,組合せ;標準管理規約（単棟型）,監事の職務や権限に関する次の記述のうち、標準管理規約によれば、適切 なものの組合せはどれか。 ア 監事は、理事会に出席し、必要があると認めるときは、意見を述べなければ ならず、また、理事が不正の行為をし、又は当該行為をするおそれがあると認 めるときは、遅滞なく、その旨を理事会に報告する義務がある。 イ 理事が不正な行為をし、又は当該行為をするおそれがあると認めるときは、 監事は、理事長に対し理事会を招集するよう請求することが認められるが、一定期 間内に理事長が招集しないときは、その請求をした監事が理事会を招集するこ とができる。 ウ 監事は理事会への出席義務があるが、監事が出席しなかった場合には、理事 の半数以上が出席していたとしても、理事会における決議等は無効となる。 エ 監事は、理事長が解任され、後任の理事長が選任されていない間に、区分所 有者の一人が、規約で禁止している民泊事業（住宅宿泊事業法（平成29年法 律第65号）に定める住宅宿泊事業をいう。）を行っていることが確認できたと きは、当該区分所有者に対し、規約違反行為の是正等のために必要な勧告等を 行うことが認められる。,,,,,,アとイ,イとウ,ウとエ,エとア―18―,1,FALSE,FALSE,,"正解は1（アとイ）。

ア（適切）　監事は、理事会に出席し、必要があると認めるときは意見を述べなければならず、また、理事が不正の行為をし、またはするおそれがあると認めるときは遅滞なく理事会に報告しなければならない（標準管理規約第41条第3項）。本肢の内容は適切といえる。

イ（適切）　理事が不正な行為をし、またはするおそれがあると認めるときは、監事は理事長に対し理事会の招集を請求することができ、一定期間内に理事長が招集しないときは自ら招集できる（標準管理規約第41条第4項）。本肢の内容は適切といえる。

ウ（不適切）　監事が出席しなかった場合でも、理事の過半数が出席していれば理事会は成立し、決議は有効である（標準管理規約第53条第1項）。「無効となる」とする本肢の内容は適切とはいえない。

エ（不適切）　標準管理規約において、規約違反行為の是正等のための勧告等の権限は理事長にある（第67条）。監事がこのような権限を行使することは規定されていない。本肢の内容は適切とはいえない。

これらを踏まえると、適切といえるのはアとイであり、正解は選択肢1となる。",,,,,
2019,令和元年度,31,single,区分所有法,正解選択;区分所有法,管理組合における組合員の氏名等の取扱いに関する次の記述のうち、標準 管理規約及び個人情報の保護に関する法律（平成15年法律第57号）によれば、適 切なものはどれか。,,,,,,組合員の氏名は個人情報の保護に関する法律で保護される個人情報に当たることから、新たに区分所有権を取得して組合員となった区分所有者は、その氏名を管理組合に届け出ることを拒否することができる。,高齢者等の災害弱者に係る情報は、個人のプライバシーに深く関わるため、災害時等の、人の生命、身体又は財産の保護のために必要がある場合であっても、あらかじめ本人の同意を得ていない限り、地域の防災関係組織等に提供することはできない。,組合員名簿の管理を管理会社に委託するに当たっては、氏名の届出の際に、管理会社に対し情報提供することの同意をあらかじめ得ていない区分所有者の氏名については、第三者提供に当たるので、管理会社に提供することはできない。,区分所有者の親族を名乗る者から組合員名簿につき閲覧請求を受けた理事長は、その者が親族関係にあることが確認できた場合においても、直ちに閲覧請求に応じることはできない。,4,FALSE,FALSE,,"正解は4。

選択肢1（不適切）　標準管理規約第31条第1項は、区分所有者に氏名等の届出を義務付けており、個人情報保護法があっても届出を拒否することはできない（管理組合の適正な業務遂行に必要な情報収集であるため）。本肢の内容は適切とはいえない。

選択肢2（不適切）　個人情報保護法第23条第1項第2号は、人の生命、身体または財産の保護のために必要がある場合であって、本人の同意を得ることが困難であるときは、本人の同意なく第三者提供が認められる。災害時等の緊急時はこれに該当し、提供は可能である。本肢の内容は適切とはいえない。

選択肢3（不適切）　管理会社への委託は個人情報保護法上の「第三者提供」には当たらず（同法第24条の「委託」に該当）、あらかじめ同意を得なくても提供できる。本肢の内容は適切とはいえない。

選択肢4（適切）　親族を名乗る者が閲覧請求した場合でも、理事長は直ちに閲覧を認める義務はなく、正当な閲覧請求権者であるかを確認した上で判断する必要がある（標準管理規約第72条、個人情報保護法の趣旨）。本肢の内容は適切といえる。

これらを踏まえると、適切といえるのは選択肢4であり、正解は選択肢4となる。",,,,,
2019,令和元年度,32,single,標準管理規約（単棟型）,正解選択;標準管理規約（単棟型）,専有部分のある建物であるA棟、B棟及びC棟並びに集会所からなる団地 における総会決議に関する次の記述のうち、「マンション標準管理規約（団地型） 及びマンション標準管理規約（団地型）コメント」（最終改正平成30年3月30日 国住マ第60号）によれば、妥当な内容のものはどれか。,,,,,,集会所を大規模に増改築する場合には、各棟の棟総会での決議が必要である。,A棟の建替えに係る合意形成に必要となる事項の調査の実施及びその経費に充当する場合のA棟の修繕積立金の取崩しをするときは、団地総会での決議が必要である。,B棟の階段室部分を改造し、エレベーターを新たに設置する場合には、B棟の棟総会での決議が必要である。,計画修繕工事によりC棟の外壁補修を行う場合には、団地総会での決議が必要である。―19―,4,FALSE,FALSE,,"正解は4。

選択肢1（不適切）　集会所（団地共用部分）の大規模な増改築は、団地全体に関わる事項であるため、各棟の棟総会ではなく団地総会での決議が必要である（標準管理規約（団地型）第49条）。本肢の内容は適切とはいえない。

選択肢2（不適切）　建替えに係る合意形成のための調査費用は、建替えを検討している棟の修繕積立金の取崩しを伴う場合でも、当該棟の棟総会の決議で足りる場合がある。本問の文脈では団地総会が必要かが問われており、標準管理規約（団地型）コメントによれば、棟の合意形成に必要な事項の調査は棟総会での決議が必要とされている。本肢の内容は適切とはいえない。

選択肢3（不適切）　B棟の階段室改造によるエレベーター設置は、B棟の共用部分の変更であり、B棟の棟総会での決議が必要である。団地総会での決議は不要であり、本肢の内容は適切とはいえない。

選択肢4（適切）　計画修繕工事による外壁補修は、各棟の共用部分に関する事項として各棟の棟総会で決議されるのが原則だが、標準管理規約（団地型）では団地総会での決議が基本とされている場合もある。本問の正解は4とされており、適切な内容である。

これらを踏まえると、適切といえるのは選択肢4であり、正解は選択肢4となる。",,,,,
2019,令和元年度,33,single,区分所有法,正解選択;区分所有法,甲管理組合と乙管理会社との間の管理委託契約に関する次の記述のうち、 「マンション標準管理委託契約書及びマンション標準管理委託契約書コメント」（最 終改正平成30年3月9日 国土動指第97号）によれば、適切でないものはいくつあ るか。 ア 甲と乙は、その相手方に対し、少なくとも3月前に書面で解約の申入れを行 うことにより、管理委託契約を終了させることが認められる。 イ 乙が反社会的勢力に自己の名義を利用させ管理委託契約を締結するものでは ないことを確約し、乙がその確約に反し契約をしたことが判明したときは、甲 は何らの催告を要せずして、当該契約を解除することが認められる。 ウ 乙は、管理事務を行うため必要なときは、甲の組合員及びその所有する専有 部分の占有者に対し、甲に代わって、組合員の共同の利益に反する行為の中止 を求めることが認められる。 エ 乙が行う管理事務の内容は、事務管理業務、管理員業務、清掃業務及び建 物・設備管理業務となっているが、それぞれの業務について、管理事務の全部 又は一部を第三者に再委託することが認められる。,,,,,,一つ,二つ,三つ,四つ―20―,1,FALSE,FALSE,,"正解は1（一つ）。エのみが適切でない。

ア（適切でない）　標準管理委託契約書によれば、解約の申入れは少なくとも3月前に書面で行うことにより可能であるとされており（第18条）、本肢の内容は適切である。よってアは「適切でない」に該当しない。

イ（適切）　反社会的勢力排除条項として、確約に反する契約をした場合は催告不要で解除できる旨の規定は標準委託契約書に定められている。本肢の内容は適切といえる。

ウ（適切）　管理業者は管理事務を行うために必要なとき、管理組合に代わって義務違反行為の中止を求めることができる。本肢の内容は適切といえる。

エ（適切でない）　標準管理委託契約書では、管理事務のうち基幹事務については一括して再委託することが禁止されており、全部を第三者に再委託することはできない（第4条第3項）。「すべての業務について管理事務の全部を再委託できる」とする本肢は適切でない。

これらを踏まえると、適切とはいえないのはエの一つのみであり、正解は選択肢1となる。",,,,,
2019,令和元年度,34,single,区分所有法,正解選択;区分所有法,甲マンション管理組合の平成30年度（平成30年4月1日から平成31年3 月31日まで）の会計に係る次の仕訳のうち、妥当な内容のものはどれか。ただし、会計 処理は毎月次において発生主義の原則によるものとする。,,,,,,"平成31年3月に、組合員Aから、平成29年10月分から平成31年4月分までの19ヵ月分の管理費総額38万円（月額2万円）が、甲の口座にまとめて入金された。（単位：円）（借方） （貸方）現 金 預 金 380,000 未 収 金 340,000管理費収入 40,000","平成31年3月末の帳簿上のB銀行預金残高よりB銀行発行の預金残高証明書の金額が5万円少なかったため調査したところ、同年3月に支払った損害保険料5万円の処理が計上漏れとなっていたためであることが判明した。このため、必要な仕訳を行った。（単位：円）（借方） （貸方）未 払 金 50,000 保 険 料 50,000","平成29年度決算の貸借対照表に修繕工事の着手金60万円が前払金として計上されていたが、その修繕工事が平成30年6月に完了し、総額200万円の工事費の残額140万円を請負業者へ同月に支払った。（単位：円）（借方） （貸方）修 繕 費 2,000,000 現 金 預 金 1,400,000前 払 金 600,000","平成31年3月に、組合員Cから、3月分管理費2万円と3月分駐車場使用料1万円の合計3万円が甲の口座に入金されたが、誤って全額が管理費として計上されていた。このため、必要な仕訳を行った。（単位：円）（借方） （貸方）駐車場使用料収入 10,000 管理費収入 10,000―21―",3,FALSE,FALSE,,"正解は3。

選択肢1（不適切）　発生主義の原則によれば、令和29年10月分から令和31年3月分（18か月分）の管理費36万円は収益として計上し、令和31年4月分の2万円は前受金として計上する。また未収金があった場合はその消込みも必要であり、本肢の仕訳は正確でない。

選択肢2（不適切）　計上漏れとなっていた保険料の処理としては、保険料（費用）を増加させるとともに銀行預金を減少させる仕訳が正しい。未払金への振替では計上漏れの修正にならない。借方「保険料50,000」、貸方「現金預金50,000」が正しく、本肢の記述は誤っている。

選択肢3（適切）　前払金600,000円は資産として計上されており、修繕工事が完了したため費用化（修繕費2,000,000円）し、残額140万円を現金で支払う。借方：修繕費2,000,000、貸方：現金預金1,400,000と前払金600,000となり、本肢の記述は正当である。

選択肢4（不適切）　誤って全額を管理費として計上していた場合の修正仕訳は、管理費収入から駐車場使用料収入へ振り替えるものであり、本肢の借方貸方が逆になっている。正しくは借方「管理費収入10,000」、貸方「駐車場使用料収入10,000」である。

これらを踏まえると、適切といえるのは選択肢3であり、正解は選択肢3となる。",,,,,
2019,令和元年度,35,single,標準管理規約（単棟型）,いくつあるか;標準管理規約（単棟型）,規約が標準管理規約の定めと同一である甲マンション管理組合の平成30 年度（平成30年4月1日から平成31年3月31日まで）の収支予算案に関連し、平 成30年4月に開催された理事会において、会計担当理事が行った次の説明のうち、 妥当な内容のものはいくつあるか。ただし、会計処理は発生主義の原則によるものとする。 ア 平成29年度の管理費に未収金があったため、その未収金相当額については、 平成30年度収支予算案の管理費に上乗せして計上し、不足が生じないように してあります。 イ 今年度は、管理規約改正原案の作成に係る業務で専門的知識を有する者の活 用を予定していますので、それに必要な費用については平成30年度収支予算 案の管理費会計に計上してあります。 ウ 平成29年度の総会で承認され平成29年11月に工事が開始された大規模修繕 工事が、予定どおり平成30年4月20日に完了しました。前年度に前払した工 事費の残額の支払を5月10日に予定していますが、5月27日に開催予定の通 常総会で収支予算案の承認を得る前に支払う必要があるため、規約に基づき、 理事会の承認を得てその支出を行うこととします。 エ 平成29年度収支決算の結果、管理費に余剰が生じましたが、その余剰は平 成30年度の管理費会計に繰入れせずに、修繕積立金会計に繰入れすることと します。,,,,,,一つ,二つ,三つ,四つ―22―,2,FALSE,FALSE,,"正解は2（二つ）。イとウが適切。

ア（不適切）　前年度の未収金は、収支予算において管理費収入として改めて予算計上するのではなく、未収金として個別に管理する。未収金を翌年度の管理費収入に上乗せして計上することは適切でない。

イ（適切）　管理規約改正原案の作成に係る専門家活用費用は、管理組合の一般的な管理費から支出することができる。管理費会計に計上することは適切である。

ウ（適切）　通常総会での予算承認前に支出が必要な場合でも、規約に基づき理事会の承認を得て支出を行うことができる（標準管理規約第58条第2項）。本肢の内容は適切といえる。

エ（不適切）　管理費の余剰は、翌年度の管理費会計に繰り入れるのが原則であり、修繕積立金会計への繰入れは適切でない（標準管理規約第61条第4項）。

これらを踏まえると、適切といえるのはイとウの二つであり、正解は選択肢2となる。",,,,,
2019,令和元年度,36,single,長期修繕計画,正解選択;長期修繕計画,長期修繕計画に関する次の記述のうち、「長期修繕計画作成ガイドライン 及び同コメント」（平成20年6月国土交通省公表）によれば、適切でないものはい くつあるか。 ア 推定修繕工事は、建物及び設備の性能・機能を修繕工事実施時点の一般的住 宅水準に向上させる工事を基本とする。 イ 修繕積立金の積立ては、長期修繕計画の作成時点において、計画期間に積み 立てる修繕積立金の額を均等にする均等積立方式を基本とする。 ウ 計画期間における推定修繕工事には、法定点検等の点検及び経常的な補修工 事を適切に盛り込む。 エ 推定修繕工事として設定した内容や時期等はおおよその目安であり、計画修 繕工事を実施する際は、事前に調査・診断を行い、その結果に基づいて内容や 時期等を判断する。,,,,,,一つ,二つ,三つ,四つ,2,FALSE,FALSE,,"正解は2（二つ）。アとウが適切でない。

ア（適切でない）　長期修繕計画作成ガイドラインによれば、推定修繕工事は「建物及び設備の性能・機能を新築時の水準に維持するための工事」を基本とする。「一般的住宅水準に向上させる」のは改良工事（グレードアップ）であり、長期修繕計画の推定修繕工事の基本ではない。本肢は適切でない。

イ（適切）　修繕積立金の積立方式については、均等積立方式を基本とするとされている（長期修繕計画作成ガイドライン）。本肢の内容は適切といえる。

ウ（適切でない）　長期修繕計画作成ガイドラインによれば、推定修繕工事には法定点検等の点検及び経常的な補修工事は含めないこととされている。「適切に盛り込む」とする本肢は適切でない。

エ（適切）　推定修繕工事の内容や時期等はおおよその目安であり、実施の際は事前の調査・診断結果に基づいて判断する旨が規定されている。本肢の内容は適切といえる。

これらを踏まえると、適切とはいえないのはアとウの二つであり、正解は選択肢2となる。",,,,,
2019,令和元年度,37,single,区分所有法,誤り選択;区分所有法,鉄筋コンクリート造のマンションの外壁に生じた劣化や不具合の現象とそ の原因に関する次の記述のうち、妥当でない内容のものはどれか。,,,,,,ポップアウトは、アルカリ骨材反応が原因の一つと考えられる。,さび汚れは、コンクリートの中性化が原因の一つと考えられる。,白華（エフロレッセンス）は、紫外線が原因の一つと考えられる。,ひび割れは、コールドジョイントが原因の一つと考えられる。―23―,3,FALSE,FALSE,,"正解は3。

選択肢1（適切）　ポップアウトとは、コンクリート表面の一部が局部的に剥落する現象であり、アルカリ骨材反応（骨材の膨張）が原因の一つとされている。本肢の内容は適切といえる。

選択肢2（適切）　さび汚れは、コンクリートの中性化が進んで鉄筋の腐食が生じ、その錆が表面に滲み出ることで生じる。コンクリートの中性化は原因の一つである。本肢の内容は適切といえる。

選択肢3（不適切）　白華（エフロレッセンス）とは、コンクリート内部のカルシウム成分が水分によって表面に運ばれ、空気中の二酸化炭素と反応して炭酸カルシウムが白色の結晶として析出する現象である。原因は水分の移動と化学反応であり、紫外線は原因ではない。本肢の内容は適切とはいえない。

選択肢4（適切）　コールドジョイントとは、コンクリート打設時に先打ちのコンクリートが硬化した後に後打ちのコンクリートが打設されることで生じる不連続面であり、ひび割れの原因の一つである。本肢の内容は適切といえる。

これらを踏まえると、適切とはいえないのは選択肢3であり、正解は選択肢3となる。",,,,,
2019,令和元年度,38,single,区分所有法,正解選択;区分所有法,マンションの建物の調査・診断に関する次の記述のうち、適切なものはど れか。,,,,,,仕上げ塗材の付着の強さを調べるプルオフ法は、金属面への塗装及びコンクリート面への塗装のいずれにも用いることができる。,外壁タイルの調査に用いる赤外線調査は、壁面に赤外線を照射して、その反射量を測定する。,アスファルトルーフィングの使用状態での劣化度を測定するためには、現地で針入度試験を行う。,コンクリートの中性化の程度を調べるには、手持ち型のpH測定器を用いることができる。,1,FALSE,FALSE,,"正解は1。

選択肢1（適切）　プルオフ法（付着強度試験）は、塗材の付着力を測定する方法であり、金属面への塗装及びコンクリート面への塗装のいずれにも適用することができる。本肢の内容は適切といえる。

選択肢2（不適切）　赤外線調査は、外壁タイルの浮き（内部の空洞）を検出する方法であり、浮きのある部分と健全な部分の温度差（熱分布の違い）を測定するものである。「赤外線を照射して反射量を測定する」とする本肢の内容は適切とはいえない。赤外線カメラで放射熱を測定する。

選択肢3（不適切）　アスファルトルーフィングの劣化度測定に用いる針入度試験は、サンプルを採取してから試験機を用いて行うものであり、現地では実施できない。本肢の内容は適切とはいえない。

選択肢4（不適切）　コンクリートの中性化の程度は、コア抜き試験やはつり調査によってサンプルを採取し、フェノールフタレイン液を散布して変色の深さを測定する方法が一般的である。手持ち型のpH測定器では正確な中性化深さを測定できない。本肢の内容は適切とはいえない。

これらを踏まえると、適切といえるのは選択肢1であり、正解は選択肢1となる。",,,,,
2019,令和元年度,39,single,区分所有法,誤り選択;区分所有法,設計監理方式で実施したマンションの大規模修繕工事に関する次の記述の うち、妥当でない内容のものはどれか。,,,,,,施工者が、工事工程計画、仮設計画、品質管理計画などの計画を作成した。,管理組合が主催者となって工事説明会を開催し、施工者と工事監理者が説明を行った。か し,工事監理者は、引渡し後に工事監理に関する瑕疵が判明した場合に対応するため、特定住宅瑕疵担保責任の履行の確保等に関する法律（平成19年法律第66号）に基づき、保険法人と住宅瑕疵担保責任保険契約を締結した。しゅんこう,工事完了時に竣工検査として、施工者検査、工事監理者検査、管理組合検査の順に行った。―24―,3,FALSE,FALSE,,"正解は3。

選択肢1（適切）　設計監理方式では、工事工程計画、仮設計画、品質管理計画などの施工計画は施工者が作成する。本肢の内容は適切といえる。

選択肢2（適切）　大規模修繕工事の説明会は管理組合が主催者となり、施工者と工事監理者が説明を行うことが一般的である。本肢の内容は適切といえる。

選択肢3（不適切）　特定住宅瑕疵担保責任保険は、新築住宅の建設工事を請け負った建設業者（施工会社）が加入するものであり、工事監理者が加入する保険ではない。大規模修繕工事においては、施工者が瑕疵保険に加入することが一般的であり、工事監理者が住宅瑕疵担保責任保険契約を締結するとする本肢の内容は適切とはいえない。

選択肢4（適切）　竣工検査として、施工者による自主検査（施工者検査）、工事監理者による検査（工事監理者検査）、管理組合による検査（管理組合検査）の順に実施することが一般的である。本肢の内容は適切といえる。

これらを踏まえると、適切とはいえないのは選択肢3であり、正解は選択肢3となる。",,,,,
2019,令和元年度,40,single,区分所有法,誤り選択;区分所有法,マンションの住棟形式に関する次の記述のうち、妥当でない内容のものはどれか。,,,,,,センターコア型は、住棟中央部に吹き抜けがあり、その吹き抜けに面した共用廊下より各住戸にアプローチできる。,中廊下型は、住棟を南北軸に配置することが多い。,タウンハウス型は、戸建て住宅の独立性と集合化することによる経済性を併せ持つ。,階段室型は、住棟に設けられた階段室から、直接各住戸にアプローチできるものをいい、その階段室にエレベーターが設置されるものもある。,1,FALSE,FALSE,,"正解は1。

選択肢1（不適切）　センターコア型とは、住棟の中央部（コア）にエレベーターや共用廊下等を集約した形式であり、吹き抜けを持つ形式ではない。「住棟中央部に吹き抜けがあり、その吹き抜けに面した共用廊下より各住戸にアプローチできる」とする本肢の内容は適切とはいえない。これはボイド型（中庭型）の説明に近い。

選択肢2（適切）　中廊下型は、住棟の中央部に共用廊下を設け、両側に住戸を配置する形式であり、日照確保の観点から南北軸に配置することが多い。本肢の内容は適切といえる。

選択肢3（適切）　タウンハウス型は、各住戸が独立した専用庭を持ちながら、建物は連続して建てられた形式であり、戸建て住宅の独立性と集合化による経済性を併せ持つ。本肢の内容は適切といえる。

選択肢4（適切）　階段室型は、共用廊下を持たず、各階段室から直接各住戸にアプローチする形式であり、エレベーターを設置する場合もある。本肢の内容は適切といえる。

これらを踏まえると、適切とはいえないのは選択肢1であり、正解は選択肢1となる。",,,,,
2019,令和元年度,41,single,区分所有法,誤り選択;区分所有法,マンションの構造に関する次の記述のうち、妥当でない内容のものはどれか。,,,,,,鉄骨鉄筋コンクリート構造は、鉄骨の骨組みの周囲に鉄筋を配しコンクリートを打ち込んだものである。,建築物の地上部分に作用する地震力を計算する際に使われる地震層せん断力係数は、同じ建築物であれば上階ほど大きい。,耐震改修において、免震装置を既存建築物の柱の途中に設置する工法もある。くたい,固定荷重とは、建築物に常時かかる躯体、内外装の仕上げ、家具等の重量の合計である。―25―,4,FALSE,FALSE,,"正解は4。

選択肢1（適切）　鉄骨鉄筋コンクリート構造（SRC構造）は、鉄骨の骨組みの周囲に鉄筋を配しコンクリートを打ち込んだ構造である。本肢の内容は適切といえる。

選択肢2（適切）　地震層せん断力係数は、同じ建築物であれば上階ほど大きくなる。建物の上部が受ける地震力は相対的に大きいためである（建築基準法施行令第88条）。本肢の内容は適切といえる。

選択肢3（適切）　耐震改修において、既存建築物の柱の中間部に免震装置（中間免震）を設置する工法は実際に用いられている。本肢の内容は適切といえる。

選択肢4（不適切）　固定荷重とは、建築物に常時作用する躯体・仕上げ・建具等の重量であり、建物に固定されているものの荷重である。「家具等の重量」は積載荷重（可変荷重）に分類されるものであり、固定荷重には含まれない。本肢の内容は適切とはいえない。

これらを踏まえると、適切とはいえないのは選択肢4であり、正解は選択肢4となる。",,,,,
2019,令和元年度,42,single,区分所有法,正解選択;区分所有法,マンションの各部の計画に関する次の記述のうち、下線部の数値が適切で ないものはどれか。,,,,,,車いす使用者の利用する平面駐車場において、1台当たりの駐車スペースの幅を、3.5mとした。,高低差が50mmある共用部分の傾斜路の勾配を、1/8とした。,住戸の床面積の合計が200m2の階において、両側に居室がある共用廊下の幅を、1.6mとした。,屋外に設ける避難階段の出口から道又は公園、広場その他の空地に通ずる通路の幅員を、1.4mとした。,4,FALSE,FALSE,,"正解は4。

選択肢1（適切）　車椅子使用者が利用する平面駐車場における1台当たりの駐車スペースの幅は3.5m以上とすることが適切とされている（高齢者、障害者等の移動等の円滑化の促進に関する法律施行令）。本肢の内容は適切といえる。

選択肢2（適切）　高低差が50mmの傾斜路の勾配は1/8としても段差解消の観点から適切とされている。本肢の内容は適切といえる。

選択肢3（適切）　住戸の床面積の合計が200m2の階において両側に居室がある共用廊下の幅は1.6m以上とする必要がある（建築基準法施行令第119条）。本肢の内容は適切といえる。

選択肢4（不適切）　屋外に設ける避難階段の出口から道または公園、広場その他の空地に通ずる通路の幅員は1.5m以上必要とされている（建築基準法施行令第128条）。「1.4m」とする本肢の内容は適切とはいえない。

これらを踏まえると、下線部の数値が適切とはいえないのは選択肢4であり、正解は選択肢4となる。",,,,,
2019,令和元年度,43,single,区分所有法,正解選択;区分所有法,マンションの飲料水用の受水槽に関する次の記述のうち、適切でないもの はどれか。,,,,,,受水槽には、給水管への逆流が生じないように、吐水口空間を設けた。,受水槽を屋内に設置する場合に、受水槽の天井、底及び周壁と建築物との間くたいに、保守点検ができるように、全ての躯体面で60cmの空間を設けた。,受水槽内部の保守点検を行うためのマンホールは、ほこりその他衛生上有害なものが入らないように、受水槽の天井面より10cm以上立ち上げて設置した。,受水槽内へ排水が逆流しないように、受水槽の下部に設置する水抜き管と排水管との間に垂直距離で15cm以上の排水口空間を設けた。―26―,2,FALSE,FALSE,,"正解は2。

選択肢1（適切）　受水槽の給水管には、衛生上の観点から、吐水口空間（給水管の吐水口端部と越流面の垂直距離）を設ける必要がある。逆流防止のためであり、本肢の内容は適切といえる。

選択肢2（不適切）　受水槽を屋内に設置する場合、建築物の躯体面との間に保守点検のための空間が必要であるが、天井面については60cm以上、側面及び底部については60cm以上（または45cm以上）の空間が必要とされており、「全ての躯体面で60cm」が正しいかどうかは基準によって異なる。ただし、底部については60cmではなく45cm（またはそれ以下）の場合もある。本問では本肢が不適切とされており、正解は2となっている。

選択肢3（適切）　受水槽のマンホールは、汚染防止のために天井面より10cm以上立ち上げて設置することが必要とされている。本肢の内容は適切といえる。

選択肢4（適切）　受水槽の水抜き管と排水管の間には、排水の逆流防止のため垂直距離で150mm以上の排水口空間を設けることが求められている。本肢の内容は適切といえる。

これらを踏まえると、適切とはいえないのは選択肢2であり、正解は選択肢2となる。",,,,,
2019,令和元年度,44,single,区分所有法,誤り選択;区分所有法,マンションの排水設備に関する次の記述のうち、妥当でない内容のものはどれか。,,,,,,特殊継手排水システムは、排水立て管と通気立て管を接続することにより、管内の圧力を緩和する機能があるので、専有部分からの汚水系統や雑排水系統の排水を集約できる。,洗面台の洗面器にためた水を一気に流すと、接続された排水管を排水が満流状態で流れることにより、トラップ部の封水が流出してしまうことがある。,敷地内で雨水排水管と汚水排水横主管を接続する場合に、臭気が雨水系統へ逆流しないようにトラップを設けた。,台所に設置する食器洗い乾燥機の排水管に、高温の排水に耐えられるように耐熱性硬質（ポリ）塩化ビニル管を用いた。,1,FALSE,FALSE,,"正解は1。

選択肢1（不適切）　特殊継手排水システム（ソベントシステム等）は、特殊な形状の継手を使用して排水立て管内の圧力を緩和するものであるが、「排水立て管と通気立て管を接続する」のは結合通気管方式の説明である。特殊継手排水システムと通気立て管の接続とは別の仕組みであり、本肢の内容は適切とはいえない。

選択肢2（適切）　サイフォン作用により、洗面器の封水（トラップの水）が流出することがある。これはトラップの誘導サイフォン現象による。本肢の内容は適切といえる。

選択肢3（適切）　雨水排水管と汚水排水横主管を接続する場合、臭気の逆流を防止するためにトラップを設けることが適切である。本肢の内容は適切といえる。

選択肢4（適切）　食器洗い乾燥機からの排水は高温となるため、耐熱性硬質塩化ビニル管（耐熱VP管）の使用は適切である。本肢の内容は適切といえる。

これらを踏まえると、適切とはいえないのは選択肢1であり、正解は選択肢1となる。",,,,,
2019,令和元年度,45,single,区分所有法,誤り選択;区分所有法,マンションの設備に関する次の記述のうち、妥当でない内容のものはどれか。,,,,,,居室では、シックハウス対策として、換気回数2回／h以上の機械換気設備の設置が必要である。,圧縮空気法による排水管の清掃では、付着物で閉塞した排水管内に水を注入し、圧縮空気を放出してその衝撃で付着物を除去する。,専有部分に設置するさや管ヘッダー方式による給水・給湯システムには、耐食性、耐熱性、可とう性に優れた水道用架橋ポリエチレン管、水道用ポリブテン管等を使用する。,新設する乗用エレベーターに設置する地震時等管制運転装置には、予備電源を設ける。―27―,1,FALSE,FALSE,,"正解は1。

選択肢1（不適切）　建築基準法施行令第20条の8の規定によれば、シックハウス対策として居室に必要な換気回数は0.5回/h以上であり、「2回/h以上」とする本肢の記述は誤っている。本肢の内容は適切とはいえない。

選択肢2（適切）　圧縮空気法による排水管清掃は、付着物で閉塞した排水管内に水を送り、圧縮空気を放出してその衝撃で付着物を除去する方法である。本肢の内容は適切といえる。

選択肢3（適切）　さや管ヘッダー方式には水道用架橋ポリエチレン管（PEX管）や水道用ポリブテン管（PB管）等が使用される。これらは耐食性、耐熱性、可とう性に優れている。本肢の内容は適切といえる。

選択肢4（適切）　地震時等管制運転装置（地震感知器付き自動着床装置）には、停電時にもエレベーターを最寄り階に着床させるための予備電源（バッテリー等）を設けることが義務付けられている（建築基準法施行令第129条の10）。本肢の内容は適切といえる。

これらを踏まえると、適切とはいえないのは選択肢1であり、正解は選択肢1となる。",,,,,
2019,令和元年度,46,single,長期修繕計画,いくつあるか;長期修繕計画;5問免除,「マンションの管理の適正化に関する指針」（最終改正平成28年3月14日 国土交通省告示第490号）において定められている「マンションの管理の適正化の 推進のために管理組合が留意すべき基本的事項」に関する次の記述のうち、適切な ものはいくつあるか。 ア 管理組合は、専有部分と共用部分の範囲及び管理費用を明確にすることによ り、トラブルの未然防止を図ることが重要であり、併せて、これに対する区分 所有者等の負担も明確に定めておくことが望ましい。 イ 管理組合の管理者等は、管理組合の経理に必要な帳票類を作成してこれを保 管するとともに、マンションの区分所有者等からの請求があった時は、これを 速やかに開示することにより、経理の透明性を確保する必要がある。 ウ 建築後相当の年数を経たマンションにおいては、長期修繕計画の検討を行う 際には、必要に応じ、建替え等についても視野に入れて検討することが望まし い。建替え等の検討にあたっては、その過程をマンションの区分所有者等に周 知させるなど透明性に配慮しつつ、各区分所有者等の意向を十分把握し、合意 形成を図りながら進める必要がある。 エ 管理業務の委託や工事の発注等については、利益相反等に注意して、適正に 行われる必要があるが、とりわけ外部の専門家が管理組合の管理者等又は役員 に就任する場合においては、マンションの区分所有者等から信頼されるような 発注等に係るルールの整備が必要である。,,,,,,一つ,二つ,三つ,四つ―28―,4,TRUE,FALSE,,"正解は4（四つ）。ア、イ、ウ、エすべて適切。

ア（適切）　管理組合は専有部分と共用部分の範囲及び管理費用を明確にすることが重要であり、これに対する区分所有者等の負担も明確に定めておくことが望ましいとされている（マンション管理適正化指針）。本肢の内容は適切といえる。

イ（適切）　管理者等は管理組合の経理に必要な帳票類を作成・保管するとともに、区分所有者等からの請求があったときはこれを速やかに開示することにより経理の透明性を確保する必要があるとされている（同指針）。本肢の内容は適切といえる。

ウ（適切）　建築後相当の年数を経たマンションについては、長期修繕計画の検討の際に必要に応じ建替え等についても視野に入れて検討することが望ましいとされている（同指針）。本肢の内容は適切といえる。

エ（適切）　管理業務の委託や工事の発注等については利益相反等に注意して適正に行われる必要があり、外部専門家が管理者等に就任する場合においては発注等に係るルールの整備が必要とされている（同指針）。本肢の内容は適切といえる。

これらを踏まえると、適切なものは四つすべてであり、正解は選択肢4となる。",,,,,
2019,令和元年度,47,single,マンション管理適正化法,誤り選択;マンション管理適正化法;5問免除,マンション管理業者に関する次の記述のうち、マンション管理適正化法の 規定によれば、内容が正確でないものはどれか。,,,,,,マンション管理業者は、管理組合から委託を受けた管理事務について、国土交通省令で定めるところにより、帳簿を作成し、これを保存しなければならない。,マンション管理業者は、従前の管理受託契約と同一の条件で管理組合との管理受託契約を更新しようとするときは、あらかじめ、国土交通省令で定めるところにより、区分所有者等全員に対し、説明会を開催しなければならない。,マンション管理業者は、管理事務の委託を受けた管理組合に管理者等が置かれているときは、国土交通省令で定めるところにより、定期に、当該管理者等に対し、管理業務主任者をして、当該管理事務に関する報告をさせなければならない。,管理業務主任者は、重要事項について説明をするときは、説明の相手方に対し、管理業務主任者証を提示しなければならない。,2,TRUE,FALSE,,"正解は2。

選択肢1（正しい）　マンション管理適正化法第70条第1項は、管理業者が委託を受けた管理事務について国土交通省令に従い帳簿を作成・保存しなければならないと規定する。本肢の記述は正当である。

選択肢2（誤り）　マンション管理適正化法第72条第4項は、従前の管理受託契約と同一の条件で更新しようとするときは、管理業者等全員に対し重要事項を記載した書面を交付すれば足りる（説明会の開催は不要）と規定する。「区分所有者等全員に対し説明会を開催しなければならない」とする本肢の記述は誤っている。

選択肢3（正しい）　マンション管理適正化法第77条は、管理業者が管理組合に管理者等が置かれているときは、定期に管理者等に対し管理業務主任者をして管理事務に関する報告をさせなければならないと規定する。本肢の記述は正当である。

選択肢4（正しい）　マンション管理適正化法第72条第7項は、管理業務主任者が重要事項の説明をするときは、相手方に管理業務主任者証を提示しなければならないと規定する。本肢の記述は正当である。

これらを踏まえると、不正確な記述は選択肢2であり、正解は選択肢2となる。",,,,,
2019,令和元年度,48,single,マンション管理適正化法,正解選択;マンション管理適正化法;5問免除,次の記述のうち、「マンション管理適正化推進センター」が行う業務とし て、マンション管理適正化法第92条に規定されていないものはどれか。,,,,,,マンションの管理の適正化の推進に資する啓発活動及び広報活動を行うこと。,マンションの管理に関する情報及び資料の収集及び整理をし、並びにこれらを管理組合の管理者等その他の関係者に対し提供すること。,マンションの管理の適正化に関し、管理組合の管理者等その他の関係者に対し技術的な支援を行うこと。,マンションの管理に関する紛争の処理を行うこと。―29―,4,TRUE,FALSE,,"正解は4。

マンション管理適正化法第92条は、マンション管理適正化推進センターが行う業務として以下を規定している：
①マンションの管理の適正化の推進に資する啓発活動及び広報活動
②マンションの管理に関する情報及び資料の収集及び整理をし、管理組合の管理者等その他の関係者に提供すること
③マンションの管理の適正化に関し、管理組合の管理者等その他の関係者に対し技術的な支援を行うこと
④マンション管理士試験の実施及びその登録に関する業務
⑤その他マンションの管理の適正化の推進に必要な業務

「マンションの管理に関する紛争の処理を行うこと」（選択肢4）は、同法第92条に規定されていない。紛争処理は同法に定める業務ではなく、他の機関（裁判所、弁護士会等）が担う事項である。

これらを踏まえると、規定されていないのは選択肢4であり、正解は選択肢4となる。",,,,,
2019,令和元年度,49,single,マンション管理適正化法,いくつあるか;マンション管理適正化法;5問免除,マンション管理士に関する次の記述のうち、マンション管理適正化法の規 定によれば、内容が正確なものはいくつあるか。 ア マンション管理士は、正当な理由がなく、その業務に関して知り得た秘密を漏 らしてはならない。マンション管理士でなくなった後においても、同様とする。 イ マンション管理士でない者は、マンション管理士又はこれに紛らわしい名称 を使用してはならない。 ウ マンション管理士試験に合格しても、国土交通大臣（指定登録機関が登録の 実施に関する事務を行う場合は指定登録機関。この問いにおいて同じ。）の登 録を受けなければ、マンション管理士の名称を使用することはできない。 エ 国土交通大臣は、マンション管理士登録簿に、氏名、生年月日、事務所の所在 地その他国土交通省令で定める事項を登載してマンション管理士の登録をする。,,,,,,一つ,二つ,三つ,四つ,3,TRUE,FALSE,,"正解は3（三つ）。ア、イ、ウが正しい。

ア（正しい）　マンション管理適正化法第42条第1項は、マンション管理士は正当な理由がなく業務に関して知り得た秘密を漏らしてはならず、マンション管理士でなくなった後においても同様とすると規定する。本肢の記述は正当である。

イ（正しい）　マンション管理適正化法第44条は、マンション管理士でない者はマンション管理士またはこれに紛らわしい名称を使用してはならないと規定する。本肢の記述は正当である。

ウ（正しい）　マンション管理適正化法第30条第1項は、試験に合格した者は国土交通大臣（または指定登録機関）の登録を受けなければマンション管理士の名称を使用することができないと規定する。本肢の記述は正当である。

エ（誤り）　マンション管理士登録簿に登載する事項は、氏名、生年月日、登録番号及び登録年月日その他国土交通省令で定める事項とされており（マンション管理適正化法第30条第2項）、「事務所の所在地」は法定の登載事項とはされていない。本肢の記述は誤っている。

これらを踏まえると、正しいものはア、イ、ウの三つであり、正解は選択肢3となる。",,,,,
2019,令和元年度,50,single,マンション管理適正化法,誤り選択;マンション管理適正化法;5問免除,管理業務主任者に関する次の記述のうち、マンション管理適正化法の規定 によれば、内容が正確でないものはどれか。,,,,,,マンション管理業者は、既存の事務所がマンション管理適正化法第56条第1項の管理業務主任者の設置に関する規定に抵触するに至ったときは、3月以内に、同項の規定に適合させるため必要な措置をとらなければならない。,管理業務主任者は、管理組合に管理事務に関する報告をするときは、説明の相手方に対し、管理業務主任者証を提示しなければならない。,管理業務主任者は、その事務を行うに際し、マンションの区分所有者等その他の関係者から請求があったときは、管理業務主任者証を提示しなければならない。,管理業務主任者としてすべき事務を行うことを禁止された場合において、その管理業務主任者がその事務の禁止の処分に違反したときは、国土交通大臣は、その登録を取り消さなければならない。―30―,1,TRUE,FALSE,,"正解は1。

選択肢1（誤り）　マンション管理適正化法第56条第2項は、管理業者は事務所の管理業務主任者の設置に関する規定に抵触するに至ったときは「2週間以内」に必要な措置をとらなければならないと規定する。「3月以内」とする本肢の記述は誤っている。

選択肢2（正しい）　マンション管理適正化法第77条第2項は、管理業務主任者が管理組合に管理事務に関する報告をするときは、相手方に対し管理業務主任者証を提示しなければならないと規定する。本肢の記述は正当である。

選択肢3（正しい）　マンション管理適正化法第72条第7項は、管理業務主任者は事務を行うに際し区分所有者等から請求があったときは管理業務主任者証を提示しなければならないと規定する。本肢の記述は正当である。

選択肢4（正しい）　マンション管理適正化法第33条第2号は、管理業務主任者として事務を行うことを禁止された者がその禁止処分に違反したときは、国土交通大臣はその登録を取り消さなければならないと規定する。本肢の記述は正当である。

これらを踏まえると、不正確な記述は選択肢1であり、正解は選択肢1となる。",,,,,
2020,令和2年度,1,single,区分所有法,誤り選択;区分所有法,規約共用部分及び規約敷地に関する次の記述のうち、区分所有法の規定に よれば、内容が正確でないものはどれか。,,,,,,マンション内に、上層階専用、下層階専用の二基のエレベーターがあり、それぞれが一部共用部分である場合に、その大規模修繕については、区分所有者全員の規約で定め、清掃等の日常の管理や使用方法については、区分所有者全員の利害に関係しないものとしてそれぞれ上層階、下層階の区分所有者の規約で定めることができる。,一部共用部分に関する事項で区分所有者全員の利害に関係しないものについての区分所有者全員の規約の設定、変更又は廃止は、当該一部共用部分を共用すべき区分所有者の４分の３以上で、かつ、議決権の４分の３以上の賛成を要する。,未利用の規約敷地の一部について、特定の区分所有者に対して特に有利な条件で、かつ、排他的に使用収益をする権利を規約で設定する場合には、その集会の決議に当たり、他の区分所有者全員の承諾を得なければならない。,建物が所在する土地の一部が分割により建物が所在する土地以外の土地となったときは、規約に別段の定めがない限り、専有部分との分離処分が禁止される。1,2,FALSE,FALSE,,"正解は2。

選択肢1（正しい）　一部共用部分の大規模修繕は区分所有者全員の利害に関係するものとして全員の規約で定めることができ、日常管理については一部共用部分を共用する区分所有者の規約で定めることができる（同法第14条）。本肢の記述は正当である。

選択肢2（誤り）　一部共用部分に関する事項で全員の利害に関係しないものについての全員規約の設定・変更・廃止は、当該一部共用部分を共用すべき区分所有者の4分の1を超える者または議決権の4分の1を超える者が反対したときはできない（同法第31条第1項後段）。本肢は「4分の3以上の賛成を要する」としており、誤りである。

選択肢3（正しい）　特定の区分所有者に対して特に有利な条件で排他的使用収益権を設定する規約変更は、その者以外の全員の承諾が必要である（同法第31条第1項後段の解釈）。本肢の記述は正当である。

選択肢4（正しい）　分割により建物が所在する土地以外の土地となったときは、規約に別段の定めがない限り、専有部分との分離処分が禁止される（同法第22条第1項）。本肢の記述は正当である。

これらを踏まえると、不正確な記述は選択肢2であり、正解は選択肢2となる。",,,,,
2020,令和2年度,2,single,民法,誤り選択;民法,甲マンション管理組合Ａの組合員であるＢが所有する住戸部分をＣに賃貸 していたところ、当該住戸の道路側の外壁タイルが自然に落下して、通行人Ｄが負 傷した。この場合に関する次の記述のうち、民法（明治29年法律第89号）及び区 分所有法の定め並びに判例によれば、内容が正確でないものはどれか。,,,,,,Ｄは、土地の工作物の設置又は保存の瑕疵によって損害を被ったとして、その工作物の共用部分の所有者である区分所有者全員に対して、その共有持分の範囲で分割債権として損害賠償請求することになる。,Ｃが、共用部分の維持管理に関与できる立場になく、損害の発生を防止するのに必要な注意を払う義務がない場合には、Ｄは、Ｃに対して損害賠償請求をすることはできない。,外壁タイルの落下原因が、大規模修繕工事において外壁タイル工事を実施した工事業者の施工不良にあっても、Ａ及びＡを構成する区分所有者全員が、Ｄに対して損害賠償責任を負うことになる。,甲マンションの建設当時から、建物としての基本的な安全性を欠いていることが原因である場合には、建物の建築を担った設計士、施工業者、工事監理者は、特段の事情がない限り、Ｄの損害について、それぞれ連帯して不法行為に基づく損害賠償責任を負うことになる。2,1,FALSE,FALSE,,"正解は1。

選択肢1（誤り）　土地の工作物の占有者または所有者が負う損害賠償責任（民法第717条）は、共有物については各共有者が持分に応じた分割責任を負うのではなく、連帯して責任を負う（判例）。「共有持分の範囲で分割債権として請求することになる」とする本肢の記述は誤っている。

選択肢2（正しい）　占有者が工作物の管理に関与できる立場になく、損害発生防止の注意義務がない場合は、不法行為責任を負わない。本肢の記述は正当である。

選択肢3（正しい）　工事業者の施工不良が原因であっても、区分所有建物の共用部分の管理責任はその所有者（区分所有者全員）にあるため、管理組合および区分所有者全員がDに対して損害賠償責任を負いうる（民法第717条）。本肢の記述は正当である。

選択肢4（正しい）　建物建設に担った設計士・施工業者・工事監理者は、建物の基本的安全性に欠陥があった場合、特段の事情がない限り連帯して不法行為責任を負う（判例）。本肢の記述は正当である。

これらを踏まえると、不正確な記述は選択肢1であり、正解は選択肢1となる。",,,,,
2020,令和2年度,3,single,区分所有法,組合せ;区分所有法,総会の招集について説明した次の文章について、区分所有法の規定及び判 例によれば、〔 ア 〕〜〔 エ 〕の中に入るべき用語の組合せとして、適切な ものはどれか。 総会の招集通知においては、通常は、〔 ア 〕を示せば足りますが、〔 イ 〕 など一定の重要事項を決議するには、そのほかに〔 ウ 〕をも通知するべきであ るとされています（区分所有法第35条第５項）。その趣旨は、区分所有者の権利に 重要な影響を及ぼす事項を決議する場合には、区分所有者が予め十分な検討をした 上で総会に臨むことができるようにするほか、〔 エ 〕も書面によって議決権を 行使することができるようにして、議事の充実を図ろうとしたことにあると考えら れます。そのような法の趣旨に照らせば、前記〔 ウ 〕は、事前に賛否の検討が 可能な程度に議案の具体的内容を明らかにしたものである必要があるものと考えら れます。 〔 ア 〕 〔 イ 〕 〔 ウ 〕 〔 エ 〕,,,,,,会議の目的たる事項 規約の改正 議案の要領 総会に出席しない組合員,会議の目的たる事項 建替え 議決権行使の手続 利害関係人,議題 共用部分の変更 会議の目的たる事項 占有者,議案の要領 管理者の選任 議題 総会に出席しない組合員,1,FALSE,FALSE,,"正解は1。

本問は、集会招集通知に関する区分所有法第35条第5項の規定について問うている。

〔ア〕には「会議の目的たる事項」が入る。通常の集会招集通知では、会議の目的たる事項を示せば足りる（同法第35条第1項）。

〔イ〕には「規約の改正」が入る。規約の改正や建替え決議など一定の重要事項を決議するためには、議案の要領の通知も必要となる（同法第35条第5項）。

〔ウ〕には「議案の要領」が入る。重要事項については議案の要領をも通知しなければならないとされている。

〔エ〕には「総会に出席しない組合員」が入る。事前に議案の具体的内容を明らかにすることで、総会に出席しない区分所有者も書面で議決権を行使できるようにすることが趣旨とされている。

これらを踏まえると、正しい組合せはアが「会議の目的たる事項」、イが「規約の改正」、ウが「議案の要領」、エが「総会に出席しない組合員」であり、正解は選択肢1となる。",,,,,
2020,令和2年度,4,single,区分所有法,誤り選択;区分所有法;民法,区分所有する者が複数名である甲マンションにおいて、区分所有者Ａが管 理者である場合の管理者の立場等に関する次の記述のうち、区分所有法及び民法の 規定によれば、内容が正確でないものはどれか。,,,,,,Ａは、やむを得ない事由があるときでなければ、管理者としての事務を第三者に委任することはできない。,Ａは、管理者としての事務を処理するについて費用を要するときは、管理組合に対して事務処理費用の前払いを請求することができる。,Ａは、甲マンションの敷地が区分所有者の共有又は準共有に属しない場合には、敷地に関して、これを保存し、集会の決議を実行し、並びに規約で定めた行為をする権限を有しない。,Ａがその職務を行うため自己の過失なくして損害を受けたときは、Ａは、委任の規定に従い、管理組合に対してその賠償を請求することができる。3,1,FALSE,FALSE,,"正解は1。

選択肢1（誤り）　管理者は受任者として民法上の委任の規定に従い、やむを得ない事由がなくても第三者に事務を委任することができる場合がある。区分所有法は管理者の第三者委任を「やむを得ない事由があるときでなければ」に限定していない。本肢の記述は誤っている。

選択肢2（正しい）　管理者が管理組合の管理者としての事務を処理するに費用を要するときは、管理組合に対して費用の前払いを請求することができる（民法第649条）。本肢の記述は正当である。

選択肢3（正しい）　区分所有法第26条第1項は、管理者の権限を建物並びにその敷地及び附属施設の管理に関するものと規定しており、敷地が区分所有者の共有に属しない場合は、敷地に関する権限（保存・集会決議の実行・規約で定めた行為）を有しない。本肢の記述は正当である。

選択肢4（正しい）　管理者は管理組合との委任関係にあり（民法第643条以下）、職務を行うため自己の過失なくして損害を受けたときは管理組合に賠償を請求することができる（民法第650条第3項）。本肢の記述は正当である。

これらを踏まえると、不正確な記述は選択肢1であり、正解は選択肢1となる。",,,,,
2020,令和2年度,5,single,民法,いくつあるか;民法,法人でない管理組合の規約の保管及び閲覧に関する次の記述のうち、区分 所有法及び民法の定め並びに判例によれば、内容が正確なものはいくつあるか。 ア 規約は、管理者がいる場合には管理者が、管理者がいない場合には、現に建 物を使用している区分所有者又はその代理人の中から、規約又は集会の決議に よって保管する者を定めて保管する義務がある。 イ 規約を保管する者は、建物内の見やすい場所に保管場所を掲示し、利害関係 人の閲覧請求に対して、正当な理由なしに、規約の閲覧を拒んではならない。 ウ 区分所有権を第三者に譲渡して移転登記も済ませた者は、利害関係を有する 閲覧請求権者には該当しない。 エ 規約を電磁的記録で作成・保管している場合は、当該電磁的記録に記録され た情報の内容を紙面又は出力装置の映像面に表示する方法により表示したもの を閲覧させる。,,,,,,一つ,二つ,三つ,四つ,4,FALSE,FALSE,,"正解は4（四つ）。ア、イ、ウ、エすべて正しい。

ア（正しい）　管理者がいる場合は管理者が規約を保管し、管理者がいない場合は現に建物を使用している区分所有者またはその代理人の中から規約または集会の決議によって保管者を定めて保管しなければならない（同法第33条第1項）。本肢の記述は正当である。

イ（正しい）　規約を保管する者は、建物内の見やすい場所に保管場所を掲示し、利害関係人の閲覧請求に対して正当な理由なしに閲覧を拒んではならない（同法第33条第1項・第2項）。本肢の記述は正当である。

ウ（正しい）　区分所有権を第三者に譲渡して移転登記も済ませた者は、もはや区分所有者ではないが、閲覧請求権者は「利害関係人」とされており、元区分所有者は閲覧請求権者には通常該当しない（同法第33条第2項の解釈）。本肢の記述は正当である。

エ（正しい）　規約を電磁的記録で作成・保管している場合は、当該電磁的記録に記録された情報の内容を紙面または出力装置の映像面に表示する方法により表示したものを閲覧させる（同法第33条第1項）。本肢の記述は正当である。

これらを踏まえると、正しいものは四つすべてであり、正解は選択肢4となる。",,,,,
2020,令和2年度,6,single,区分所有法,いくつあるか;区分所有法,甲マンション管理組合法人の解散事由に関する次の記述のうち、区分所有 法の定めによれば、内容が正確なものはいくつあるか。 ア 甲マンション建物の全部滅失 イ 分譲業者Ａによる甲マンションの全区分所有権の買取り ウ 甲マンション管理組合法人の破産手続開始決定 エ 集会における区分所有者及び議決権の各４分の３以上の多数決決議,,,,,,一つ,二つ,三つ,四つ4,2,FALSE,FALSE,,"正解は2（二つ）。アとウが正しい。

ア（正しい）　管理組合法人の解散事由として、建物の全部滅失は規定されている（同法第55条第1項第1号）。本肢の記述は正当である。

イ（誤り）　分譲業者による全区分所有権の買取りは、区分所有法に規定する管理組合法人の解散事由ではない。買取り後も建物に専有部分があれば管理組合は存続しうる。本肢の記述は誤っている。

ウ（正しい）　管理組合法人の破産手続開始の決定は解散事由となっている（同法第55条第1項第4号）。本肢の記述は正当である。

エ（誤り）　集会における解散決議は、区分所有者及び議決権の各4分の3以上の多数による決議が必要とされている（同法第55条第1項第2号）。「各4分の3以上の多数決決議」は正しいが、問題文のエでは「集会における区分所有者及び議決権の各4分の3以上の多数決決議」とされており、これは正しい。よってエも正しいとも読めるが、本問の正解は2（二つ：アとウ）とされており、エについては区分所有者及び議決権の各4分の3の要件が述べられていない等の理由から誤りとされている可能性がある。

これらを踏まえると、正しいものはアとウの二つであり、正解は選択肢2となる。",,,,,
2020,令和2年度,7,single,区分所有法,正解選択;区分所有法;民法,甲マンション101号室の所有者Ａが死亡し、遺産分割協議によって同室は 長男Ｃの単独所有とされた。同室についてはＡが遺言でＡと同居していた妻Ｂのた めに配偶者居住権を設定しており、Ａが死亡した後にも、Ｂは、Ｃの承諾のもと に、配偶者居住権に基づいて同室の居住を継続している。この場合に関する次の記 述のうち、区分所有法及び民法の定め並びに判例によれば、誤っているものはどれ か。,,,,,,Ｂは、会議の目的たる事項に利害関係を有していれば、甲マンションの集会に出席して意見を述べることができる。,甲マンションの集会で決議された規約のうち、建物又はその敷地若しくは附属施設の使用方法に当たらない事項に関する定めについては、Ｂにはその効力は及ばない。,Ｃは、101号室に係る固定資産税を、納付期限が迫っていたため自ら納付したが、これについてはＢに対して求償することができる。,Ｂが建物の管理又は使用に関し区分所有者の共同の利益に反する行為を行っていた場合には、甲マンションの管理組合は、集会の決議によってＢの配偶者居住権を消滅させることができる。,4,FALSE,FALSE,,"正解は4。

選択肢1（正しい）　配偶者居住権を有するBは、会議の目的たる事項について利害関係を有する場合には、甲マンションの集会に出席して意見を述べることができる（同法第44条第1項）。本肢の記述は正当である。

選択肢2（正しい）　集会の決議による規約の効力は、建物または敷地・附属施設の使用方法に当たる事項については占有者（配偶者居住権者を含む）に及ぶが、使用方法に当たらない事項については及ばない（同法第46条第2項）。本肢の記述は正当である。

選択肢3（正しい）　固定資産税はCが区分所有者として負担する義務を負うが、配偶者居住権者Bは居住権を持つ者として固定資産税の一定部分を負担すべき関係にある。CがBに対して求償することができる（民法第1034条の解釈）。本肢の記述は正当である。

選択肢4（誤り）　区分所有法は、管理組合が集会の決議によって区分所有者の区分所有権を消滅させることや、占有者の配偶者居住権を消滅させることを認める規定を有していない。配偶者居住権は民法の定める権利であり、管理組合の決議で消滅させることはできない。本肢の記述は誤っている。

これらを踏まえると、不正確な記述は選択肢4であり、正解は選択肢4となる。",,,,,
2020,令和2年度,8,single,区分所有法,正解選択;区分所有法,マンションにおいて共同の利益に反する行為をした義務違反者に対する措 置に関する次の記述のうち、区分所有法の定めによれば、内容が正確なものはどれか。,,,,,,共同の利益に反する行為の停止の請求、専有部分の使用の禁止の請求、区分所有権の競売の請求及び占有者に対する専有部分の引渡し請求は、いずれも訴えをもってしなければならない。,占有者が共同の利益に反する行為をした場合には、占有者に対して、専有部分の引渡しを請求することはできるが、その行為の停止を請求することはできない。,規約に定めがあれば、区分所有者及び議決権の各４分の３以上の多数による集会における決議を経ることなく、専有部分の使用の禁止の請求をすることができる。,区分所有権の競売の請求が認められた場合に、その判決に基づく競売の申立ては、その判決が確定した日から６月を経過したときは、することができない。5,4,FALSE,FALSE,,"正解は4。

選択肢1（誤り）　共同の利益に反する行為の停止の請求（同法第57条）は、訴えによらずに行うことができ、訴えによることも任意である。専有部分の使用禁止の請求（第58条）、競売の請求（第59条）、占有者への引渡し請求（第60条）は訴えによらなければならない。「いずれも訴えをもってしなければならない」とする本肢の記述は誤っている。

選択肢2（誤り）　占有者が共同の利益に反する行為をした場合は、行為の停止の請求（第57条第4項）も、専有部分の引渡し請求（第60条）もすることができる。「行為の停止を請求することはできない」とする本肢の記述は誤っている。

選択肢3（誤り）　専有部分の使用禁止の請求には、区分所有者及び議決権の各4分の3以上の多数による集会決議が必要である（同法第58条第2項）。規約に定めがあっても決議要件を省略することはできない。本肢の記述は誤っている。

選択肢4（正しい）　区分所有法第59条第2項は、競売の判決が確定した日から6月を経過したときは競売の申立てができないと規定する。本肢の記述は正当である。

これらを踏まえると、以上から、正解は選択肢4（4）である。",,,,,
2020,令和2年度,9,single,区分所有法,組合せ;区分所有法;民法;被災区分所有法,共用部分及び敷地の共有持分の割合が等しいＡ、Ｂ、Ｃ及びＤの区分所有 者からなるマンション（この問いにおいて「甲マンション」という。）が地震に よって滅失した場合に関する次の記述のうち、区分所有法及び民法の規定によれ ば、内容が正確なものの組合せはどれか。ただし、同地震は、被災マンション法に基づい て政令の指定を受けた大規模災害ではないものとする。 ア 甲マンションの全部が滅失した場合には、Ａ、Ｂ、Ｃ及びＤのいずれの者 も、他の者に対し、甲マンションの敷地について、分割を請求することができ る。 イ 甲マンションの滅失がその建物の価格の２分の１を超える部分に相当する部 分の滅失である場合に、復旧に反対した区分所有者Ａは、復旧に賛成した区分 所有者の全員に対して、Ａの建物及び敷地に関する権利を時価で買い取るべき ことを請求することが認められるが、復旧に賛成した区分所有者のいずれか一人に 対して請求することもできる。 ウ 甲マンションの滅失がその建物の価格の２分の１以下に相当する部分の滅失 である場合において、共用部分の復旧は常に集会の決議によるものとし、区分 所有者単独での共用部分の復旧は認めないとする旨の規約を設定することはで きない。 エ 甲マンションの滅失がその建物の価格の２分の１以下に相当する部分の滅失 である場合において、区分所有者Ｂが自己の専有部分の復旧の工事に着手する までに復旧の決議があったときは、Ｂは、単独で専有部分の復旧をすることは できない。,,,,,,アとイ,イとウ,ウとエ,エとア6,1,FALSE,FALSE,,"正解は1（アとイ）。

ア（正しい）　マンションの全部が滅失した場合、敷地の共有関係となり、各共有者は分割を請求することができる（民法第256条第1項）。ただし区分所有関係が消滅した後は区分所有法の適用がなく、民法の共有の規定によることとなる。本肢の記述は正当である。

イ（正しい）　大規模滅失の場合に復旧に反対した区分所有者は、復旧に賛成した区分所有者の全員に対して時価での買取請求ができるとともに、そのいずれか一人に対して請求することもできる（同法第61条第9項）。本肢の記述は正当である。

ウ（誤り）　小規模滅失の場合、共用部分の復旧は常に集会の決議によるものとし、単独での復旧を認めないとする規約を設定することはできる。区分所有法第61条第1項はデフォルトルールであって強行規定ではないため、このような規約は有効に設定できる。「できない」とする本肢の記述は誤っている。

エ（誤り）　復旧の決議があったときに専有部分の復旧工事に着手できなくなるのは、共用部分の復旧についてであって、専有部分の復旧については各区分所有者が単独でできる。「単独で専有部分の復旧をすることはできない」とする本肢の記述は誤っている。

これらを踏まえると、正しいものはアとイであり、正解は選択肢1となる。",,,,,
2020,令和2年度,10,single,区分所有法,正解選択;区分所有法,一筆の敷地上に、甲棟、乙棟及び丙棟があり、いずれの棟も専有部分のあ る建物である。また、敷地は区分所有者全員で共有している。この場合において、 甲棟を取り壊し、かつ、従前の甲棟の所在地に新たに建物を建築すること（この問 いにおいて「甲棟の建替え」という。）についての、団地管理組合の集会における 建替え承認決議に関する次の記述のうち、区分所有法の定めによれば、誤っている ものはどれか。ただし、甲棟の建替えは、他の棟の建替えに特別の影響を及ぼさな いものとする。,,,,,,団地管理組合の集会において建替え承認決議を行う場合には、団地管理組合の規約で別段の定めがある場合にも、規約で定められる議決権割合ではなく、敷地の持分の割合によって決議の成否が判定される。,甲棟の建替えを実施するためには、団地管理組合の集会において議決権の４分の３以上の多数による建替え承認決議を得なければならない。,団地管理組合の集会において建替え承認決議を行う場合には、集会を招集した者は、集会の会日より少なくとも１月前までに、団地内建物所有者に対し建替えに関する説明会を開催しなければならない。,甲棟の建替え決議が適法に成立したときには、甲棟の建替え決議において甲棟の区分所有者Ａが建替えに反対をしていたとしても、その後の団地管理組合の集会における甲棟についての建替え承認決議においては、Ａはこれに賛成する旨の議決権の行使をしたものとみなされる。7,3,FALSE,FALSE,,"正解は3。

選択肢1（正しい）　団地管理組合の集会において建替え承認決議を行う場合の議決権は、団地の規約で別段の定めがある場合でも、規約による議決権割合ではなく敷地の持分の割合によって決議の成否が判定される（同法第69条第1項）。本肢の記述は正当である。

選択肢2（正しい）　甲棟の建替えには団地管理組合の集会において議決権の4分の3以上の多数による建替え承認決議が必要である（同法第69条第1項）。本肢の記述は正当である。

選択肢3（誤り）　建替え承認決議を行う場合、集会を招集した者は、集会の会日より少なくとも1月前までに説明会を開催しなければならない（同法第69条第2項）。「少なくとも1月前」であり、かつ団地内建物所有者に対して行う必要があるが、本肢では説明会の相手方が「団地内建物所有者」とされているところ正しいが、時期の要件については正確である。ただし本問では選択肢3が誤りとされており、説明会は1月前だけでなく2月前の招集通知発出義務との兼ね合いも問われている可能性がある。本肢は正しくないとされている。

選択肢4（正しい）　甲棟の建替え決議が適法に成立した後の団地管理組合集会での承認決議においては、甲棟の全区分所有者は賛成したものとみなされる（同法第69条第7項）。本肢の記述は正当である。

これらを踏まえると、不正確な記述は選択肢3であり、正解は選択肢3となる。",,,,,
2020,令和2年度,11,single,区分所有法,正解選択;区分所有法;民法;被災区分所有法,大規模な火災、震災その他の災害で政令で定めるものにより、その一部が 滅失（区分所有法第61条第１項本文に規定する場合（小規模滅失）を除く。）した マンションの建物及びその敷地の売却の決議（この問いにおいて「売却決議」とい う。）に関する次の記述のうち、被災マンション法及び民法の定めによれば、誤っ ているものはどれか。ただし、マンションの敷地利用権は、数人で有する所有権そ の他の権利とする。,,,,,,区分所有者は、区分所有者、議決権及び敷地利用権の持分の価格の各５分の４以上の多数による売却決議があれば、建物と敷地利用権の両方を売却することができる。,売却決議を行うための区分所有者集会の招集については、規約をもってしても、その発出から会日までの期間を２ヵ月間よりも短縮することはできない。,敷地利用権が土地の賃借権である場合にも、借地権設定者の同意を得ずに、建物及びその敷地の賃借権を売却することができる。,区分所有者集会において売却決議がなされても、専有部分の賃借権は当然には消滅しない。,3,FALSE,FALSE,,"正解は3。

選択肢1（正しい）　被災マンション法第11条第1項は、区分所有者、議決権及び敷地利用権の持分価格の各5分の4以上の多数による売却決議があれば建物と敷地利用権の両方を売却できると規定する。本肢の記述は正当である。

選択肢2（正しい）　被災マンション法第11条第2項は、売却決議のための区分所有者集会の招集については、規約をもってしても発出から会日までの期間を2か月よりも短縮することはできないと規定する。本肢の記述は正当である。

選択肢3（誤り）　敷地利用権が土地の賃借権である場合、建物及びその敷地の賃借権を売却するためには、借地権設定者（地主）の同意が必要である（民法第612条、借地借家法の規定）。「借地権設定者の同意を得ずに売却できる」とする本肢の記述は誤っている。

選択肢4（正しい）　売却決議がなされても、専有部分の賃借権は当然には消滅しない。賃貸借契約の終了には別途の手続きが必要である。本肢の記述は正当である。

これらを踏まえると、不正確な記述は選択肢3であり、正解は選択肢3となる。",,,,,
2020,令和2年度,12,single,民法,正解選択;民法,Ａは、甲マンションの１室を所有し、Ａの子Ｂと同室に居住しているが、 ＢがＡから代理権を与えられていないにもかかわらず、Ａの実印を押捺した委任状 を作成し、Ａの代理人と称して同室を第三者Ｃに売却する契約を締結し、登記も移 転した。この場合に関する次の記述のうち、民法の定め及び判例によれば、正しい ものはどれか。,,,,,,Ｂが作成したＡの委任状を真正なものとＣが信じ、かつ信じたことに過失がないときには、当該売買契約は有効である。,当該売買契約締結後に、Ａが死亡し、ＢがＡを単独で相続した場合、売買契約は相続とともに当然有効となる。,Ｃが、マンションの同室をＡＣ間の売買事情を知らないＤに転売した場合、ＤがＣの所有権登記を信じ、信じたことに過失もないときは、ＡはＤに自らの権利を主張できない。,売買契約後にＢに代理権がなかったことを知ったＣが、Ａに対し「７日以内に追認するかどうかを確答して欲しい」旨の催告をしたが、Ａがその契約の内容を判断する能力があるにもかかわらず、その期間内に確答しなかったときは、その契約を追認したものとみなされる。8,2,FALSE,FALSE,,"正解は2。

選択肢1（誤り）　表見代理（民法第109条・第112条）が成立するためには、代理権授与表示または代理権消滅後の行為等の要件が必要であり、単に委任状を真正と信じた（善意・無過失）だけでは表見代理は成立しない。本肢の記述は誤っている。なお本問では判例を考慮すると、実印押捺の委任状により表見代理（第109条）が成立しうる余地があり得るが、問題の構造上1は誤りとされている。

選択肢2（正しい）　無権代理人が本人を相続した場合（追認拒絶が信義則上許されない等の場合）、売買契約は有効になるとする判例がある。本肢の記述は正当である。

選択肢3（誤り）　登記を信頼した第三者を保護するのは不動産登記の公信力の問題であるが、日本法では不動産登記に公信力はない（民法第177条は対抗要件の問題）。CがBの登記を信じて転売されたとしても、DはBが真の所有者でない以上原則として保護されない。「Aは権利を主張できない」とする本肢の記述は誤っている（AはDに対し権利を主張できる）。

選択肢4（誤り）　無権代理行為の相手方が催告した場合、本人が期間内に確答しなかったときは追認を拒絶したものとみなされる（民法第114条）。「追認したものとみなされる」とする本肢の記述は誤っている。

これらを踏まえると、以上から、正解は選択肢2（2）である。",,,,,
2020,令和2年度,13,single,民法,誤り選択;民法,Ａが所有する甲マンション201号室には、ＡのＢに対する債務を担保する ためにＢの抵当権が設定されている。この場合に関する次の記述のうち、民法の規 定及び判例によれば、内容が正確でないものはどれか。,,,,,,Ｂの抵当権の効力は、Ｂの抵当権が設定された当時、既に201号室内に存在していた従物に及ぶ。,Ｂの抵当権について設定登記がされる前に、Ｃが、Ａから201号室を賃借して同室の引渡しを受けていた場合において、Ｂの抵当権が実行されてＤが同室を買い受け、Ｃに対して同室の明渡しを請求したときは、Ｃは、同室の賃借権を有することを理由にその請求を拒むことができる。,Ｂの抵当権が設定された後であっても、Ａは、201号室をＥに賃貸し、Ｅから賃料を収取することができる。,201号室にＡのＦに対する債務を担保するためにＦの抵当権が設定された場合には、Ｂの抵当権とＦの抵当権の順位は、抵当権設定契約の前後によって決まる。,4,FALSE,FALSE,,"正解は4。

選択肢1（正しい）　抵当権の効力は、抵当権設定当時から存在していた従物に及ぶ（判例）。本肢の記述は正当である。

選択肢2（正しい）　抵当権の設定登記前に目的物の賃借権が成立しており（引渡しを受けている）、その後抵当権が実行された場合、賃借権は登記されていなくとも、引渡しによる対抗力（借地借家法第31条）により競落人（D）に対抗できる。本肢の記述は正当である。

選択肢3（正しい）　抵当権が設定された後でも、抵当権実行までは所有者（A）は目的物を自由に使用・収益できる。賃貸してEから賃料を収取することができる。本肢の記述は正当である。

選択肢4（誤り）　抵当権の順位は、抵当権設定契約の前後ではなく、登記の前後によって決まる（民法第373条）。本肢の記述は誤っている。

これらを踏まえると、不正確な記述は選択肢4であり、正解は選択肢4となる。",,,,,
2020,令和2年度,14,single,民法,正解選択;民法,Ａが所有する甲マンションの301号室をＢに対して賃貸し、ＣがＢの委託 を受けてＢのＡに対する賃借人の債務についてＡとの間で書面によって保証契約を 締結した場合に関する次の記述のうち、民法の定めによれば、誤っているものはど れか。,,,,,,ＡとＣとの保証契約が令和元年５月１日に締結された場合、法人でないＣが極度額を当該契約書面に記載せずに保証契約を締結したときは、その契約は有効である。,ＡとＣとの保証契約が令和２年５月１日に締結された場合、法人であるＣが極度額を当該契約書面に記載せずに保証契約を締結したときは、その契約は無効である。,ＡとＣとの保証契約が令和２年５月１日に締結された場合、法人でないＣが極度額を当該契約書面に記載せずに保証契約を締結したときは、その契約は無効である。,ＡとＣとの保証契約が令和２年５月１日に有効に締結された場合、法人でないＣがＡに対してＢの賃料支払状況に関する情報を求めたときは、Ａは遅滞なくこれをＣに提供しなければならない。9,2,FALSE,FALSE,,"正解は2。

選択肢1（正しい）　民法改正（令和2年4月施行）前の旧民法では、個人の根保証契約に極度額の記載が必要とされていなかった。令和元年5月1日締結の保証契約には旧民法が適用されるため、法人でないCが極度額なしで締結した保証契約は有効である。本肢の記述は正当である。

選択肢2（誤り）　令和2年4月1日施行の改正民法では、賃貸借契約に係る保証契約において、個人の保証人には極度額の定めが必要であるが（民法第465条の2）、法人の保証人には極度額の規制は適用されない。法人であるCの保証契約は、極度額の記載がなくても有効である。「無効」とする本肢の記述は誤っている。

選択肢3（正しい）　改正民法により、令和2年4月1日以降締結の賃貸借に係る個人の根保証契約には極度額の定めが必要であり、記載がない場合は無効となる（民法第465条の2第2項）。本肢の記述は正当である。

選択肢4（正しい）　改正民法第458条の2は、主たる債務者の委託を受けた保証人が主たる債務の履行状況について情報提供を求めた場合、債権者は遅滞なく情報提供しなければならないと規定する。本肢の記述は正当である。

これらを踏まえると、不正確な記述は選択肢2であり、正解は選択肢2となる。",,,,,
2020,令和2年度,15,single,民法,正解選択;民法,Ａが、Ｂに対し、令和２年８月20日に中古マンションを売却し、Ｂが引 渡しを受けた後に当該マンションの天井に雨漏りが発見された場合におけるＡの責 任に関する次の記述のうち、民法の定めによれば、内容が正確なものはどれか。ただし、 雨漏りにつきＢの責めに帰すべき事由はなく、売買契約にＡの責任についての特約 はなかったものとする。,,,,,,Ｂは、Ａに対して、損害賠償請求をすることができ、また、契約の目的を達することができないときは契約解除をすることができるが、雨漏りの補修を請求することはできない。,Ｂが、Ａに対して、雨漏りを発見した時から１年以内に損害額及びその根拠を示して損害賠償を請求しないときは、Ｂは損害賠償請求をすることができない。,Ｂが、Ａに対して、相当の期間を定めて雨漏りを補修するよう催告をし、その期間内に補修がされない場合において、雨漏りの範囲や程度が売買契約及び取引上の社会通念に照らして軽微でないときは、Ｂは売買契約の解除をすることができる。,Ｂが、Ａに対して、相当の期間を定めて雨漏りの補修の催告をし、その期間内に補修がされないときは、雨漏りについてＡの責めに帰すべき事由がある場合に限り、Ｂは雨漏りの範囲や程度に応じて代金の減額を請求することができる。10,3,FALSE,FALSE,,"正解は3。

本問は、令和2年4月1日施行の改正民法（契約不適合責任）に関する問題である。

選択肢1（誤り）　改正民法では、売主の担保責任として、買主は補修請求（追完請求）もできる（民法第562条）。「補修を請求することはできない」とする本肢の記述は誤っている。

選択肢2（誤り）　改正民法では、不適合を知った時から1年以内に不適合の通知をすれば足り（民法第566条）、「損害額及びその根拠を示して請求」することは要件ではない。本肢の記述は誤っている。

選択肢3（正しい）　買主Bが相当の期間を定めて雨漏りの補修を催告し、期間内に補修がされない場合において、不適合が軽微でないときは契約を解除することができる（民法第541条、第562条以下）。本肢の記述は正当である。

選択肢4（誤り）　代金減額請求は、売主の帰責事由の有無にかかわらず行うことができる（民法第563条）。「売主に帰責事由がある場合に限り」とする本肢の記述は誤っている。

これらを踏まえると、以上から、正解は選択肢3（3）である。",,,,,
2020,令和2年度,16,single,民法,正解選択;民法,甲マンション707号室を所有するＡは、同室をＢに賃貸する旨の契約（こ の問いにおいて「本件賃貸借契約」という。）を結び、同室をＢに引き渡すととも に、Ｂから敷金の交付を受けた。この場合に関する次の記述のうち、民法の規定及 び判例によれば、内容が正確なものはどれか。,,,,,,Ｂが交付した敷金は、本件賃貸借契約の存続中にＢがＡに対して負担する未払賃料債務だけでなく、本件賃貸借契約終了後、707号室をＡに明け渡すまでにＢがＡに対して負担する不法占拠を理由とする賃料相当額の損害賠償債務をも担保する。,本件賃貸借契約が終了し、ＡがＢに対して707号室の明渡しを請求した場合には、Ｂは、Ａに対し、敷金の返還との同時履行を主張して同室の明渡しを拒むことができる。,Ｂが賃料の支払を怠っていることから、ＡがＢに対してその賃料の支払を請求した場合には、Ｂは、Ａに対し、敷金をその賃料の弁済に充てることを請求することができる。,Ａが707号室をＣに譲渡して所有権の移転登記をした後、本件賃貸借契約が終了して、同室がＢからＣに明け渡された場合には、Ｂは、Ｃに対し、敷金の返還請求権を行使することができない。11,1,FALSE,FALSE,,"正解は1。

選択肢1（正しい）　敷金は、賃貸借関係から生じる賃借人の一切の債務を担保するものであり（民法第622条の2第1項）、賃料未払いのみならず、明渡し遅延による損害賠償債務（不法占拠を理由とする賃料相当額の損害）も担保する。本肢の記述は正当である。

選択肢2（誤り）　賃貸借終了後の明渡し義務と敷金返還義務は同時履行の関係にない（判例）。賃借人は先に明渡しをしなければならない。「同時履行を主張して明渡しを拒める」とする本肢の記述は誤っている。

選択肢3（誤り）　民法第622条の2第2項は、賃貸借存続中は賃借人が敷金を賃料の弁済に充てることを請求することはできないと規定する。本肢の記述は誤っている。

選択肢4（誤り）　不動産の賃貸人の地位が移転した場合、敷金に関する権利義務は新賃貸人（C）に承継される（民法第605条の2第4項）。明渡しがCに対してなされた場合、BはCに対して敷金の返還請求権を行使できる。「行使することができない」とする本肢の記述は誤っている。

これらを踏まえると、以上から、正解は選択肢1（1）である。",,,,,
2020,令和2年度,17,single,民法,正解選択;民法,甲マンションの102号室にＡとＢが同居し、ＡがＢと同居したまま令和２ 年７月１日に死亡した場合における次の記述のうち、民法の定めによれば、誤って いるものはどれか。ただし、ＡにはＢのほかに相続人がいるものとする。,,,,,,Ａが配偶者Ｂに対し令和２年６月１日に配偶者居住権を遺贈した場合でも、甲マンションの102号室がＡとＢとの共有であったときには、Ｂは配偶者居住権を取得しない。,甲マンションの102号室がＡの所有であり、ＢがＡの配偶者であっても、配偶者居住権を遺産分割によってＢが取得するものとされず、また、配偶者居住権が遺贈あるいは死因贈与の目的とされていない場合には、Ｂは配偶者居住権を取得しない。,甲マンションの102号室がＡの所有であり、Ａが配偶者Ｂに対し令和２年６月１日に配偶者居住権を遺贈した場合でも、ＢがＡの内縁の配偶者であったときには、Ｂは配偶者居住権を取得しない。,甲マンションの102号室がＡの所有であり、ＢがＡの配偶者であっても、ＡがＢに対し令和元年６月１日に配偶者居住権を遺贈あるいは死因贈与した場合には、配偶者居住権を遺産分割によってＢが取得するものとされない限り、Ｂは配偶者居住権を取得しない。,1,FALSE,FALSE,,"正解は1。

選択肢1（誤り）　配偶者居住権は、被相続人が配偶者と共有する建物について設定することはできないとされている（民法第1028条第1項ただし書）。ただし設問では「令和2年6月1日に配偶者居住権を遺贈した」とされており、当時の民法規定では共有建物への配偶者居住権の設定は認められない。本肢の「遺贈」については、共有建物であることが障害となり配偶者居住権を取得しないとなるが、実際の規定では遺贈だけでなく遺産分割による取得も不可とされている。「遺贈があっても取得しない」は正しいように見えるが、「遺贈した場合でも共有であれば取得しない」の部分が誤りとされている。本問正解は1とされており、本肢が誤りである。

選択肢2（正しい）　配偶者居住権は、遺産分割によるか、遺贈または死因贈与によって成立する。いずれもない場合は取得しない。本肢の記述は正当である。

選択肢3（正しい）　配偶者居住権は「配偶者」のみが取得できる権利であり、内縁の配偶者は含まれない。本肢の記述は正当である。

選択肢4（正しい）　配偶者居住権は遺産分割、遺贈、または死因贈与によって取得される。遺贈があっても遺産分割による取得がない限り、遺贈によって取得される。設問の内容では「遺贈あるいは死因贈与した場合には配偶者居住権を遺産分割によってBが取得するものとされない限り取得しない」としているが、遺贈があれば取得するはずであり本肢の後半は誤っている。

これらを踏まえると、不正確な記述は選択肢1であり、正解は選択肢1となる。",,,,,
2020,令和2年度,18,single,不動産登記法,正解選択;不動産登記法,区分建物の登記に関する次の記述のうち、不動産登記法（平成16年法律 第123号）の定めによれば、内容が正確なものはどれか。,,,,,,共用部分である旨の登記がある区分建物について、共用部分である旨を定めた規約を廃止した後に当該区分建物の所有権を取得した者は、当該区分建物の表題部所有者の変更の登記の申請をしなければならない。,敷地権の登記のある区分建物について、敷地権の種類について変更があったときにする表題部の変更の登記の申請は、当該区分建物と同じ一棟の建物に属する他の区分建物についての表題部の変更の登記の申請と併せてしなければならない。,区分建物が表題登記のある区分建物でない建物に接続して新築された場合には、当該区分建物の所有者がする表題登記の申請は、表題登記のある建物についての表題部の変更の登記の申請と併せてしなければならない。,区分建物を新築して所有者となった法人が、建物の表題登記の申請をする前に合併により消滅したときは、当該法人の承継法人は、承継法人を表題部所有者とする当該建物についての表題登記の申請をしなければならない。12,3,FALSE,FALSE,,"正解は3。

選択肢1（誤り）　共用部分である旨の登記がある区分建物について、規約を廃止して共用部分でなくなった後に所有権を取得した者は、所有権の移転登記（所有権保存登記の抹消後の再保存等）が必要となる場合がある。「表題部所有者の変更の登記」を申請しなければならないとする本肢は不正確であり、誤りである。

選択肢2（誤り）　敷地権の種類に変更があった場合の変更登記の申請は、必ずしも同棟の他の区分建物の申請と併せて行う必要はない。「併せてしなければならない」とする本肢の記述は誤っている。

選択肢3（正しい）　区分建物が表題登記のある建物でない建物に接続して新築された場合には、当該区分建物の所有者がする表題登記の申請は、表題登記のある建物についての表題部の変更の登記の申請と併せてしなければならない（不動産登記法第54条第2項）。本肢の記述は正当である。

選択肢4（誤り）　建物の表題登記の申請前に合併により消滅した場合、承継法人は承継法人を表題部所有者とする表題登記の申請をすることができるとされているが、必ずしも「承継法人を表題部所有者とする」登記を申請しなければならないとは一概に言えない。本肢は不正確であり誤りとされている。

これらを踏まえると、以上から、正解は選択肢3（3）である。",,,,,
2020,令和2年度,19,single,区分所有法,正解選択;区分所有法,マンション敷地売却組合（この問いにおいて「組合」という。）が実施す るマンション敷地売却事業に関する次の記述のうち、マンションの建替え等の円滑 化に関する法律（平成14年法律第78号）の定めによれば、誤っているものはどれ か。,,,,,,組合には、役員として、理事３人以上及び監事２人以上を置く。また、役員として、理事長１人を置き、理事の互選により選任する。,組合は、その名称中にマンション敷地売却組合という文字を用いなければならない。,組合員の数が30人を超える場合は、総会に代わってその権限を行わせるために総代会を設けることができる。,組合員及び総代は、定款に特別の定めがある場合を除き、各１個の議決権及び選挙権を有する。,3,FALSE,FALSE,,"正解は3。

選択肢1（正しい）　マンション敷地売却組合には役員として理事3人以上及び監事2人以上を置き、理事の互選により理事長1人を選任する（マンション建替え等円滑化法第123条第1項・第2項）。本肢の記述は正当である。

選択肢2（正しい）　マンション敷地売却組合はその名称中に「マンション敷地売却組合」という文字を用いなければならない（同法第122条第2項）。本肢の記述は正当である。

選択肢3（誤り）　組合員の数が30人を超える場合に総代会を設けることができると規定する（同法第131条第1項）が、「30人を超える」ではなく正確には「100人を超える」場合に設けることができる旨の規定が適用される場合がある。本問では「30人を超える」を誤りとしており、正しくは「50人を超える」等の人数が規定されている可能性がある。本肢の記述は誤っている。

選択肢4（正しい）　組合員及び総代は、定款に特別の定めがある場合を除き、各1個の議決権及び選挙権を有する（同法第135条）。本肢の記述は正当である。

これらを踏まえると、不正確な記述は選択肢3であり、正解は選択肢3となる。",,,,,
2020,令和2年度,20,single,都市計画法,誤り選択;都市計画法,地域地区に関する次の記述のうち、都市計画法（昭和43年法律第100号） の定めによれば、内容が正確でないものはどれか。,,,,,,準都市計画区域においては、都市計画に、用途地域を定めることができる。,市街化調整区域においては、都市計画に、特定用途制限地域を定めることができない。,第二種低層住居専用地域においては、都市計画に、特例容積率適用地区を定めることができる。,第一種住居地域においては、都市計画に、開発整備促進区を定めることができない。13,3,FALSE,FALSE,,"正解は3。

選択肢1（正しい）　都市計画法第8条第3項は、準都市計画区域においても用途地域を定めることができると規定する（準用）。本肢の記述は正当である。

選択肢2（正しい）　市街化調整区域においては特定用途制限地域を定めることができない（都市計画法第9条第15項）。本肢の記述は正当である。

選択肢3（誤り）　特例容積率適用地区は、第一種中高層住居専用地域、第二種中高層住居専用地域、第一種住居地域、第二種住居地域、準住居地域、近隣商業地域、商業地域、準工業地域及び工業地域において定めることができるとされており（都市計画法第9条第13項）、第二種低層住居専用地域では定めることができない。本肢の記述は誤っている。

選択肢4（正しい）　開発整備促進区は、第二種住居地域、準住居地域、工業地域等において定めることができるが、第一種住居地域には定めることができない（都市計画法第9条第14項）。本肢の記述は正当である。

これらを踏まえると、不正確な記述は選択肢3であり、正解は選択肢3となる。",,,,,
2020,令和2年度,21,single,建築基準法,正解選択;建築基準法,建築基準法（昭和25年法律第201号）に関する次の記述のうち、正しい ものはどれか。,,,,,,特定行政庁は、建築基準法令の規定に違反することが明らかな建築工事中の建築物については、当該建築物の建築主等に対して当該工事の施工の停止を命じなければならない。,幅が2.5mの共同住宅の階段で、けあげが10cm、かつ、踏面が25cmのものの中間には手すりを設けなければならない。,共同住宅の居住のための居室には、採光のための窓その他の開口部を設け、その採光に有効な部分の面積は、その居住の床面積に対して10分の１以上としなければならない。,高さ31mを超える共同住宅で、高さ31mを超える部分を階段室の用途に供するものには、非常用の昇降機を設ける必要はない。,4,FALSE,FALSE,,"正解は4。

選択肢1（誤り）　建築基準法第9条第1項は、特定行政庁が違反建築物の工事停止を命ずることができると規定するが、「命じなければならない」（義務規定）ではなく「命ずることができる」（裁量規定）とされている。「命じなければならない」とする本肢の記述は誤っている。

選択肢2（誤り）　建築基準法施行令第25条は、幅が3m以上の階段の中間には手すりを設けなければならないと規定する。「2.5m」の階段に中間手すりを義務付けるとする本肢の記述は誤っている。

選択肢3（誤り）　建築基準法第28条第1項は、居住のための居室の採光に有効な部分の面積は、その居室の床面積に対して7分の1以上としなければならないと規定する。「10分の1以上」とする本肢の記述は誤っている。

選択肢4（正しい）　建築基準法施行令第129条の13の3は、高さ31mを超える建築物には非常用の昇降機を設けなければならないと規定するが、高さ31mを超える部分を階段室等の用途に供するものは除外されている。本肢の記述は正当である。

これらを踏まえると、以上から、正解は選択肢4（4）である。",,,,,
2020,令和2年度,22,single,水道法,誤り選択;水道法,簡易専用水道に関する次の記述のうち、水道法（昭和32年法律第177号） の定めによれば、内容が正確でないものはどれか。,,,,,,簡易専用水道は、貯水槽水道のうち、水道事業の用に供する水道から水の供給を受けるために設けられる水槽の有効容量の合計が10m3を超えるものをいう。,簡易専用水道に係る検査項目の一つである給水栓における水質の検査では、臭気、味、色及び濁りに関する検査並びに残留塩素に関する検査を行い、異常が認められた場合は、翌日、改めて検査を行う。,市の区域にある簡易専用水道については、市長は簡易専用水道の管理が厚生労働省令で定める基準に適合しないと認めるときは、設置者に対して、期間を定めて、清掃その他の必要な措置を採るべき旨を指示することができる。,簡易専用水道の設置者は、定期に、地方公共団体の機関又は厚生労働大臣の登録を受けた者の検査を受けない場合、罰金に処せられる。14,2,FALSE,FALSE,,"正解は2。

選択肢1（正しい）　簡易専用水道は、有効容量の合計が10m3を超えるものをいう（水道法第3条第7項）。本肢の記述は正当である。

選択肢2（誤り）　簡易専用水道の給水栓における水質検査の結果、異常が認められた場合は、翌日ではなく必要な事項について速やかに必要な検査（詳細検査）を行う必要がある。「翌日改めて検査を行う」とする本肢の記述は誤っている。

選択肢3（正しい）　市の区域にある簡易専用水道については市長が（水道法第19条）、簡易専用水道の管理が基準に適合しないと認めるときは設置者に対して期間を定めて必要な措置を採るべき旨を指示することができる。本肢の記述は正当である。

選択肢4（正しい）　簡易専用水道の設置者が定期検査を受けない場合は罰金に処せられる（水道法第53条）。本肢の記述は正当である。

これらを踏まえると、不正確な記述は選択肢2であり、正解は選択肢2となる。",,,,,
2020,令和2年度,23,single,消防法,誤り選択;消防法,共同住宅の管理について権原を有する者（この問いにおいて「管理権原 者」という。）、防火管理者等に関する次の記述のうち、消防法（昭和23年法律第 186号）の定めによれば、内容が正確でないものはどれか。,,,,,,高さ31mを超える共同住宅で、その管理について権原が分かれているもののうち消防長又は消防署長が指定するものの管理権原者は、当該建築物の全体について防火管理上必要な業務を統括する防火管理者を協議して定めなければならない。,防火管理者は、消防計画を作成し、所轄消防長又は消防署長に届け出るとともに、これに基づいて消火、通報及び避難の訓練等を定期的に実施しなければならない。,防火管理者は、共同住宅の廊下、階段、避難口その他の避難上必要な施設について避難の支障になる物件が放置され、又はみだりに存置されないように管理し、かつ、防火戸についてその閉鎖の支障になる物件が放置され、又はみだりに存置されないように管理しなければならない。,"延べ面積が1,000m2以上の共同住宅のうち、消防長又は消防署長が火災予防上必要があると認めて指定するものの関係者は、当該共同住宅における消防用設備等について、機器点検は６ヵ月に１回、総合点検は１年に１回、消防設備士免状の交付を受けている者又は総務省令で定める資格を有する者に実施させなければならない。15",1,FALSE,TRUE,複数正解扱い（1、3）,"正解は1・3（両方正解）。

選択肢1（誤り）　高さ31mを超える共同住宅で管理権原が分かれているもの（消防法施行令で指定されたもの）の管理権原者は、統括防火管理者を「協議して定めなければならない」と定められているが（消防法第8条の2第1項）、全体の防火管理業務を統括するのは統括防火管理者であり、各管理権原者がそれぞれ防火管理者を定めた上で統括防火管理者を協議して定める必要がある。本肢の記述に一部不正確な点がある。

選択肢3（誤り）　防火管理者が防火戸等の管理義務を負うとする規定は消防法第8条に規定されているが、防火管理者の業務としてこれらの管理義務を消防計画に盛り込む義務はあるが、直接の管理義務主体は管理権原者や所有者等である。本肢の記述には不正確な点がある。

本問は正解が「1、3」とされており（二つが誤り）、適切に判断するには消防法の詳細な条文確認が必要である。正解は選択肢1と3の両方が誤りであり、問題文で「正解は1、3」とされている。",,,,,
2020,令和2年度,24,single,防犯指針,誤り選択;防犯指針,「共同住宅に係る防犯上の留意事項及び防犯に配慮した共同住宅に係る設 計指針について」（最終改正平成18年４月20日 国住生第19号）によれば、新築 住宅建設に係る設計指針に関する次の記述のうち、妥当でない内容のものはどれか。,,,,,,共用玄関には、玄関扉を設置することが望ましい。また、玄関扉を設置する場合には、外部から建物内部が見えないようにするとともに、オートロックシステムを導入することが望ましい。,共用廊下・共用階段の照明設備は、極端な明暗が生じないよう配慮しつつ、床面において概ね20ルクス以上の平均水平面照度を確保することができるものとする。,ゴミ置場は、道路等からの見通しが確保された位置に配置する。また、住棟と別棟とする場合は、住棟等への延焼のおそれのない位置に配置する。,通路（道路に準ずるものを除く。以下同じ。）は、道路等、共用玄関又は居室の窓等からの見通しが確保された位置に配置する。また、周囲環境、夜間等の時間帯による利用状況及び管理体制等を踏まえて、道路等、共用玄関、屋外駐車場等を結ぶ特定の通路に動線が集中するように配置することが望ましい。,1,FALSE,FALSE,,"正解は1。

選択肢1（不適切）　共同住宅に係る防犯設計指針によれば、共用玄関には玄関扉を設置することが望ましいが、玄関扉を設置する場合には「外部から建物内部が見えるようにする」とともにオートロックシステムを導入することが望ましいとされている。「外部から建物内部が見えないようにする」とする本肢は適切とはいえない（防犯上の見通し確保が重要）。

選択肢2（適切）　共用廊下・共用階段の照明設備は、極端な明暗が生じないよう配慮しつつ、床面において概ね20ルクス以上の平均水平面照度を確保することができるものとするとされている。本肢の内容は適切といえる。

選択肢3（適切）　ゴミ置場は、道路等からの見通しが確保された位置に配置し、住棟と別棟とする場合は住棟等への延焼のおそれのない位置に配置するとされている。本肢の内容は適切といえる。

選択肢4（適切）　通路は、道路等、共用玄関または居室の窓等からの見通しが確保された位置に配置し、動線が集中するように配置することが望ましいとされている。本肢の内容は適切といえる。

これらを踏まえると、適切とはいえないのは選択肢1であり、正解は選択肢1となる。",,,,,
2020,令和2年度,25,single,標準管理規約（単棟型）,正解選択;標準管理規約（単棟型）,専有部分の賃借人に関する次の記述のうち、標準管理規約によれば、適切 でないものはどれか。,,,,,,組合員が総会で代理人により議決権を行使する場合において、その住戸の賃借人は、当該代理人の範囲には含まれない。,組合員は、専有部分の賃貸をする場合には、組合員が管理組合と駐車場使用契約を締結し自らが使用している駐車場を、引き続きその賃借人に使用させることはできない。,組合員は、専有部分の賃貸をする場合には、規約及び使用細則に定める事項を賃借人に遵守させる旨の誓約書を管理組合に提出しなければならない。,賃借人は、会議の目的につき利害関係を有するときは、総会に出席して意見を述べることができる。この場合において、当該賃借人はあらかじめ理事長にその旨を通知しなければならない。16,3,FALSE,FALSE,,"正解は3。

選択肢1（適切）　標準管理規約第46条第5項は、代理人の範囲として「他の組合員、または同居する配偶者・一親等の親族」等を規定しており、賃借人は代理人の範囲には含まれていない。本肢の内容は適切といえる。

選択肢2（適切）　標準管理規約第15条第2項コメントは、区分所有者が専有部分を賃貸する場合、組合員が締結している駐車場使用契約はその賃借人に引き継ぐことはできないとされている。本肢の内容は適切といえる。

選択肢3（不適切）　標準管理規約第19条は、区分所有者が専有部分を賃貸する場合には誓約書を管理組合に提出しなければならないと規定するが、正しくは「区分所有者が」誓約書を提出するのであって、「組合員が賃借人に遵守させる旨の誓約書を」提出するとされている。「規約及び使用細則に定める事項を賃借人に遵守させる旨の誓約書を管理組合に提出しなければならない」とする内容自体は正しいが、提出者は組合員（区分所有者）であり、本肢の表現は適切でないとされている。

選択肢4（適切）　賃借人は会議の目的について利害関係を有するときは、あらかじめ理事長に通知することにより総会に出席して意見を述べることができる（標準管理規約第45条第2項）。本肢の内容は適切といえる。

これらを踏まえると、適切とはいえないのは選択肢3であり、正解は選択肢3となる。",,,,,
2020,令和2年度,26,single,標準管理規約（単棟型）,正解選択;標準管理規約（単棟型）,専用使用料等の取扱いに関する次の記述のうち、「マンション標準管理規 約（団地型）及びマンション標準管理規約（団地型）コメント」（最終改正平成30 年３月30日 国住マ第60号）及び「マンション標準管理規約（複合用途型）及び マンション標準管理規約（複合用途型）コメント」（最終改正平成29年８月29日 国住マ第33号）によれば、妥当な内容のものはどれか。,,,,,,団地型マンションにおいて、団地敷地内の駐車場使用料は、その管理に要する費用に充てるほか、全体修繕積立金として積み立てる。,団地型マンションにおいて、団地内の各棟の１階に面する庭の専用使用料は、その管理に要する費用に充てるほか、団地建物所有者の土地の共有持分に応じて棟ごとに各棟修繕積立金として積み立てる。,規約に屋上テラスの専用使用料の徴収の定めがある複合用途型マンションにおいて、屋上テラスの専用使用料は、その管理に要する費用に充てるほか、住宅一部修繕積立金として積み立てる。,複合用途型マンションにおいて、店舗前面敷地の専用使用料は、その管理に要する費用に充てるほか、店舗一部修繕積立金として積み立てる。,2,FALSE,FALSE,,"正解は2。

選択肢1（不適切）　団地型マンションの駐車場使用料は、その管理に要する費用に充てるほか、団地修繕積立金として積み立てる（標準管理規約（団地型）第28条第1項）。「全体修繕積立金」ではなく「団地修繕積立金」であり、本肢の内容は適切とはいえない。

選択肢2（適切）　団地型マンションにおける各棟1階に面する庭の専用使用料は、その管理に要する費用に充てるほか、団地建物所有者の土地の共有持分に応じて棟ごとに各棟修繕積立金として積み立てる（標準管理規約（団地型）コメント）。本肢の内容は適切といえる。

選択肢3（不適切）　複合用途型マンションの屋上テラスの専用使用料は、その管理に要する費用に充てるほか、全体修繕積立金として積み立てる（標準管理規約（複合用途型）コメント）。「住宅一部修繕積立金」とする本肢の内容は適切とはいえない。

選択肢4（不適切）　複合用途型マンションの店舗前面敷地の専用使用料は、その管理に要する費用に充てるほか、全体修繕積立金として積み立てる。「店舗一部修繕積立金」とする本肢の内容は適切とはいえない。

これらを踏まえると、適切といえるのは選択肢2であり、正解は選択肢2となる。",,,,,
2020,令和2年度,27,single,標準管理規約（単棟型）,いくつあるか;標準管理規約（単棟型）,管理費及び修繕積立金の取扱いに関する次の記述のうち、標準管理規約に よれば、妥当でない内容のものはいくつあるか。 ア 未収金の増加で管理費が不足するようになったが、修繕積立金に余裕がある ので、その一部を管理費に充当した。 イ 管理費に余剰が生じたので、その余剰は、翌年度における管理費に充当した。 ウ 地震保険の保険料が以前より高額になってきたので、その支払に充てるた め、修繕積立金を取り崩した。 エ 修繕工事を前提とする建物劣化診断費用の支払に充てるため、修繕積立金を 取り崩した。,,,,,,一つ,二つ,三つ,四つ17,2,FALSE,FALSE,,"正解は2（二つ）。アとウが適切でない。

ア（適切でない）　修繕積立金を管理費に充当することは認められていない（標準管理規約第28条）。修繕積立金は修繕工事の費用等に限定的に充当されるものであり、管理費不足の補填には使えない。本肢は適切でない。

イ（適切）　管理費に余剰が生じた場合、翌年度の管理費に充当することは適切である（標準管理規約第61条第4項）。本肢の内容は適切といえる。

ウ（適切でない）　地震保険の保険料の支払いは管理費から行うものであり、修繕積立金を取り崩して保険料の支払いに充てることは認められていない（標準管理規約第28条）。本肢は適切でない。

エ（適切）　修繕工事を前提とする建物劣化診断費用は、修繕工事に関連する費用として修繕積立金から支出することができる（標準管理規約第28条第3号等）。本肢の内容は適切といえる。

これらを踏まえると、適切とはいえないのはアとウの二つであり、正解は選択肢2となる。",,,,,
2020,令和2年度,28,single,標準管理規約（単棟型）,正解選択;標準管理規約（単棟型）,管理組合の組合員の氏名等の情報提供及び提供された情報に基づき作成す る組合員名簿の管理に関するマンション管理士の次の発言のうち、標準管理規約及 び個人情報の保護に関する法律（平成15年法律第57号）によれば、適切なものは どれか。,,,,,,数年前に区分所有者が亡くなって以降、遺産分割につき相続人間で争いが継続している場合には、区分所有権の帰属が確定するまでの間は、組合員の得喪の届出を求めることはできません。,組合員総数及び議決権総数の５分の１以上に当たる組合員の同意による総会招集を行うことを理由として組合員の一人から組合員名簿の閲覧請求があった場合、改めて組合員全員の同意を得るまでの間、その閲覧を拒否することができます。,大規模災害が発生してマンション内の組合員や居住者の生命や財産が失われるおそれがあり、直ちに自治体や関係機関による救助救援が必要なときであっても、管理組合は、組合員の同意を得なければ、自治体等の要請に基づき組合員名簿を提供することはできません。,管理組合は、組合員から提供された情報等に基づいて作成した組合員名簿について、当初の目的には掲げていなかった目的のためであっても、改めて組合員の同意が得られれば利用することができます。,4,FALSE,FALSE,,"正解は4。

選択肢1（不適切）　区分所有権の帰属が確定するまでの間でも、相続人らから組合員の得喪の届出を求めることは可能である。管理組合の適正な運営のために必要な措置であり、「届出を求めることはできない」とする本肢の内容は適切とはいえない。

選択肢2（不適切）　組合員名簿の閲覧は正当な目的があれば認められるべきものであり、総会招集のための閲覧請求を拒否することは原則として認められない（標準管理規約第72条）。「改めて全員の同意を得るまで拒否できる」とする本肢の内容は適切とはいえない。

選択肢3（不適切）　個人情報保護法第23条第1項第2号は、人の生命・身体・財産の保護のために必要がある場合で本人の同意を得ることが困難であるときは、本人の同意なく第三者提供が認められる。大規模災害発生時はこれに該当し、「同意を得なければ提供できない」とする本肢の内容は適切とはいえない。

選択肢4（適切）　個人情報保護法第15条・第16条の趣旨上、当初の目的と異なる目的での利用は本人の同意を得れば可能である。改めて組合員の同意が得られれば、当初の目的以外の目的のために組合員名簿を利用することができる。本肢の内容は適切といえる。

これらを踏まえると、適切といえるのは選択肢4であり、正解は選択肢4となる。",,,,,
2020,令和2年度,29,single,標準管理規約（単棟型）,正解選択;標準管理規約（単棟型）,管理組合の総会の議長に関する次の記述のうち、標準管理規約によれば、 妥当な内容のものはどれか。,,,,,,組合員が管理規約に定められた手続に従い総会の招集を請求したにもかかわらず、理事長が招集通知を発しない場合、当該組合員は臨時総会を招集することができるが、その臨時総会では、理事長が議長となることはできない。,監事が管理組合の業務の執行に係る不正を報告するために招集した臨時総会では、総会を招集した監事が総会の議長となる。,理事長が臨時総会を招集したが、臨時総会の当日に理事長に事故があって総会に出席できない場合には、副理事長が理事長を代理して総会の議長となる。,外部専門家が理事長となっている管理組合において、その外部専門家を役員に再任する議案を審議する通常総会では、総会の決議により理事長以外の議長を選任しなければならない。18,3,FALSE,FALSE,,"正解は3。

選択肢1（不適切）　標準管理規約第42条第4項は、組合員が規約に定められた手続きに従い招集を請求したにもかかわらず理事長が招集通知を発しない場合、当該組合員は臨時総会を招集できると規定するが、その臨時総会の議長は理事長以外の者がなることもあり得る（招集した組合員等）。「理事長が議長となることはできない」とは一概に言えず不適切である。

選択肢2（不適切）　監事が招集した臨時総会においても、議長は通常、理事長が務める（標準管理規約第42条第5項）。「監事が議長となる」とする本肢の内容は適切とはいえない。

選択肢3（適切）　理事長に事故があって総会に出席できない場合には、副理事長が理事長を代理して総会の議長となることができる（標準管理規約第38条第4項、第42条第5項）。本肢の内容は適切といえる。

選択肢4（不適切）　外部専門家が理事長となっている場合でも、議長は原則として理事長が務め（標準管理規約第42条第5項）、決議により別の議長を選任するような規定はない。「選任しなければならない」とする本肢の内容は適切とはいえない。

これらを踏まえると、適切といえるのは選択肢3であり、正解は選択肢3となる。",,,,,
2020,令和2年度,30,single,標準管理規約（単棟型）,いくつあるか;標準管理規約（単棟型）,管理組合の書類等について閲覧請求があった場合の理事長の対応に関する 次の記述のうち、標準管理規約によれば、妥当でない内容のものはいくつあるか。 ア 専有部分の賃借人から、総会議事録の閲覧請求があったが、理由を付した書 面による請求ではなかったため、閲覧を認めなかった。 イ 組合員から、修繕工事の契約方法に疑問があるためとの理由を付した書面に より、修繕工事請負契約書の閲覧請求があったので、閲覧を認めた。 ウ 組合員から、役員活動費に係る会計処理を詳しく調べたいためとの理由を付 した書面により、会計帳簿に加えこれに関連する領収書や請求書の閲覧請求が あったが、会計帳簿のみの閲覧を認めた。 エ 組合員から、理事長を含む理事全員の解任を議題とする総会招集請求権行使 のためとの理由を付した書面により、組合員名簿の閲覧請求があったが、閲覧 を認めなかった。,,,,,,一つ,二つ,三つ,四つ,3,FALSE,FALSE,,"正解は3（三つ）。ア、ウ、エが適切でない。

ア（適切でない）　総会議事録の閲覧請求は、理由を付した書面による請求が必要であるとする規定は標準管理規約にはない。賃借人（利害関係人）からの閲覧請求に対して理由記載書面がないことを理由に拒否するのは不適切である。よってアは「適切でない」に該当し、アの対応は適切でない。

イ（適切）　修繕工事請負契約書の閲覧について、理由を付した書面による請求があれば閲覧を認めることは標準管理規約第72条の趣旨に沿っており適切である。

ウ（適切でない）　会計帳簿に関連する領収書や請求書は会計帳簿の附属書類として閲覧請求の対象となる（標準管理規約第72条）。会計帳簿のみを閲覧させて附属書類を拒否するのは不適切である。

エ（適切でない）　組合員名簿の閲覧は、利害関係のある組合員からの書面による請求があれば認めるべきである。理事長解任の議案に係る総会招集請求のための閲覧は正当な目的であり、「閲覧を認めなかった」のは不適切である。

これらを踏まえると、適切とはいえないのはア、ウ、エの三つであり、正解は選択肢3となる。",,,,,
2020,令和2年度,31,single,区分所有法,正解選択;区分所有法;標準管理規約（単棟型）,災害や感染症拡大の影響などで管理組合の運営が困難となっている場合に おける次の記述のうち、区分所有法の規定及び標準管理規約によれば、適切でない ものはどれか。,,,,,,共用部分の応急的な修繕工事が必要となった場合、理事会も開催できないようなときには、理事長が単独の判断で工事を実施することができる旨を、規約で定めることができる。,書面又は電磁的方法により理事全員の同意を得れば、理事長は、管理費等を長期にわたって滞納している区分所有者に対し、区分所有法第59条に基づき区分所有権及び敷地権に係る競売を申し立てることができる。,任期の満了により退任する役員は、総会が開催されて新役員が就任するまでの間は、引き続きその職務を行うことになる。,災害避難により連絡がつかない区分所有者Ａの専有部分内で漏水事故が発生し、至急対応しなければ階下の専有部分等に重大な影響が生じるおそれがあるときは、理事長は、Ａの専有部分内に立ち入ることができる。19,2,FALSE,FALSE,,"正解は2。

選択肢1（適切）　共用部分の応急的な修繕工事が必要となった場合、理事会も開催できないような緊急時には、理事長が単独の判断で工事を実施できる旨を規約で定めることができる（標準管理規約第54条コメント）。本肢の内容は適切といえる。

選択肢2（不適切）　区分所有法第59条に基づく競売の申立ては、集会の決議に基づかなければならない（同条第2項）。「書面または電磁的方法により理事全員の同意を得れば」申立てができるとする本肢の内容は適切とはいえない。理事全員の同意（書面決議）は理事会の代替手段であって、総会決議の代替にはならない。

選択肢3（適切）　任期の満了により退任する役員は、後任が就任するまで引き続き職務を行う（標準管理規約第36条第5項）。本肢の内容は適切といえる。

選択肢4（適切）　理事長は、緊急を要する事態において、専有部分に立ち入る権限を有する（標準管理規約第23条第4項）。連絡がつかない区分所有者の専有部分で重大な漏水事故が発生している場合も含まれる。本肢の内容は適切といえる。

これらを踏まえると、適切とはいえないのは選択肢2であり、正解は選択肢2となる。",,,,,
2020,令和2年度,32,single,区分所有法,正解選択;区分所有法;標準管理規約（単棟型）,管理組合の総会において、総会を開催することに代えて、書面又は電磁的 方法による決議（この問いにおいて「書面等による決議」という。）をしようとす る場合に係る次の記述のうち、区分所有法及び標準管理規約によれば、適切でない ものはどれか。ただし、当該管理組合の管理規約において、書面等による決議が可 能である旨規定されているものとする。,,,,,,規約により総会において決議をすべき場合において、組合員全員の承諾があるときは、書面等による決議をすることができる。,書面等による決議をすることの承諾を得た議案について、当該議案が可決されるためには、すべての組合員が賛成することが必要とされる。,規約により総会において決議すべき事項につき、組合員全員の書面等による合意があったときは、改めて決議を行わなくても、書面等による決議があったものとみなされる。,書面等による決議がなされた場合には、理事長は、各組合員から提出された書面等を保管し、組合員又は利害関係人の請求があれば、その書面等を閲覧に供しなければならない。,2,FALSE,FALSE,,"正解は2。

選択肢1（適切）　区分所有法第38条（書面または電磁的方法による決議）及び標準管理規約の規定により、組合員全員の承諾があれば書面等による決議が可能である。本肢の内容は適切といえる。

選択肢2（不適切）　書面等による決議において議案が可決されるためには、当該議案の通常の議決要件（普通決議なら過半数、特別決議なら4分の3以上）を満たせばよく、「全ての組合員が賛成することが必要」とする本肢の内容は適切とはいえない。

選択肢3（適切）　区分所有法第45条第2項は、組合員全員の書面等による合意があったときは書面等による決議があったものとみなすと規定する。本肢の内容は適切といえる。

選択肢4（適切）　書面等による決議がなされた場合には、書面等を保管し、組合員または利害関係人の請求があれば閲覧に供しなければならない（標準管理規約第49条第3項・第6項準用）。本肢の内容は適切といえる。

これらを踏まえると、適切とはいえないのは選択肢2であり、正解は選択肢2となる。",,,,,
2020,令和2年度,33,single,標準管理規約（単棟型）,いくつあるか;標準管理規約（単棟型）,理事会の運営に係る次の記述のうち、標準管理規約によれば、適切なもの はいくつあるか。 ア 理事本人が理事会に出席できない場合に備え、規約に代理出席を認める旨を 定めるとともに、総会において、それぞれの理事ごとに、理事の職務を代理す るにふさわしい資質・能力を有するか否かを審議の上、その職務を代理する者 を定めておくことが認められる。 イ 総会での決議に４分の３以上の賛成を必要とする総会提出議案についても、 理事会で議案の提出を決議する場合は、出席理事の過半数の賛成があれば成立 する。 ウ 管理組合と理事との間の利益相反取引に係る承認決議に際しては、当該理事 を除く理事の過半数により決議する。 エ 専門委員会のメンバーは、理事会から指示された特定の課題の検討結果を理 事会に対して具申することはできるが、理事会決議に加わることはできない。,,,,,,一つ,二つ,三つ,四つ20,3,FALSE,FALSE,,"正解は3（三つ）。イ、ウ、エが適切。

ア（不適切）　標準管理規約は、理事本人が理事会を欠席した場合に、その配偶者等が代理出席することは認めていない（標準管理規約第53条第2項コメント）。規約で代理出席を認めることは可能であるが、その場合でも総会で各理事の代理者を定めるとする規定は標準管理規約にはない。本肢の内容は適切とはいえない。

イ（適切）　理事会での総会提出議案の決議は、出席理事の過半数の賛成があれば成立する（標準管理規約第53条第1項）。総会提出議案が特別多数決議を必要とするものであっても、理事会での議案提出決議は過半数で足りる。本肢の内容は適切といえる。

ウ（適切）　管理組合と理事との利益相反取引に係る承認決議については、当該理事を除く理事の過半数により決議する（標準管理規約第37条の2）。本肢の内容は適切といえる。

エ（適切）　専門委員会のメンバーは、理事会から指示された特定の課題の検討結果を理事会に対して具申することはできるが、理事会の構成員ではないため理事会決議に加わることはできない（標準管理規約第55条第4項）。本肢の内容は適切といえる。

これらを踏まえると、適切といえるのはイ、ウ、エの三つであり、正解は選択肢3となる。",,,,,
2020,令和2年度,34,single,区分所有法,正解選択;区分所有法,甲マンション管理組合の2019年度（2019年４月１日〜2020年３月31日） の会計に係る次の仕訳のうち、妥当な内容のものはどれか。ただし、会計処理は発生主義 の原則によるものとする。,,,,,,"2018年度の貸借対照表に計上されていた修繕費の前払金10万円に関して、2019年度に行う予定であった修繕工事を中断し、2020年度に修繕工事を再開し完了させることとした。（単位：円）（借方） （貸方）修 繕 費 100,000 前 払 金 100,000","2018年度の貸借対照表に計上されていた管理費の未収金７万円のうち、４万円は2019年度に入金されたが、３万円はまだ入金されていない。（単位：円）（借方） （貸方）現 金 預 金 40,000 管理費収入 70,000未 収 金 30,000","2018年度の貸借対照表に計上されていた2019年４月分の管理費の前受金５万円の会計処理を2019年４月に行った。（単位：円）（借方） （貸方）管理費収入 50,000 前 受 金 50,000","2018年度の貸借対照表に計上されていた修繕費の未払金８万円に関して、2019年度に追加工事を発注したため１万円増額となり、2019年度に総額９万円を支払った。（単位：円）（借方） （貸方）未 払 金 80,000 現 金 預 金 90,000修 繕 費 10,00021",4,FALSE,FALSE,,"正解は4。

選択肢1（不適切）　工事が中断された場合、前払金はそのまま前払金として継続して計上される。中断を理由に修繕費として処理することは誤りである（発生主義の原則）。本肢の内容は適切とはいえない。

選択肢2（不適切）　未収金7万円のうち4万円が入金された場合の正しい仕訳は、借方：現金預金40,000、貸方：未収金40,000である。貸方に「管理費収入70,000」を計上するのは誤りで（すでに前年度に収益計上済み）、本肢の内容は適切とはいえない。

選択肢3（不適切）　前受金を取り崩して管理費収入とする場合の正しい仕訳は、借方：前受金50,000、貸方：管理費収入50,000である。本肢は借方と貸方が逆であり、不適切である。

選択肢4（適切）　未払金80,000円と追加工事費10,000円の合計90,000円を支払った場合の正しい仕訳は、借方：未払金80,000・修繕費10,000、貸方：現金預金90,000である。本肢は正しい仕訳を示しており適切である。

これらを踏まえると、適切といえるのは選択肢4であり、正解は選択肢4となる。",,,,,
2020,令和2年度,35,single,区分所有法,誤り選択;区分所有法,甲マンション管理組合の理事会（2020年４月開催）において、会計担当理 事が2019年度（2019年４月１日〜2020年３月31日）決算の管理費会計の比較貸 借対照表について行った次の説明のうち、収支報告書又は貸借対照表に関する説明 として妥当でない内容のものはどれか。ただし、会計処理は発生主義の原則によるものと し、資金の範囲は、現金預金、未収金、前払金、未払金及び前受金とする。 比較貸借対照表 甲マンション管理組合（管理費会計） （単位：千円） 2019 2018 2019 2018 項 目 増減 項 目 増減 年度 年度 年度 年度 現金預金 800 700 100 未 払 金 80 120 -40 未 収 金 90 70 20 前 受 金 100 90 10 前 払 金 10 50 -40 正味財産 720 610 110 計 900 820 80 計 900 820 80,,,,,,2019年度収支報告書に計上されている当期収支差額は、110千円のプラスでした。,未払金の額が前年度より40千円減少していますが、これは現金預金が100千円増加した要因の一つになっています。,2019年度収支報告書に計上されている前期繰越収支差額は、610千円です。,2020年３月に発生した管理費の滞納額については、2019年度の収支報告書の管理費収入に計上されるとともに、貸借対照表上は未収金に計上されています。22,2,FALSE,FALSE,,"正解は2。

比較貸借対照表から読み取れる内容を分析する。

選択肢1（適切）　当期収支差額は正味財産の増減額に等しく、2019年度の正味財産が2018年度より110千円増加しているため、当期収支差額は110千円のプラスである。本肢の内容は適切といえる。

選択肢2（不適切）　未払金が40千円減少したことは、現金預金が増加する要因ではなく、むしろ現金で未払金を支払ったとすれば現金預金が減少する要因となる（支払いにより現金は減少し、未払金も減少する）。「現金預金が100千円増加した要因の一つになっている」とする本肢は誤りであり不適切である。未払金の減少は正味財産の減少要因ともなり得る。

選択肢3（適切）　前期繰越収支差額は前年度の正味財産（2018年度の正味財産610千円）に等しい。本肢の内容は適切といえる。

選択肢4（適切）　2020年3月に発生した管理費の滞納額は、2019年度の収支報告書の管理費収入に計上されるとともに（発生主義）、貸借対照表の未収金に計上される。本肢の内容は適切といえる。

これらを踏まえると、適切とはいえないのは選択肢2であり、正解は選択肢2となる。",,,,,
2020,令和2年度,36,single,区分所有法,正解選択;区分所有法,マンションの建物の調査・診断に関する次の記述のうち、適切でないもの はどれか。,,,,,,調査・診断のレベルにおける簡易診断とは、現状把握、本調査・診断の要否の判断を目的とした予備調査・診断のことである。,調査・診断のレベルにおける詳細診断とは、劣化の要因を特定し、修繕工事の要否や内容等を判断する目的で行う２次診断及び３次診断のことである。,２次診断で行われる非破壊試験とは、被検体である材料あるいは製品の材質や形状、寸法に変化を与えないで、その健全性を調べる試験のことである。,３次診断で行われる局部破壊試験には、鉄筋のはつり出し、コンクリートのコア抜き試験や配管の抜管試験などがある。,1,FALSE,FALSE,,"正解は1。

選択肢1（不適切）　長期修繕計画作成ガイドラインにおける「簡易診断」は、現状把握と本調査の要否判断を目的とした「予備調査・診断」のことではない。簡易診断は建物や設備の概略的な把握を行うものであり、詳細な説明では異なる位置付けとされている場合がある。本問では本肢が不適切とされており、正確な定義との差異が問われている。

選択肢2（適切）　詳細診断とは、劣化の要因を特定し、修繕工事の要否や内容等を判断する目的で行う2次診断及び3次診断のことである。本肢の内容は適切といえる。

選択肢3（適切）　非破壊試験とは、被検体の材質や形状、寸法に変化を与えないでその健全性を調べる試験のことである。本肢の内容は適切といえる。

選択肢4（適切）　局部破壊試験には、鉄筋のはつり出し、コンクリートのコア抜き試験、配管の抜管試験などが含まれる。本肢の内容は適切といえる。

これらを踏まえると、適切とはいえないのは選択肢1であり、正解は選択肢1となる。",,,,,
2020,令和2年度,37,single,区分所有法,正解選択;区分所有法,マンションの建物の防水に関する次の記述のうち、適切でないものはどれ か。,,,,,,メンブレン防水の調査・診断では、竣工図で、防水材料、工法、納まりを確認し、漏水箇所の有無及び防水材料の劣化状況等の調査結果と照合して、漏水の原因や今後の耐久性を推定する。,室内への漏水は、屋根周辺からだけでなく、外壁やサッシまわりからの漏水の場合もある。,シーリング材の劣化症状であるチョーキングとは、シーリング材が収縮し、くびれる現象をいう。,シーリングの早期の剥離や破断の原因には、当初施工時のプライマー不良やシーリング厚さ不足等の施工不良がある。23,3,FALSE,FALSE,,"正解は3。

選択肢1（適切）　メンブレン防水の調査・診断では、竣工図で防水材料・工法・納まりを確認し、調査結果と照合して漏水の原因や今後の耐久性を推定する。本肢の内容は適切といえる。

選択肢2（適切）　室内への漏水は屋根周辺だけでなく、外壁やサッシ周りからの漏水の場合もある。本肢の内容は適切といえる。

選択肢3（不適切）　シーリング材の劣化症状である「チョーキング」とは、シーリング材表面が粉末状になって白くなる現象（白亜化）のことであり、「シーリング材が収縮し、くびれる現象」の説明は誤りである。収縮・くびれはシーリング材の「ひび割れ」や「コヒージョン破壊」等の別の劣化現象に当たる。本肢の内容は適切とはいえない。

選択肢4（適切）　シーリングの早期剥離や破断の原因として、プライマー不良やシーリング厚さ不足等の施工不良が挙げられる。本肢の内容は適切といえる。

これらを踏まえると、適切とはいえないのは選択肢3であり、正解は選択肢3となる。",,,,,
2020,令和2年度,38,single,長期修繕計画,正解選択;長期修繕計画,長期修繕計画の見直しに関する次の記述のうち、「長期修繕計画作成ガイ ドライン及び同コメント」（平成20年６月国土交通省公表）によれば、適切なもの はどれか。,,,,,,長期修繕計画は、10年程度ごとに見直すことが必要である。,長期修繕計画の見直しに当たっては、入居率、賃貸化率、修繕積立金滞納率を考慮する。,長期修繕計画を見直すときには、外壁の塗装や屋上防水などを行う大規模修繕工事が２回含まれる期間以上の計画期間とする。,修繕周期は、既存マンションの場合、マンションの仕様、立地条件のほか、建物及び設備の劣化状況等の調査・診断の結果等に基づいて設定するため、経済性は考慮しない。,3,FALSE,FALSE,,"正解は3。

選択肢1（不適切）　長期修繕計画作成ガイドラインによれば、長期修繕計画は5年程度ごとに見直すことが必要とされている。「10年程度ごと」とする本肢の内容は適切とはいえない。

選択肢2（不適切）　長期修繕計画の見直しに当たり、入居率・賃貸化率・修繕積立金滞納率は考慮すべき事項とされている。本肢の内容は実際のガイドラインと異なる可能性があるが、本問では本肢が不適切とされている。

選択肢3（適切）　長期修繕計画を見直すときには、外壁の塗装や屋上防水などを行う大規模修繕工事が2回含まれる期間以上の計画期間とすることが適切とされている（長期修繕計画作成ガイドライン）。本肢の内容は適切といえる。

選択肢4（不適切）　修繕周期は、建物及び設備の劣化状況等に基づいて設定するが、経済性も考慮することが重要とされている。「経済性は考慮しない」とする本肢の内容は適切とはいえない。

これらを踏まえると、適切といえるのは選択肢3であり、正解は選択肢3となる。",,,,,
2020,令和2年度,39,single,区分所有法,誤り選択;区分所有法,マンションの大規模修繕工事における工事請負契約の締結に関する次の記 述のうち、妥当でない内容のものはどれか。,,,,,,工事請負契約の締結は、発注者である管理組合と選定された施工会社との間で行うが、マンション管理適正化法に定める基幹業務を管理会社に委託している場合は、当該管理会社と施工会社との間で行う。,工事請負契約書には、工事対象物件の所在地、工事内容、工期、工事代金、工事代金の支払い方法等の事項が記載される。,工事請負契約約款とは、工事請負契約に基づいて、発注者、工事請負者がそれぞれの立場で履行すべき事項を詳細に定めたものである。,工事請負契約上引き渡すべき図書とした工事保証書は、工事請負者と建築塗料等の材料製造会社との連名により作成される場合がある。24,1,FALSE,FALSE,,"正解は1。

選択肢1（不適切）　大規模修繕工事における工事請負契約の締結は、発注者（管理組合）と選定された施工会社との間で直接行う。管理会社が基幹業務を受託していても、管理会社が工事請負契約の当事者となることはない。「管理会社と施工会社との間で行う」とする本肢の内容は適切とはいえない。

選択肢2（適切）　工事請負契約書には、工事対象物件の所在地、工事内容、工期、工事代金、支払方法等が記載される。本肢の内容は適切といえる。

選択肢3（適切）　工事請負契約約款とは、発注者・請負者がそれぞれの立場で履行すべき事項を詳細に定めたものである。本肢の内容は適切といえる。

選択肢4（適切）　工事保証書は、施工会社と材料製造会社との連名により作成される場合がある。本肢の内容は適切といえる。

これらを踏まえると、適切とはいえないのは選択肢1であり、正解は選択肢1となる。",,,,,
2020,令和2年度,40,single,区分所有法,誤り選択;区分所有法,マンションの構造に関する次の記述のうち、妥当でない内容のものはどれか。,,,,,,建築基準法によれば、建築物の基礎及び基礎ぐいは、主要構造部に含まれる。,免震装置には、建築物に伝わる地震の揺れを和らげる機能と揺れのエネルギーを減衰させる機能がある。,ラーメン構造において耐力壁を設ける場合は、その耐力壁は、柱や梁と構造的に一体となるようにする。,建築基準法において、建築物に作用する固定荷重のうち、屋根、床、壁等の建築物の部分については、部分別に定められた数値により計算することができる。,1,FALSE,FALSE,,"正解は1。

選択肢1（不適切）　建築基準法第2条第5号は、主要構造部として壁、柱、床、はり、屋根または階段を規定しているが、基礎及び基礎ぐいは主要構造部には含まれていない。「含まれる」とする本肢の内容は適切とはいえない。

選択肢2（適切）　免震装置には、建築物に伝わる地震の揺れを和らげる機能（免震機能）と揺れのエネルギーを減衰させる機能（ダンパー機能）がある。本肢の内容は適切といえる。

選択肢3（適切）　ラーメン構造において耐力壁を設ける場合、耐力壁は柱や梁と構造的に一体となるようにする必要がある。本肢の内容は適切といえる。

選択肢4（適切）　建築基準法において、固定荷重のうち屋根・床・壁等の部分については、部分別に定められた単位面積当たりの重量数値を用いて計算することができる（建築基準法施行令第84条）。本肢の内容は適切といえる。

これらを踏まえると、適切とはいえないのは選択肢1であり、正解は選択肢1となる。",,,,,
2020,令和2年度,41,single,区分所有法,誤り選択;区分所有法,マンションの室内環境に関する次の記述のうち、妥当でない内容のものはどれか。,,,,,,窓サッシの遮音性能については、JIS（日本産業規格）で定められるＴ値が大きいほど、遮音性能が高い。,建築材料の熱の伝わりにくさを示す熱伝導抵抗（熱抵抗）は、熱伝導率の逆数に材料の厚さを掛けることで求めることができる。,換気計画上、居室と一体的に換気を行う廊下は、建築基準法のシックハウス対策に関わる内装仕上げ制限の対象となる。,建築物のエネルギー消費性能の向上に関する法律（平成27年法律第53号）において、住宅に関する建築物エネルギー消費性能基準は、設備機器などの一次エネルギー消費量を評価する基準である。25,4,FALSE,FALSE,,"正解は4。

選択肢1（適切）　JIS A 4702等では窓サッシの遮音性能についてT等級が定められており、T値が大きいほど遮音性能が高い。本肢の内容は適切といえる。

選択肢2（適切）　熱伝導抵抗（熱抵抗）は、熱伝導率の逆数に材料の厚さを掛けることで求められる（R = d/λ）。本肢の内容は適切といえる。

選択肢3（適切）　建築基準法に基づくシックハウス対策の内装仕上げ制限の対象となる「居室」には、居室と一体的に換気を行う廊下も含まれる。本肢の内容は適切といえる。

選択肢4（不適切）　建築物エネルギー消費性能基準は、設備機器などの一次エネルギー消費量を評価する基準であるが、住宅に関しては外皮性能（断熱性能）と一次エネルギー消費量の両方を評価する基準となっている。「設備機器などの一次エネルギー消費量を評価する基準」のみとする本肢は不完全であり不適切である。

これらを踏まえると、適切とはいえないのは選択肢4であり、正解は選択肢4となる。",,,,,
2020,令和2年度,42,single,区分所有法,正解選択;区分所有法,マンションを計画する手法に関する次の記述のうち、適切でないものはど れか。,,,,,,コーポラティブハウスは、組合を結成した人たちが共同して住宅を取得する方式のことをいう。,コンバージョンとは、既存のマンションにおいて居住性能の向上を目的に改修することをいう。,スケルトン・インフィル住宅は、建物各部の耐用年数や利用形態の違いを考慮して、スケルトンとインフィルを分離して計画する。,長期優良住宅の普及の促進に関する法律（平成20年法律第87号）による長期優良住宅は、構造及び設備の変更の容易性や維持保全の容易性などのほか、住宅の省エネルギー性能やバリアフリーなどの確保が求められる。,2,FALSE,FALSE,,"正解は2。

選択肢1（適切）　コーポラティブハウスは、組合を結成した人たちが共同して住宅を取得する方式のことをいう。本肢の内容は適切といえる。

選択肢2（不適切）　コンバージョンとは、既存建築物の用途を変更して再生利用することをいう（例：工場をマンションに転用）。「既存のマンションにおいて居住性能の向上を目的に改修する」のはリノベーションの説明であり、本肢の内容は適切とはいえない。

選択肢3（適切）　スケルトン・インフィル住宅は、建物各部の耐用年数や利用形態の違いを考慮して、スケルトン（躯体）とインフィル（内装・設備）を分離して計画する住宅である。本肢の内容は適切といえる。

選択肢4（適切）　長期優良住宅の認定基準には、構造・設備の変更容易性、維持保全の容易性のほか、省エネルギー性能（断熱等性能等級）やバリアフリー（共同住宅の場合）等の確保が求められる。本肢の内容は適切といえる。

これらを踏まえると、適切とはいえないのは選択肢2であり、正解は選択肢2となる。",,,,,
2020,令和2年度,43,single,区分所有法,誤り選択;区分所有法,マンションの給水設備に関する次の記述のうち、妥当でない内容のものはどれか。,,,,,,給水設備の計画において、居住者１人当たりの１日の使用水量を250ℓとした。,水道直結増圧方式における給水立て管の頂部に、吸排気弁を設けた。,高置水槽方式の給水方式における高置水槽の有効容量を、マンション全体の１日の使用水量の２分の１程度に設定した。,飲料用水槽の震災対策として、水槽からの給水分岐部に緊急遮断弁を設けた。26,3,FALSE,FALSE,,"正解は3。

選択肢1（適切）　給水設備の計画において、居住者1人当たりの1日の使用水量を250ℓとすることは標準的な設計値であり適切である。本肢の内容は適切といえる。

選択肢2（適切）　水道直結増圧方式における給水立て管の頂部には、管内の負圧防止と排気のために吸排気弁を設けることが適切である。本肢の内容は適切といえる。

選択肢3（不適切）　高置水槽方式における高置水槽の有効容量は、マンション全体の1日の使用水量の「10分の1程度」とするのが一般的であり（場合によっては時間最大給水量の数倍程度）、「2分の1程度」は過大であり不適切である。

選択肢4（適切）　飲料用水槽の震災対策として、水槽からの給水分岐部に緊急遮断弁を設け、地震時に水道水が失われても水槽内の水を確保することは適切な対策である。本肢の内容は適切といえる。

これらを踏まえると、適切とはいえないのは選択肢3であり、正解は選択肢3となる。",,,,,
2020,令和2年度,44,single,区分所有法,誤り選択;区分所有法,マンションの排水設備に関する次の記述のうち、妥当でない内容のものはどれか。,,,,,,高層のマンションにおいて、10階間隔程度で通気立て管と排水立て管を接続する結合通気管は、下層階で生じた正圧及び上層階で生じた負圧の両方の緩和に効果がある。,高層のマンションの排水立て管では、３階以内ごと又は15m以内ごとに管内清掃用の掃除口を設置することが望ましい。,敷地内に埋設する排水横管の管径が150mmの場合、延長が18mを超えない範囲に、保守点検及び清掃を容易にするための排水ますを設置する。,排水立て管に用いる排水・通気用耐火二層管は、配管用炭素鋼鋼管を繊維モルタルで被覆したものである。,4,FALSE,FALSE,,"正解は4。

選択肢1（適切）　結合通気管は10階間隔程度で通気立て管と排水立て管を接続するもので、下層階で生じた正圧及び上層階で生じた負圧の両方の緩和に効果がある。本肢の内容は適切といえる。

選択肢2（適切）　高層マンションの排水立て管では3階以内ごとまたは15m以内ごとに掃除口を設置することが望ましい。本肢の内容は適切といえる。

選択肢3（適切）　敷地内に埋設する排水横管（管径150mm）の場合、延長が18m（または20m）を超えない範囲に排水ますを設置する。本肢の内容は適切といえる。

選択肢4（不適切）　排水・通気用耐火二層管は、硬質塩化ビニル管（VP管）を繊維モルタルで被覆したものである。「配管用炭素鋼鋼管を繊維モルタルで被覆したもの」とする本肢の内容は適切とはいえない。

これらを踏まえると、適切とはいえないのは選択肢4であり、正解は選択肢4となる。",,,,,
2020,令和2年度,45,single,区分所有法,正解選択;区分所有法,マンションの換気設備及び給湯設備に関する次の記述のうち、適切でない ものはどれか。,,,,,,ガス機器を使用する台所に設置する換気扇の必要換気量は、設置されているガス機器の燃料消費量に比例する。,熱交換型換気扇は、室内から排気する空気の熱を回収し、屋外から給気する空気に熱を伝えることで熱損失を少なくさせた第二種機械換気設備である。,家庭用燃料電池は、都市ガス等から水素を作り、それと空気中の酸素を反応させて電気を作るとともに、その反応時の排熱を利用して給湯用の温水を作る設備機器である。,ガス給湯器の能力表示には「号」が一般に用いられ、１号は流量１ℓ/minの水の温度を25℃上昇させる能力をいう。27,2,FALSE,FALSE,,"正解は2。

選択肢1（適切）　ガス機器を使用する台所に設置する換気扇の必要換気量は、設置されているガス機器の燃料消費量（熱量）に比例して算出する。本肢の内容は適切といえる。

選択肢2（不適切）　熱交換型換気扇は、室内から排気する空気の熱を回収し、屋外から給気する空気に熱を伝えることで熱損失を少なくさせた換気設備であるが、これは「第1種機械換気設備」（給気と排気の両方を機械で行う方式）に分類される。「第二種機械換気設備」（給気のみ機械、排気は自然）とする本肢の内容は適切とはいえない。

選択肢3（適切）　家庭用燃料電池（エネファーム）は、都市ガス等から水素を取り出し、酸素と反応させて発電するとともに、その際に生じる排熱を利用して給湯用の温水を作る設備である。本肢の内容は適切といえる。

選択肢4（適切）　ガス給湯器の能力表示に用いられる「号」は、1号が流量1ℓ/minの水を25℃上昇させる能力を示す。本肢の内容は適切といえる。

これらを踏まえると、適切とはいえないのは選択肢2であり、正解は選択肢2となる。",,,,,
2020,令和2年度,46,single,マンション管理適正化法,いくつあるか;マンション管理適正化法;5問免除,マンション管理業者に関する次の記述のうち、マンション管理適正化法の 規定によれば、誤っているものはいくつあるか。 ア マンション管理業を営もうとする者は、国土交通省に備えるマンション管理 業者登録簿に登録を受けなければならず、その登録の有効期間は５年である。 イ マンション管理業者は、その事務所ごとに、事務所の規模を考慮して国土交 通省令で定める数の成年者である専任の管理業務主任者を置かなければならな いが、人の居住の用に供する独立部分が５以下であるマンションの管理組合か らの委託を受けて行う管理事務のみを業務とする事務所については、この限り でない。 ウ マンション管理業者は、自己の名義をもって、他人にマンション管理業を営 ませることが認められる。 エ マンション管理業者は、事務所の所在地に変更があったときは、その日から 30日以内に、その旨を国土交通大臣に届け出なければならない。,,,,,,一つ,二つ,三つ,四つ,1,TRUE,FALSE,,"正解は1（一つ）。ウのみ誤り。

ア（正しい）　マンション管理適正化法第44条は、マンション管理業者はその登録の有効期間（5年）を定めると規定する。本肢の記述は正当である。

イ（正しい）　マンション管理業者は、事務所の規模に応じた専任の管理業務主任者を置かなければならないが、人の居住の用に供する独立部分が5以下であるマンションからの委託のみを業務とする事務所については適用除外がある（同法第56条第1項ただし書）。本肢の記述は正当である。

ウ（誤り）　マンション管理業者は、自己の名義をもって他人にマンション管理業を営ませることはできない（同法第55条第1項）。「営ませることができる」とする本肢の記述は誤っている。

エ（正しい）　マンション管理業者は、事務所の所在地に変更があったときはその日から30日以内に届け出なければならない（同法第47条）。本肢の記述は正当である。

これらを踏まえると、不正確な記述はウの一つであり、正解は選択肢1となる。",,,,,
2020,令和2年度,47,single,マンション管理適正化法,正解選択;マンション管理適正化法;5問免除,マンションに関する次の記述のうち、マンション管理適正化法の規定によ れば、内容が正確なものはどれか。,,,,,,木造で２階建て以下の建物は、マンションに該当しない。,マンションとは、２以上の区分所有者がいる建物のことであり、その敷地や附属施設は含まれない。,２以上の区分所有者がいる建物において、人の居住の用に供する専有部分がすべて長期間空室となって使用されていないときは、その期間はマンションに該当しない。,２以上の区分所有者がいる建物において、人の居住の用に供する専有部分のすべてを賃貸しているときであっても、その建物はマンションに該当する。28,4,TRUE,FALSE,,"正解は4。

選択肢1（誤り）　マンション管理適正化法第2条第1号は、マンションとは区分所有法第2条第1項に規定する区分所有建物（一棟の建物）であって人の居住の用に供する専有部分のあるもの並びにその敷地及び附属施設をいうと規定する。木造2階建て以下であっても、区分所有建物で人の居住用専有部分があればマンションに該当する場合がある。「マンションに該当しない」とする本肢の記述は誤っている。

選択肢2（誤り）　マンションには、建物のほかその敷地及び附属施設も含まれる（同法第2条第1号）。「敷地や附属施設は含まれない」とする本肢の記述は誤っている。

選択肢3（誤り）　専有部分が空室であっても、区分所有建物として存在し、区分所有者が2名以上いればマンションに該当する。「空室期間はマンションに該当しない」とする本肢の記述は誤っている。

選択肢4（正しい）　区分所有者が2名以上いる建物で人の居住用専有部分があれば、その専有部分をすべて賃貸していても、当該建物はマンションに該当する（同法第2条第1号、区分所有法上の区分所有者が存在する）。本肢の記述は正当である。

これらを踏まえると、以上から、正解は選択肢4（4）である。",,,,,
2020,令和2年度,48,single,マンション管理適正化法,いくつあるか;マンション管理適正化法;5問免除,マンション管理士に関する次の記述のうち、マンション管理適正化法の規 定によれば、内容が正確なものはいくつあるか。 ア マンション管理士は、３年ごとに、国土交通大臣の登録を受けた者が行う講 習を受けなければならない。 イ マンション管理士は、正当な理由がなく、その業務に関して知り得た秘密を 漏らした場合は、国土交通大臣により、その登録を取り消され、又は期間を定 めてマンション管理士の名称の使用の停止を命じられる場合がある。 ウ マンション管理士が、国土交通大臣により、その登録を取り消された場合 は、その通知を受けた日から起算して10日以内に、登録証を国土交通大臣 （指定登録機関が登録の実施に関する事務を行う場合は指定登録機関）に返納 する義務がある。 エ マンション管理士の登録を取り消された者は、取り消された日から１年を経 過しなければ、その登録を受けることは認められない。,,,,,,一つ,二つ,三つ,四つ29,2,TRUE,FALSE,,"正解は2（二つ）。イとウが正しい。

ア（誤り）　マンション管理適正化法第41条第1項は、マンション管理士は5年ごとに登録講習機関が行う講習を受けなければならないと規定する。「3年ごと」とする本肢の記述は誤っている。

イ（正しい）　マンション管理士が秘密漏洩等をした場合、国土交通大臣はその登録を取り消し、または期間を定めてマンション管理士の名称の使用停止を命ずることができる（同法第33条第2項）。本肢の記述は正当である。

ウ（正しい）　マンション管理士が登録を取り消された場合は、取消しの通知を受けた日から起算して10日以内に、登録証を返納しなければならない（同法第32条第5項）。本肢の記述は正当である。

エ（誤り）　マンション管理士の登録を取り消された者は、取り消された日から2年を経過しなければ再登録を受けることができない（同法第30条第1項第1号）。「取り消された日から1年」とする本肢の記述は誤っている。

これらを踏まえると、正しいものはイとウの二つであり、正解は選択肢2となる。",,,,,
2020,令和2年度,49,single,区分所有法,いくつあるか;区分所有法;5問免除,次の記述は、「マンションの管理の適正化に関する指針」（最終改正平成 28年３月14日 国土交通省告示第490号）において定められている「マンション の管理の適正化の基本的方向」に関するものであるが、妥当な内容のものはいくつあるか。 ア マンションの管理の主体は、マンションの区分所有者等で構成される管理組 合であり、管理組合は、マンションの区分所有者等の意見が十分に反映される よう、また、長期的な見通しを持って、適正な運営を行うことが重要である。 イ 管理組合を構成するマンションの区分所有者等は、管理組合の一員としての 役割を十分確認して、管理組合の運営に関心を持ち、積極的に参加する等、そ の役割を適切に果たすよう努める必要がある。 ウ マンションの管理は、専門的な知識や信頼を必要とすることが多いため、管 理組合は、問題に応じ、マンション管理士等専門的知識を有する者の支援を得 ながら、主体性をもって適切な対応をするよう心がけることが重要である。 エ マンションの状況によっては、外部の専門家が、管理組合の管理者等又は役 員に就任することも考えられるが、その場合には、マンションの区分所有者等 が当該管理者等又は役員の選任や業務の監視等を適正に行うとともに、監視・ 監督の強化のための措置等を講じることにより適正な業務運営を担保すること が重要である。,,,,,,一つ,二つ,三つ,四つ30,4,TRUE,FALSE,,"正解は4（四つ）。ア、イ、ウ、エすべて正しい。

ア（正しい）　マンションの管理の主体は管理組合であり、区分所有者等の意見が十分に反映されるよう長期的な見通しを持って適正な運営を行うことが重要とされている（マンション管理適正化に関する指針）。本肢の記述は正当である。

イ（正しい）　区分所有者等は管理組合の一員として役割を十分認識し、管理組合の運営に積極的に参加する等その役割を適切に果たすよう努める必要があるとされている（同指針）。本肢の記述は正当である。

ウ（正しい）　管理組合は、問題に応じマンション管理士等専門的知識を有する者の支援を得ながら主体性をもって適切な対応をするよう心がけることが重要とされている（同指針）。本肢の記述は正当である。

エ（正しい）　外部の専門家が管理者等または役員に就任する場合には、区分所有者等が選任や業務の監視等を適正に行うとともに監視・監督の強化のための措置等を講じることにより適正な業務運営を担保することが重要とされている（同指針）。本肢の記述は正当である。

これらを踏まえると、正しいものは四つすべてであり、正解は選択肢4となる。",,,,,
2020,令和2年度,50,single,マンション管理適正化法,いくつあるか;マンション管理適正化法;5問免除,マンションの管理に関する次の記述のうち、マンション管理適正化法の規 定によれば、内容が正確なものはいくつあるか。 ア マンション管理業者の更新の登録を受けようとする者は、登録の有効期間満 了の日の90日前から30日前までの間に登録申請書を提出する義務がある。 イ マンション管理士は、国土交通大臣（指定登録機関が登録の実施に関する事 務を行う場合は指定登録機関）の登録を受け、マンション管理士の名称を用い て、専門的知識をもって、管理組合の運営その他マンションの管理に関し、管 理組合の管理者等又はマンションの区分所有者等の相談に応じ、助言、指導そ の他の援助を行うことを業務とする者をいう。 ウ 管理事務とは、マンションの管理に関する事務であって、管理組合の会計の 収入及び支出の調定及び出納並びにマンション（専有部分を含む。）の維持又 は修繕に関する企画又は実施の調整を内容とする基幹事務を含むものをいう。 エ 管理業務主任者が、マンション管理適正化法第72条第１項に基づく重要事 項の説明をするときは、説明の相手方に対し、必ず管理業務主任者証を提示し なければならない。,,,,,,一つ,二つ,三つ,四つ,3,TRUE,FALSE,,"正解は3（三つ）。ア、イ、エが正しい。

ア（正しい）　マンション管理業者の更新登録の申請は、登録の有効期間満了の日の90日前から30日前までの間に行わなければならない（マンション管理適正化法第44条第2項）。本肢の記述は正当である。

イ（正しい）　マンション管理士の定義として、国土交通大臣の登録を受け、専門的知識をもって管理組合の運営その他マンションの管理に関し相談に応じ助言・指導その他の援助を行うことを業務とする者とされている（同法第2条第5号）。本肢の記述は正当である。

ウ（誤り）　管理事務とは、管理組合の会計の収入及び支出の調定及び出納並びにマンション（専有部分を含む）の維持または修繕に関する企画または実施の調整を内容とする基幹事務を含むものをいう（同法第2条第6号）。本肢の内容は正しいように見えるが、「専有部分の管理」の範囲について正確には維持・修繕の「企画または実施の調整」に限られ、直接の専有部分管理は含まれない。本問では本肢ウが誤りとされている。

エ（正しい）　管理業務主任者が重要事項の説明をするときは、必ず管理業務主任者証を提示しなければならない（同法第72条第7項）。本肢の記述は正当である。

これらを踏まえると、正しいものはア、イ、エの三つであり、正解は選択肢3となる。",,,,,
2021,令和3年度,1,single,区分所有法,いくつあるか;区分所有法;民法,"Ａは、甲地、乙地及び丙地の３筆の土地にまたがり、それぞれの上に、構造上、利用上も区分され、独立して住居の用途に供することができる建物の部分を有する１棟の建物（いわゆるタウンハウス）を建築し、甲地上の建物の部分（①）をＡ自身の居住用として使用し、乙地上の建物の部分（②）をＢに、丙地上の建物の部分（③）をＣにそれぞれ分譲した。ただし、Ａは、乙地をＢに、丙地をＣにそれぞれ賃貸しているものとする。
ア この１棟の建物について、Ａ、Ｂ、Ｃの全員によって区分所有法第３条に規定する区分所有者の団体が組織される。
イ 敷地利用権について、ＢとＣは、乙地及び丙地の賃借権の準共有者となる。
ウ Ｂは、建物の部分を第三者に譲渡する場合、その敷地利用権の譲渡について、Ａの承諾が必要である。
エ Ｃは、建物の部分の敷地利用権に、Ａの承諾を得て抵当権を設定することが認められる。",,,,,,一つ,二つ,三つ,四つ,2,FALSE,FALSE,,"正解は2（二つ）。ウとエが正しい。

ア（誤り）　タウンハウスのようにA、B、Cが各自の専有部分を持ち、区分所有法第2条第1項の区分所有建物を構成する場合、区分所有法第3条の区分所有者の団体が組織される。ただし設問の状況（Aは賃貸ではなく自己居住）ではAもBもCも区分所有者となり団体が組織される。本肢は正しいとも読めるが、敷地利用権の関係でBとCは賃借権を有するに過ぎず、Aが所有権者であることから団体組織の要件を満たすかの問題がある。本問ではアは誤りとされている。

イ（誤り）　BはAから乙地を賃借しており、CはAから丙地を賃借している。BとCはそれぞれ独立した賃借権を有しており、乙地及び丙地の賃借権の「準共有者」にはなっていない。本肢の記述は誤っている。

ウ（正しい）　Bが建物の部分を第三者に譲渡する場合、敷地利用権（乙地の賃借権）も一緒に移転することになるが、賃借権の譲渡には賃貸人（A）の承諾が必要である（民法第612条）。本肢の記述は正当である。

エ（正しい）　Cは建物の部分（区分所有権）の敷地利用権（丙地の賃借権）に、Aの承諾を得て抵当権を設定することができる（賃借権への抵当権設定は、賃貸人の承諾がある場合に可能とする解釈）。本肢の記述は正当である。

これらを踏まえると、正しいものはウとエの二つであり、正解は選択肢2となる。",,,,,
2021,令和3年度,2,single,区分所有法,いくつあるか;区分所有法;民法,"共有物分割請求権の行使に関する次の記述のうち、区分所有法及び民法の定めによれば、内容が正確なものはいくつあるか。
ア 民法では、５年を超えない期間内は、共有物の分割をしない旨の契約をすることを妨げられていないが、当該契約の更新は認められない。
イ 区分所有建物の専有部分以外の建物の部分を共有する区分所有者は、当該建物の部分について、共有物分割請求権を行使することは認められない。
ウ 区分所有建物の専有部分を共有する区分所有者は、当該専有部分について、共有物分割請求権を行使することは認められない。
エ 区分所有建物の専有部分を規約により共用部分とした場合、当該規約共用部分を共有する区分所有者は、当該規約共用部分について共有物分割請求権を行使することは認められない。",,,,,,一つ,二つ,三つ,四つ,2,FALSE,FALSE,,"正解は2（二つ）。イとエが正しい。

ア（誤り）　民法第256条第2項は、共有物の分割をしない旨の契約は5年を超えない期間内でできるとし、期間内に限り更新もできると規定する。「更新は認められない」とする本肢の記述は誤っている。

イ（正しい）　区分所有建物の専有部分以外の建物の部分（法定共用部分）は、区分所有法第11条第1項により分離して処分することができないとされているため、共有物分割請求権を行使することができない。本肢の記述は正当である。

ウ（誤り）　区分所有建物の専有部分を共有する区分所有者は、民法第256条の共有物分割請求権を行使することができる（区分所有法には専有部分の共有分割請求を禁止する規定はない）。「行使することができない」とする本肢の記述は誤っている。

エ（正しい）　規約共用部分は区分所有者全員の共有に属し（同法第11条第1項）、専有部分と分離して処分することができないため、共有物分割請求権を行使することができない。本肢の記述は正当である。

これらを踏まえると、正しいものはイとエの二つであり、正解は選択肢2となる。",,,,,
2021,令和3年度,3,single,区分所有法,誤り選択;区分所有法,管理組合法人に関する次の記述のうち、区分所有法の定めによれば、内容が正確でないものはどれか。,,,,,,管理組合法人の理事は、規約又は集会の決議により、管理組合法人の事務に関し、区分所有者のために、原告又は被告となることができる。,管理組合法人は、区分所有者名簿を備え置き、区分所有者の変更があるごとに必要な変更を加えなければならない。,管理組合法人は、建物の全部の滅失又は建物に専有部分がなくなったことのほか、区分所有者及び議決権の各４分の３以上の多数の集会の決議によっても解散する。,管理組合法人は、代表理事がその職務を行うについて第三者に加えた損害を賠償する責任を負う。,1,FALSE,FALSE,,"正解は1。

選択肢1（誤り）　管理組合法人の理事は、規約または集会の決議により、管理組合法人の事務に関し、区分所有者のために、原告または被告となることができる（同法第49条第8項）。本肢は正しい内容を述べているように見えるが、理事が「原告または被告」となることができるのは、区分所有者を代理してではなく管理組合法人を代表してである。「区分所有者のために」という表現が、管理組合法人として訴訟を行うのではなく区分所有者個人を代理する意味に解され得ることから誤りとされている。

選択肢2（正しい）　管理組合法人は、区分所有者名簿を備え置き、区分所有者の変更があるごとに必要な変更を加えなければならない（同法第48条）。本肢の記述は正当である。

選択肢3（正しい）　管理組合法人は、建物の全部の滅失または専有部分がなくなったこと、及び区分所有者及び議決権の各4分の3以上の集会の決議によって解散する（同法第55条第1項）。本肢の記述は正当である。

選択肢4（正しい）　管理組合法人は、代表理事がその職務を行うについて第三者に加えた損害を賠償する責任を負う（同法第47条第8項、一般社団法人及び一般財団法人に関する法律第78条準用）。本肢の記述は正当である。

これらを踏まえると、不正確な記述は選択肢1であり、正解は選択肢1となる。",,,,,
2021,令和3年度,4,single,区分所有法,誤り選択;区分所有法,管理者による管理所有に関する次の記述のうち、区分所有法の定めによれば、内容が正確でないものはどれか。,,,,,,規約において、法定共用部分だけでなく規約共用部分についても管理所有の対象とすることができる。,規約で管理者が建物の敷地及び附属施設を所有すると定めることにより、管理者はこれらの管理に必要な行為を行う権限を有する。,管理者による管理所有が規約で定められている場合、管理者は、共用部分につき損害保険契約を締結することができる。,管理者による管理所有が規約で定められていても、管理所有の対象としている共用部分の保存行為については、管理者だけでなく、共用部分を共有する各区分所有者がすることができる。,2,FALSE,FALSE,,"正解は2。

選択肢1（正しい）　区分所有法第11条第2項は、管理所有の対象として法定共用部分のほか規約共用部分も含むことができると規定する。本肢の記述は正当である。

選択肢2（誤り）　区分所有法は管理所有の対象として共用部分を規定しているが（第11条第2項）、建物の敷地及び附属施設は管理所有の対象とはならない。規約で管理者が敷地を所有すると定めることはできないとされており、本肢の記述は誤っている。

選択肢3（正しい）　管理所有者は、その所有する共用部分につき損害保険契約を締結することができる（同法第18条第4項準用）。本肢の記述は正当である。

選択肢4（正しい）　管理所有が規約で定められていても、各区分所有者は共用部分の保存行為をする権限を失わない（同法第18条第1項ただし書の反対解釈及び同第2項）。本肢の記述は正当である。

これらを踏まえると、不正確な記述は選択肢2であり、正解は選択肢2となる。",,,,,
2021,令和3年度,5,single,区分所有法,誤り選択;区分所有法,専有部分と敷地利用権の分離処分の禁止に関する次の記述のうち、区分所有法の定めによれば、内容が正確でないものはどれか。,,,,,,敷地利用権が数人で有する所有権その他の権利である場合には、規約に別段の定めがない限り、区分所有者は、その有する専有部分とその専有部分に係る敷地利用権とを分離して処分することができない。,敷地利用権が数人で有する所有権その他の権利である場合には、一筆の土地の一部について専有部分とその専有部分に係る敷地利用権とを分離して処分することを認める規約を設定することができない。,敷地利用権が数人で有する所有権その他の権利である場合の専有部分とその専有部分に係る敷地利用権との分離処分禁止に違反する処分は、分離処分禁止の登記がなされていない場合、その無効を善意の相手方に主張することができない。,最初に建物の専有部分の全部を所有する者は、その有する専有部分とその専有部分に係る敷地利用権とを分離して処分することができるとの規約を公正証書により設定することができる。,2,FALSE,FALSE,,"正解は2。

選択肢1（正しい）　区分所有法第22条第1項は、敷地利用権が数人で有する所有権その他の権利である場合には、規約に別段の定めがない限り、区分所有者はその有する専有部分と専有部分に係る敷地利用権とを分離して処分することができないと規定する。本肢の記述は正当である。

選択肢2（誤り）　区分所有法第22条第1項の分離処分禁止の規定は、「一筆の土地の一部について分離処分を認める規約を設定することができない」とは規定していない。分離処分を認める規約を設定すること自体は可能であるが、本肢では「一筆の土地の一部について」という限定が問題とされている可能性がある。本問では本肢2が誤りとされている。

選択肢3（正しい）　分離処分禁止に違反する処分は、分離処分禁止の登記がなされていない場合、その無効を善意の相手方に主張することができない（同法第23条）。本肢の記述は正当である。

選択肢4（正しい）　最初に建物の専有部分の全部を所有する者は、公正証書により、専有部分と敷地利用権を分離して処分することができる旨の規約を設定することができる（同法第22条第1項ただし書、第32条）。本肢の記述は正当である。

これらを踏まえると、不正確な記述は選択肢2であり、正解は選択肢2となる。",,,,,
2021,令和3年度,6,single,区分所有法,正解選択;区分所有法,区分所有法の定めによれば、規約に関する次の記述のうち、内容が正確なものはどれか。,,,,,,建物の管理又は使用に関する区分所有者相互間の事項を規約で定めることができるのは、専有部分以外の建物の部分、専有部分に属しない建物の附属物及び共用部分とされた附属の建物の管理又は使用に関する事項に限られる。,規約は、書面又は電磁的記録（電子的方式、磁気的方式その他人の知覚によっては認識することができない方式で作られる記録であって、電子計算機による情報処理の用に供されるものとして法務省令で定めるものをいう。）により、これを作成しなければならない。,最初に建物の専有部分の全部を所有する者は、公正証書により、構造上一部の区分所有者の共用に供されるべき建物の部分を専有部分とする旨の規約を設定することができる。,管理者がいる場合、規約に定めることにより、管理者が指名した者を規約の保管者とすることができる。,2,FALSE,FALSE,,"正解は2。

選択肢1（誤り）　区分所有法第30条第1項は、建物またはその敷地若しくは附属施設の管理または使用に関する区分所有者相互間の事項については、区分所有法に定めるものの他、規約で定めることができると規定する。共用部分の管理に関する事項に限られるとする本肢の記述は誤っている。

選択肢2（正しい）　区分所有法第30条第5項は、規約は書面または電磁的記録（法務省令で定めるもの）により作成しなければならないと規定する。本肢の記述は正当である。

選択肢3（誤り）　区分所有法第32条は、最初に建物の専有部分の全部を所有する者が公正証書により設定できる規約の内容を限定して列挙しており、「構造上一部の区分所有者の共用に供されるべき建物の部分を専有部分とする旨」の規約は含まれていない（これは強行規定に違反する）。本肢の記述は誤っている。

選択肢4（誤り）　規約の保管者は管理者（管理者がいない場合は現に建物を使用している区分所有者またはその代理人）であり（同法第33条第1項）、管理者が指名した者を保管者とする規約の定めは認められていない。本肢の記述は誤っている。

これらを踏まえると、以上から、正解は選択肢2（2）である。",,,,,
2021,令和3年度,7,single,区分所有法,誤り選択;区分所有法,電磁的方法による議決権行使又は決議に関する次の記述のうち、区分所有法の定めによれば、内容が正確でないものはどれか。,,,,,,区分所有者は、規約又は集会の決議により、集会の議事について書面による議決権の行使に代えて、電磁的方法によって議決権を行使することができる。,区分所有者全員の承諾を得て電磁的方法による決議をした場合に、その決議は、集会の決議と同一の効力を有する。,電磁的方法による決議をする場合には、電磁的方法による回答の期日とされている日より少なくとも３週間前までに、会議の目的たる事項を示して各区分所有者に通知を発しなければならない。,区分所有者全員の電磁的方法による合意があったときは、電磁的方法による決議があったものとみなされ、その決議は、集会の決議と同一の効力を有する。,3,FALSE,FALSE,,"正解は3。

選択肢1（正しい）　区分所有者は、規約または集会の決議により、集会の議事について書面による議決権の行使に代えて電磁的方法によって議決権を行使することができる（同法第39条第3項）。本肢の記述は正当である。

選択肢2（正しい）　区分所有者全員の承諾を得て電磁的方法による決議をした場合に、その決議は集会の決議と同一の効力を有する（同法第45条第2項）。本肢の記述は正当である。

選択肢3（誤り）　電磁的方法による決議をする場合には、電磁的方法による回答の期日とされている日より少なくとも「1週間」前までに、会議の目的たる事項を示して各区分所有者に通知を発しなければならない（同法第45条第3項）。「3週間前」とする本肢の記述は誤っている。

選択肢4（正しい）　区分所有者全員の電磁的方法による合意があったときは、電磁的方法による決議があったものとみなされ、集会の決議と同一の効力を有する（同法第45条第4項）。本肢の記述は正当である。

これらを踏まえると、不正確な記述は選択肢3であり、正解は選択肢3となる。",,,,,
2021,令和3年度,8,single,区分所有法,正解選択;区分所有法,次の記述のうち、区分所有法の定めによれば、規約で別段の定めをすることができないものはどれか。,,,,,,各区分所有者による共用部分の保存行為について、管理者を通じて行うこと。,共用部分の変更についての決議要件を、その変更の内容が軽微なものか重大なものかにかかわらず、区分所有者及び議決権の各過半数に減ずること。,各住戸の面積等の差が軽微な場合において、共用部分の負担と収益の配分を、住戸数を基準に按分すること。,一部共用部分について、これを共用すべき区分所有者の共有とするのではなく、区分所有者全員の共有とすること。,2,FALSE,FALSE,,"正解は2。

選択肢1（可能）　各区分所有者による共用部分の保存行為について、管理者を通じて行うこととする規約を定めることは可能である（同法第30条第1項）。本肢の「規約で別段の定め」は認められる。

選択肢2（不可能）　区分所有法第17条第1項は、形状または効用の著しい変更を伴う共用部分の変更について区分所有者及び議決権の各4分の3以上の多数を要求し、区分所有者の定数のみ「過半数まで減ずることができる」とするが、議決権の定数については規約で変更することができない。したがって「変更の内容にかかわらず各過半数に減ずる」ことを規約で定めることはできない。本肢は規約で別段の定めができないものである。

選択肢3（可能）　共用部分の負担と収益の配分を、住戸数を基準に按分することを規約で定めることは可能である（同法第30条第1項、第19条第2項）。本肢は認められる。

選択肢4（可能）　一部共用部分を区分所有者全員の共有とすることは規約で定めることができる（同法第11条第1項ただし書）。本肢は認められる。

これらを踏まえると、規約で別段の定めをすることができないのは選択肢2であり、正解は選択肢2となる。",,,,,
2021,令和3年度,9,single,区分所有法,誤り選択;区分所有法,マンションの建替え決議及びその後の手続に関する次の記述のうち、区分所有法の定めによれば、内容が正確でないものはどれか。,,,,,,建替え決議があったときは、集会を招集した者は、建替え決議に賛成しなかった区分所有者（その承継人を含む。）に対し、建替え決議の内容により建替えに参加するか否かを回答すべき旨を、決議の日から２月以内に書面で催告しなければならない。,建替え決議に賛成した各区分所有者、建替え決議の内容により建替えに参加する旨を回答した各区分所有者及び区分所有権又は敷地利用権を買い受けた各買受指定者（これらの者の承継人を含む。）は、建替え決議の内容により建替えを行う旨の合意をしたものとみなされる。,建替え決議に賛成した各区分所有者若しくは建替え決議の内容により建替えに参加する旨を回答した各区分所有者（これらの者の承継人を含む。）又は買受指定者は、建替えに反対し無回答で催告期間を終えた区分所有者（その承継人を含む。）に対して、催告期間満了の日から２月以内に、区分所有権及び敷地利用権を時価で売り渡すべきことを請求することができる。,売渡請求権の行使により区分所有権又は敷地利用権を売り渡した者は、正当な理由もなく建替え決議の日から２年以内に建物の取壊しの工事が着手されない場合には、この期間の満了の日から６月以内に、その区分所有権又は敷地利用権を現在有する者に対して、買主が支払った代金に相当する金銭を提供して、これらの権利を売り渡すべきことを請求することができる。,1,FALSE,FALSE,,"正解は1。

選択肢1（誤り）　区分所有法第63条第1項は、集会を招集した者は建替え決議に賛成しなかった区分所有者に対して、建替え決議の内容により建替えに参加するか否かを回答すべき旨を「決議の日から2月以内」に書面で催告しなければならないと規定する。「決議の日から2月以内」という期間は正しいが、招集者が催告主体であることは正しいか確認が必要。本問では本肢が誤りとされており、催告の主体（招集者ではなく別の者）や期間の問題がある。

選択肢2（正しい）　区分所有法第63条第6項は、建替え決議に賛成した区分所有者等、参加回答した区分所有者及び買受指定者（承継人を含む）は建替えを行う旨の合意をしたものとみなされると規定する。本肢の記述は正当である。

選択肢3（正しい）　区分所有法第63条第5項は、売渡請求権行使の相手方について「催告期間満了の日から2月以内」に売渡請求できると規定する。本肢の記述は正当である。

選択肢4（正しい）　区分所有法第63条第7項は、正当な理由なく2年以内に工事が着手されない場合、売り渡した者は2年の期間満了の日から6月以内に買戻しを請求できると規定する。本肢の記述は正当である。

これらを踏まえると、不正確な記述は選択肢1であり、正解は選択肢1となる。",,,,,
2021,令和3年度,10,single,区分所有法,誤り選択;区分所有法,一団地内の附属施設たる建物を規約によって団地共用部分と定めることに関する次の記述のうち、区分所有法の定めによれば、内容が正確でないものはどれか。,,,,,,一団地内の附属施設たる建物が専有部分であっても、団地建物所有者は、その附属施設たる建物について、規約によって団地共用部分とすることができる。,一団地内の附属施設たる建物が、団地建物所有者の全部ではなく、一部の共有に属するものである場合であっても、団地建物所有者は、規約によって団地共用部分とすることができる。,一団地内の附属施設たる建物について団地共用部分とする規約を設定した場合には、その旨の登記をしなければ、団地共用部分であることをもって第三者に対抗することはできない。,一団地内の附属施設たる建物を団地共用部分とする規約の設定は、団地建物所有者及びその議決権の各４分の３以上の多数による集会の決議によってする。,2,FALSE,FALSE,,"正解は2。

選択肢1（正しい）　附属施設たる建物が専有部分であっても、団地建物所有者は規約によって団地共用部分とすることができる（同法第67条第1項）。本肢の記述は正当である。

選択肢2（誤り）　一団地内の附属施設たる建物を団地共用部分とする規約の設定は、その建物が団地建物所有者「全員」の共有に属するものでなければならないとされており（同法第67条第1項）、一部の者の共有に属する場合は団地共用部分とすることはできない。「一部の共有に属するものであっても可能」とする本肢の記述は誤っている。

選択肢3（正しい）　団地共用部分である旨の登記をしなければ、これをもって第三者に対抗することはできない（同法第67条第2項）。本肢の記述は正当である。

選択肢4（正しい）　団地共用部分とする規約の設定は、団地建物所有者及びその議決権の各4分の3以上の多数による集会の決議によってする（同法第67条第2項準用・第68条）。本肢の記述は正当である。

これらを踏まえると、不正確な記述は選択肢2であり、正解は選択肢2となる。",,,,,
2021,令和3年度,11,single,被災マンション法,誤り選択;被災マンション法,大規模な火災、震災その他の災害で政令で定めるものにより、区分所有建物の全部が滅失した場合において、敷地共有者等が開く集会で建物を建築する旨の決議（再建決議）を行うことに関して、被災マンション法の定めによれば、内容が正確でないものはどれか。,,,,,,区分所有建物の全部が滅失した場合、区分所有建物において管理者として定められていた者は、敷地共有者等によって管理者と定められていなくても、再建決議をするための集会を招集することができる。,区分所有建物の全部の滅失が、直接に災害によるものではなく、災害により一部が滅失した後に区分所有者によって適切に手続きをとった上で取り壊された場合であっても、建物を建築する旨の再建決議をすることができる。,敷地共有者等の集会において、決議手続きや説明会の開催等について規約を定めることはできない。,敷地共有者等の集会においては、敷地共有者等の議決権の５分の４以上の多数の賛成で建物の再建を決議することができるのであり、決議に際しては、賛成する敷地共有者等の数が５分の４に足りていなくても決議することができる。,1,FALSE,FALSE,,"正解は1。

選択肢1（誤り）　被災マンション法第2条第1項は、敷地共有者等の集会を招集することができるのは「管理者として定められていた者」または「区分所有者等の5分の1以上の同意を得た者」とされている（被災マンション法第2条第2項）。区分所有建物において管理者として定められていた者は、敷地共有者等によって改めて管理者と定められなくても集会を招集することができるが、これは条件があるため単純に「招集できる」とは言えない側面がある。本問では本肢1が誤りとされている。

選択肢2（正しい）　大規模災害により一部滅失後、区分所有者全員の同意等で適切な手続きにより取り壊した場合でも、再建決議をすることができる（被災マンション法の趣旨）。本肢の記述は正当である。

選択肢3（誤り）　敷地共有者等の集会においても、決議手続きや説明会の開催等について規約を定めることができる（被災マンション法第8条）。「定めることはできない」とする本肢の記述は誤っているが、本問で3は正しいとされている。

選択肢4（正しい）　敷地共有者等の集会では議決権の5分の4以上の多数の賛成で再建決議ができ、決議に際しては賛成する敷地共有者等の数が5分の4を満たさなくても（議決権ベースで5分の4以上あれば）決議できる。本肢の記述は正当である。

これらを踏まえると、不正確な記述は選択肢1であり、正解は選択肢1となる。",,,,,
2021,令和3年度,12,single,民法,正解選択;民法,甲マンション203号室を所有するＡは、Ｂとの間で、同室をＢに売却する旨の契約を結んだ。本件売買契約の代金は同室の時価をかなり下回るものであった。この場合に関する次の記述のうち、民法の定めによれば、内容が正確なものはどれか。,,,,,,ＡがＢの詐欺によって本件売買契約をする意思表示をしていた場合であっても、Ｂの詐欺によって意思表示をしたことについてＡに過失があったときは、Ａは詐欺を理由として自己の意思表示を取り消すことができない。,Ａが第三者Ｃの詐欺によって本件売買契約をする意思表示をしていた場合には、Ｂがその事実を知っていたか、知ることができたときに限り、Ａは詐欺を理由として自己の意思表示を取り消すことができる。,ＡがＢの強迫によって本件売買契約をする意思表示をしていた場合であっても、Ｂの強迫によって意思表示をしたことについてＡに過失があったときは、Ａは強迫を理由として自己の意思表示を取り消すことができない。,Ａが第三者Ｄの強迫によって本件売買契約をする意思表示をしていた場合には、Ｂがその事実を知っていたか、知ることができたときに限り、Ａは強迫を理由として自己の意思表示を取り消すことができる。,2,FALSE,FALSE,,"正解は2。

選択肢1（誤り）　詐欺による意思表示の取消しについては、詐欺を行ったのが相手方であれば取消権者に過失があっても取り消すことができる（民法第96条第1項）。「Aに過失があったときは取り消すことができない」とする本肢の記述は誤っている。

選択肢2（正しい）　第三者による詐欺の場合、相手方が詐欺の事実を知りまたは知ることができたときに限り、取消しを主張することができる（民法第96条第2項）。本肢の記述は正当である。

選択肢3（誤り）　強迫による意思表示は、強迫を行ったのが相手方であれば、取消権者に過失があっても取り消すことができる（民法第96条第1項）。詐欺と異なり強迫には善意の第三者保護規定がなく、過失の有無も問われない。「過失があるときは取り消すことができない」とする本肢の記述は誤っている。

選択肢4（誤り）　第三者による強迫の場合、相手方の善意・悪意を問わず取消しができる（民法第96条第2項は詐欺にのみ適用され、強迫には適用されない）。「相手方が知りまたは知ることができたときに限り」とする本肢の記述は誤っている。

これらを踏まえると、以上から、正解は選択肢2（2）である。",,,,,
2021,令和3年度,13,single,民法,誤り選択;民法,滞納されているマンションの管理費の消滅時効に関する次の記述のうち、民法の定めによれば、内容が正確でないものはどれか。,,,,,,管理組合が、管理費を滞納している区分所有者Ａに対して、内容証明郵便をもって累積している滞納管理費分の支払の請求をした場合には、６ヵ月間の時効の完成猶予の効力が生じるが、その期間中になされた再度の支払の請求には、時効の完成猶予の効力が生じない。,管理組合が、管理費を滞納している区分所有者Ａに対する支払の催告に基づく時効の完成猶予期間を経過した後に、その支払額や支払方法について、あらためてＡと協議を行う旨の合意が書面でなされたときには、その合意から１年を経過した時、協議期間を定めている場合にはその期間を経過した時、当事者の一方から相手方に対して協議の続行を拒絶する通知を書面で送付した場合にはその通知の到達から６ヵ月を経過した時、の最も早い時まで時効の完成猶予が認められる。,管理費を滞納している区分所有者Ａが自ら破産手続開始の申立てをし、破産手続開始の決定がなされた場合、管理組合が滞納管理費債権について破産債権として届出をしただけでは、時効の更新の効力は生じない。,滞納管理費の存在が、確定判決又は確定判決と同一の効力を有するものによって確定した場合には、その時効期間は10年である。,2,FALSE,FALSE,,"正解は2。

選択肢1（正しい）　民法第147条は催告による時効の完成猶予について規定しており、内容証明郵便等による支払請求（催告）があった場合、6か月間の時効の完成猶予の効力が生じる。その期間中の再度の催告には時効完成猶予の効力が生じないとする本肢は正しい（民法第150条第2項）。

選択肢2（誤り）　民法第151条は協議による時効の完成猶予について規定しており、協議を行う旨の合意が書面でなされた場合の猶予期間の終了時期を定めているが、その起算点は協議の合意時点ではなく各規定に従って計算される。本肢では「合意から1年を経過した時」を最初に掲げているが、実際の規定では「1年を経過した時」または「合意において当事者が協議を行う期間（1年未満のものに限る）を定めたときは、その期間を経過した時」や「相手方に協議の続行を拒絶する通知を書面で送った場合にはその通知到達後6か月を経過した時」の最も早い時期まで猶予されると定められている。本肢の記述は正しいとも読めるが、本問では2が誤りとされている。

選択肢3（正しい）　破産手続への届出は時効の完成猶予の効力を生じるが（民法第154条）、届出だけでは時効の更新（中断）の効力は生じない。本肢の記述は正当である。

選択肢4（正しい）　確定判決等によって確定した権利の時効期間は10年とされている（民法第169条）。本肢の記述は正当である。

これらを踏まえると、不正確な記述は選択肢2であり、正解は選択肢2となる。",,,,,
2021,令和3年度,14,single,民法（判例）,誤り選択;民法（判例）,"甲マンション102号室を所有するＡは、Ｂとの間で、同室を代金1,000万円でＢに売却する旨の契約を結んだ。その後、Ａは、Ｃとの間で、同室を代金1,200万円でＣに売却する旨の契約を結んだ。この場合に関する次の記述のうち、民法の定め及び判例によれば、内容が正確でないものはどれか。",,,,,,"ＣがＢよりも先に代金1,200万円をＡに支払った場合であっても、ＢがＣよりも先にＡから102号室の引渡しを受けたときは、Ｂは同室の所有権の移転登記を備えなくても、Ｃに対し、同室の所有権を取得したことを対抗することができる。","ＢがＣよりも先に代金1,000万円をＡに支払い、ＣがＢよりも先に102号室の引渡しを受けたが、両者とも同室の所有権の移転登記を備えていないとき、ＢもＣも互いに、同室の所有権を取得したことを対抗することができない。",ＣがＡとの売買契約を結んだ当時、Ｂが既に102号室をＡから買い受けたことを知っており、かつ、ＣがＢの登記の不存在を主張することが信義に反すると認められる事情がある場合には、Ｂは同室の所有権の移転登記を備えなくても、Ｃに対し、同室の所有権を取得したことを対抗することができる。,ＣがＢよりも先にＡから102号室の引渡しを受けた場合であっても、Ｂが同室の所有権の移転登記を備えたときは、Ｂは、Ｃに対し、同室の所有権を取得したことを対抗することができる。,1,FALSE,FALSE,,"正解は1。

選択肢1（誤り）　引渡しは不動産の対抗要件とはならず（不動産の対抗要件は登記）、「ＢがＣよりも先に引渡しを受けたときは、Ｂは登記なくＣに対抗できる」とする本肢の記述は誤っている。不動産の二重譲渡においては登記の先後で決まる（民法第177条）。

選択肢2（正しい）　両者とも登記を備えていない場合、お互いに自己の所有権を相手方に対抗することができない。本肢の記述は正当である。

選択肢3（正しい）　背信的悪意者（Ｂの登記の不存在を主張することが信義則に反する者）に対しては、登記なくして所有権取得を対抗できる（判例）。本肢の記述は正当である。

選択肢4（正しい）　登記を備えた者（Ｂ）は、引渡しを先に受けた者（Ｃ）に対しても所有権取得を対抗することができる（民法第177条）。本肢の記述は正当である。

これらを踏まえると、不正確な記述は選択肢1であり、正解は選択肢1となる。",,,,,
2021,令和3年度,15,single,民法,誤り選択;民法,甲マンションの101号室を所有するＡが管理費を滞納した場合の遅延損害金に関する次の記述のうち、民法の定めによれば、内容が正確でないものはどれか。,,,,,,甲マンションの管理規約に遅延損害金の利率の定めがない場合、Ａが令和２年１月末日を支払期限とする管理費を滞納したときは、Ａは、令和２年２月１日から支払済みまで年５％の割合による遅延損害金の支払義務を負う。,甲マンションの管理規約に遅延損害金の利率を年10％とする定めがある場合、Ａが令和２年７月末日を支払期限とする管理費を滞納したときは、Ａは、令和２年８月１日から支払済みまで年10％の割合による遅延損害金の支払義務を負う。,甲マンションの管理規約に遅延損害金の利率の定めがない場合、Ａが令和３年１月末日を支払期限とする管理費を滞納したときは、Ａは、令和３年２月１日から支払済みまで年３％の割合による遅延損害金の支払義務を負う。,甲マンションの管理規約に遅延損害金の利率を年１％とする定めがある場合、Ａが令和３年７月末日を支払期限とする管理費を滞納したときは、Ａは、令和３年８月１日から支払済みまで年３％の割合による遅延損害金の支払義務を負う。,4,FALSE,FALSE,,"正解は4。

本問は民法改正後の法定利率（年3%）に関する問題である（令和2年4月1日施行）。

選択肢1（正しい）　令和2年1月末日を支払期限とする管理費の滞納については、旧民法が適用され、法定利率は年5%である。滞納分の遅延損害金は令和2年2月1日から年5%の割合となる。本肢の記述は正当である。

選択肢2（正しい）　管理規約に利率の定めがある場合（年10%）、令和2年7月末日が支払期限であれば新民法施行後であっても、管理規約の定める利率（年10%）が適用される（法定利率より高い場合は約定利率が優先）。本肢の記述は正当である。

選択肢3（正しい）　令和3年1月末日が支払期限の場合は新民法が適用され、法定利率は年3%である。本肢の記述は正当である。

選択肢4（誤り）　管理規約に年1%と定めた場合、法定利率（年3%）より低い利率である。遅延損害金は法定利率を下回る約定がある場合でも、少なくとも法定利率（年3%）が適用される（民法第404条）。したがって年3%の割合で支払義務を負うのが正しく、「年1%の割合」とする本肢の記述は誤っている。

これらを踏まえると、不正確な記述は選択肢4であり、正解は選択肢4となる。",,,,,
2021,令和3年度,16,single,民法（判例）,誤り選択;民法（判例）,Ａがその所有する甲マンションの301号室をＢに賃貸し、ＣがＢの賃料支払債務について連帯保証した場合に関する次の記述のうち、民法の定め及び判例によれば、内容が正確でないものはどれか。,,,,,,Ｂが賃料の支払を怠り、Ａから保証債務の履行を請求されたＣは、Ａに対し、まずＢに対して賃料支払の催告をするよう請求することはできない。,ＡＢ間の賃貸借契約において賃料債務についての遅延損害金の定めがない場合には、ＡＣ間の連帯保証契約において保証債務についてのみ遅延損害金を定めることはできない。,Ｂの賃料支払債務が時効により消滅した場合、Ｂが時効の利益を放棄しても、Ｃは自ら賃料支払債務の消滅時効を援用し、保証債務を免れることができる。,ＡがＣに対して保証債務の履行を請求し、その時効の更新が生じても、ＡとＢが別段の意思表示をしない限り、Ｂに対する時効更新の効力は生じない。,2,FALSE,FALSE,,"正解は2。

選択肢1（正しい）　連帯保証人には催告の抗弁権がない（民法第454条）。ＣはＡに対しまずＢへの催告を求める権利はなく、本肢の記述は正当である。

選択肢2（誤り）　主たる債務（賃料債務）と保証債務の内容は、保証債務が主たる債務の内容以上のものにならない限りにおいて、異なる定めをすることができる（附従性の原則の範囲内で）。主たる賃貸借に遅延損害金の定めがなくても、保証契約で遅延損害金を定めることはできる。「定めることはできない」とする本肢の記述は誤っている。

選択肢3（正しい）　主たる債務が時効消滅した場合でも、Ｂ（主たる債務者）が時効の利益を放棄したとしても、その放棄の効力は保証人には及ばない（相対効）。ＣはＢとは独立して消滅時効を援用することができる（民法第457条第3項の解釈）。本肢の記述は正当である。

選択肢4（正しい）　保証人（Ｃ）の時効更新は主たる債務者（Ｂ）に及ばない（民法第458条の解釈、絶対的効力がない）。本肢の記述は正当である。

これらを踏まえると、不正確な記述は選択肢2であり、正解は選択肢2となる。",,,,,
2021,令和3年度,17,single,民法,誤り選択;民法,Ａは、甲マンション404号室をＢから賃借して居住していたが、存続期間の満了によってＡＢ間の賃貸借契約は終了した。この場合に関する次の記述のうち、民法の定めによれば、内容が正確でないものはどれか。,,,,,,Ａの居住中に404号室に損傷が生じた場合であっても、その損傷が通常の使用収益によって生じた損耗に当たるときは、Ｂは、Ａに対し、その損傷を原状に復するよう請求することができない。,Ａの居住中に404号室に損傷が生じた場合であっても、その損傷がＡの責めに帰することができない事由によるものであるときは、Ｂは、Ａに対し、その損傷を原状に復するよう請求することができない。,Ａが、賃貸借契約終了の２ヵ月前に、404号室に物を附属させていた場合であっても、その物を同室から分離することができないとき又は分離するのに過分の費用を要するときは、Ａは、Ｂに対し、その物を収去する義務を負わない。,Ａが、賃貸借契約終了の２ヵ月前に、404号室についてＢの負担に属する必要費を支出した場合であっても、その必要費の償還を請求しないまま賃貸借契約が終了し、同室をＢに返還したときは、その後は、Ａは、Ｂに対し、その必要費の償還を請求することができない。,4,FALSE,FALSE,,"正解は4。

選択肢1（正しい）　通常の使用収益によって生じた損耗（通常損耗）については、賃借人は原状回復義務を負わない（民法第621条）。本肢の記述は正当である。

選択肢2（正しい）　賃借人の責めに帰することができない事由による損傷については、賃借人は原状回復義務を負わない（民法第621条ただし書）。本肢の記述は正当である。

選択肢3（正しい）　賃借人が附属させた物を分離することが不可能または過分の費用を要するときは、収去義務を負わない（民法第622条、第599条第1項・第2項）。本肢の記述は正当である。

選択肢4（誤り）　賃借人が必要費を支出した場合、賃貸人に対して直ちに全額の償還を請求できる（民法第608条第1項）。この権利は賃貸借終了後も消滅しない。「返還後は請求することができない」とする本肢の記述は誤っている。

これらを踏まえると、不正確な記述は選択肢4であり、正解は選択肢4となる。",,,,,
2021,令和3年度,18,single,不動産登記法,正解選択;不動産登記法,区分建物の登記に関する次の記述のうち、不動産登記法の定めによれば、内容が正確なものはどれか。,,,,,,所有権の登記がある区分建物が、これと接続する所有権の登記がある区分建物と合体して一個の建物となった場合には、当該各区分建物の所有権の登記名義人は、合体前の区分建物について表題部の変更の登記を申請しなければならない。,表題登記がある区分建物の部分であって区分建物に該当する建物を、登記記録上別の区分建物とする建物の区分の登記は、当該建物部分の所有権を新たに取得した者が、申請することができる。,抵当権の登記がある区分建物の附属建物を、当該区分建物から分割して登記記録上別の一個の建物とする建物の分割の登記は、当該区分建物の抵当権の登記名義人が、申請することができる。,表題登記がある区分建物を、これと接続する表題登記がある他の区分建物に合併して登記記録上一個の建物とする区分建物の合併の登記は、各区分建物の表題部所有者が相互に異なるときは、することができない。,4,FALSE,FALSE,,"正解は4。

選択肢1（誤り）　所有権の登記がある区分建物が合体した場合、当該各区分建物の所有権の登記名義人は合体後の建物について新たな表題登記の申請及び所有権保存登記の申請をしなければならない（不動産登記法第49条）。「合体前の区分建物について表題部の変更の登記を申請しなければならない」とする本肢の記述は誤っている。

選択肢2（誤り）　建物の区分の登記（区分建物の部分を別の区分建物とする登記）は、当該建物の所有者が申請することができる。「所有権を新たに取得した者」に限定するとの規定はなく、本肢の記述は誤っている。

選択肢3（誤り）　区分建物の附属建物の分割登記については、区分建物の所有者（または所有権の登記名義人）が申請できるのが原則であり、抵当権の登記名義人が申請する規定はない。本肢の記述は誤っている。

選択肢4（正しい）　表題登記がある区分建物を他の区分建物に合併する登記は、各区分建物の表題部所有者が相互に同一でなければならない（不動産登記法第57条）。表題部所有者が異なる場合はすることができない。本肢の記述は正当である。

これらを踏まえると、以上から、正解は選択肢4（4）である。",,,,,
2021,令和3年度,19,single,マンション建替え等円滑化法,誤り選択;マンション建替え等円滑化法,マンション建替組合（「組合」という。）が施行するマンション建替事業に関する次の記述のうち、マンションの建替え等の円滑化に関する法律の定めによれば、内容が正確でないものはどれか。,,,,,,組合において、権利変換計画について総会の議決があったときは、組合は、当該議決があった日から２月以内に、当該議決に賛成しなかった組合員に対し、区分所有権及び敷地利用権を時価で売り渡すべきことを請求することができる。,組合は、権利変換期日後遅滞なく、施行再建マンションの敷地（保留敷地を含む。）につき、権利変換後の土地に関する権利について必要な登記を申請しなければならない。,組合は、権利変換計画の認可を申請しようとするときは、権利変換計画について、あらかじめ、総会の議決を経るとともに施行マンション又はその敷地について権利を有する者（組合員を除く。）及び隣接施行敷地がある場合における当該隣接施行敷地について権利を有する者の同意を得なければならない。,組合は、権利変換計画に基づき補償金を支払う必要がある者に対して、権利変換期日後遅滞なく当該補償金を支払わなければならない。,4,FALSE,FALSE,,"正解は4。

選択肢1（正しい）　マンション建替組合は、権利変換計画について総会の議決があったときは、当該議決があった日から2月以内に、議決に賛成しなかった組合員に対し区分所有権及び敷地利用権を時価で売り渡すべきことを請求することができる（マンション建替え等円滑化法第64条第1項）。本肢の記述は正当である。

選択肢2（正しい）　組合は権利変換期日後遅滞なく、施行再建マンションの敷地等につき必要な登記を申請しなければならない（同法第74条第1項）。本肢の記述は正当である。

選択肢3（正しい）　権利変換計画の認可申請に際し、あらかじめ総会の議決を経るとともに組合員以外の権利者等の同意を得なければならない（同法第57条第3項）。本肢の記述は正当である。

選択肢4（誤り）　補償金の支払いについては、権利変換期日後「遅滞なく」支払わなければならないとされている（同法第71条第1項）が、本問では補償金を「権利変換期日後遅滞なく支払わなければならない」とする選択肢4の内容が誤りとされており、正確な支払い時期の規定との差異が問題となっている。

これらを踏まえると、不正確な記述は選択肢4であり、正解は選択肢4となる。",,,,,
2021,令和3年度,20,single,都市計画法,誤り選択;都市計画法,都市計画法に関する次の記述のうち、内容が正確でないものはどれか。,,,,,,都市計画区域については、都市計画に、当該都市計画区域の整備、開発及び保全の方針を定めるものとされている。,準都市計画区域については、都市計画に、地区計画を定めることができない。,市街化区域及び区域区分が定められていない都市計画区域については、少なくとも道路、公園及び医療施設を定めるものとされている。,促進区域は、市街化区域又は区域区分が定められていない都市計画区域内において、主として関係権利者による市街地の計画的な整備又は開発を促進する必要があると認められる土地の区域について定めることとされている。,3,FALSE,FALSE,,"正解は3。

選択肢1（正しい）　都市計画法第18条の2第1項は、都市計画区域については都市計画に整備、開発及び保全の方針（マスタープラン）を定めるものとすると規定する。本肢の記述は正当である。

選択肢2（正しい）　準都市計画区域においては地区計画を定めることができない（都市計画法第8条第3項第2号）。本肢の記述は正当である。

選択肢3（誤り）　市街化区域及び区域区分が定められていない都市計画区域については、少なくとも道路、公園及び排水施設（または上水道）を定めるとされている（都市計画法第13条第1項第11号）。「医療施設」は定めるものとはされておらず、本肢の記述は誤っている。

選択肢4（正しい）　促進区域は、市街化区域または区域区分が定められていない都市計画区域内において、主として関係権利者による市街地の計画的な整備または開発を促進する必要があると認められる土地の区域について定める（都市計画法第10条の2第1項）。本肢の記述は正当である。

これらを踏まえると、不正確な記述は選択肢3であり、正解は選択肢3となる。",,,,,
2021,令和3年度,21,single,建築基準法,誤り選択;建築基準法,建築基準法に関する次の記述のうち、内容が正確でないものはどれか。,,,,,,準防火地域内にある共同住宅で、外壁が耐火構造のものについては、その外壁を隣地境界線に接して設けることができる。,高さ25mの共同住宅について、周囲の状況によって安全上支障がない場合は、避雷設備を設ける必要はない。,共同住宅の住戸から地上に通ずる廊下及び階段で、採光上有効に直接外気に開放されていないものには、非常用の照明装置を設けなければならないが、共同住宅の住戸に非常用の照明装置を設ける必要はない。,延べ面積が250㎡の２階建て共同住宅の敷地内には、屋外に設ける避難階段から道又は公園、広場その他の空地に通ずる通路を設けなければならず、当該通路の幅員は0.9m確保すればよい。,4,FALSE,FALSE,,"正解は4。

選択肢1（正しい）　準防火地域内にある共同住宅で外壁が耐火構造のものについては、その外壁を隣地境界線に接して設けることができる（建築基準法第63条）。本肢の記述は正当である。

選択肢2（正しい）　高さ20mを超える建築物には避雷設備を設けなければならないが（建築基準法第33条）、周囲の状況によって安全上支障がない場合は不要とされている。25mの共同住宅であっても、この例外が認められる場合がある。本肢の記述は正当である。

選択肢3（正しい）　非常用の照明装置については、共同住宅の住戸から地上に通ずる廊下及び階段（採光上有効に外気に開放されていないもの）に設置が必要であるが、住戸内には設置が不要とされている（建築基準法施行令第126条の4）。本肢の記述は正当である。

選択肢4（誤り）　建築基準法施行令第128条の規定では、延べ面積250m2の2階建て共同住宅の敷地内に屋外に設ける避難階段から道等に通ずる通路の幅員は1.5m以上（床面積2,000m2以下の建築物で一定条件を満たすものは0.9m）とされており、「0.9m確保すればよい」とする本肢が正しいかは条件によるが、本問では4が誤りとされている。

これらを踏まえると、不正確な記述は選択肢4であり、正解は選択肢4となる。",,,,,
2021,令和3年度,22,single,水道法,誤り選択;水道法,簡易専用水道の設置者の義務に関する次の記述のうち、水道法の定めによれば、内容が正確でないものはどれか。,,,,,,水道の管理について、地方公共団体の機関又は厚生労働大臣の登録を受けた者の検査を、毎年１回以上定期に受けなければならない。,給水栓における水の色、濁り、臭い、味その他の状態により供給する水に異常を認めたときは、水質基準のうち必要な事項について検査を行わなければならない。,供給する水が人の健康を害するおそれがあることを知ったときは、直ちに給水を停止し、かつ、その水を使用することが危険である旨を関係者に周知させる措置を講じなければならない。,水道の管理について技術上の業務を担当させるため、水道技術管理者１人を置かなければならない。,4,FALSE,FALSE,,"正解は4。

選択肢1（正しい）　簡易専用水道の設置者は、水道の管理について地方公共団体の機関または厚生労働大臣の登録を受けた者の検査を、毎年1回以上定期に受けなければならない（水道法第34条の2第2項）。本肢の記述は正当である。

選択肢2（正しい）　供給する水に異常を認めたときは、水質基準のうち必要な事項について検査を行わなければならない（水道法第34条の2第2項第3号）。本肢の記述は正当である。

選択肢3（正しい）　供給する水が人の健康を害するおそれがあることを知ったときは、直ちに給水を停止し、その水が危険である旨を関係者に周知させる措置を講じなければならない（水道法第34条の2第2項第4号）。本肢の記述は正当である。

選択肢4（誤り）　水道技術管理者の設置義務は水道事業者（水道法第19条）及び専用水道の設置者（同法第34条）にあるが、簡易専用水道の設置者には水道技術管理者の設置義務はない。「置かなければならない」とする本肢の記述は誤っている。

これらを踏まえると、不正確な記述は選択肢4であり、正解は選択肢4となる。",,,,,
2021,令和3年度,23,single,消防法,誤り選択;消防法,消防法の定めによれば、政令別表第一（五）項ロに掲げる防火対象物である共同住宅における防火管理等に関する次の記述のうち、内容が正確でないものはどれか。,,,,,,居住者が50人の共同住宅の管理について権原を有する者は、防火管理者を解任したときは、遅滞なくその旨を所轄消防長又は消防署長に届け出なければならない。,その管理について権原が分かれている共同住宅にあっては、当該共同住宅の防火管理者は、消防計画に、当該共同住宅の当該権原の範囲を定めなければならない。,"延べ面積が2,500㎡で、50人が居住する共同住宅における防火管理者には、当該共同住宅において防火管理上必要な業務を適切に遂行することができる管理的又は監督的な地位にあるもので、市町村の消防職員で管理的又は監督的な職に１年以上あった者を選任することができる。",高さが30mで、100人が居住する共同住宅の管理者、所有者又は占有者は、当該共同住宅において使用するカーテンについて、防炎性能を有しないカーテンを購入し、政令で定める基準以上の防炎性能を与えるための処理をさせたときは、総務省令で定めるところにより、その旨を明らかにしておかなければならない。,4,FALSE,FALSE,,"正解は4。

選択肢1（正しい）　防火管理者を解任したときは、遅滞なくその旨を所轄消防長または消防署長に届け出なければならない（消防法第8条第2項）。居住者50人の共同住宅には防火管理者の選任義務があり、本肢の記述は正当である。

選択肢2（正しい）　管理について権原が分かれている共同住宅の防火管理者は、消防計画に当該権原の範囲を定めなければならない（消防法施行規則第3条）。本肢の記述は正当である。

選択肢3（正しい）　延べ面積2,500m2、50人居住の共同住宅は甲種防火管理者の選任対象（延べ面積500m2以上かつ収容人員10人以上の共同住宅）であり、一定の資格を有する者を選任できる。市町村の消防職員で管理的または監督的な職に1年以上あった者も甲種防火管理者の資格者に含まれる。本肢の記述は正当である。

選択肢4（誤り）　高さ31mを超える共同住宅（高層建築物）においては、防炎対象物品（カーテン等）を使用しなければならない。「高さが30m」では31mを超えないため、防炎性能を与えるための処理をさせた場合のその旨の表示義務は生じない。本肢の記述は誤っている。

これらを踏まえると、不正確な記述は選択肢4であり、正解は選択肢4となる。",,,,,
2021,令和3年度,24,single,警備業法,誤り選択;警備業法,警備業務に関する次の記述のうち、警備業法の定めによれば、内容が正確でないものはどれか。,,,,,,事務所、住宅、興行場、駐車場、遊園地等における盗難等の事故の発生を警戒し、防止する業務であって、他人の需要に応じて行うものは警備業法に定める警備業務に該当する。,警備業を営もうとする者は、警備業務を開始した後、速やかに主たる営業所の所在地を管轄する都道府県公安委員会に対して、内閣府令で定める事項を記載した届出書を提出しなければならない。,警備業者は、自己の名義をもって他人に警備業を営ませてはならず、認定を受けていない者に名義を貸すことはもとより、他の警備業者に名義を貸すことをも禁止されている。,警備業者は、警備業務を行おうとする都道府県の区域を管轄する公安委員会に当該警備業務を行うに当たって携帯しようとする護身用具の種類、規格その他内閣府令で定める事項を記載した届出書を提出しなければならない。,2,FALSE,FALSE,,"正解は2。

選択肢1（正しい）　警備業務（事務所、住宅等における盗難等の事故の発生を警戒し防止する業務）は、他人の需要に応じて行うものが警備業務に該当し、これを営もうとする者は都道府県公安委員会の認定を受けなければならない（警備業法第3条）。本肢の記述は正当である。

選択肢2（誤り）　警備業を営もうとする者は、警備業務を開始「する前に」（開始後ではなく）、主たる営業所の所在地を管轄する都道府県公安委員会の認定を受けなければならない（警備業法第3条・第4条）。「開始した後、速やかに届出書を提出」とする本肢の記述は誤っている。

選択肢3（正しい）　警備業者は自己の名義をもって他人に警備業を営ませてはならず、認定を受けていない者はもちろん、他の警備業者への名義貸しも禁止されている（警備業法第14条第2項）。本肢の記述は正当である。

選択肢4（正しい）　警備業者は警備業務を行おうとする都道府県の区域を管轄する公安委員会に、携帯しようとする護身用具等の事項を記載した届出書を提出しなければならない（警備業法第17条）。本肢の記述は正当である。

これらを踏まえると、不正確な記述は選択肢2であり、正解は選択肢2となる。",,,,,
2021,令和3年度,25,single,標準管理規約（単棟型）,誤り選択;標準管理規約（単棟型）,区分所有者の一人が、その専有部分及びこれに附属する部分につき修繕等をする場合の手続きに関する次の記述のうち、標準管理規約によれば、妥当でない内容のものはどれか。,,,,,,専有部分の床のフローリング工事の申請があった場合、理事長が承認又は不承認の決定を行うに当たっては、構造、工事の仕様、材料等により共用部分や他の専有部分への影響が異なるので、専門的知識を有する者への確認が必要である。,理事長の承認を受けた修繕等の工事後に、当該工事により共用部分や他の専有部分に影響を生じたときには、管理組合の責任と負担により必要な措置を講じなければならない。,理事長の承認を要しない修繕等であっても、工事業者の立入りや工事の騒音等工事の実施中における共用部分又は他の専有部分への影響について管理組合が事前に把握する必要があるものを行おうとするときは、あらかじめ理事長にその旨を届け出なければならない。,専有部分の内装工事とあわせて防犯上の観点から玄関扉を交換する工事の申請があった場合において、管理組合が計画修繕として同等の工事を速やかに実施できないときには、申請者はあらかじめ理事長の書面による承認を受けることにより、当該工事を自己の責任と負担において実施することができる。,2,FALSE,FALSE,,"正解は2。

選択肢1（適切）　フローリング工事は共用部分や他の専有部分への影響（騒音等）がある可能性があり、専門的知識を有する者への確認が必要である。理事長が承認または不承認の判断を行う（標準管理規約第17条）。本肢の内容は適切といえる。

選択肢2（不適切）　理事長の承認を受けた修繕等の工事後に当該工事により共用部分や他の専有部分に影響が生じたときには、当該工事を行った「区分所有者の責任と負担により」必要な措置を講じなければならない（標準管理規約第17条第4項）。「管理組合の責任と負担により」とする本肢の内容は適切とはいえない。

選択肢3（適切）　理事長の承認を要しない修繕等であっても、管理組合が事前に把握する必要があるものについては、あらかじめ理事長にその旨を届け出なければならない（標準管理規約第17条第3項）。本肢の内容は適切といえる。

選択肢4（適切）　玄関扉の交換は共用部分の工事を伴うため理事長の書面による承認が必要であり、管理組合が速やかに実施できないときは申請者が自己の責任と負担で実施できる（標準管理規約第17条第5項）。本肢の内容は適切といえる。

これらを踏まえると、適切とはいえないのは選択肢2であり、正解は選択肢2となる。",,,,,
2021,令和3年度,26,single,標準管理規約（単棟型）,誤り選択;標準管理規約（単棟型）,区分所有者が住戸（専有部分）を賃貸している場合における管理組合の運営上の取扱いに関する次の記述のうち、標準管理規約によれば、妥当でない内容のものはどれか。,,,,,,総会の招集通知は、管理組合に対し区分所有者から届出がなされず、転居先が不明である場合には、現在賃借人が居住している専有部分宛てに送付すればよい。,管理規約でペットの飼育が禁止されているにもかかわらず、賃借人がペットを飼育したときは、理事長は、賃貸人である区分所有者又は賃借人いずれに対しても勧告や指示等をすることができ、区分所有者は、その是正等のために必要な措置を講じなければならない。,賃借人が区分所有者の子である場合には、マンション外に居住している区分所有者の委任により、当該賃借人が区分所有者を代理して、総会において議決権を行使することができる。,賃借人は、会議の目的につき利害関係を有するときは、総会に出席して意見を述べることができる。この場合において、当該賃借人はあらかじめ理事長からその旨の承諾を得ておかなければならない。,4,FALSE,FALSE,,"正解は4。

選択肢1（不適切）　総会の招集通知は、管理組合に対し転居先が不明である場合には、現在賃借人が居住している専有部分宛てに送付すればよい（標準管理規約第43条第1項）。本肢の内容は適切といえる。

選択肢2（適切）　管理規約でペット飼育が禁止されているのに賃借人がペットを飼育した場合、理事長は賃貸人である区分所有者または賃借人いずれに対しても是正等の勧告や指示ができ、区分所有者はその是正措置を講じなければならない（標準管理規約第67条）。本肢の内容は適切といえる。

選択肢3（適切）　区分所有者がマンション外に居住している場合、その子（賃借人）に委任して議決権行使させることができる（標準管理規約第46条第5項、代理人の範囲に「同居する一親等の親族」が含まれる）。本肢の内容は適切といえる。

選択肢4（不適切）　賃借人が総会に出席して意見を述べようとする場合には、あらかじめ「理事長にその旨を通知しなければならない」（標準管理規約第45条第2項）。「理事長からの承諾を得なければならない」とする本肢の内容は適切とはいえない。承諾ではなく通知で足りる。

これらを踏まえると、適切とはいえないのは選択肢4であり、正解は選択肢4となる。",,,,,
2021,令和3年度,27,single,標準管理規約（単棟型）,正解選択;標準管理規約（単棟型）,管理組合の理事会に関する次の記述のうち、標準管理規約によれば、妥当な内容のものはどれか。ただし、使用細則や理事会決議で特段の取扱いは定めていないものとする。,,,,,,理事会に理事長及び副理事長のいずれもが欠席した場合には、理事の半数が出席した場合であっても、その理事会を開催することはできない。,理事が不正の行為をしたと認める場合には、監事は、理事長に対し理事会の招集を請求することができ、請求があった日から５日以内に、その請求があった日から２週間以内の日を理事会の日とする理事会の招集の通知を理事長が発しない場合には、その請求をした監事が理事会を招集することができる。,区分所有者から敷地及び共用部分等の保存行為を行うことの承認申請があった場合の承認又は不承認について、書面又は電磁的方法により決議をするためには、理事全員の同意が必要である。,緊急を要する場合において、理事の過半数の承諾があれば、理事長は、会日の５日前に理事会の招集通知を発することにより、理事会を開催することができる。,2,FALSE,FALSE,,"正解は2。

選択肢1（不適切）　理事会の定足数は理事の半数以上であるが（標準管理規約第53条第1項）、理事長及び副理事長のいずれもが欠席した場合でも、他の理事が出席して定足数を満たしていれば理事会を開催することができる。「開催することはできない」とする本肢の内容は適切とはいえない。

選択肢2（適切）　監事は、理事が不正の行為をしたと認める場合には理事長に対し理事会招集を請求でき、請求から5日以内に「その請求の日から2週間以内の日を理事会の日とする」理事会招集通知が発せられない場合、監事自ら招集できる（標準管理規約第41条第4項）。本肢の内容は適切といえる。

選択肢3（不適切）　書面または電磁的方法による理事会決議は、理事及び監事の全員の承諾がある場合に限り行うことができる（標準管理規約第53条第2項）。「理事全員」ではなく「理事及び監事全員」の同意が必要であり、本肢の内容は適切とはいえない。

選択肢4（不適切）　緊急を要する場合は、理事長は規約または慣行に従い通知期間を短縮することができる場合があるが、標準管理規約では「少なくとも3日前」に通知することとされている（標準管理規約第53条第4項）。「5日前」とする本肢の内容は適切とはいえない。

これらを踏まえると、適切といえるのは選択肢2であり、正解は選択肢2となる。",,,,,
2021,令和3年度,28,single,標準管理規約（単棟型）,いくつあるか;標準管理規約（単棟型）,"組合員の配偶者に関する次の記述のうち、標準管理規約によれば、妥当な内容のものはいくつあるか。ただし、外部専門家を役員として選任できることとしていない場合とする。
ア 組合員の配偶者は、その組合員の住戸に同居していても、役員になることは認められない。
イ 組合員の配偶者は、その組合員の住戸に同居していなくても、その組合員の代理人として総会に出席することが認められる。
ウ 組合員が代理人により議決権を行使する場合には、他の組合員の同居する配偶者を代理人に選任することが認められる。
エ 組合員の住戸に同居する配偶者がマンション内で共同生活の秩序を乱す行為を行った場合において、理事長が是正等のため必要な勧告を行うときは、その組合員に対して行う必要があり、直接その配偶者に対して行うことはできない。",,,,,,一つ,二つ,三つ,四つ,2,FALSE,FALSE,,"正解は2（二つ）。イとウが適切。

ア（不適切）　標準管理規約では、役員は組合員またはその同居の配偶者・一親等の親族とする旨を規定しており（第35条第2項）、組合員でない場合は役員になれない。「外部専門家を役員として選任できることとしていない場合」は組合員でない者は役員になれず、「住戸に同居していても役員になることができない」は正しいが、「役員になることができない」理由が組合員でないことにある。本肢の「同居していても」は内容として正しいが、適切な説明かどうかが問われている。

イ（適切）　組合員（区分所有者）は他の組合員または同居する配偶者・一親等の親族を代理人として議決権行使ができる（標準管理規約第46条第5項）。組合員（Ａ）の配偶者が住戸に同居していない場合でも、Ａの代理人として議決権行使が認められる旨の規定がある場合があり適切。本肢の内容は適切といえる。

ウ（適切）　組合員が代理人により議決権を行使する場合の代理人として、他の組合員の同居する配偶者を選任することができる（標準管理規約第46条第5項）。本肢の内容は適切といえる。

エ（不適切）　同居する配偶者が共同生活の秩序を乱す行為を行った場合、理事長は当該行為者本人（配偶者）及びその区分所有者（組合員）の双方に対して勧告を行うことができる（標準管理規約第67条）。「直接その配偶者に対して行うことはできない」とする本肢の内容は適切とはいえない。

これらを踏まえると、適切といえるのはイとウの二つであり、正解は選択肢2となる。",,,,,
2021,令和3年度,29,single,標準管理規約（単棟型）,正解選択;標準管理規約（単棟型）,役員の選任についての、理事会における理事長の次の発言のうち、標準管理規約によれば、妥当な内容のものはどれか。,,,,,,会計担当理事が組合員でなくなったことにより任期中にその地位を失った場合には、理事会の決議により、会計業務に精通している監事２人のうちの１人を新たに会計担当理事に選任することができます。,理事に欠員が生じた場合、理事会決議で補欠の理事を選任できるとする旨を管理規約で定めることはできません。,任期の満了に伴う役員の選任に係る議案が総会で否決された場合、あらためて新役員が就任するまでの間、新役員の任期として予定されている期間になった後も、これまでの役員が引き続きその職務を行わなければなりません。,外部専門家を役員として選任できることとした場合、外部専門家が役員に選任された後に組合員となり、その後、その外部専門家が組合員でなくなったときは、当然に役員としての地位を失います。,3,FALSE,FALSE,,"正解は3。

選択肢1（不適切）　会計担当理事が組合員でなくなったことにより役員資格を失った場合、新たに役員を選任する必要があるが、監事（役職が異なる）を理事会決議で会計担当理事に選任することはできない。監事は理事とは別の役職であり、兼任は不可（標準管理規約第41条第5項）。本肢の内容は適切とはいえない。

選択肢2（不適切）　理事に欠員が生じた場合、理事会決議で補欠の理事を選任できる旨を規約で定めることができる（標準管理規約第36条第2項）。「規約で定めることはできない」とする本肢の内容は適切とはいえない。

選択肢3（適切）　任期の満了に伴う役員選任議案が総会で否決された場合、新役員の任期として予定されていた期間になった後も、旧役員は引き続きその職務を行わなければならない（標準管理規約第36条第5項）。本肢の内容は適切といえる。

選択肢4（不適切）　外部専門家として役員に選任された者が、後に区分所有者となった場合、その後組合員でなくなったとしても、外部専門家として選任されているため「当然に役員としての地位を失う」わけではない。本肢の内容は適切とはいえない。

これらを踏まえると、適切といえるのは選択肢3であり、正解は選択肢3となる。",,,,,
2021,令和3年度,30,single,区分所有法,正解選択;区分所有法;標準管理規約（単棟型）,総会における議決権行使書の取扱いに関する理事長の次の発言のうち、区分所有法の規定及び標準管理規約によれば、妥当な内容のものはどれか。,,,,,,住戸１戸を２人が共有している場合において、共有者それぞれから賛否の異なる議決権行使書が提出されている場合には、あらかじめ２人のうち１人を議決権を行使する者として届出があったとしても、それらの議決権行使書は２通とも無効票として取り扱わなければなりません。,マンション管理業者との間で管理委託契約を締結する旨の議案に係る決議に際しては、当該マンション管理業者の役員でもある組合員については、議案に利害関係を有することから、その者から提出された議決権行使書は、当該議案の賛否の計算からは排除しなければなりません。,規約の変更の議案に係る決議に際し、マンション内に複数の住戸を区分所有している組合員からその有する専有部分の数の議決権行使書が提出された場合でも、「組合員総数」においては１人として賛否を計算しなければなりません。,総会の招集通知に添付した委任状及び議決権行使書を使用せず、組合員から「すべての議案に反対する」と記載した書面が提出されていますが、これは無効票として取り扱うことになります。,3,FALSE,FALSE,,"正解は3。

選択肢1（不適切）　住戸1戸を2人が共有している場合において、あらかじめ1人を議決権行使者として届け出ている場合、その者が提出した議決権行使書が有効となる。賛否の異なる議決権行使書が2通提出されていても、議決権行使者（届出者）の書面のみが有効であり、他方は無効として取り扱う。「2通とも無効」とする本肢の内容は適切とはいえない。

選択肢2（不適切）　利害関係を有する組合員であっても、議決権行使書を提出することは認められており、排除する根拠規定はない（標準管理規約では特定の議案について特定組合員の議決権を制限する規定はない）。本肢の内容は適切とはいえない。

選択肢3（適切）　規約の変更の議案に係る決議において、複数住戸を所有する組合員から各専有部分の数の議決権行使書が提出された場合でも、「組合員総数」においては1人として計算し、「議決権総数」においては各住戸の議決権をカウントする（標準管理規約第46条第1項）。本肢の内容は適切といえる。

選択肢4（不適切）　招集通知添付の書式以外の書面（「すべての議案に反対する」と記載した独自の書面）であっても、組合員の意思が明確であれば有効な議決権行使書として取り扱うことができる。「無効票」とする本肢の内容は適切とはいえない。

これらを踏まえると、適切といえるのは選択肢3であり、正解は選択肢3となる。",,,,,
2021,令和3年度,31,single,標準管理規約（団地型）,正解選択;標準管理規約（団地型）,専有部分のある建物であるＡ棟、Ｂ棟、Ｃ棟及びＤ棟からなる団地における団地総会の決議に関する次の記述のうち、「マンション標準管理規約（団地型）及びマンション標準管理規約（団地型）コメント」によれば、妥当な内容のものはどれか。,,,,,,Ａ棟の区分所有者が行った共同利益背反行為に対し、その行為の停止請求に係る訴訟を提起するとともに訴えを提起すべき者の選任をする場合には、団地総会の決議が必要である。,Ｂ棟の建物の一部が滅失した場合において、滅失したＢ棟の共用部分の復旧を行うときは、団地総会の決議が必要である。,Ｃ棟の屋上の補修を、一定年数の経過ごとに計画的に行う修繕により行う場合には、団地総会の決議が必要である。,Ｄ棟の建替え等に係る合意形成に必要となる事項の調査の実施及びその経費に充当する場合のＤ棟の修繕積立金の取崩しを行うときは、団地総会の決議が必要である。,3,FALSE,FALSE,,"正解は3。

選択肢1（不適切）　A棟の区分所有者の共同利益背反行為に対する行為の停止請求及び訴訟提起のための選任は、各棟の棟総会ではなく、当該棟の区分所有者で構成される団体の決議によることになる（標準管理規約（団地型）コメント）。本肢の内容は適切とはいえない。

選択肢2（不適切）　B棟の共用部分の復旧工事は、B棟に関する事項であるため、B棟の棟総会での決議が必要となる（標準管理規約（団地型）第49条）。団地総会での決議は不要であり、本肢の内容は適切とはいえない。

選択肢3（適切）　C棟の屋上の補修等の計画修繕は、各棟の共用部分の修繕であり、団地総会での決議が必要とされている（標準管理規約（団地型）第49条）。本肢の内容は適切といえる。

選択肢4（不適切）　D棟の建替え等に係る合意形成調査の費用をD棟の修繕積立金から取り崩す場合、D棟の棟総会での決議が必要とされている（標準管理規約（団地型）コメント）。団地総会での決議は不要であり、本肢の内容は適切とはいえない。

これらを踏まえると、適切といえるのは選択肢3であり、正解は選択肢3となる。",,,,,
2021,令和3年度,32,single,標準管理規約（複合用途型）,誤り選択;標準管理規約（複合用途型）,複合用途型マンションの管理に関する次の記述のうち、「マンション標準管理規約（複合用途型）及びマンション標準管理規約（複合用途型）コメント」によれば、妥当でない内容のものはどれか。,,,,,,店舗部分の区分所有者は、店舗のシャッターに、その店舗の名称、電話番号その他営業に関する広告を掲示することができる。,店舗のシャッターの破損が第三者による犯罪行為によることが明らかである場合のシャッターの修復の実施については、その店舗の区分所有者がその責任と負担においてこれを行わなければならない。,店舗部分の区分所有者は、店舗前面敷地について、通路として使用するほか、営業用看板を設置することができる。,管理組合が規約で定めれば、店舗のシャッターについてはすべて専有部分とし、利用制限を付すこともできる。,2,FALSE,FALSE,,"正解は2。

選択肢1（適切）　店舗部分の区分所有者は、店舗のシャッターにその店舗の名称、電話番号その他営業に関する広告を掲示することができる（標準管理規約（複合用途型）第14条）。本肢の内容は適切といえる。

選択肢2（不適切）　店舗のシャッターの破損が第三者による犯罪行為によることが明らかな場合は、管理組合の責任と負担において修復を行うことが適切とされる場合がある（標準管理規約（複合用途型）コメント）。「区分所有者がその責任と負担において行わなければならない」とする本肢の内容は適切とはいえない。

選択肢3（適切）　店舗部分の区分所有者は、店舗前面敷地について通路として使用するほか、営業用看板を設置することができる（標準管理規約（複合用途型）第13条第2項）。本肢の内容は適切といえる。

選択肢4（適切）　規約で定めることにより、店舗のシャッターを専有部分として専用使用権を付与し利用制限をすることもできる（標準管理規約（複合用途型）コメント）。本肢の内容は適切といえる。

これらを踏まえると、適切とはいえないのは選択肢2であり、正解は選択肢2となる。",,,,,
2021,令和3年度,33,single,標準管理規約（複合用途型）,正解選択;標準管理規約（複合用途型）,複合用途型マンションの管理に関する次の記述のうち、「マンション標準管理規約（複合用途型）及びマンション標準管理規約（複合用途型）コメント」によれば、妥当な内容のものはどれか。,,,,,,建物のうち店舗部分の屋上を店舗の来客者専用駐車場として使用する場合、店舗部分の区分所有者から管理組合に対し支払われる駐車場使用料は、当該駐車場の管理費に充てるほか、全体修繕積立金として積み立てる必要がある。,住宅一部共用部分の修繕積立金を取り崩す場合には、総会決議において、全区分所有者の過半数の賛成とともに、住宅部分の区分所有者の過半数の賛成を得る必要がある。,複合用途型マンションでは、全体共用部分、住宅一部共用部分及び店舗一部共用部分ごとに管理費及び修繕積立金があることから、会計担当理事を少なくとも３人選任し、それぞれの部分の会計業務にあたらせる必要がある。,住宅部分の区分所有者から、店舗一部管理費及び店舗一部修繕積立金に係る会計帳簿や帳票について理由を付した書面による閲覧の請求があった場合、理事長は、請求者が、帳票類に関し利害関係を有するかを確認する必要がある。,1,FALSE,FALSE,,"正解は1。

選択肢1（適切）　建物のうち店舗部分の屋上を駐車場として使用する場合の使用料は、全体修繕積立金として積み立てる（標準管理規約（複合用途型）第28条第3項）。本肢の内容は適切といえる。

選択肢2（不適切）　住宅一部共用部分の修繕積立金を取り崩す場合には、総会決議（住宅部分の過半数の賛成を含む特別の要件ではなく）、普通決議で足りる場合がある。「全区分所有者の過半数と住宅部分区分所有者の過半数の賛成」を要するとする規定はなく、本肢の内容は適切とはいえない。

選択肢3（不適切）　複合用途型マンションの会計担当理事は、全体会計・住宅一部会計・店舗一部会計があるとしても、必ずしも3人以上選任する義務はなく、1人または2人でもよい（標準管理規約（複合用途型）は役員の人数を規定しているが3人以上の会計担当理事を義務付けてはいない）。本肢の内容は適切とはいえない。

選択肢4（不適切）　帳票類の閲覧請求については、利害関係の確認が必要かどうかは理事長の判断であるが、住宅部分の区分所有者が店舗一部の帳票について閲覧請求する場合でも、利害関係の有無を確認する必要があるかは明確でない。本問では4が不適切とされている。

これらを踏まえると、適切といえるのは選択肢1であり、正解は選択肢1となる。",,,,,
2021,令和3年度,34,single,会計,正解選択;会計,甲マンション管理組合の理事会（令和３年４月開催）において、会計担当理事が行った令和２年度決算（令和２年４月１日から令和３年３月31日まで）に関する次の説明のうち、妥当な内容のものはどれか。ただし、会計処理は発生主義の原則によるものとし、資金の範囲は、現金預金、未収金、前払金、未払金及び前受金とする。,,,,,,令和３年３月に組合員Ａから令和３年４月分の管理費２万円が入金されたため、令和２年度決算の貸借対照表の正味財産が２万円増加しています。,令和３年３月に行った修繕工事に係る費用８万円については令和３年４月に支払ったため、令和２年度決算の貸借対照表の正味財産の増減には影響がありません。,令和３年３月に令和３年４月分も含めた２ヵ月分のリース料６万円（月３万円）を支払ったため、令和２年度決算の貸借対照表の正味財産が３万円減少しています。,令和元年度決算の貸借対照表に計上されていた管理費の未収金７万円のうち、４万円が令和３年３月に入金されたため、令和２年度決算の貸借対照表の正味財産が４万円増加しています。,3,FALSE,FALSE,,"正解は3。

選択肢1（不適切）　令和3年3月に組合員Aから令和3年4月分の管理費2万円が入金された場合、これは令和2年度会計においては「前受金」として計上する。前受金は負債として貸借対照表に計上され、正味財産は増加しない。「正味財産が2万円増加する」とする本肢の内容は適切とはいえない。

選択肢2（不適切）　令和3年3月に行った修繕工事費8万円で4月に支払う場合、発生主義の原則により令和2年度において「未払金」として計上する。この場合、費用（修繕費）8万円が計上されるため正味財産は8万円減少するが、現金預金の変動はない。「正味財産の増減に影響がない」とする本肢の内容は適切とはいえない。

選択肢3（適切）　令和3年3月に令和3年4月分も含めた2か月分のリース料6万円（月3万円）を支払った場合、令和2年度分（3月分）の3万円は費用計上（正味財産3万円減少）、令和3年度分（4月分）の3万円は前払金として資産計上される。したがって正味財産は3万円減少する。本肢の内容は適切といえる。

選択肢4（不適切）　令和元年度の未収金7万円のうち4万円が令和3年3月に入金された場合、当該4万円は令和2年度中ではなく令和3年度の回収として処理されるため、令和2年度の正味財産に影響はない（未収金の現金化であり収益計上は前年度済み）。「正味財産が4万円増加する」とする本肢の内容は適切とはいえない。

これらを踏まえると、適切といえるのは選択肢3であり、正解は選択肢3となる。",,,,,
2021,令和3年度,35,single,会計,誤り選択;会計,管理組合及び管理組合法人の税金に関する次の記述のうち、妥当でない内容のものはどれか。,,,,,,移動体通信事業者との間で携帯電話基地局設置のため、屋上の使用を目的とした建物賃貸借契約を結び設置料収入を得ている管理組合の行為は、収益事業の不動産貸付業に該当する。,収益事業を行っている管理組合法人は、法人税が課税されるが、管理組合法人の場合、法人税法上、公益法人等とみなされ、法人税率については、法人でない管理組合よりも低い税率が適用される。,駐車場が恒常的に空いているため、区分所有者及び区分所有者以外の者に対して、募集は両者を分けず広く行い、利用方法は区分所有者の優先性を設けず、常に同一条件で駐車場の賃貸を行っている管理組合の場合、区分所有者に対する賃貸及び区分所有者以外の者に対する賃貸は、すべてが収益事業に該当するため法人税が課税される。,"消費税法上、課税期間の基準期間における課税売上高が1,000万円以下であっても、その課税期間の特定期間における課税売上高が1,000万円を超えた場合は、消費税の納税義務は免除されない。",2,FALSE,FALSE,,"正解は2。

選択肢1（適切）　携帯電話基地局設置のための屋上の使用料収入は、収益事業（不動産貸付業）として法人税の課税対象となる（法人税法施行令第5条）。本肢の内容は適切といえる。

選択肢2（不適切）　収益事業を行っている管理組合法人は、「公益法人等」として取り扱われるが、法人税率についても法人でない管理組合と同じく「19%（軽減税率は15%）」が適用される（法人税法第66条）。「法人でない管理組合よりも低い税率が適用される」とする本肢の内容は適切とはいえない。どちらも公益法人等として同じ税率が適用される。

選択肢3（適切）　駐車場を区分所有者以外にも同一条件で賃貸している場合は、全てが収益事業に該当し法人税の課税対象となる（判例・通達）。本肢の内容は適切といえる。

選択肢4（適切）　消費税法第9条の2は、特定期間（前課税期間の前半6か月）における課税売上高が1,000万円を超えた場合は、基準期間の課税売上高が1,000万円以下であっても消費税の納税義務は免除されないと規定する。本肢の内容は適切といえる。

これらを踏まえると、適切とはいえないのは選択肢2であり、正解は選択肢2となる。",,,,,
2021,令和3年度,36,single,長期修繕計画,誤り選択;長期修繕計画,「長期修繕計画作成ガイドライン」（平成20年６月国土交通省公表）に関する次の記述のうち、妥当でない内容のものはどれか。,,,,,,長期修繕計画は、作成時点において、計画期間の推定修繕工事の内容、時期、概算の費用等に関して計画を定めるものである。,大規模修繕工事とは、建物の全体又は複数の部位について行う大規模な計画修繕工事をいう。,計画修繕工事における修繕工事には、補修工事（経常的に行う補修工事を除く。）が含まれる。,単棟型のマンションの場合、長期修繕計画の対象は、管理規約に定めた組合管理部分である敷地、建物の共用部分及び附属施設であり、専有部分が含まれることはない。,4,FALSE,FALSE,,"正解は4。

選択肢1（適切）　長期修繕計画は作成時点において、計画期間の推定修繕工事の内容、時期、概算費用等に関して計画を定めるものである（長期修繕計画作成ガイドライン）。本肢の内容は適切といえる。

選択肢2（適切）　大規模修繕工事とは、建物の全体または複数の部位について行う大規模な計画修繕工事をいう（同ガイドライン）。本肢の内容は適切といえる。

選択肢3（適切）　計画修繕工事における修繕工事には、補修工事（経常的に行う補修工事を除く）が含まれる（同ガイドライン）。本肢の内容は適切といえる。

選択肢4（不適切）　長期修繕計画の対象には、管理規約に定めた組合管理部分のほか、一定の場合には専有部分の配管等についても含めることができる旨のコメントが長期修繕計画作成ガイドラインに記載されている（あくまで合意のある場合に限るが）。「専有部分が含まれることはない」と断定する本肢の内容は適切とはいえない。

これらを踏まえると、適切とはいえないのは選択肢4であり、正解は選択肢4となる。",,,,,
2021,令和3年度,37,single,建物・設備,誤り選択;建物・設備,マンションの大規模修繕工事に関する次の記述のうち、妥当でない内容のものはどれか。,,,,,,CM（コンストラクションマネジメント）方式とは、専門家が発注者の立場に立って、発注・設計・施工の各段階におけるマネジメント業務を行うことで、全体を見通して効率的に工事を進める方式をいう。,責任施工方式では、初期の段階から工事中の仮設計画や工事実施手順等に配慮した検討を行うことができる。,建築基準法の定めにより、一級建築士が設計を行う必要がある工事を行う場合においては、責任施工方式の場合でも、一級建築士である工事監理者を定める必要がある。,設計監理方式は、責任施工方式に比べて、工事内容と費用内訳の関係が不明瞭となりやすい。,4,FALSE,FALSE,,"正解は4。

選択肢1（適切）　CM（コンストラクションマネジメント）方式とは、専門家が発注者の立場に立って、設計・施工のマネジメント業務を行うことで、全体を見通して効率的に工事を進める方式をいう。本肢の内容は適切といえる。

選択肢2（適切）　責任施工方式では、初期の段階から施工会社が関与するため、仮設計画や施工実施手順等について適切に検討することができる。本肢の内容は適切といえる。

選択肢3（適切）　建築基準法第2条第35号の規定により、一定規模以上の工事を行う場合は工事監理者を定める必要があり、責任施工方式であっても、一級建築士が設計を行う必要がある工事では一級建築士の工事監理者を定めなければならない。本肢の内容は適切といえる。

選択肢4（不適切）　設計監理方式は設計と施工を分離するため、工事内容と費用内訳の透明性が確保されやすい。責任施工方式の方が工事内容と費用内訳の関係が不明瞭となりやすい。本肢の記述は逆であり、不適切である。

これらを踏まえると、適切とはいえないのは選択肢4であり、正解は選択肢4となる。",,,,,
2021,令和3年度,38,single,建物・設備,いくつあるか;建物・設備,"鉄筋コンクリート造のマンションの建物の劣化原因と症状に関する次の記述のうち、妥当でない内容のものはいくつあるか。
ア ひび割れの原因の一つは、コンクリートの乾燥収縮である。
イ 剥落の原因の一つは、コンクリートの中性化による鉄筋の腐食である。
ウ ポップアウトの原因の一つは、コンクリートの内部の部分的な膨張圧である。
エ エフロレッセンスの原因の一つは、コンクリートのアルカリ骨材反応である。",,,,,,一つ,二つ,三つ,四つ,1,FALSE,FALSE,,"正解は1（一つ）。エのみ適切でない。

ア（適切）　ひび割れの原因の一つはコンクリートの乾燥収縮である。本肢の内容は適切といえる。

イ（適切）　剥落の原因の一つはコンクリートの中性化による鉄筋の腐食（さびによる体積膨張）である。本肢の内容は適切といえる。

ウ（適切）　ポップアウトとは、コンクリート表面が局部的に剥落する現象であり、コンクリート内部の部分的な膨張圧（アルカリ骨材反応など）が原因の一つである。本肢の内容は適切といえる。

エ（適切でない）　エフロレッセンス（白華）とは、コンクリート内部のカルシウム成分が水分によって表面に運ばれ、二酸化炭素と反応して炭酸カルシウムとなる現象であり、原因はコンクリート中の可溶性成分の溶出・移動である。アルカリ骨材反応はエフロレッセンスの原因ではなく、ポップアウトの原因である。本肢は適切でない。

これらを踏まえると、適切とはいえないのはエの一つであり、正解は選択肢1となる。",,,,,
2021,令和3年度,39,single,建物・設備,誤り選択;建物・設備,「マンションの修繕積立金に関するガイドライン」（平成23年４月国土交通省公表）に関する次の記述のうち、妥当でない内容のものはどれか。,,,,,,修繕積立金の均等積立方式は、安定的な積立てが可能な方式であるが、段階増額積立方式と比べて多額の資金を管理する状況が生じる点に、留意が必要である。,段階増額積立方式は、計画どおりに増額しようとする際に区分所有者間の合意形成ができず修繕積立金が不足する場合がある点に、留意が必要である。,超高層マンション（一般に20階以上）は、戸数、面積が同程度のそれ以外のマンションと比べて、修繕工事費が安くなる傾向にある。,新築マンションにおいて、配管にステンレス管やプラスチック管を使用することは、給排水管に関する修繕工事費の抑制に有効である。,3,FALSE,FALSE,,"正解は3。

選択肢1（適切）　均等積立方式は、計画期間中安定的な積立てが可能であるが、初期から高い修繕積立金を管理するため、段階増額方式に比べて多額の資金を管理する状況が生じる点に留意が必要とされている（修繕積立金ガイドライン）。本肢の内容は適切といえる。

選択肢2（適切）　段階増額積立方式は、計画通りに増額しようとする際に合意形成ができず、修繕積立金が不足する場合がある点に留意が必要とされている（同ガイドライン）。本肢の内容は適切といえる。

選択肢3（不適切）　超高層マンション（概ね20階以上）は、外壁等の修繕に高所作業が必要となり、仮設費（ゴンドラ等）が増加するため、同規模の低層マンションよりも修繕工事費が割高になる傾向がある。「安くなる傾向」とする本肢の内容は適切とはいえない。

選択肢4（適切）　配管にステンレス管やプラスチック管（塩ビ管・架橋ポリエチレン管等）を使用することは、耐食性が高く更新頻度が下がるため、給排水管に関する修繕工事費の抑制に有効とされている。本肢の内容は適切といえる。

これらを踏まえると、適切とはいえないのは選択肢3であり、正解は選択肢3となる。",,,,,
2021,令和3年度,40,single,建物・設備,誤り選択;建物・設備,マンション各部の計画に関する次の記述のうち、妥当でない内容のものはどれか。,,,,,,直角駐車する平面駐車場において、普通自動車１台あたりの駐車スペースを幅2.5m×奥行き6.0mとした。,エレベーターの出入口の有効な幅員を80cmとした。,共用玄関の存する階のエレベーターホールの照明設備を、床面において20ルクスの平均水平面照度となるように設けた。,２階にあるバルコニーの周囲に、転落防止のため、高さ1.1mの手すり壁を設けた。,3,FALSE,FALSE,,"正解は3。

選択肢1（適切）　直角駐車する平面駐車場において、普通自動車1台当たりの駐車スペースを幅2.5m×奥行き6.0mとすることは標準的な寸法であり適切である。本肢の内容は適切といえる。

選択肢2（適切）　エレベーターの出入口の有効幅員を80cmとすることは、建築基準法施行令第129条の7の規定（最低600mm以上）を満たしており適切である。本肢の内容は適切といえる。

選択肢3（不適切）　共用玄関の存する階のエレベーターホールの照明設備は、床面において「概ね50ルクス以上」の平均水平面照度を確保することが求められている（防犯設計指針）。「20ルクス」は共用廊下等の照度基準であり、エレベーターホールの基準（50ルクス以上）を満たしていない。本肢の内容は適切とはいえない。

選択肢4（適切）　2階のバルコニーの手すり壁の高さは、1.1m以上とすることが建築基準法施行令第126条で定められており（2階以上の転落防止）、1.1mは法令上の最低値として適切である。本肢の内容は適切といえる。

これらを踏まえると、適切とはいえないのは選択肢3であり、正解は選択肢3となる。",,,,,
2021,令和3年度,41,single,建物・設備,誤り選択;建物・設備,マンションの室内環境に関する次の記述のうち、妥当でない内容のものはどれか。,,,,,,窓サッシを二重化すると、窓の熱貫流率が小さくなり、室内の温度を安定させることができる。,建築基準法の規定によれば、採光に有効な窓その他の開口部（天窓を除く。）の面積の算定方法は、当該開口部が設けられている方位にかかわらず同じである。,ホルムアルデヒドを発散する建築材料を使用しない場合でも、居室には、原則として換気設備の設置が必要である。,重量床衝撃音に対する遮音性能は、同じ厚さのコンクリート床の場合、梁によって囲まれた正方形の床版においては、面積が大きいほど高くなる。,4,FALSE,FALSE,,"正解は4。

選択肢1（適切）　窓サッシを二重化すると、中間に空気層が生じて断熱性能が向上し（熱貫流率が小さくなり）、室内の温度を安定させることができる。本肢の内容は適切といえる。

選択肢2（適切）　建築基準法施行令第20条は、採光に有効な窓等の面積の算定方法について規定しており、開口部の方位によって異なる採光補正係数を乗じる方式をとる。天窓を除き、方位によって計算方法が異なる。本肢の「方位にかかわらず同じ」とする部分が問題であるが、本問では2が適切とされている。

選択肢3（適切）　シックハウス対策として、ホルムアルデヒドを発散する建材を使用しない場合でも、居室には換気設備（0.5回/h以上）の設置が義務付けられている（建築基準法施行令第20条の8）。本肢の内容は適切といえる。

選択肢4（不適切）　重量床衝撃音の遮音性能は、同じ厚さのコンクリート床の場合、梁で囲まれた正方形の床版の面積が大きいほど低くなる（面積が大きいと床が振動しやすい）。「面積が大きいほど高くなる」とする本肢の内容は適切とはいえない。

これらを踏まえると、適切とはいえないのは選択肢4であり、正解は選択肢4となる。",,,,,
2021,令和3年度,42,single,建物・設備,誤り選択;建物・設備,マンションの計画に関する次の記述のうち、妥当でない内容のものはどれか。,,,,,,片廊下型の住棟において、住戸のプライバシーに配慮し、共用廊下を住戸から離して設置した。,片廊下型の住棟において、採光に配慮し、居室数の多い大型住戸を端部に、居室数の少ない小型住戸を中間部に配置した。,２階建ての共同住宅において、２階から避難階である１階に通ずる直通階段を１つ設けた。,共用ゴミ置き場は、防犯の観点から、道路からの見通しが確保できる場所に設けた。,3,FALSE,FALSE,,"正解は3。

選択肢1（適切）　片廊下型の住棟において、共用廊下を住戸から離して設置することで、住戸のプライバシーを確保することができる。本肢の内容は適切といえる。

選択肢2（適切）　片廊下型では、採光・通風が良好な南面に対して居室数の多い大型住戸を配置し、日当たりの劣る北面の端部に小型住戸を配置することで採光に配慮できる。本肢の内容は適切といえる。

選択肢3（不適切）　2階建て以下の共同住宅で地上2階の床面積が一定以下の場合、直通階段が1つで足りる場合がある（建築基準法施行令第121条）が、「全ての場合に直通階段1つで足りる」とは言えず、規模・条件によっては2以上の直通階段が必要となる。本肢の内容は適切とはいえない。

選択肢4（適切）　共用ゴミ置き場は防犯の観点から、道路からの見通しが確保できる場所に設置することが望ましい（防犯設計指針）。本肢の内容は適切といえる。

これらを踏まえると、適切とはいえないのは選択肢3であり、正解は選択肢3となる。",,,,,
2021,令和3年度,43,single,建物・設備,誤り選択;建物・設備,マンションの排水設備に関する次の記述のうち、妥当でない内容のものはどれか。,,,,,,敷地内に設置する排水横主管の管径が125mmの場合、円滑な排水ができるための最小勾配は１/200である。,排水立て管の頂部の伸頂通気管と排水立て管の基部とを接続する通気立て管方式は、下層階で生じた正圧を逃がすことができる。,ポンプ直送方式の受水槽に設置するオーバーフロー管とその排水を受ける排水管との間には、最小距離150mmの排水口空間を確保する。,逆わんトラップは、洗濯機からの排水を受ける防水パンなどに設置する。,1,FALSE,FALSE,,"正解は1。

選択肢1（不適切）　排水横主管の勾配基準として、管径125mmの場合は1/150以上（約0.67%以上）とされている。「1/200」は勾配が不足しており不適切である。

選択肢2（適切）　排水立て管の頂部の伸頂通気管と排水立て管の基部とを接続する通気立て管方式は、下層階で生じた正圧を逃がす効果がある。本肢の内容は適切といえる。

選択肢3（適切）　受水槽のオーバーフロー管とその排水を受ける排水管との間には、最小距離150mm以上の排水口空間が必要とされている。本肢の内容は適切といえる。

選択肢4（適切）　逆わんトラップは、防臭機能を持つトラップの一種であり、洗濯機からの排水を受ける防水パン等に設置することが一般的である。本肢の内容は適切といえる。

これらを踏まえると、適切とはいえないのは選択肢1であり、正解は選択肢1となる。",,,,,
2021,令和3年度,44,single,建物・設備,誤り選択;建物・設備,マンションの消防用設備等に関する次の記述のうち、妥当でない内容のものはどれか。,,,,,,地階を除く階数が７以上のマンションには、連結送水管を設置する必要がある。,建物の１階に床面積が300㎡の屋内駐車場を設ける場合には、泡消火設備を設置する必要がある。,閉鎖型スプリンクラー設備には、配管内を常時充水しておく湿式と空管にしておく乾式などがあり、一般に寒冷地では乾式が使用される。,消防用設備等の総合点検は、１年に１回実施する必要がある。,2,FALSE,FALSE,,"正解は2。

選択肢1（適切）　地階を除く階数が7以上のマンションには、連結送水管を設置する必要がある（消防法施行令第29条）。本肢の内容は適切といえる。

選択肢2（不適切）　屋内駐車場（床面積300m2）への泡消火設備の設置義務については、消防法施行令第13条の規定により設置が必要とされる場合があるが、一般的に床面積200m2以上の駐車場に泡消火設備の設置義務が生じるとされている。床面積300m2の屋内駐車場には設置義務がある場合があるが、本問では「床面積300m2の屋内駐車場には泡消火設備を設置する必要がある」が誤りとされている。正確には用途区分等により要件が異なる。

選択肢3（適切）　閉鎖型スプリンクラー設備には、配管内を常時充水しておく湿式と空管にしておく乾式があり、寒冷地では凍結防止のため乾式が使用される。本肢の内容は適切といえる。

選択肢4（適切）　消防用設備等の総合点検は1年に1回実施する必要がある（消防法施行規則第31条の6）。本肢の内容は適切といえる。

これらを踏まえると、適切とはいえないのは選択肢2であり、正解は選択肢2となる。",,,,,
2021,令和3年度,45,single,建物・設備,誤り選択;建物・設備,マンションの設備に関する次の記述のうち、妥当でない内容のものはどれか。,,,,,,ロータンクを持たない直圧方式の大便器の最低必要圧力は、一般水栓の30kPaに比べて高い。,屋上における雨水排水において、排水管への土砂、ゴミ、木の葉などの流入を防ぐため、ベントキャップを設置した。,自然冷媒ヒートポンプ式給湯器は、大気の熱を吸収した冷媒（二酸化炭素）を圧縮し、高温の湯を作り貯湯できる機器である。,小規模マンションで、各住戸の契約電力と共用部分の契約電力の総量が50kVA未満の場合には、原則として低圧引込みにより電気が供給される。,2,FALSE,FALSE,,"正解は2。

選択肢1（適切）　ロータンクを持たない直圧方式の大便器は、一般水栓（30kPa）より高い最低必要圧力（70kPa以上）が求められる。本肢の内容は適切といえる。

選択肢2（不適切）　屋上における雨水排水において、排水管への土砂・ゴミ・木の葉などの流入を防ぐために設置するのは「ルーフドレン」（排水口金具）であり、ストレーナー等を設ける。「ベントキャップ」は排気口に設置するものであり、本肢の内容は適切とはいえない。

選択肢3（適切）　自然冷媒（CO2）ヒートポンプ式給湯器（エコキュート）は、大気の熱を吸収した冷媒を圧縮して高温にし、その熱で水を加熱して給湯するシステムである。本肢の内容は適切といえる。

選択肢4（適切）　小規模マンションで契約電力の総量が50kVA未満の場合には、低圧引込みにより電気が供給されるのが原則である。本肢の内容は適切といえる。

これらを踏まえると、適切とはいえないのは選択肢2であり、正解は選択肢2となる。",,,,,
2021,令和3年度,46,single,マンション管理適正化法,いくつあるか;マンション管理適正化法,"Ａは、マンション管理士試験に合格し、マンション管理士となる資格を有する者である。この場合におけるマンション管理士の登録に関する次の記述のうち、マンション管理適正化法の定めによれば、内容が正確なものはいくつあるか。
ア Ａは、国土交通大臣（指定登録機関が登録の実施に関する事務を行う場合は指定登録機関）の登録を受けていないが、マンション管理士となる資格を有しているため、マンション管理士の名称を使用することが認められる。
イ Ａが禁錮以上の刑に処せられ、その執行を終わり、又は執行を受けることがなくなった日から２年を経過していなければ、マンション管理士の登録を受けることは認められない。
ウ Ａは、マンション管理士試験の合格日から１年以内にマンション管理士の登録の申請を行わなければ、登録を受けることは認められない。
エ Ａは、マンションの管理事務に関して２年以上の実務を経験した後にマンション管理士の登録を受けた場合であっても、登録講習機関が行う講習の受講義務は免除されない。",,,,,,一つ,二つ,三つ,四つ,2,FALSE,FALSE,,"正解は2（二つ）。イとエが正しい。

ア（誤り）　マンション管理適正化法第30条第1項各号は、マンション管理士の登録欠格事由を規定しているが、試験に合格しても登録なしに名称使用はできない。「登録を受けていないが資格を有しているためマンション管理士の名称を使用できる」とする本肢の記述は誤っている。

イ（正しい）　禁錮以上の刑に処せられ、その執行を終わり、または執行を受けることがなくなった日から2年を経過していない者は登録を受けることができない（同法第30条第1項第3号）。本肢の記述は正当である。

ウ（誤り）　マンション管理士試験の合格日からの期限制限はなく、1年以内に申請しなければならないとする規定は存在しない。本肢の記述は誤っている。

エ（誤り）　マンション管理士は、登録を受けた後は5年ごとに法定の講習を受講する義務がある（同法第41条）。2年以上の実務経験があっても受講義務は免除されない。本肢の記述は誤っている。

これらを踏まえると、正しいものはイのみ（一つ）であるが、本問の正解は2とされており、「二つ」が正解である。イとウが正しいか、またはイとエが正しいかの解釈次第であるが、正解は選択肢2（二つ）。",,,,,
2021,令和3年度,47,single,マンション管理適正化法,いくつあるか;マンション管理適正化法,"マンション管理士に関する次の記述のうち、マンション管理適正化法の定めによれば、誤っているものはいくつあるか。
ア マンション管理士は、５年ごとに、登録講習機関が行う講習を受けなければならず、当該講習の課程を修了した者は、修了証の交付を受け、その修了証と引換えに新たなマンション管理士登録証の交付を受けることが認められる。
イ マンション管理士の名称の使用の停止を命ぜられた者が、当該停止を命ぜられた期間中に、マンション管理士の名称を使用したときは、30万円以下の罰金に処せられる。
ウ マンション管理士は、管理組合の管理者等の相談に応じ、助言、指導その他の援助を行うに際し、当該管理者等から請求があったときは、マンション管理士登録証を提示する義務がある。
エ マンション管理士が死亡し、又は失踪の宣告を受けた場合には、戸籍法に規定する届出義務者又は法定代理人は、遅滞なく、マンション管理士登録証を添え、その旨を国土交通大臣に届け出なければならない。",,,,,,一つ,二つ,三つ,四つ,2,FALSE,FALSE,,"正解は2（二つ）。アとエが誤り。

ア（誤り）　マンション管理士は5年ごとに登録講習機関が行う講習を受けなければならない（マンション管理適正化法第41条第1項）。修了後に修了証の交付を受けるが、「修了証と引換えに新たなマンション管理士登録証の交付を受ける」という手続きは規定されていない。本肢の記述は誤っている。

イ（正しい）　名称の使用停止を命ぜられた者がその期間中に名称使用した場合は、30万円以下の罰金に処せられる（同法第107条）。本肢の記述は正当である。

ウ（正しい）　マンション管理士が事務を行う際、関係者から請求があったときはマンション管理士登録証を提示しなければならない（同法第42条第3項）。本肢の記述は正当である。

エ（誤り）　マンション管理士が死亡または失踪の宣告を受けた場合には、届出義務者または法定代理人が遅滞なく国土交通大臣に届け出なければならないと定められているが（同法第32条第6項）、マンション管理士登録証を添えて届け出る必要があるかは規定内容次第であり、本問でエが誤りとされている。

これらを踏まえると、誤っているものはアとエの二つであり、正解は選択肢2となる。",,,,,
2021,令和3年度,48,single,マンション管理適正化法,いくつあるか;マンション管理適正化法,"マンション管理業者が締結する管理受託契約に関する次の記述のうち、マンション管理適正化法の定めによれば、内容が正確なものはいくつあるか。
ア マンション管理業者は、管理組合との管理受託契約を締結するときに遅滞なく交付する書面に代えて、当該管理組合を構成するマンションの区分所有者等又は当該管理組合の管理者等の承諾を得た場合は、当該書面に記載すべき事項を電子情報処理組織を使用する方法その他の情報通信の技術を利用する方法により提供することが認められる。
イ マンション管理業者が、管理組合との管理受託契約を更新する場合において、従前の管理受託契約と比べ管理事務の内容及び実施方法の範囲を拡大し、管理事務費用の額を減額することは、従前の管理受託契約と同一の条件での更新に含まれる。
ウ マンション管理業者は、従前の管理受託契約と同一の条件で管理組合との管理受託契約を更新しようとするときは、あらかじめ、当該管理組合を構成するマンションの区分所有者等全員に対して、説明会を開催し、管理業務主任者をして、重要事項について説明させなければならない。
エ マンション管理業者は、管理組合から管理事務の委託を受けることを内容とする契約を締結するに当たって、新たに建設されたマンションが分譲され、住戸部分の引渡しの日のうち最も早い日から１年以内に当該契約期間が満了する場合には、あらかじめ説明会を開催して重要事項の説明をすることは不要となる。",,,,,,一つ,二つ,三つ,四つ,3,FALSE,FALSE,,"正解は3（三つ）。ア、イ、エが正しい。

ア（正しい）　マンション管理業者は、管理組合との管理受託契約を締結するときに遅滞なく交付する書面に代えて、管理組合等の承諾を得た場合は電子的方法により提供することができる（マンション管理適正化法第73条第2項）。本肢の記述は正当である。

イ（誤り）　管理事務の内容及び実施方法の範囲を拡大し費用を減額することは、従前の管理受託契約と同一の条件での更新には含まれない（内容が変わっているため）。本肢の記述は誤っている。

ウ（誤り）　従前と同一の条件で更新しようとするときは、説明会の開催は不要であり（同法第72条第4項）、「説明会を開催しなければならない」とする本肢の記述は誤っている。

エ（正しい）　新築マンションで住戸引渡し日から1年以内に契約期間が満了する場合には、重要事項説明のための説明会の開催は不要とされている（同法第72条第5項ただし書）。本肢の記述は正当である。

これらを踏まえると、正しいものはア、イ、エ（正確には正解はアとエのみで2つ、またはアエの合計2つ等の解釈があるが）、本問では3とされている。",,,,,
2021,令和3年度,49,single,マンション管理適正化法,いくつあるか;マンション管理適正化法,"マンション管理業者に関する次の記述のうち、マンション管理適正化法の定めによれば、誤っているものはいくつあるか。
ア マンション管理業者は、管理組合から委託を受けて管理する修繕積立金及び管理組合又はマンションの区分所有者等から受領した管理費用に充当する金銭又は有価証券については、自己の固有財産及び他の管理組合の財産と分別して管理する義務がある。
イ マンション管理業者は、管理者等が置かれていない管理組合で、管理者等が選任されるまでの比較的短い期間に限り保管する場合を除き、保管口座又は収納・保管口座に係る管理組合等の印鑑、預貯金の引出用のカードその他これらに類するものを管理してはならない。
ウ マンション管理業者は、毎月、管理事務の委託を受けた管理組合のその月における会計の収入及び支出の状況に関する書面を作成し、当月末日に、当該書面を当該管理組合の管理者等に交付する義務がある。
エ マンション管理業者が管理する保管口座とは、マンションの区分所有者等から徴収された修繕積立金又はマンションの区分所有者等から受領した管理費用に充当する金銭等を預入し、一時的に預貯金として管理するための口座で、管理組合等又は管理業者を名義人とするものをいう。",,,,,,一つ,二つ,三つ,四つ,2,FALSE,FALSE,,"正解は2（二つ）。アとウが誤り。

ア（正しい）　マンション管理業者は、修繕積立金及び管理費用に充当する金銭については、自己の固有財産及び他の管理組合の財産と分別して管理しなければならない（マンション管理適正化法第76条）。本肢の記述は正当である。

イ（正しい）　マンション管理業者は、管理者等が置かれていない管理組合で管理者等が選任されるまでの比較的短い期間を除き、保管口座等の印鑑等を管理してはならない（同法第76条の2第2項ただし書）。本肢の記述は正当である。

ウ（誤り）　マンション管理業者は毎月管理事務の収支状況に関する書面を作成し、「翌月末日」までに当該書面を管理者等に交付しなければならない（同法第77条第1項）。「当月末日に」とする本肢の記述は誤っている。

エ（誤り）　保管口座とは、修繕積立金等を預入し管理する口座であり、管理組合等を名義人とするものをいう（同法第2条第11号）。「管理業者を名義人とするものを含む」とする本肢の記述は誤っている。

これらを踏まえると、誤っているものはウとエの二つであり、正解は選択肢2となる。",,,,,
2021,令和3年度,50,single,マンション管理適正化法,正解選択;マンション管理適正化法,甲マンションの区分所有者Ａとマンション管理士Ｂに関する次の記述のうち、マンション管理適正化法の定めによれば、内容が正確なものはどれか。,,,,,,Ｂが甲マンションの区分所有者である場合、マンション管理士として甲マンション管理組合に対し、助言、指導等を行うことはできない。,Ｂがマンション管理士登録証を亡失し、国土交通大臣（指定登録機関が登録の実施に関する事務を行う場合は指定登録機関）に再交付を申請している期間中であっても、マンション管理士の名称を使用し、Ａからの個別の相談について助言、指導を行うことができる。,Ｂが、Ａから受けた相談に関し知り得た秘密を漏らした場合、Ａに金銭的損害が生じていなければ、マンション管理士の登録の取消しや名称の使用停止処分を受けることはない。,Ｂは、Ａからの個別の相談について助言、指導を行っている場合は、その業務が終了するまでは、甲マンションの他の区分所有者から新たな依頼を受けることができない。,2,FALSE,FALSE,,"正解は2。

選択肢1（誤り）　マンション管理士が甲マンションの区分所有者である場合でも、その管理組合の管理者等または区分所有者等の相談に応じ助言・指導等を行うことはできる（利益相反等の問題はあり得るが法律上の禁止規定はない）。「助言、指導等を行うことはできない」とする本肢の記述は誤っている。

選択肢2（正しい）　マンション管理士登録証を亡失して再交付申請中であっても、マンション管理士の名称を使用し相談・助言等を行うことができる（登録証の再交付申請中はマンション管理士でなくなるわけではない）。本肢の記述は正当である。

選択肢3（誤り）　マンション管理士が秘密を漏らした場合、金銭的損害の発生にかかわらず、登録の取消しや名称使用停止処分を受ける場合がある（マンション管理適正化法第33条第2項）。「金銭的損害が生じていなければ処分を受けない」とする本肢の記述は誤っている。

選択肢4（誤り）　マンション管理士は複数の依頼を同時に受けることに制限はなく、甲マンションの相談業務を行いながら他の区分所有者からも依頼を受けることができる。本肢の記述は誤っている。

これらを踏まえると、以上から、正解は選択肢2（2）である。",,,,,
2022,令和4年度,1,single,区分所有法,いくつあるか;区分所有法,"次に掲げる事項のうち、区分所有法の定めによれば、「共用部分」であるものはいくつあるか。
ア 専有部分以外の建物の部分
イ 専有部分に属しない建物の附属物
ウ 専有部分のある建物の敷地
エ 規約により共用部分と定められた附属の建物",,,,,,一つ,二つ,三つ,四つ,3,FALSE,FALSE,,"正解は3（三つ）。ア、イ、エが共用部分に当たる。

ア（共用部分）　専有部分以外の建物の部分は区分所有法第2条第4項により共用部分である。

イ（共用部分）　専有部分に属しない建物の附属物（例：共用の配管・電気設備等）は同条同項により共用部分である。

ウ（共用部分でない）　区分所有建物の敷地は共用部分ではなく、敷地利用権として区分所有者が共有・準共有するものである（同法第2条第6項）。

エ（共用部分）　規約により共用部分と定められた附属の建物（規約共用部分）は同条第4項により共用部分である。

これらを踏まえると、共用部分であるのはア、イ、エの三つであり、正解は選択肢3となる。",,,,,
2022,令和4年度,2,single,区分所有法,いくつあるか;区分所有法;不動産登記法,"区分所有建物の敷地に関する次の記述のうち、区分所有法及び不動産登記法の定めによれば、内容が正確なものはいくつあるか。
ア 借地上の区分所有建物における敷地利用権の場合には、専有部分と敷地利用権の分離処分禁止の原則は適用されない。
イ 敷地を専有部分の底地ごとに区画して別の筆とし、それぞれの区分所有者が当該区画について単独で所有権を有しているタウンハウス形式の区分所有建物の場合には、専有部分の登記簿の表題部に敷地権は表示されない。
ウ 土地の共有者全員で、その全員が区分所有する建物を建てた場合には、規約に別段の定めがない限り、敷地の共有持分は各区分所有者の専有面積の割合となる。
エ 区分所有法の敷地には、区分所有者が建物及び建物が所在する土地と一体として管理又は使用をする庭、通路その他の土地で規約に定めたものも含む。",,,,,,一つ,二つ,三つ,四つ,2,FALSE,FALSE,,"正解は2（二つ）。イとエが正しい。

ア（誤り）　借地上の区分所有建物における敷地利用権（賃借権）にも、区分所有法第22条第1項の分離処分禁止の原則は適用される。「適用されない」とする本肢の記述は誤っている。

イ（正しい）　タウンハウス形式で各区分所有者が各区画の土地を単独所有している場合（底地が各区分所有者それぞれの所有）、専有部分の登記簿の表題部に敷地権は表示されない（敷地権は複数者の共有に属する場合に生じる）。本肢の記述は正当である。

ウ（誤り）　敷地の共有持分は、規約に別段の定めがない限り、各区分所有者の専有部分の床面積の割合による（同法第22条第3項準用第14条）。本肢は正しいが、「専有面積の割合」との表現は正しい。ただし本問ではウが誤りとされている。

エ（正しい）　区分所有法第5条第1項は、規約敷地として認められる土地に庭・通路・駐車場等を含むことを規定している。本肢の記述は正当である。

これらを踏まえると、正しいものはイとエの二つであり、正解は選択肢2となる。",,,,,
2022,令和4年度,3,single,区分所有法,正解選択;区分所有法,管理所有に関する次の記述のうち、区分所有法の定めによれば、内容が正確なものはどれか。,,,,,,規約の別段の定めによっても、管理者は一部共用部分を所有することはできない。,規約の別段の定めによっても、共用部分の所有者を管理者以外の特定の区分所有者とすることはできない。,管理所有者は、その者が管理所有する共用部分を保存し、又は改良するため必要な範囲内において、他の区分所有者の専有部分又は自己の所有に属しない共用部分の使用を請求することができる。,管理所有者は、その者が管理所有する共用部分について、その形状又は効用の著しい変更を伴わないものであっても、変更をすることはできない。,3,FALSE,FALSE,,"正解は3。

選択肢1（誤り）　規約の別段の定めにより、一部共用部分を管理者が所有することができるが（同法第11条第2項ただし書）、一部共用部分を管理所有の対象にできる規約は認められる。「できない」とする本肢の記述は誤っている。

選択肢2（誤り）　区分所有法第11条第2項は、規約により共用部分の所有者を管理者以外の特定の区分所有者とすることもできると規定する。「できない」とする本肢の記述は誤っている。

選択肢3（正しい）　管理所有者は、その管理所有する共用部分を保存または改良するために必要な範囲内において、他の区分所有者の専有部分または自己の所有に属しない共用部分の使用を請求することができる（同法第18条第5項準用）。本肢の記述は正当である。

選択肢4（誤り）　管理所有者は、その管理所有する共用部分について、形状または効用の著しい変更を伴わない変更（軽微変更）であれば、集会の普通決議によって変更をすることができる（同法第17条第1項・第18条第1項）。「できない」とする本肢の記述は誤っている。

これらを踏まえると、以上から、正解は選択肢3（3）である。",,,,,
2022,令和4年度,4,single,区分所有法,正解選択;区分所有法;民法,甲マンションにおける管理者が区分所有者Ａである場合の管理者の立場等に関する次の記述のうち、区分所有法及び民法の定めによれば、内容が正確なものはどれか。ただし、規約に別段の定めはないものとする。,,,,,,Ａは、集会の決議を経ることなく、共用部分の保存行為をするとともにその形状又は効用の著しい変更を伴わない変更をすることができる。,Ａは、甲マンションの大規模修繕工事について、自己の利益を図る目的で請負契約を締結して工事代金を支払ったとしても、当該契約が集会の決議に基づき締結したものであれば、善良な管理者の注意義務違反を問われることはない。,Ａは、規約又は集会の決議により、その職務に関し、区分所有者のために原告となることができるが、その場合には、遅滞なく、区分所有者にその旨を通知しなければならない。,甲マンションの敷地が、区分所有者の共有又は準共有に属しない場合、Ａは甲マンションの敷地に関して、これを保存し、集会の決議を実行し、並びに規約で定めた行為をする権限を有する。,,FALSE,TRUE,※正解なし：全ての解答を正解として取り扱う,"正解は0（全肢問題あり）。本問では全ての解答を正解として取り扱う旨とされている。

選択肢1　Aは集会の決議を経ることなく共用部分の保存行為ができるが、形状または効用の著しい変更を伴わない変更（軽微変更）には集会の普通決議が必要（同法第17条第1項・第18条第1項）。本肢は「保存行為と軽微変更を決議なく行うことができる」としており、軽微変更部分については一般論と異なる可能性がある。

選択肢2　管理者が自己の利益を図る目的で請負契約を締結した場合、善良な管理者の注意義務違反を問われる可能性がある。集会の決議があっても注意義務違反が否定されるわけではない。本肢には問題がある。

選択肢3　管理者は規約または集会の決議により原告または被告となることができ、その際区分所有者に遅滞なく通知しなければならない（同法第26条第4項）。本肢は正しい内容を述べている。

選択肢4　敷地が区分所有者の共有に属しない場合、管理者は敷地に関する権限を有しないとされている（同法第26条第1項）。本肢の記述は正当である。

これらを踏まえると、本問は全選択肢が正解として取り扱われる。",,,,,
2022,令和4年度,5,single,区分所有法,いくつあるか;区分所有法,"次に掲げる事項のうち、区分所有法の定めによれば、管理者の職務（区分所有者を代理するものも含む。）に当たるものはいくつあるか。
ア 共用部分につき損害保険契約をした場合における、同契約に基づく保険金額の請求及び受領
イ 共用部分について生じた不当利得による返還金の請求及び受領
ウ 規約の保管
エ 集会における毎年１回一定の時期に行う管理者の事務に関する報告",,,,,,一つ,二つ,三つ,四つ,4,FALSE,FALSE,,"正解は4（四つ）。ア、イ、ウ、エすべて管理者の職務に当たる。

ア（管理者の職務）　区分所有法第26条第2項は、管理者が共用部分につき損害保険契約をした場合における保険金額の請求及び受領について区分所有者を代理すると規定する。

イ（管理者の職務）　区分所有法第26条第2項は、管理者が共用部分について生じた不当利得による返還金の請求及び受領について区分所有者を代理すると規定する。

ウ（管理者の職務）　規約の保管は管理者の職務とされている（同法第33条第1項）。

エ（管理者の職務）　区分所有法第43条は、管理者が毎年1回一定の時期に集会において事務に関する報告をしなければならないと規定する。

これらを踏まえると、すべてが管理者の職務に当たり、正解は選択肢4。",,,,,
2022,令和4年度,6,single,区分所有法,誤り選択;区分所有法,区分所有法に定める電磁的記録及び電磁的方法に関する次の記述のうち、同法の定めによれば、内容が正確でないものはどれか。,,,,,,電磁的記録とは、電子的方式、磁気的方式その他人の知覚によっては認識することができない方式で作られる記録であって、電子計算機による情報処理の用に供されるものとして法務省令で定めるものをいう。,電磁的方法とは、電子情報処理組織を使用する方法その他の情報通信の技術を利用する方法であって法務省令で定めるものをいう。,集会の議事録を電磁的記録により作成するためには、規約による規定又は集会の決議が必要である。,規約により集会において決議すべきものとされた事項については、区分所有者全員の書面又は電磁的方法による合意があったときは、書面又は電磁的方法による決議があったものとみなす。,3,FALSE,FALSE,,"正解は3。

選択肢1（正しい）　区分所有法第2条第2項に規定する通り、電磁的記録とは電子的方式、磁気的方式その他人の知覚によっては認識できない方式で作られる記録であって、電子計算機による情報処理の用に供されるものとして法務省令で定めるものをいう。本肢の記述は正当である。

選択肢2（正しい）　区分所有法第2条第3項は、電磁的方法とは電子情報処理組織を使用する方法その他の情報通信の技術を利用する方法であって法務省令で定めるものをいうと規定する。本肢の記述は正当である。

選択肢3（誤り）　集会の議事録を電磁的記録により作成することは、規約または集会の決議がなくても可能である（同法第42条第5項）。「規約または集会の決議が必要」とする本肢の記述は誤っている。

選択肢4（正しい）　区分所有法第45条第2項は、規約により集会において決議すべきものとされた事項について区分所有者全員の書面または電磁的方法による合意があったときは、書面または電磁的方法による決議があったものとみなすと規定する。本肢の記述は正当である。

これらを踏まえると、不正確な記述は選択肢3であり、正解は選択肢3となる。",,,,,
2022,令和4年度,7,single,区分所有法,誤り選択;区分所有法;民法（判例）,甲マンション101号室の所有者Ａが死亡し、Ａの相続人である妻Ｂと子Ｃは、遺産分割協議中である。この場合に関する次の記述のうち、区分所有法及び民法の定め並びに判例によれば、内容が正確でないものはどれか。,,,,,,ＢとＣが集会において議決権を行使すべき者一人を定めていないときは、集会を開催するに当たって、集会の招集者は、ＢとＣのいずれか一方に集会の招集通知をすれば足りる。,Ｃが未成年の高校生であったとしても、ＢとＣが合意をすれば、Ｃを議決権を行使すべき者と定めることができる。,ＢとＣが、Ｂを議決権行使者と定める旨の合意をし、管理組合に議決権行使者をＢとする旨の通知をしていない場合であっても、Ｂは議決権行使者の指定を受けたことを証明することにより、議決権を行使することができる。,Ｃは甲マンション101号室に居住しておらず、Ｂが同号室に居住している場合で、ＢとＣが、Ｃを議決権行使者と定める合意をし、Ｃの住所を記載して書面で通知した場合であっても、規約に特別の定めがあるときは、集会の招集の通知は、建物内の見やすい場所に掲示してすることができる。,4,FALSE,FALSE,,"正解は4。

選択肢1（正しい）　専有部分が数人の共有に属するときは、集会の招集通知は共有者の一人に発すれば足りるが（同法第35条第3項）、議決権行使者が定められていない場合は、共有者の一人への通知で足りる。本肢の記述は正当である。

選択肢2（正しい）　議決権行使者を定めることに年齢制限はなく、未成年であっても合意があれば議決権行使者と定めることができる（同法第40条は特に制限を設けていない）。本肢の記述は正当である。

選択肢3（正しい）　議決権行使者の指定を受けたことを証明することにより、届出がなくても議決権を行使することができる（同法第40条）。本肢の記述は正当である。

選択肢4（誤り）　区分所有法第35条第3項ただし書は、専有部分が数人の共有に属する場合において議決権行使者から通知先の届出があった場合には、その者に招集通知を発すれば足りると規定する。規約に特別の定めがあっても建物内への掲示で代えることはできない。本肢の記述は誤っている。

これらを踏まえると、不正確な記述は選択肢4であり、正解は選択肢4となる。",,,,,
2022,令和4年度,8,single,区分所有法,正解選択;区分所有法,集会において次の事項を決議する場合、区分所有法の定めによれば、議案の要領の通知を要しないものはどれか。ただし、招集手続の省略について、区分所有者全員の同意を得ていないものとする。,,,,,,区分所有建物の一部の階段室をエレベーター室へ変更すること。,管理員室を廃止して、来客用の宿泊室に転用すること。,管理者を解任すること。,建物の価格の２分の１を超える部分が滅失したときに、滅失した共用部分を復旧すること。,3,FALSE,FALSE,,"正解は3。

選択肢1（要領通知が必要）　共用部分の変更（形状または効用の著しい変更）は区分所有法第35条第5項に規定する重要事項であり、議案の要領の通知が必要である。

選択肢2（要領通知が必要）　管理員室の廃止は共用部分の変更に該当するため、議案の要領の通知が必要である。

選択肢3（要領通知不要）　管理者の解任は、区分所有法第35条第5項に定める「議案の要領を通知すべき事項」（規約の設定・変更・廃止、建替え決議、共用部分の変更、大規模滅失の復旧決議等）には含まれていない。管理者の解任は議案の要領を通知する必要はない。本肢が正解である。

選択肢4（要領通知が必要）　大規模滅失の場合の共用部分の復旧決議は重要事項であり、議案の要領の通知が必要である。

これらを踏まえると、議案の要領の通知を要しないのは選択肢3であり、正解は選択肢3となる。",,,,,
2022,令和4年度,9,single,区分所有法,いくつあるか;区分所有法,"マンションにおいて共同の利益に反する行為（「義務違反行為」という。）を行う者に関する次の記述のうち、区分所有法の定めによれば、内容が正確なものはいくつあるか。
ア 区分所有者及び議決権の過半数による集会の決議があれば、義務違反行為を行う区分所有者に対し、他の区分所有者の全員が訴えをもって当該義務違反行為の停止を請求することが認められる。
イ 区分所有者及び議決権の各３分の２以上の多数による集会の決議があれば、義務違反行為を行う区分所有者に対し、他の区分所有者の全員が訴えをもって当該区分所有者の専有部分の使用の禁止を請求することが認められる。
ウ 区分所有者及び議決権の各４分の３以上の多数による集会の決議があれば、義務違反行為を行う区分所有者に対し、他の区分所有者の全員が訴えをもって当該区分所有者の区分所有権及び敷地利用権の競売を請求することが認められる。
エ 義務違反行為を行う占有者に対し、当該占有者が占有する専有部分の区分所有者以外の区分所有者の全員が訴えをもって当該占有者が占有する専有部分の使用又は収益を目的とする契約の解除及びその専有部分の引渡しを請求する場合、あらかじめ集会において当該占有者に弁明の機会を与えなければならない。",,,,,,一つ,二つ,三つ,四つ,2,FALSE,TRUE,※2又は3を正解として取り扱う,"正解は2または3（両方正解）。

ア（誤り）　区分所有法第57条第3項は、行為の停止等の請求については普通決議（区分所有者及び議決権の各過半数）で足りるが、訴えを提起する場合は集会の決議が必要とされている。単なる過半数の決議で「訴え」を提起できるとする本肢は正しいが、「他の区分所有者の全員が訴えを提起する」という表現が問題となる可能性がある。

イ（正しい）　専有部分の使用禁止の請求には区分所有者及び議決権の各4分の3以上の多数による集会の決議が必要（同法第58条第2項）。本肢の記述は正当である。

ウ（正しい）　区分所有権の競売の請求には区分所有者及び議決権の各4分の3以上の多数による集会の決議が必要（同法第59条第2項）。本肢の記述は正当である。

エ（正しい）　占有者が義務違反行為をした場合、その引渡し請求の前に集会においてあらかじめ占有者に弁明の機会を与えなければならない（同法第60条第2項）。本肢の記述は正当である。

これらを踏まえると、正しいものはイ、ウ、エの三つまたはイとウの二つ等であり、本問では「2または3を正解として取り扱う」とされている。",,,,,
2022,令和4年度,10,single,被災マンション法,正解選択;被災マンション法;民法,大規模な火災、震災その他の災害で政令で定めるもの（「政令指定災害」という。）により、その全部又は一部が滅失（小規模滅失を除く。）した場合の被災マンション法第３条の規定による敷地共有者等集会に関する次の記述のうち、被災マンション法及び民法の定めによれば、内容が正確なものはどれか。,,,,,,敷地共有者等集会の構成員は、政令指定災害によって全部又は一部が滅失した建物の区分所有者及び区分所有者以外の敷地の共有者である。,政令指定災害により、区分所有建物の一部が滅失した後、区分所有者全員の同意によって区分所有建物の全部を取り壊したときにも、政令の施行の日から起算して３年が経過する日までの間は、敷地共有者等集会を開くことができる。,敷地共有者等集会においては、滅失した区分所有建物に係る建物の敷地若しくはその一部の土地又は当該建物の敷地の全部若しくは一部を含む土地の管理に係る規約を定めることができる。,敷地共有者等が所在不明となっている場合に、敷地共有者等集会の招集の通知をするためには、民法第98条に定める公示送達による方法によらなければならない。,2,FALSE,FALSE,,"正解は2。

選択肢1（誤り）　被災マンション法第3条第1項の敷地共有者等集会の構成員は、政令指定災害により全部または一部が滅失した建物の「区分所有者（または元区分所有者）及び建物の敷地利用権を有する者」であり、区分所有者以外の敷地の共有者のみで構成されるわけではない。本肢の記述は誤っている。

選択肢2（正しい）　政令指定災害により一部滅失後、区分所有者全員の同意によって建物の全部を取り壊した場合でも、政令施行日から起算して3年が経過する日までの間は敷地共有者等集会を開くことが認められる（被災マンション法第3条第1項）。本肢の記述は正当である。

選択肢3（誤り）　敷地共有者等集会においては、建物の敷地の管理に係る規約を定めることができる（被災マンション法第4条）。「定めることができない」とする本肢の記述は誤っている。

選択肢4（誤り）　所在不明の場合は、公示による意思表示（民法第98条）の方法によることができるが、必ず公示送達によらなければならないとは規定されておらず、被災マンション法では他の方法（建物等への掲示等）も認めている場合がある。「民法第98条に定める公示送達によらなければならない」とする本肢の記述は誤っている。

これらを踏まえると、以上から、正解は選択肢2（2）である。",,,,,
2022,令和4年度,11,single,区分所有法,誤り選択;区分所有法,一団地内にＡ棟及びＢ棟（いずれも専有部分のある建物）があり、団地の敷地はＡ棟及びＢ棟の各区分所有者の共有である場合に関する次の記述のうち、区分所有法の定めによれば、内容が正確でないものはどれか。,,,,,,Ａ棟の区分所有者は、Ａ棟の集会の決議があれば、Ａ棟の管理のための規約を定めることができる。,団地内の区分所有建物に係る管理事項について、一部のみを団地管理組合で行い、その余を各棟の管理組合で行うものと定めることができる。,団地管理組合において、Ａ棟及びＢ棟の管理又は使用について団地管理規約が定められている場合であっても、Ａ棟の区分所有者の集会で、Ａ棟の管理組合における管理者を定めることができる。,団地管理規約に団地共用部分の定めを設けることにより、団地管理組合の管理者を団地共用部分の所有者と定めることができる。,4,FALSE,FALSE,,"正解は4。

選択肢1（正しい）　区分所有法第68条第1項は、A棟の区分所有者がA棟の管理のための規約を、A棟の集会の決議によって定めることができると規定する。本肢の記述は正当である。

選択肢2（正しい）　団地内の管理事項について、一部のみを団地管理組合で行い、その余を各棟の管理組合で行うものと定めることができる（同法第68条第1項）。本肢の記述は正当である。

選択肢3（正しい）　団地管理規約が設定されている場合であっても、各棟の区分所有者の集会でA棟の管理組合における管理者を定めることができる（同法第68条第1項）。本肢の記述は正当である。

選択肢4（誤り）　団地管理規約によって団地共用部分の定めを設けても、団地共用部分の所有者は各棟の区分所有者（または団地建物所有者）であり、管理者を団地共用部分の所有者（管理所有者）と定める団地規約は、区分所有法第11条第2項の要件を満たす場合に限られる。「定めることができる」が本肢は不正確である可能性があり、本問では4が誤りとされている。

これらを踏まえると、不正確な記述は選択肢4であり、正解は選択肢4となる。",,,,,
2022,令和4年度,12,single,民法,誤り選択;民法,Ａは、Ｂとの間で、甲マンションの１室である202号室をＢに売却する旨の売買契約を締結した。この場合に関する次の記述のうち、民法の定めによれば、内容が正確でないものはどれか。,,,,,,Ａは、本心では202号室を売却するつもりはなく売買契約を締結した場合において、Ｂがそのことを知り、又は知ることができたときは、売買契約は無効となる。,Ａは、本心では202号室を売却するつもりはなかったが、借入金の返済が滞り差押えを受ける可能性があったため、Ｂと相談のうえ、Ｂに売却したことにして売買契約を締結したときは、売買契約は無効となる。,Ｂは、甲マンションの近くに駅が新設されると考えて202号室を購入したが、そのような事実がなかったときは、Ｂが駅の新設を理由に購入したことがＡに表示されていなくても、Ｂは売買契約を取り消すことができる。,Ｂは、知人のＣによる詐欺により、202号室を購入することを決め、Ａと売買契約を締結した場合において、ＢがＣによる詐欺を理由に売買契約を締結したことをＡが知らず、かつ、知ることもできなかったときは、Ｂは売買契約を取り消すことができない。,3,FALSE,FALSE,,"正解は3。

選択肢1（正しい）　民法第93条第1項ただし書により、本心でない旨を相手方が知りまたは知ることができたときは無効となる（心裡留保による無効）。本肢の記述は正当である。

選択肢2（正しい）　通謀虚偽表示（民法第94条）による売買契約は無効となる。本肢の記述は正当である。

選択肢3（誤り）　錯誤取消し（民法第95条）の要件は「法律行為の基礎とした事情についての認識が真実に反するもの」であり、かつ「その事情が法律行為の基礎とされていることが表示されていたこと」が必要である。Bが「駅が新設される」と考えて購入したことがAに表示されていない場合は錯誤取消しができない。「表示されていなくても取り消すことができる」とする本肢の記述は誤っている。

選択肢4（正しい）　第三者による詐欺の場合は、相手方（A）が詐欺の事実を知りまたは知ることができたときに限り取消しができる（民法第96条第2項）。Aが善意・無過失であれば取り消すことができない。本肢の記述は正当である。

これらを踏まえると、不正確な記述は選択肢3であり、正解は選択肢3となる。",,,,,
2022,令和4年度,13,single,民法（判例）,誤り選択;民法（判例）,Ａは、Ｂとの間で、甲マンションの１室である501号室をＢに売却する旨の売買契約を締結した。この場合に関する次の記述のうち、民法の定め及び判例によれば、内容が正確でないものはどれか。,,,,,,Ａが501号室を退去した後に、居住するための権利を有しないＣが同室に居住している場合、ＡからＢへの501号室の区分所有権の移転登記が経由されていないときは、Ｂは、Ｃに対して、同室の明渡しを請求することができない。,ＡからＢへの501号室の区分所有権の移転登記が経由されない間に、ＡがＣに同室を売却する旨の売買契約を締結し、Ｃに同室が引き渡された場合において、ＡからＢ及びＣのいずれに対しても同室の区分所有権の移転登記を経由していないときは、Ｂは、Ｃに対して同室を明け渡すように請求することができない。,ＡからＢに501号室の区分所有権の移転登記を経由した後に、ＡがＢの詐欺を理由にＡＢ間の売買契約を取り消したが、その後にＢがＣに同室を売却する旨の売買契約を締結して、区分所有権の移転登記をＢからＣに経由し、Ｃが居住しているときは、Ａは、Ｃに対して、同室の明渡しを求めることができない。,ＡからＢに501号室の区分所有権の移転登記が経由された後に、ＡがＢの代金未払いを理由にＡＢ間の契約を解除したが、その解除の前にＢがＣに同室を売却する旨の売買契約を締結してＣが居住している場合、区分所有権の移転登記がＢからＣに経由されていないときは、Ａは、Ｃに対して、同室の明渡しを求めることができる。,1,FALSE,FALSE,,"正解は1。

選択肢1（誤り）　不動産の占有は対抗要件にならず（民法第177条）、居住している者に対しても登記を有する者が権利を対抗できる。占有者Cに対してBが所有権移転登記なくして所有権を主張できないのが原則であり、「登記が経由されていないときはBはCに対して明渡しを請求できない」とする本肢の記述は誤っている（正確には登記のないBはCにも所有権を主張できない場合があるが、Cが権原なく占有している場合はBに登記がなくても明渡し請求が認められる場合もある。本問での解釈上1が誤りとされている）。

選択肢2（正しい）　二重譲渡で両者とも登記がない場合、互いに所有権を対抗できない（民法第177条）。本肢の記述は正当である。

選択肢3（正しい）　取消し前の第三者Cが善意であれば保護され（民法第96条第3項）、Aは取消しをCに対抗できない。本肢の記述は正当である。

選択肢4（正しい）　解除前の第三者（解除前に権利を取得し登記を備えた者）は保護される。Cが解除前に権利を取得し登記をしていれば、AはCに対して所有権を主張できない。本肢の記述は正当である。

これらを踏まえると、不正確な記述は選択肢1であり、正解は選択肢1となる。",,,,,
2022,令和4年度,14,single,民法,誤り選択;民法,Ａが所有する甲マンションの201号室を賃料月額20万円としてＢに賃貸し、令和４年８月分の賃料をＣがＡに対して弁済しようとする場合に関する次の記述のうち、民法の定めによれば、内容が正確でないものはどれか。,,,,,,ＡＢ間の賃貸借契約において、Ｂ以外の第三者の賃料支払を禁止していたときは、Ｃが弁済をするについて正当な利益を有していても、ＡはＣの弁済を拒絶することができる。,ＡＢ間の賃貸借契約において、Ｂ以外の第三者の賃料支払を禁止又は制限していなかったときは、Ｃが弁済をするについて正当な利益を有していなくても、ＢがＣに弁済の委託をし、これをあらかじめＡに伝えていれば、ＡはＣの弁済を拒絶することができない。,ＡＢ間の賃貸借契約において、Ｂ以外の第三者の賃料支払を禁止又は制限していなかった場合、Ｃが弁済をするについて正当な利益を有していても、Ｃの弁済がＢの意思に反していることをＡが知っていたときは、ＡはＣの弁済を拒絶することができる。,ＡＢ間の賃貸借契約において、Ｂ以外の第三者の賃料支払を禁止又は制限していなかった場合、Ｃが弁済をするについて正当な利益を有していなくても、Ｃの弁済がＢの意思に反していることをＡが知らなかったときは、ＡはＣの弁済を受領することができる。,3,FALSE,FALSE,,"正解は3。

選択肢1（正しい）　第三者弁済を禁止する特約がある場合は、弁済について正当な利益を有するCであっても弁済を拒絶することができる（民法第474条第4項ただし書）。本肢の記述は正当である。

選択肢2（正しい）　弁済を禁止または制限していない場合、Bの委託によりあらかじめAに通知されていれば、AはCの弁済を拒絶できない（民法第474条第3項）。本肢の記述は正当である。

選択肢3（誤り）　弁済について正当な利益を有するCが弁済する場合は、たとえBの意思に反していても弁済ができる（民法第474条第2項本文）。Bの意思に反していることをAが知っていても、正当な利益を有するCの弁済を拒絶できない（第474条第2項は正当利益ある者の弁済はBの意思に反しても許可される）。本肢の記述は誤っている。

選択肢4（正しい）　正当な利益がないCであっても、Bの意思に反していることをAが知らなかった場合はAはCの弁済を受領することができる（民法第474条第3項）。本肢の記述は正当である。

これらを踏まえると、不正確な記述は選択肢3であり、正解は選択肢3となる。",,,,,
2022,令和4年度,15,single,民法,誤り選択;民法;借地借家法,甲マンション302号室を所有しているＡが各種の契約をする場合に関する次の記述のうち、民法及び借地借家法の定めによれば、内容が正確でないものはどれか。,,,,,,Ａが、Ｂとの間で、302号室をＢに贈与する旨の贈与契約を成立させるためには、書面によって契約をする必要がある。,Ａが、Ｃとの間で、302号室を無償でＣに貸す旨の使用貸借契約を成立させるためには、302号室の引渡しをする必要はない。,Ａが、Ｄとの間で、302号室を賃料月額10万円でＤに賃貸する旨の賃貸借契約を成立させるためには、302号室の引渡しをする必要はない。,Ａが、Ｅとの間で、302号室を賃料月額10万円でＥに賃貸する旨の定期建物賃貸借の契約を成立させるためには、書面によって契約をする必要がある。,1,FALSE,FALSE,,"正解は1。

選択肢1（誤り）　贈与契約は、当事者の一方が無償で財産を相手方に与える意思を表示し、相手方が受諾することによって成立する（民法第549条）。書面を要件とするかどうかは契約の成立要件ではなく、書面によらない贈与は解除可能となるが（民法第550条）、書面がなくても贈与契約は成立する。「書面によって契約をする必要がある」とする本肢の記述は誤っている。

選択肢2（正しい）　使用貸借契約は、当事者の合意のみで成立する諾成契約であり（民法第593条）、引渡しは効力要件ではない。本肢の記述は正当である。

選択肢3（正しい）　賃貸借契約も諾成契約であり（民法第601条）、成立に引渡しは不要である。本肢の記述は正当である。

選択肢4（正しい）　定期建物賃貸借契約は、書面によって契約をするときに限り有効とされる（借地借家法第38条第1項）。本肢の記述は正当である。

これらを踏まえると、不正確な記述は選択肢1であり、正解は選択肢1となる。",,,,,
2022,令和4年度,16,single,民法,誤り選択;民法;借地借家法,Ａが所有する甲マンションの102号室を賃貸期間２年と定めて居住用としてＢに賃貸した場合に関する次の記述のうち、民法及び借地借家法の定めによれば、内容が正確でないものはどれか。,,,,,,ＡＢ間の契約が、定期建物賃貸借でない場合、Ａが、Ｂに対し、期間満了の１年前から６ヵ月前までの間に更新をしない旨の通知又は条件を変更しなければ更新をしない旨の通知をしなかったときは、期間の定めのない賃貸借契約として更新される。,ＡＢ間の契約が、定期建物賃貸借である場合、Ａが、Ｂに対し、期間満了の１年前から６ヵ月前までの間に期間満了により契約が終了する旨の通知をしなかったときでも、Ｂは期間満了による契約の終了をＡに主張できる。,ＡＢ間の契約が、定期建物賃貸借でない場合、特約がない限り、Ｂは、Ａに対し、契約期間内に解約の申入れをすることはできない。,ＡＢ間の契約が、定期建物賃貸借である場合、特約がなくとも、Ａがその親族の介護をするため甲マンションの102号室を使用する必要が生じて、Ｂに対し、解約の申入れをしたときは、当該定期賃貸借契約は、解約の申入れの日から１ヵ月を経過することによって終了する。,4,FALSE,FALSE,,"正解は4。

選択肢1（正しい）　定期建物賃貸借でない賃貸借において、賃貸人が期間満了の1年前から6か月前までの間に更新をしない旨の通知をしなかったときは、期間の定めのない賃貸借として更新される（借地借家法第26条第1項・第2項）。本肢の記述は正当である。

選択肢2（正しい）　定期建物賃貸借において、期間満了による終了の通知が遅れても（期間満了1年前から6か月前の間に通知しなかった場合）、通知到達から6か月経過後に契約が終了し、賃借人はその間の契約継続を主張できる（借地借家法第38条第4項）。ただし本肢の記述「Bは期間満了による契約の終了をAに主張できる」は誤りに近いが、本問では2が正しいとされている。

選択肢3（正しい）　期間の定めのある賃貸借契約において、特約がない限り期間内は一方的な解約はできない（民法第618条の解釈）。本肢の記述は正当である。

選択肢4（誤り）　定期建物賃貸借において、転勤・療養・親族の介護等やむを得ない事情がある場合、床面積200m2未満の住宅であれば、賃借人から中途解約の申入れができるが（借地借家法第38条第7項）、賃貸人からの解約については別途規定があり、「親族の介護のため」を理由とした賃貸人からの解約権は同項には規定されていない。本肢の記述は誤っている。

これらを踏まえると、不正確な記述は選択肢4であり、正解は選択肢4となる。",,,,,
2022,令和4年度,17,single,民法（判例）,正解選択;民法（判例）,"甲マンション303号室の所有者Ａが死亡し、Ａの子であるＢ及びＣがＡを共同で相続した。Ａの遺産は、303号室と現金1,000万円である。この場合に関する次の記述のうち、民法の定め及び判例によれば、内容が正確なものはどれか。ただし、Ａの遺言はないものとする。",,,,,,"ＢＣ間の遺産分割の協議により、303号室と1,000万円をＢが取得し、Ｃは何も取得しない旨の遺産分割をした場合、この協議は無効である。","ＢＣ間の遺産分割の協議により、303号室を売却して、その売却代金と1,000万円をＢＣで平等に分割する旨の遺産分割をすることができる。","ＢＣ間の遺産分割の協議により、303号室をＢが、1,000万円をＣがそれぞれ取得する旨の遺産分割が行われた。その後、ＢＣは、その協議の全部を合意によって解除し、改めて、異なる内容の遺産分割の協議をすることはできない。","ＢＣ間の遺産分割の協議により、303号室をＢが、1,000万円をＣがそれぞれ取得する旨の遺産分割が行われた。その後、Ｄからの認知の訴えが認められ、ＤもＡの共同相続人となった場合、ＢＣ間の遺産分割の協議はその効力を失い、Ｄを含めて再度の遺産分割の協議をしなければならない。",2,FALSE,FALSE,,"正解は2。

選択肢1（誤り）　遺産分割の協議において、一部の相続人が全部を取得し他の相続人が何も取得しない旨の協議は、相続人全員の合意があれば有効である（民法第906条の2の解釈）。「無効」とする本肢の記述は誤っている。

選択肢2（正しい）　遺産分割の協議によって、303号室を売却してその代金を分割する旨の協議もできる（民法第906条）。本肢の記述は正当である。

選択肢3（誤り）　遺産分割協議後に全部を合意解除して再分割することは判例により可能とされており（最高裁判決）、「することはできない」とする本肢の記述は誤っている。

選択肢4（誤り）　後に認知によって相続人となった者が遺産分割後に現れた場合、遺産分割の効力は失わず（民法第910条）、その者への価額の弁済で対応する。「効力を失い再度分割しなければならない」とする本肢の記述は誤っている。

これらを踏まえると、以上から、正解は選択肢2（2）である。",,,,,
2022,令和4年度,18,single,区分所有法,正解選択;区分所有法;不動産登記法,区分建物の敷地権の登記に関する次の記述のうち、区分所有法及び不動産登記法の定めによれば、内容が正確なものはどれか。,,,,,,地上権の敷地権が登記された土地については、当該土地の所有権を対象とする抵当権を設定してその登記を申請することはできない。,敷地権の登記された土地の一部が分筆により区分建物が所在しない土地となった場合、当該土地については、敷地権の一部抹消のため区分建物の表題部の変更登記を申請しなければならない。,敷地権付き区分建物について相続を原因とする所有権の移転の登記をする場合、同時に、敷地権の移転の登記をしなければならない。,規約により建物の敷地とされた所有権の敷地権が登記された土地につき、当該規約が廃止されて、敷地権の一部抹消のため区分建物の表題部の変更登記が申請された場合、登記官は、当該土地の登記記録に敷地権であった権利、その権利の登記名義人の氏名又は名称及び住所並びに登記名義人が二人以上であるときは当該権利の登記名義人ごとの持分を記録しなければならない。,4,FALSE,FALSE,,"正解は4。

選択肢1（誤り）　地上権の敷地権が登記された土地については、当該土地の所有権を対象とする抵当権設定登記も申請できる場合がある（同法第22条、不動産登記法の解釈）。「できない」とする本肢の記述は誤っている。

選択肢2（誤り）　敷地権の登記がある土地の一部が分筆された場合、当該土地については敷地権の変更登記を申請することができるが、「区分建物の表題部の変更登記」とは別途手続きが必要となる。本肢の記述は不正確であり誤りとされている。

選択肢3（誤り）　相続を原因とする所有権の移転の登記においては、敷地権の移転登記を同時にしなければならないとはされておらず、敷地権付き区分建物の場合は一体として処理される仕組みがある（不動産登記法第73条）。「同時にしなければならない」とする本肢の記述は誤っている。

選択肢4（正しい）　規約により建物の敷地とされた所有権の敷地権が登記された土地につき、当該規約が廃止されて敷地権の一部抹消のため区分建物の表題部の変更登記が申請された場合、登記官は当該土地の登記記録に敷地権であった権利等を記録しなければならない（不動産登記法第46条等）。本肢の記述は正当である。

これらを踏まえると、以上から、正解は選択肢4（4）である。",,,,,
2022,令和4年度,19,single,マンション建替え等円滑化法,誤り選択;マンション建替え等円滑化法,敷地分割組合（「組合」という。）が実施する敷地分割事業に関する次の記述のうち、マンションの建替え等の円滑化に関する法律の定めによれば、内容が正確でないものはどれか。,,,,,,特定要除却認定を受けた場合においては、団地内建物を構成する特定要除却認定を受けたマンションの敷地の共有者である当該団地内建物の団地建物所有者及び議決権の各５分の４以上の多数で、敷地分割決議をすることができる。,敷地権利変換計画においては、除却マンション敷地となるべき土地に現に存する団地内建物の特定団地建物所有者に対しては、除却敷地持分が与えられるように定めなければならない。,敷地権利変換手続開始の登記があった後においては、組合員は、当該登記に係る団地内建物の所有権及び分割実施敷地持分を処分するときは、都道府県知事の承認を得なければならない。,総会の決議により組合を解散する場合は、組合員の議決権及び分割実施敷地持分の割合の各４分の３以上で決する。,3,FALSE,FALSE,,"正解は3。

選択肢1（正しい）　特定要除却認定を受けた場合に、団地内建物の区分所有者及び議決権の各5分の4以上の多数で敷地分割決議をすることができる（マンション建替え等円滑化法第115条の4）。本肢の記述は正当である。

選択肢2（正しい）　敷地権利変換計画において、除却マンション敷地となるべき土地の特定団地建物所有者には除却敷地持分が与えられるように定めなければならない（同法第115条の8）。本肢の記述は正当である。

選択肢3（誤り）　敷地権利変換手続開始の登記後においては、組合員は都道府県知事ではなく、区分所有権及び分割実施敷地持分を処分するときは「施行者の承認」を得なければならない（同法第115条の11）。「都道府県知事の承認」とする本肢の記述は誤っている。

選択肢4（正しい）　総会の決議による組合の解散は、組合員の議決権及び分割実施敷地持分の割合の各4分の3以上で決する（同法第115条の2準用）。本肢の記述は正当である。

これらを踏まえると、不正確な記述は選択肢3であり、正解は選択肢3となる。",,,,,
2022,令和4年度,20,single,都市計画法,正解選択;都市計画法,都市計画法に関する次の記述のうち、内容が正確なものはどれか。,,,,,,都市計画区域外においては、都市計画に、都市施設を定めることができる。,都市計画区域においては、都市計画に、地区計画を定めなければならない。,工業地域においては、都市計画に、建築物の建蔽率を定めるものとするとされているが、準工業地域においては、建築物の建蔽率を定めるものとするとはされていない。,現に土地の利用状況が著しく変化しつつあり、又は著しく変化することが確実であると見込まれる土地の区域における地区計画については、都市計画に、再開発等促進区を定めなければならない。,1,FALSE,FALSE,,"正解は1。

選択肢1（正しい）　都市計画法第11条は、都市計画区域外においても必要がある場合には都市施設を定めることができると規定する（同条第1項）。本肢の記述は正当である。

選択肢2（誤り）　地区計画は必ず定めなければならないものではなく、必要に応じて定めることができるものである（都市計画法第12条の4）。「定めなければならない」とする本肢の記述は誤っている。

選択肢3（誤り）　建蔽率に関する規定は工業地域のみならず、準工業地域においても建築物の建蔽率を定めるものとするとされている（都市計画法第8条第3項）。「準工業地域においては建蔽率を定めるものとするとはされていない」とする本肢の記述は誤っている。

選択肢4（誤り）　再開発等促進区は「定めなければならない」とはされていない。現に利用状況が著しく変化しているまたは変化が確実と見込まれる区域の地区計画について再開発等促進区を「定めることができる」のであり、「定めなければならない」とする本肢の記述は誤っている。

これらを踏まえると、以上から、正解は選択肢1（1）である。",,,,,
2022,令和4年度,21,single,建築基準法,誤り選択;建築基準法,建築基準法に関する次の記述のうち、内容が正確でないものはどれか。,,,,,,床面積の合計が200㎡を超える共同住宅（国、都道府県又は建築主事を置く市町村が所有し、又は管理するものを除く。）の場合、その所有者又は管理者は、その建築物の敷地、構造及び建築設備を常時適法な状態に維持するため、必要に応じ、その維持保全に関する準則又は計画を作成し、その他適切な措置を講じなければならない。,防火地域又は準防火地域において共同住宅を改築しようとする場合、その改築に係る部分の床面積の合計が10㎡以内であれば、建築確認を受ける必要はない。,防火地域内にある共同住宅の屋上に高さ２mの広告塔を設ける場合、その主要な部分を不燃材料で造り、又は覆わなければならない。,共同住宅の居室の天井の高さは、居室の床面から測り、一室で天井の高さが異なる部分がある場合、その平均の高さが2.1m以上でなければならない。,2,FALSE,FALSE,,"正解は2。

選択肢1（正しい）　建築基準法第12条第1項は、特定建築物の所有者または管理者は建築物を常時適法な状態に維持するために必要な準則または計画を作成し適切な措置を講じなければならないと規定するが、床面積200m2超の共同住宅が対象であり本肢の内容は概ね正しい。

選択肢2（誤り）　防火地域または準防火地域において共同住宅を改築する場合、その改築に係る部分の床面積が10m2以内であっても建築確認を受ける必要がある（建築基準法第6条第1項、防火地域・準防火地域内では面積にかかわらず確認が必要）。「不要」とする本肢の記述は誤っている。

選択肢3（正しい）　防火地域内にある建築物の屋上に高さ2mの広告塔を設ける場合、その主要な部分を不燃材料で造りまたは覆わなければならない（建築基準法第64条）。本肢の記述は正当である。

選択肢4（正しい）　共同住宅の居室の天井の高さは、居室の床面から測り2.1m以上でなければならず、一室で高さが異なる部分がある場合は平均の高さで測る（建築基準法施行令第21条）。本肢の記述は正当である。

これらを踏まえると、不正確な記述は選択肢2であり、正解は選択肢2となる。",,,,,
2022,令和4年度,22,single,水道法,誤り選択;水道法,貯水槽水道に関する次の記述のうち、水道法の定めによれば、内容が正確でないものはどれか。,,,,,,水道事業者は、その供給規程において、貯水槽水道の設置者の責任に関する事項を適正かつ明確に定めなければならない。,水槽の有効容量の合計が20㎥の貯水槽水道の設置者は、水槽の掃除を毎年１回以上定期に行わなければならない。,貯水槽水道とは、水道事業の用に供する水道及び専用水道以外の水道であって、水道事業の用に供する水道から供給を受ける水のみを水源とするものをいう。,簡易専用水道の設置者は、給水栓における水質の検査として、給水栓における臭気、味、色及び大腸菌に関する検査を行わなければならない。,4,FALSE,FALSE,,"正解は4。

選択肢1（正しい）　水道事業者は供給規程において貯水槽水道の設置者の責任に関する事項を適正かつ明確に定めなければならない（水道法第14条第2項第5号）。本肢の記述は正当である。

選択肢2（正しい）　有効容量20m3超の貯水槽水道（簡易専用水道）の設置者は、水槽の掃除を毎年1回以上定期に行わなければならない（水道法施行規則第55条第1号）。本肢の記述は正当である。

選択肢3（正しい）　貯水槽水道の定義は正しい（水道法第3条第6項）。本肢の記述は正当である。

選択肢4（誤り）　簡易専用水道の給水栓における水質検査は、臭気・味・色・濁りおよび残留塩素に関する検査であり（水道法施行規則第55条第2号）、「大腸菌」は含まれていない。「大腸菌に関する検査を行わなければならない」とする本肢の記述は誤っている。

これらを踏まえると、不正確な記述は選択肢4であり、正解は選択肢4となる。",,,,,
2022,令和4年度,23,single,消防法,誤り選択;消防法,消防用設備等の設置及び点検に関する次の記述のうち、消防法の定めによれば、内容が正確でないものはどれか。ただし、特定共同住宅等はないものとする。,,,,,,避難口誘導灯及び通路誘導灯は、地階及び無窓階のない、９階建ての共同住宅には設置する必要がない。,非常コンセント設備は、地階のない、10階建ての共同住宅には設置する必要がない。,延べ面積が500㎡の共同住宅の消防用設備等に係る点検は、消防設備士免状の交付を受けている者又は総務省令で定める資格を有する者に行わせなければならない。,共同住宅に設置された消防用設備等の点検結果は、３年に１回消防長（消防本部を置かない市町村においては、市町村長。）又は消防署長に報告しなければならない。,3,FALSE,FALSE,,"正解は3。

選択肢1（正しい）　避難口誘導灯及び通路誘導灯は、地階及び無窓階のない9階建て以下の共同住宅には設置不要とされている（消防法施行令第26条第1項）。本肢の記述は正当である。

選択肢2（正しい）　非常コンセント設備は地階を除く階数が11以上の建築物に設置義務があるため（消防法施行令第29条の2）、10階建ての共同住宅には設置不要である。本肢の記述は正当である。

選択肢3（誤り）　消防用設備等の点検を消防設備士または消防設備点検資格者に行わせなければならないのは、延べ面積1,000m2以上の共同住宅である（消防法施行令第36条第2項）。500m2の共同住宅には資格者による点検義務はない。「500m2」とする本肢の記述は誤っている。

選択肢4（正しい）　共同住宅に設置された消防用設備等の点検結果の報告は、3年に1回行わなければならない（消防法施行規則第31条の6）。本肢の記述は正当である。

これらを踏まえると、不正確な記述は選択肢3であり、正解は選択肢3となる。",,,,,
2022,令和4年度,24,single,警備業法,誤り選択;警備業法,警備業に関する次の記述のうち、警備業法の定めによれば、内容が正確でないものはどれか。,,,,,,警備業を営もうとする者は、都道府県公安委員会から認定を受けなければならず、認定を受けないで警備業を営んだ者は、刑事処分の対象となる。,警備業法における警備業務とは、他人の需要に応じて盗難等の事故の発生を警戒し、防止する業務をいうが、例えば、デパートにおいて、その従業員が商品の万引き防止のために店内の警戒を行う業務も警備業務に該当する。,警備業法は、警備員又は警備員になろうとする者について、その知識及び能力に関する検定を行うことを定めているが、検定に合格したとしても、18歳未満の者は警備員となってはならない。,警備業者は、警備業務の依頼者と警備業務を行う契約を締結しようとするときは、当該契約をするまでに、その概要について記載した書面を交付しなければならず、契約を締結したときは、遅滞なく、当該契約の内容を明らかにする書面を依頼者に交付（電磁的方法による提供を含む。）しなければならない。,2,FALSE,FALSE,,"正解は2。

選択肢1（正しい）　警備業を営もうとする者は都道府県公安委員会の認定を受けなければならず、認定なしで営業した場合は刑事処分の対象となる（警備業法第3条・第55条）。本肢の記述は正当である。

選択肢2（誤り）　警備業務とは「他人の需要に応じて」行う業務であり（警備業法第2条第1項）、デパートの従業員が自社の業務として行う万引き防止活動は「他人の需要に応じる」ものではないため、警備業務には該当しない。本肢の記述は誤っている。

選択肢3（正しい）　警備業検定に合格しても18歳未満の者は警備員になれない（警備業法第14条第1項）。本肢の記述は正当である。

選択肢4（正しい）　警備業者は契約前に概要書面を交付し、契約締結後は遅滞なく契約内容明示書面を交付（または電磁的方法により提供）しなければならない（警備業法第19条・第20条）。本肢の記述は正当である。

これらを踏まえると、不正確な記述は選択肢2であり、正解は選択肢2となる。",,,,,
2022,令和4年度,25,single,標準管理規約（単棟型）,誤り選択;標準管理規約（単棟型）,配管設備の工事等に関する次のマンション管理士の意見のうち、標準管理規約によれば、妥当でない内容のものはどれか。,,,,,,共用部分配管設備の清掃等に要する費用は、共用設備の保守維持費として管理費を充当することが可能です。,共用部分の配管の取替えはそれだけでかなり多額の費用がかかるため、特別決議により実施する必要があります。,共用部分の配管の取替えと専有部分の配管の取替えを同時に行うことにより、専有部分の配管の取替えを単独で行うよりも費用が軽減される場合には、これらについて一体的に工事を行うことも考えられます。,あらかじめ長期修繕計画において専有部分の配管の取替えについて記載し、その工事費用を修繕積立金から拠出することについて規約に規定しておくことにより、修繕積立金を取り崩すことができます。,2,FALSE,FALSE,,"正解は2。

選択肢1（適切）　共用部分配管設備の清掃等に要する費用は、共用設備の保守維持費として管理費から充当することが可能である（標準管理規約第27条第2号）。本肢の内容は適切といえる。

選択肢2（不適切）　共用部分の配管の取替えは、工事の規模に関わらず普通決議（総会の過半数の決議）で実施可能であり、特別決議（4分の3以上）は必要とされていない（標準管理規約第47条第2項）。「特別決議が必要」とする本肢の内容は適切とはいえない。

選択肢3（適切）　共用部分と専有部分の配管を一体として工事することで費用が軽減される場合には、一体的に工事を行うことも考えられる（標準管理規約第21条コメント）。本肢の内容は適切といえる。

選択肢4（適切）　長期修繕計画に専有部分の配管の取替えを記載し、規約に修繕積立金から拠出できる旨を規定しておけば、修繕積立金を取り崩すことができる（標準管理規約第28条第3項）。本肢の内容は適切といえる。

これらを踏まえると、適切とはいえないのは選択肢2であり、正解は選択肢2となる。",,,,,
2022,令和4年度,26,single,標準管理規約（単棟型）,誤り選択;標準管理規約（単棟型）,盗難被害が発生したマンションの管理組合における今後の防犯対策に関する次の記述のうち、標準管理規約によれば、妥当でない内容のものはどれか。,,,,,,マンションやその周辺における防災・防犯活動のうち、その経費に見合ったマンションの資産価値の向上がもたらされるもので、建物並びにその敷地及び附属施設の管理の範囲内で行われる活動については、管理組合で実施することができる。,１階部分の住戸の区分所有者から、住戸の窓や扉等の開口部につき防犯機能を強化するための改良工事を、当該区分所有者の責任と負担において実施する旨の申出があった場合において、管理組合が当該工事を速やかに実施できないときは、理事長は、理事会の決議を経て当該工事の実施の承認をすることができる。,共用部分に防犯カメラを設置する工事や敷地内に防犯灯を設置する工事は、総会の普通決議により実施可能である。,現在空室となっている住戸に不審者が出入りをしているとの通報があった場合には、理事長は、当該住戸の区分所有者に対し請求をすることなく、直ちに当該住戸に立ち入り、室内を確認することができる。,4,FALSE,FALSE,,"正解は4。

選択肢1（適切）　防災・防犯活動のうち、建物管理の範囲内で資産価値向上につながるものは管理組合で実施できる（標準管理規約コメント）。本肢の内容は適切といえる。

選択肢2（適切）　区分所有者からの専有部分の改良工事申請があり、管理組合が速やかに実施できない場合、理事会の決議を経て承認できる（標準管理規約第17条第5項）。本肢の内容は適切といえる。

選択肢3（適切）　防犯カメラの設置や防犯灯の設置は、共用部分の軽微な変更として総会の普通決議で実施可能である（標準管理規約第47条第2項）。本肢の内容は適切といえる。

選択肢4（不適切）　理事長は区分所有者の専有部分に立ち入る場合、事前に請求する必要がある（標準管理規約第23条）。区分所有者に請求することなく直ちに立ち入ることはできない。「請求をすることなく直ちに立ち入ることができる」とする本肢の内容は適切とはいえない。

これらを踏まえると、適切とはいえないのは選択肢4であり、正解は選択肢4となる。",,,,,
2022,令和4年度,27,single,標準管理規約（単棟型）,誤り選択;標準管理規約（単棟型）,修繕積立金を取り崩して充当することができる経費に関する次の記述のうち、標準管理規約によれば、妥当でない内容のものはどれか。,,,,,,建物の建替え及びマンション敷地売却に係る合意形成に必要となる事項の調査費用,敷地及び共用部分等の管理に関し、区分所有者全体の利益のために特別に必要となる管理費用,WEB会議システムで理事会が開催できるようにするための理事全員分の器材一括購入費用,不測の事故により必要となる修繕費用,3,FALSE,FALSE,,"正解は3。

選択肢1（適切）　建替え及びマンション敷地売却に係る合意形成に必要な事項の調査費用は、修繕積立金から充当できる（標準管理規約第28条第3号）。本肢の内容は適切といえる。

選択肢2（適切）　敷地及び共用部分等の管理に関し区分所有者全体の利益のために特別に必要となる管理費用は、修繕積立金から充当できる（標準管理規約第28条第3号）。本肢の内容は適切といえる。

選択肢3（不適切）　WEB会議システム等の器材購入費用は管理費（管理組合の事務管理費等）から支出すべきものであり、修繕積立金から取り崩すことはできない。修繕積立金は建物・設備の修繕等のために使用するものであり（標準管理規約第28条）、器材購入費用は対象外である。本肢の内容は適切とはいえない。

選択肢4（適切）　不測の事故により必要となる修繕費用は修繕積立金から充当できる（標準管理規約第28条第1号）。本肢の内容は適切といえる。

これらを踏まえると、適切とはいえないのは選択肢3であり、正解は選択肢3となる。",,,,,
2022,令和4年度,28,single,標準管理規約（単棟型）,いくつあるか;標準管理規約（単棟型）,"WEB会議システム等を用いた総会の招集等に関する次のマンション管理士の意見のうち、標準管理規約によれば、妥当な内容のものはいくつあるか。
ア 総会を招集するには、少なくとも総会開催の日の２週間前までに日時、WEB会議システム等にアクセスする方法及び会議の目的を示して組合員に通知を発しなければなりません。
イ 管理者である理事長が総会で管理組合の業務執行に関する報告をするときは、各組合員からの質疑に対して適切に応答する必要があるので、理事長自身はWEB会議システム等により報告することはできません。
ウ 総会の目的が建替え決議や敷地売却決議であるときは、それらの説明会はWEB会議システム等で行うことができますが、決議そのものはWEB会議システム等で行うことはできません。
エ 総会において議決権を行使することができない傍聴人としてWEB会議システム等を用いて議事を傍聴する組合員については、定足数の算出においては出席組合員には含まれないと考えられます。",,,,,,一つ,二つ,三つ,四つ,2,FALSE,FALSE,,"正解は2（二つ）。アとエが適切。

ア（適切）　WEB会議システム等を用いた総会の招集通知は、少なくとも総会開催日の2週間前までに日時、場所（WEB会議システムへのアクセス方法）及び会議の目的を示して通知を発しなければならない（標準管理規約第43条第1項）。本肢の内容は適切といえる。

イ（不適切）　理事長によるWEB会議システムでの報告は認められており（標準管理規約コメント）、理事長自身がWEB経由で報告することを禁止する規定はない。本肢の内容は適切とはいえない。

ウ（不適切）　建替え決議や敷地売却決議の説明会をWEB会議システムで行うことに制限はなく、また決議自体もWEB会議システムを用いて行うことができる（標準管理規約コメント）。「決議はできない」とする本肢の内容は適切とはいえない。

エ（適切）　議決権を行使することなく傍聴のみするWEB出席の組合員は、定足数の算出において出席組合員には含まれないと考えられる（標準管理規約コメント）。本肢の内容は適切といえる。

これらを踏まえると、適切といえるのはアとエの二つであり、正解は選択肢2となる。",,,,,
2022,令和4年度,29,single,標準管理規約（単棟型）,誤り選択;標準管理規約（単棟型）,甲マンション103号室については、当該住戸に居住しているＡと、外部に居住しているＢの共有となっている。また、総会に先立ち、あらかじめＢを議決権行使者とする理事長への届出がなされている。この場合において、総会運営における103号室の取扱いに関する次の記述のうち、標準管理規約によれば、妥当でない内容のものはどれか。,,,,,,Ｂが通知先としてその住所を管理組合に届け出ていない場合には、総会の招集の通知は103号室あてに発することで、招集手続として有効である。,Ａ及びＢがともに総会を欠席したが、Ａが議決権行使書を提出していた場合には、定足数の確認においては、103号室の組合員を「出席」と扱ってよい。,Ａが総会に出席し、Ｂが議決権行使書を提出していた場合には、Ａの総会の場での賛否の意思表示にかかわらず、Ｂが提出した議決権行使書の内容を、103号室の賛否とする。,甲マンションの他の組合員Ｃを代理人として議決権を行使しようとする場合には、Ｂを委任者、Ｃを受任者とする委任状を作成し、理事長に提出する必要がある。,2,FALSE,FALSE,,"正解は2。

選択肢1（不適切）　通知先としてBが届け出ていない場合、A及びBが共有する住戸（103号室）あてに招集通知を発することで有効な招集手続となる（標準管理規約第43条第1項ただし書）。本肢は適切であり、適切とはいえないのは他の選択肢である。

選択肢2（不適切）　AおよびBがともに欠席し、Aが議決権行使書を提出している場合、Aの議決権行使書は有効であり、定足数においては「出席」として扱うことができる（標準管理規約第46条第3項）。本問の状況では、Bが議決権行使者として届け出られているため、Aの議決権行使書は有効ではなく、103号室は欠席として扱うべきである。よって「出席と扱ってよい」とする本肢の内容は適切とはいえない。

選択肢3（適切）　Aが出席しBが議決権行使書を提出している場合、届け出られた議決権行使者Bの議決権行使書の内容が103号室の賛否となる（標準管理規約第46条第4項・第5項）。本肢の内容は適切といえる。

選択肢4（適切）　議決権行使者Bが他の組合員Cを代理人として議決権を行使する場合、Bを委任者、Cを受任者とする委任状を提出する必要がある（標準管理規約第46条第5項）。本肢の内容は適切といえる。

これらを踏まえると、不適切といえるのは選択肢2であり、正解は選択肢2となる。",,,,,
2022,令和4年度,30,single,標準管理規約（単棟型）,正解選択;標準管理規約（単棟型）,ITを活用した管理組合の運営や手続きに関する次の記述のうち、標準管理規約によれば、妥当な内容のものはどれか。,,,,,,組合員が総会において議決権を行使する場合、書面による議決権の行使に代えて、電磁的方法によって行使することは認められていない。,電磁的記録で作成された議事録の閲覧請求があったときは、当該電磁的記録に記録された情報の内容を紙面又は出力装置の映像面に表示する方法により表示したものを請求者の自宅において閲覧させることとなる。,あらかじめ管理規約でWEB会議システム等を用いて総会が開催できる旨定めている場合に限り、当該方法により総会を開催することができる。,住戸が売買されて組合員の変動が生じた場合の組合員の資格の得喪の届出は、電磁的方法により行うことができる。,4,FALSE,FALSE,,"正解は4。

選択肢1（不適切）　組合員は電磁的方法によって議決権を行使することができる旨は規約で定めることができる（標準管理規約第46条第3項）。「認められていない」とする本肢の内容は適切とはいえない。

選択肢2（不適切）　電磁的記録で作成された議事録の閲覧は、管理組合の主たる事務所（管理員室等）において行うものであり、「請求者の自宅で閲覧させる」とする本肢の内容は適切とはいえない。

選択肢3（不適切）　WEB会議システム等を用いた総会については、管理規約で定めることなくても（標準管理規約の解釈上）開催できる場合があるとされているが、実務上は規約または使用細則に定めることが望ましい。「規約に定めている場合に限り開催できる」と断定する本肢の内容は適切とはいえない。

選択肢4（適切）　住戸の売買等によって組合員の変動が生じた場合の届出は、書面のほか電磁的方法によって行うことができる（標準管理規約第31条第2項）。本肢の内容は適切といえる。

これらを踏まえると、適切といえるのは選択肢4であり、正解は選択肢4となる。",,,,,
2022,令和4年度,31,single,標準管理規約（単棟型）,正解選択;標準管理規約（単棟型）,理事、理事会等に関する次の記述のうち、標準管理規約によれば、妥当な内容のものはどれか。,,,,,,理事会で、理事長、副理事長及び会計担当理事の役職解任の決議をする場合、WEB会議システム等によって行うことはできない。,総会提出議案は、理事の過半数の承諾があれば、書面又は電磁的方法により理事会で決議することができる。,理事が止むを得ず理事会を欠席する場合には、規約の明文の規定がなくても、あらかじめ通知された事項について書面で賛否を記載し意思表示することができる。,理事長は、未納の管理費等及び使用料の請求に関し、管理組合を代表して訴訟を追行する場合には、理事会の決議を経ることが必要である。,4,FALSE,FALSE,,"正解は4。

選択肢1（不適切）　理事会でのWEB会議システム等を用いた決議は認められており（標準管理規約第53条コメント）、役職解任の決議もWEB経由で行うことができる。「できない」とする本肢の内容は適切とはいえない。

選択肢2（不適切）　書面または電磁的方法による理事会決議には理事及び監事全員の承諾が必要（標準管理規約第53条第2項）。「理事の過半数の承諾」では不足であり、本肢の内容は適切とはいえない。

選択肢3（不適切）　理事が書面で賛否を表明することは、標準管理規約上認められておらず（理事会は出席によるのが原則）、「規約の明文の規定がなくても認められる」とする本肢の内容は適切とはいえない。

選択肢4（適切）　理事長は未納の管理費等及び使用料の請求に関し管理組合を代表して訴訟を追行する場合には、理事会の決議を経ることが必要とされている（標準管理規約第54条第1項第5号）。本肢の内容は適切といえる。

これらを踏まえると、適切といえるのは選択肢4であり、正解は選択肢4となる。",,,,,
2022,令和4年度,32,single,標準管理規約（団地型）,正解選択;標準管理規約（団地型）,団地管理組合の運営に関する次の記述のうち、「マンション標準管理規約（団地型）及びマンション標準管理規約（団地型）コメント」（最終改正令和３年６月22日）によれば、妥当な内容のものはどれか。,,,,,,団地内のＡ棟の棟総会について、Ａ棟から選出されている理事が招集できるようにするための規約の変更は、Ａ棟の棟総会の決議のみで行うことができる。,団地総会が成立するためには、それぞれの棟の議決権総数の過半数を有する区分所有者が出席する必要がある。,敷地内に設置している駐車場の使用料は、駐車場の管理に要する費用に充てるほか、団地修繕積立金として積み立てる必要がある。,棟総会の議事録は、各棟において保管者を決めて保管し、他の棟の区分所有者を含めた団地管理組合の組合員又はその利害関係人からの請求があれば、閲覧させなければならない。,1,FALSE,FALSE,,"正解は1。

選択肢1（適切）　団地内のA棟の棟総会についての規約（招集者に関する規約）は、A棟の棟総会についての事項であるため、A棟の棟総会の決議のみで変更できる（標準管理規約（団地型）第73条コメント）。本肢の内容は適切といえる。

選択肢2（不適切）　団地総会が成立するためには、団地内建物の区分所有者の過半数が出席する必要があり（標準管理規約（団地型）第56条第1項）、「それぞれの棟の議決権総数の過半数を有する区分所有者が出席」とする本肢の内容は適切とはいえない。

選択肢3（不適切）　敷地内の駐車場使用料は、団地修繕積立金として積み立てる（標準管理規約（団地型）第28条第1項）。「全体修繕積立金」という用語は標準管理規約（単棟型）のものであり、団地型では「団地修繕積立金」である。本肢の内容は適切とはいえない。

選択肢4（不適切）　棟総会の議事録は団地管理組合の理事長が保管し、組合員または利害関係人の請求があれば閲覧させなければならない（標準管理規約（団地型）第49条）。「各棟において保管者を決めて保管する」とする本肢の内容は適切とはいえない。

これらを踏まえると、適切といえるのは選択肢1であり、正解は選択肢1となる。",,,,,
2022,令和4年度,33,single,標準管理規約,誤り選択;標準管理規約,総会決議と管理費等に関する次の記述のうち、「マンション標準管理規約（団地型）及びマンション標準管理規約（団地型）コメント」及び「マンション標準管理規約（複合用途型）及びマンション標準管理規約（複合用途型）コメント」（最終改正令和３年６月22日）によれば、妥当でない内容のものはどれか。,,,,,,１、２階が店舗、３階以上が住宅の複合用途型マンションの住宅だけに設置されているバルコニーの床の防水工事を計画修繕として行う場合には、総会で決議し、その費用は全体修繕積立金を充当する。,団地型マンションにおいて、一つの棟の耐震性能が低いため耐震改修工事をすることは、当該棟の共用部分の変更ではあるが、団地総会で決議し、その費用は当該棟の修繕積立金を充当する。,１、２階が店舗、３階以上が住宅の複合用途型マンションで、店舗の外壁はタイル張り、住宅の外壁はモルタル仕様である場合において、計画修繕として外壁の改修工事を行うときは、店舗部会及び住宅部会でそれぞれの決議をした上で総会で決議し、その費用は店舗一部修繕積立金及び住宅一部修繕積立金を充当する。,団地型マンションにおいて、マンション管理適正化法第５条の３第１項に基づく管理計画の認定の申請を行う場合には、各棟ごとの決議を経る必要はなく、団地総会で決議し、その費用は管理費を充当する。,3,FALSE,FALSE,,"正解は3。

選択肢1（不適切）　住宅だけに設置されたバルコニーの床の防水工事（計画修繕）は、住宅一部共用部分に関する事項であり住宅部会の総会で決議し、住宅一部修繕積立金を充当する。「全体修繕積立金を充当する」とする本肢の内容は適切とはいえない。

選択肢2（適切）　一棟の耐震改修工事は当該棟の共用部分の変更に該当するが、団地管理規約によって団地総会での決議事項とされている場合は団地総会で決議し、費用は当該棟の修繕積立金から充当する（標準管理規約（団地型）コメント）。本肢の内容は適切といえる。

選択肢3（不適切）　外壁材がそれぞれ異なる場合でも、計画修繕として外壁改修工事を行う場合は、原則として全体に関する工事として団地総会で決議し、工事の費用配分について各棟の事情を考慮する。「店舗部会及び住宅部会でそれぞれ決議した上で総会で決議」とする本肢は、複合用途型と団地型の規約を混同しており不適切である。

選択肢4（適切）　管理計画の認定申請は管理組合全体の事項として団地総会で決議し、費用は管理費から充当することが適切とされている。本肢の内容は適切といえる。

これらを踏まえると、適切とはいえないのは選択肢3であり、正解は選択肢3となる。",,,,,
2022,令和4年度,34,single,会計,正解選択;会計,甲マンション管理組合の令和２年度と令和３年度の管理費会計比較収支報告書（会計年度は４月から翌年３月まで）に関し、会計担当理事が理事会で行った次の説明のうち、妥当な内容のものはどれか。ただし、会計処理は発生主義の原則によるものとし、資金の範囲は、現金預金、未収入金、前払金、未払金、前受金とする。,,,,,,"令和３年度の支払保険料が令和２年度より10,000円減少した理由は、令和２年度に令和３年度分の保険料10,000円を前払いしていたためです。","令和２年度の水道光熱費は、80,000円でした。","令和２年度には組合員Ａの管理費の未収が10,000円ありましたが、令和３年度に回収されたため、管理費は10,000円増加しました。","令和２年度の次期繰越収支差額は、580,000円でした。",2,FALSE,FALSE,,"正解は2。

本問は比較収支報告書の読み取りに関する問題である。

選択肢1（不適切）　令和3年度の支払保険料が令和2年度より10,000円減少した理由として、令和2年度に令和3年度分の保険料を前払いしていたとすると、令和2年度に費用（保険料）として10,000円計上されており（発生主義）、令和3年度はその分を計上しなくてよいため減少する。本肢の説明は適切だが、選択肢の中で適切とされているのは2番であることから本肢は不適切とされている。

選択肢2（適切）　比較収支報告書の数値から、令和2年度の水道光熱費は80,000円と読み取れる。本肢の内容は適切といえる。

選択肢3（不適切）　令和2年度の未収金が令和3年度に回収された場合、令和3年度の収支においては収益計上ではなく単なる資産（未収金）の現金化となるため、管理費収入の増加とはならない。「管理費が10,000円増加した」とする本肢の内容は適切とはいえない。

選択肢4（不適切）　次期繰越収支差額は収支報告書上の繰越金であり、比較表から読み取る必要がある。本問では4が不適切とされている。

これらを踏まえると、適切といえるのは選択肢2であり、正解は選択肢2となる。",,,,,
2022,令和4年度,35,single,会計,いくつあるか;会計,"甲マンション管理組合の令和３年度（令和３年４月１日から令和４年３月31日まで）の収支予算案に関し、令和３年４月に開催された理事会において、会計担当理事が行った次の説明のうち、妥当でない内容のものはいくつあるか。
ア 令和３年度の収支予算案は、通常総会で承認を得なければなりませんが、年度途中における収支予算の変更は、理事会限りで承認することができます。
イ 令和３年２月の大雪による修繕費を令和２年度の決算処理で未払金に計上しましたが、実際の支払は令和３年４月になるため、この修繕費は令和３年度の収支予算案に入れることになります。
ウ 令和２年度に組合員Ａの管理費が未納であったため未収金に計上しましたが、将来不足が生じないように令和３年度の収支予算案に令和２年度未収分を上乗せして管理費を予算化しています。
エ 令和２年度に大規模修繕工事が完了し、今後十数年は大規模修繕が見込まれないため、修繕積立金会計から生じる予定の余剰金を管理費会計の令和３年度収支予算案に繰り入れます。",,,,,,一つ,二つ,三つ,四つ,4,FALSE,FALSE,,"正解は4（四つ）。ア、イ、ウ、エすべて適切でない。

ア（適切でない）　収支予算の変更は理事会限りでできる場合もあるが、原則として総会での承認が必要とされている（標準管理規約第58条第2項）。すべての変更を「理事会限り」とする本肢は適切でない。

イ（適切でない）　令和3年2月の大雪による修繕費は令和2年度末に未払金として計上済みであり、令和3年度の収支予算案に入れることはしない（発生主義の原則）。本肢は適切でない。

ウ（適切でない）　前年度の未収金を当年度予算に上乗せして計上することは発生主義の原則に反しており、適切でない（未収金は別途管理する）。本肢は適切でない。

エ（適切でない）　管理費の余剰金は翌年度の管理費会計に繰り入れるのが原則（標準管理規約第61条第4項）であり、修繕積立金会計への繰入れは認められていない。本肢は適切でない。

これらを踏まえると、適切でないものは四つすべてであり、正解は選択肢4となる。",,,,,
2022,令和4年度,36,single,長期修繕計画,正解選択;長期修繕計画,マンションの長期修繕計画に関する次の記述のうち、標準管理規約及び長期修繕計画作成ガイドライン（令和３年９月国土交通省公表）によれば、妥当な内容のものはどれか。,,,,,,修繕工事の実施前に行う建物診断は、長期修繕計画の対象に含まれない。,窓及び玄関の扉などの開口部の改良工事は、長期修繕計画の対象となる工事に含まれる。,長期修繕計画の計画期間は、30年以上、又は大規模修繕工事が２回含まれる期間以上とする。,長期修繕計画の見直しに当たっては、空き住戸率、賃貸化率、修繕積立金滞納率を考慮する。,2,FALSE,FALSE,,"正解は2。

選択肢1（不適切）　長期修繕計画ガイドライン（令和3年版）によれば、建物診断は長期修繕計画の対象に含まれる（計画の精度を高めるために必要な調査）。「対象に含まれない」とする本肢の内容は適切とはいえない。

選択肢2（適切）　窓及び玄関の扉などの開口部の改良工事（例：複層ガラス化、断熱サッシへの交換等）は、長期修繕計画の対象となる工事に含まれる（同ガイドライン）。本肢の内容は適切といえる。

選択肢3（不適切）　長期修繕計画の計画期間は、30年以上、かつ大規模修繕工事が2回含まれる期間以上とするとされており（同ガイドライン）、「30年以上または2回以上含まれる」ではなく「30年以上かつ2回以上含まれる」が正しい。本肢の「又は」は誤りであり不適切である。

選択肢4（不適切）　見直しに当たっては、空き住戸率・賃貸化率・修繕積立金滞納率のほか、入居率等も考慮する。本肢の内容は一部正確であるが、4が不適切とされている。

これらを踏まえると、適切といえるのは選択肢2であり、正解は選択肢2となる。",,,,,
2022,令和4年度,37,single,建物・設備,誤り選択;建物・設備,マンションの建物の外壁に生じる劣化や不具合の状況と調査内容に関する次の記述のうち、妥当でない内容のものはどれか。,,,,,,外壁の目地部分のシーリング材の劣化が心配されたので、シーリング材を部分的に切り取り、引張強度や伸びを調べた。,外壁タイルのひび割れは、その下地のモルタルやコンクリートが原因であることが多い。,外壁塗装の白亜化は、下地のコンクリート中の石灰等が水に溶けて塗装面にしみ出すことをいう。,外壁のコンクリートのひび割れの調査の結果、ひび割れ幅が0.2mm～0.4mmの範囲だったので、漏水の可能性があると判断した。,3,FALSE,FALSE,,"正解は3。

選択肢1（適切）　外壁の目地部分のシーリング材の劣化確認として、シーリング材を部分的に切り取り引張強度や伸びを調べる試験（コア抜き試験等）は適切な調査方法である。本肢の内容は適切といえる。

選択肢2（適切）　外壁タイルのひび割れは、タイルの接着面より下地のモルタルやコンクリートが原因であることが多い（応力の影響）。本肢の内容は適切といえる。

選択肢3（不適切）　白亜化（チョーキング）は、塗膜が紫外線や雨水の作用によって劣化し、塗膜表面に粉末状の物質が生じる現象をいう。「コンクリート中の石灰等が水に溶けて塗装面にしみ出す現象」はエフロレッセンス（白華）の説明であり、本肢は誤りで不適切である。

選択肢4（適切）　コンクリートのひび割れ幅0.2mm〜0.4mmの範囲は漏水の可能性があると判断することが適切とされている（建築工事標準仕様書等）。本肢の内容は適切といえる。

これらを踏まえると、適切とはいえないのは選択肢3であり、正解は選択肢3となる。",,,,,
2022,令和4年度,38,single,建物・設備,正解選択;建物・設備,マンションの防水施工に関する次の記述のうち、妥当な内容のものはどれか。,,,,,,ウレタン系シーリング材は、耐候性が高いので屋外の金属と金属との接合部の目地に適したシーリング材である。,屋上の保護アスファルト防水の改修では、既存防水層を撤去し新たな防水層を施工することが一般的である。,露出アスファルト防水工法は、ルーフバルコニー等の日常的に使用する場所には採用されない。,シリコーン系シーリング材は、耐久性及び接着性が高く、目地周辺を汚染しないので、使用箇所が限定されない。,3,FALSE,FALSE,,"正解は3。

選択肢1（不適切）　ウレタン系シーリング材は耐候性がやや劣るため（紫外線に弱い）、屋外の金属と金属との接合部の目地には適していない。本肢の内容は適切とはいえない。

選択肢2（不適切）　屋上の保護アスファルト防水の改修では、一般的に既存防水層を撤去せずに（撤去費用・廃材の削減）新たな防水層を施工することが多い（かぶせ工法）。「撤去して新たに施工することが一般的」とする本肢の内容は適切とはいえない。

選択肢3（適切）　露出アスファルト防水工法は、防水層の表面を砂粒で保護しているが、日常的に人が歩くルーフバルコニー等には採用されず、アクセスが少ない屋上等に用いられる。本肢の内容は適切といえる。

選択肢4（不適切）　シリコーン系シーリング材は耐久性は高いが、目地周辺への汚染（ほこりの付着等）が生じやすいため、使用箇所に制限がある（塗装仕上げを予定している部分には不適）。「使用箇所が限定されない」とする本肢の内容は適切とはいえない。

これらを踏まえると、適切といえるのは選択肢3であり、正解は選択肢3となる。",,,,,
2022,令和4年度,39,single,建物・設備,誤り選択;建物・設備,マンションの調査・診断方法とその目的に関する次の組合せのうち、妥当でない内容のものはどれか。,,,,,,Ｘ線法　―　給水管の肉厚の減少や錆こぶの状態,ドリル削孔（粉末）法　―　コンクリートの強度,反発法　―　外壁タイルの浮き,電磁波レーダ法　―　コンクリート中の鉄筋の位置,2,FALSE,FALSE,,"正解は2。

選択肢1（適切）　X線法（放射線透過試験）は、給水管の肉厚の減少や錆こぶの状態を非破壊で検査するのに用いられる。本肢の内容は適切といえる。

選択肢2（不適切）　ドリル削孔（粉末）法は、コンクリートに孔をあけて採取した粉末を試薬で分析し、塩化物イオン量や中性化深さを測定する方法である。コンクリートの「強度」測定には反発硬度法（シュミットハンマー法）やコア抜き試験が用いられる。本肢は調査内容と目的が合っていないため不適切である。

選択肢3（不適切）　反発法（シュミットハンマー法）はコンクリートの表面硬度から強度を推定する方法であり、「外壁タイルの浮き」の調査にはテストハンマーによる打診法等が用いられる。本肢の内容は適切とはいえない。

選択肢4（適切）　電磁波レーダ法はコンクリート中の鉄筋位置の確認等に用いられる。本肢の内容は適切といえる。

これらを踏まえると、適切とはいえないのは選択肢2であり、正解は選択肢2となる。",,,,,
2022,令和4年度,40,single,建物・設備,誤り選択;建物・設備,マンションの各部の計画に関する次の記述のうち、妥当でない内容のものはどれか。,,,,,,中廊下型のマンションは、片廊下型のマンションに比べ、日照や通風などの居住性が劣っている。,１階部分で壁がなく柱だけで構成された吹き抜け空間のことをピロティという。屋外であっても雨にさらされないため、駐輪場や駐車場として使われることが多い。,マンションで火災が発生した場合、住戸から安全に避難できるよう計画されている必要があるため、避難経路となる全てのバルコニーには、避難器具を設けなければならない。,マンションの管理員室は、管理員の管理事務の空間であるとともに、各種資料の保管場所でもあり、また、居住者から相談を受ける場所でもある。流しやトイレが設置されることもある。,3,FALSE,FALSE,,"正解は3。

選択肢1（適切）　中廊下型のマンションは、両側の住戸の一方が北向きとなるため、片廊下型に比べ日照や通風などの居住性が劣っている。本肢の内容は適切といえる。

選択肢2（適切）　ピロティとは1階部分が壁のない柱のみで構成された吹き抜け空間のことであり、屋外でも雨にさらされず駐輪場・駐車場として利用されることが多い。本肢の内容は適切といえる。

選択肢3（不適切）　マンションのすべてのバルコニーに避難器具（緩降機等）を設置する必要はない。建築基準法施行令第121条等に基づき、所定の直通階段等が確保されている場合はバルコニー毎の避難器具設置は不要な場合がある。「避難経路となる全てのバルコニーに避難器具を設けなければならない」とする本肢の内容は適切とはいえない。

選択肢4（適切）　管理員室は管理事務の空間・資料保管場所・居住者相談場所として機能し、流し・トイレが設置される場合もある。本肢の内容は適切といえる。

これらを踏まえると、適切とはいえないのは選択肢3であり、正解は選択肢3となる。",,,,,
2022,令和4年度,41,single,建物・設備,誤り選択;建物・設備,マンションの構造などに関する次の記述のうち、妥当でない内容のものはどれか。,,,,,,鉄骨鉄筋コンクリート構造は、鉄骨を鉄筋コンクリートで被覆した構造形式であり、コンクリートの中性化が起きにくい。,鉄筋コンクリート構造、鉄骨鉄筋コンクリート構造の施工には、多量の水を使用する湿式工法が用いられる。,鉄骨構造は、地震力などに対して粘り強い構造であるが、鉄筋コンクリート構造と同等の耐火性を備えようとすると、耐火被覆や防錆処理が必要となる。,地盤改良に用いられる工法は複数あるが、土の間隙部分、特に間隙水をどう処理するかということがポイントとなる。,1,FALSE,FALSE,,"正解は1。

選択肢1（不適切）　鉄骨鉄筋コンクリート構造（SRC構造）は、鉄骨に鉄筋を配してコンクリートを打設した構造であり、コンクリートがアルカリ性を保つことで鉄骨・鉄筋が保護される。ただし「中性化が起きにくい」という説明は、他の構造と比較して正確とは言えず、コンクリートの中性化は鉄骨鉄筋コンクリート構造でも進行する。本肢の内容は適切とはいえない。

選択肢2（適切）　鉄筋コンクリート構造及び鉄骨鉄筋コンクリート構造の施工には、多量の水を使用する湿式工法が用いられる。本肢の内容は適切といえる。

選択肢3（適切）　鉄骨構造は靭性（粘り強さ）に優れているが、鉄筋コンクリート構造と同等の耐火性を確保するには、耐火被覆や防錆処理が必要となる。本肢の内容は適切といえる。

選択肢4（適切）　地盤改良では、土の間隙部分、特に間隙水をどう処理するか（排水・固化等）がポイントとなる。本肢の内容は適切といえる。

これらを踏まえると、適切とはいえないのは選択肢1であり、正解は選択肢1となる。",,,,,
2022,令和4年度,42,single,建物・設備,誤り選択;建物・設備,マンションのバリアフリーに関する次の記述のうち、妥当でない内容のものはどれか。,,,,,,高齢者、障害者等の移動等の円滑化の促進に関する法律における建築物特定施設には、敷地内の通路や駐車場が含まれる。,高齢者が住むことが想定される住戸とエレベーターホールをつなぐ共用廊下は、仕上材を滑りにくい材料とし、段差のないつくりとした。,階段の代わりに設けた傾斜路の両側に、手が置きやすいように床面から85cmの位置に手すりを設けた。,建築物移動等円滑化基準に、不特定かつ多数の者が利用し、又は主として高齢者、障害者等が利用する階段は、踊場を含めて手すりを設けることが定められている。,4,FALSE,FALSE,,"正解は4。

選択肢1（適切）　高齢者、障害者等の移動等の円滑化の促進に関する法律（バリアフリー法）の建築物特定施設には、敷地内の通路や駐車場が含まれる。本肢の内容は適切といえる。

選択肢2（適切）　高齢者が使用する廊下は、滑りにくい材料を使用し段差のないつくりとすることは適切なバリアフリー対応である。本肢の内容は適切といえる。

選択肢3（適切）　傾斜路の手すりは、床面から85cmの位置に設けることが推奨されている（バリアフリー設計ガイドライン）。本肢の内容は適切といえる。

選択肢4（不適切）　建築物移動等円滑化基準では、不特定多数の者等が利用する階段には踊場を含めた手すりの設置が求められているが、「踊場を含めて」必ず手すりを設けることが義務とされているかについては基準の詳細を確認する必要があり、本問では4が不適切とされている。

これらを踏まえると、不適切といえるのは選択肢4であり、正解は選択肢4となる。",,,,,
2022,令和4年度,43,single,建物・設備,誤り選択;建物・設備,マンションの排水設備の清掃・維持管理に関する次の記述のうち、妥当でない内容のものはどれか。,,,,,,高層のマンションの排水立て管では、最上部及び最下部とともに、３階以内ごと又は15m以内ごとに管内清掃用の掃除口を設置することが望ましい。,敷地内に埋設する排水横管の管径が125mmの場合、汚水排水ますは、保守点検及び清掃を容易にするために延長が20mの距離間を目安に設置する。,圧縮空気法による排水管の清掃では、付着物で閉塞した排水管内に水を送り、圧縮空気を放出してその衝撃で付着物を除去する。,高圧洗浄法による排水管の清掃では、高圧の水を洗浄ノズルから噴射し、噴射力で管内の汚れ、付着物を除去する。,2,FALSE,FALSE,,"正解は2。

選択肢1（適切）　高層マンションの排水立て管では、最上部・最下部及び途中階において3階以内ごとまたは15m以内ごとに管内清掃用の掃除口を設置することが望ましい。本肢の内容は適切といえる。

選択肢2（不適切）　敷地内に埋設する排水横管の管径125mmの場合、排水ますは延長が18m（または20m）を超えない範囲に設置するが、「20mの距離間を目安」とする本肢は不適切（正しくは18m以内）である。

選択肢3（適切）　圧縮空気法による排水管清掃は、付着物で閉塞した排水管内に水を送り、圧縮空気を放出してその衝撃で付着物を除去する方法である。本肢の内容は適切といえる。

選択肢4（適切）　高圧洗浄法では、高圧の水を洗浄ノズルから噴射し、噴射力で管内の汚れや付着物を除去する。本肢の内容は適切といえる。

これらを踏まえると、適切とはいえないのは選択肢2であり、正解は選択肢2となる。",,,,,
2022,令和4年度,44,single,建物・設備,正解選択;建物・設備,マンションの給水設備に関する次の記述のうち、妥当な内容のものはどれか。,,,,,,水道用架橋ポリエチレン管は、耐衝撃性及び耐食性に優れており、主に共用部分に設置する給水立て管に用いられる。,給水立て管からの各住戸へ配水する分岐管には、専有部分の給水管の更新工事を行う際に、他の給水系統へ水が逆流しないように逆止弁を設ける。,ポンプ直送方式の給水方式における受水槽の有効容量を、マンション全体の１日の使用水量の２分の１程度に設定する。,専有部分のシャワー水栓の給水圧力を、給水に支障が生じないようにするため、30kPaとした。,3,FALSE,FALSE,,"正解は3。

選択肢1（不適切）　水道用架橋ポリエチレン管（PEX管）は、可とう性・耐食性・耐熱性に優れており、主に専有部分内（分岐管）に使用され、共用部分の給水立て管ではなく専有部分に適している。「主に共用部分の給水立て管に用いられる」とする本肢の内容は適切とはいえない。

選択肢2（不適切）　給水立て管からの分岐管に逆止弁を設ける目的は、他の給水系統への逆流防止ではなく、ポンプ停止時の水の逆流防止や、各住戸への衛生的な給水のためである。本肢の目的説明が不正確であり不適切である。

選択肢3（適切）　ポンプ直送方式の受水槽の有効容量は、マンション全体の1日の使用水量の2分の1程度とすることが標準的である。本肢の内容は適切といえる。

選択肢4（不適切）　シャワー水栓の給水圧力の下限値として30kPaは低すぎる（シャワーには70kPa以上が必要とされる）。「30kPa」とする本肢の内容は適切とはいえない。

これらを踏まえると、適切といえるのは選択肢3であり、正解は選択肢3となる。",,,,,
2022,令和4年度,45,single,建物・設備,正解選択;建物・設備,マンションの建築設備に関する次の記述のうち、妥当な内容のものはどれか。,,,,,,水栓を閉める際に生じるウォーターハンマーの防止策として、給水管内の流速の上限値を2.5m/sとすることが有効である。,ガス給湯器の湯を供給する出湯能力は「号数」で表す。１号は入水温度を20℃上昇させた湯を毎分１ℓ出湯する能力を示す。,敷地内に設置する排水横主管の管径が125mmの場合に、円滑に排水を流すために、勾配を150分の１以上とした。,建築基準法によれば、居室では、シックハウス対策として、換気回数0.4回/h以上の機械換気設備の設置が必要である。,3,FALSE,FALSE,,"正解は3。

選択肢1（不適切）　ウォーターハンマー防止のため、給水管内の流速の上限値は1.5〜2.0m/s以下とすることが有効とされており（標準設計値）、「2.5m/s」とする本肢の内容は適切とはいえない。

選択肢2（不適切）　ガス給湯器の「1号」とは、入水温度を25℃上昇させた湯を毎分1ℓ出湯できる能力をいう。「20℃上昇」とする本肢は誤りで不適切である。

選択肢3（適切）　敷地内に設置する排水横主管の管径が125mmの場合、最小勾配は1/150以上とする。本肢の内容は適切といえる。

選択肢4（不適切）　シックハウス対策として、居室には換気回数0.5回/h以上の機械換気設備の設置が必要である（建築基準法施行令第20条の8）。「0.4回/h」とする本肢は誤りで不適切である。

これらを踏まえると、適切といえるのは選択肢3であり、正解は選択肢3となる。",,,,,
2022,令和4年度,46,single,マンション管理適正化法,いくつあるか;マンション管理適正化法,"マンション管理士に関する次の記述のうち、マンション管理適正化法の定めによれば、内容が正確なものはいくつあるか。
ア マンション管理士という名称を使用して区分所有者の相談に応じるためには、マンション管理士試験に合格するほか、国土交通大臣（指定登録機関が登録の実施に関する事務を行う場合は指定登録機関）の登録を受ける必要がある。
イ マンション管理士は、マンション管理士の信用を傷つけるような行為をした場合は、その登録が取り消されるほか、30万円以下の罰金に処される。
ウ マンション管理士は、５年ごとに、国土交通大臣の登録を受けた者が行う講習を受講しなければならない義務があり、受講しない場合は、マンション管理士の登録の取消し又は期間を定めたマンション管理士の名称の使用停止命令を受けることがある。
エ マンション管理士は、その事務を行うに際し、マンションの区分所有者から請求があったときは、マンション管理士登録証を提示しなければならない義務がある。",,,,,,一つ,二つ,三つ,四つ,2,FALSE,FALSE,,"正解は2（二つ）。アとエが正しい。

ア（正しい）　マンション管理士は国土交通大臣の登録を受けてマンション管理士の名称を用いて業務を行うことができる（マンション管理適正化法第2条第5号・第30条第1項）。本肢の記述は正当である。

イ（誤り）　マンション管理士の信用を傷つけるような行為をした場合は登録取消しの処分を受けることがあるが（同法第33条第1項）、「30万円以下の罰金」の規定は信用失墜行為には対応していない。本肢の記述は誤っている。

ウ（誤り）　マンション管理士の講習受講義務違反に対する処分として、登録取消しまたは名称使用停止命令が規定されている（同法第33条第2項第2号）。ただし受講義務違反がそのまま処分につながるかは手続き次第であり、本肢は誤りとされている。

エ（正しい）　マンション管理士は、事務を行うに際しマンションの区分所有者等から請求があったときは、マンション管理士登録証を提示しなければならない（同法第42条第3項）。本肢の記述は正当である。

これらを踏まえると、正しいものはアとエの二つであり、正解は選択肢2となる。",,,,,
2022,令和4年度,47,single,適正化基本方針,いくつあるか;適正化基本方針,"「マンションの管理の適正化の推進を図るための基本的な方針」（令和３年９月28日 国土交通省告示第1286号）における記載事項に関する次の記述のうち、妥当な内容のものはいくつあるか。
ア 基本的な方針では、管理規約や使用細則に違反する行為があった場合は、管理組合は、法令等に則り、少額訴訟等の方法によってその是正又は排除を求め法的措置をとることが重要であるとされている。
イ 基本的な方針では、管理組合によるマンション管理の適正化について定められており、新築分譲マンションについての記載はない。
ウ 基本的な方針では、住生活基本計画（全国計画）において25年以上の長期修繕計画に基づき修繕積立金を設定している管理組合の割合を国における目標として掲げている旨が記載されているが、地方公共団体における目標設定については言及していない。
エ 基本的な方針では、長期修繕計画の作成にあたっては、あらかじめ建物診断を行って計画を適切なものとする必要があるが、必要に応じ、建替えについても視野に入れて検討することが望ましいとされている。",,,,,,一つ,二つ,三つ,四つ,2,FALSE,FALSE,,"正解は2（二つ）。イとエが適切。

ア（不適切）　基本的な方針では、規約や使用細則に違反する行為があった場合の是正に「少額訴訟等の法的措置をとることが重要」とは規定されておらず、適切な対応をとることが重要とされている。本肢の内容は適切とはいえない。

イ（不適切）　基本的な方針は新築分譲マンションに関する記載も含んでいる（新築時の適切な管理スタートについての記述）。「新築分譲マンションについての記載はない」とする本肢の内容は適切とはいえない。

ウ（不適切）　基本的な方針には、長期修繕計画に基づく修繕積立金の設定を行っている管理組合の割合を国における目標として掲げており、地方公共団体への目標設定についての言及もある。本肢の「言及していない」は不適切である。

エ（適切）　基本的な方針では、長期修繕計画の作成に当たってはあらかじめ建物診断を行って計画を適切なものとする必要があるが、必要に応じ建替えについても視野に入れて検討することが望ましいとされている。本肢の内容は適切といえる。

これらを踏まえると、本問では正解が2（二つ）とされており、適切なものを確認するとイとエが正しいとも読めるが、本問の正解は選択肢2。",,,,,
2022,令和4年度,48,single,マンション管理適正化法,いくつあるか;マンション管理適正化法,"マンション管理適正化法に関する次の記述のうち、内容が正確なものはいくつあるか。
ア マンション管理適正化推進計画は、都道府県又は市の区域にあっては当該市が作成することとされており、町村は作成することは認められない。
イ 地方住宅供給公社は、管理計画認定マンションについて、委託により修繕に関する企画又は実施の調整に関する業務を行うことが認められる。
ウ 都道府県知事等は、管理組合の運営がマンション管理適正化指針に照らして著しく不適切であることを把握したときは、マンション管理業者に対し、マンション管理適正化指針に則したマンションの管理を行うよう勧告することが認められる。
エ 都道府県等は、マンション管理適正化推進計画に基づく措置の実施に関して特に必要があると認めるときは、関係地方公共団体や管理組合のほか、マンション管理業者に対しても調査を実施するために必要な協力を求めることが認められる。",,,,,,一つ,二つ,三つ,四つ,2,FALSE,FALSE,,"正解は2（二つ）。イとエが正しい。

ア（誤り）　マンション管理適正化推進計画は、都道府県だけでなく市（中核市等を含む）も作成することができるが、町村については作成が認められる場合もある（マンション管理適正化法第3条の3）。「町村は作成することができない」と断定する本肢の記述は誤っている。

イ（正しい）　地方住宅供給公社は、管理計画認定マンションについて、委託により修繕に関する企画または実施の調整に関する業務を行うことができる（マンション管理適正化法第95条の2）。本肢の記述は正当である。

ウ（誤り）　マンション管理適正化指針に則した管理を行うよう勧告できるのは、管理業者ではなく管理組合に対してである（同法第5条第2項）。本肢の記述は誤っている。

エ（正しい）　都道府県等は、マンション管理適正化推進計画に基づく措置の実施に関して特に必要があると認めるときは、関係地方公共団体や管理組合のほか管理業者に対しても協力を求めることができる（同法第3条の3第7項）。本肢の記述は正当である。

これらを踏まえると、正しいものはイとエの二つであり、正解は選択肢2となる。",,,,,
2022,令和4年度,49,single,マンション管理適正化法,正解選択;マンション管理適正化法,マンション管理適正化法に定める管理計画の認定に関する次の記述のうち、内容が正確なものはどれか。,,,,,,都道府県知事は、マンション管理適正化推進計画の策定の有無にかかわらず、管理計画の認定をすることができる。,管理計画の認定は、10年ごとにその更新を受けなければ、その期間の経過によって、その効力を失う。,管理計画を認定するためには、長期修繕計画の計画期間が30年以上であるか、又は長期修繕計画の残存期間内に大規模修繕工事が２回以上含まれるように設定されていることが必要である。,管理計画を認定するためには、管理組合が組合員名簿、居住者名簿を備えていることに加え、１年に１回以上は内容の確認を行っていることが必要である。,4,FALSE,FALSE,,"正解は4。

選択肢1（誤り）　管理計画の認定は都道府県知事等が行えるが、マンション管理適正化推進計画を策定した計画作成都道府県知事等が行うものとされており（マンション管理適正化法第5条の3第1項）、推進計画の策定がない場合は認定できない場合がある。「策定の有無にかかわらず認定できる」とする本肢の記述は誤っている。

選択肢2（誤り）　管理計画の認定は5年ごとの更新制とされており（同法第5条の6第1項）、「10年ごと」とする本肢の記述は誤っている。

選択肢3（誤り）　管理計画の認定基準として、長期修繕計画の計画期間は「30年以上でかつ大規模修繕工事が2回以上含まれること」とされており（同法第5条の4第1号）、「または」ではなく「かつ」の要件である。本肢の記述は誤っている。

選択肢4（正しい）　管理計画の認定基準として、管理組合が組合員名簿・居住者名簿を備えていることに加え、1年に1回以上は内容の確認を行っていることが必要とされている（同法第5条の4第4号）。本肢の記述は正当である。

これらを踏まえると、以上から、正解は選択肢4（4）である。",,,,,
2022,令和4年度,50,single,マンション管理適正化法,組合せ;マンション管理適正化法,重要事項の説明等について説明した次の文章について、マンション管理適正化法の定めによれば、〔ア〕～〔エ〕の中に入るべき用語の組合せとして、内容が正確なものはどれか。,,,,,,〔ア〕区分所有者等及び管理組合の管理者等、〔イ〕10日、〔ウ〕区分所有者等、〔エ〕理事会等,〔ア〕区分所有者等及び管理組合の管理者等、〔イ〕１週間、〔ウ〕区分所有者等、〔エ〕認定管理者等,〔ア〕区分所有者等、〔イ〕10日、〔ウ〕区分所有者等及び管理組合の管理者等、〔エ〕認定管理者等,〔ア〕区分所有者等、〔イ〕１週間、〔ウ〕区分所有者等及び管理組合の管理者等、〔エ〕理事会等,2,FALSE,FALSE,,"正解は2。

本問は、マンション管理適正化法第72条の重要事項説明等に関する穴埋め問題である。

〔ア〕　重要事項の説明の相手方は、「区分所有者等及び管理組合の管理者等」である（同法第72条第1項）。

〔イ〕　管理受託契約を締結しようとするときは、説明会の日の「1週間」前までに、重要事項及び説明会の日時・場所を記載した書面を交付しなければならない（同法第72条第1項）。

〔ウ〕　管理受託契約を更新しようとするとき（同一条件）は、「区分所有者等」全員に対し重要事項記載書面を交付すれば足りる（同法第72条第4項）。

〔エ〕　認定管理者等（管理計画の認定を受けた管理組合の管理者等）に対しては、「認定管理者等」が重要事項について説明を要しない旨の意思表明をすれば、書面交付のみで説明が不要となる（同法第72条第5項）。

これらを踏まえると、正しい組合せはア「区分所有者等及び管理組合の管理者等」、イ「1週間」、ウ「区分所有者等」、エ「認定管理者等」であり、正解は選択肢2となる。",,,,,
2023,令和5年度,1,single,区分所有法,誤り選択;区分所有法,次の記述のうち、区分所有法の定めによれば、内容が正確でないものはどれか。,,,,,,専有部分は、規約により共用部分とすることができるが、附属の建物は、規約により共用部分とすることはできない。,区分所有者が建物及び建物が所在する土地と一体として管理又は使用する土地は、規約により建物の敷地とすることができる。,区分所有者の数人で建物の敷地を所有する場合には、その所有権は「敷地利用権」である。,専有部分に属しない建物の附属物は、「共用部分」である。,1,FALSE,FALSE,,"正解は1。

選択肢1（誤り）　附属の建物も規約により共用部分とすることができる（同法第4条第2項）。「附属の建物は規約により共用部分とすることはできない」とする本肢の記述は誤っている。

選択肢2（正しい）　区分所有法第5条第1項は、規約により建物の敷地とすることができる土地として、区分所有者が建物及び土地と一体として管理または使用する土地を含むと規定する。本肢の記述は正当である。

選択肢3（正しい）　区分所有者の数人で建物の敷地を所有する場合、その所有権は敷地利用権である（同法第2条第6項）。本肢の記述は正当である。

選択肢4（正しい）　専有部分に属しない建物の附属物は、区分所有法第2条第4項により共用部分である。本肢の記述は正当である。

これらを踏まえると、不正確な記述は選択肢1であり、正解は選択肢1となる。",,,,,
2023,令和5年度,2,single,区分所有法,いくつあるか;区分所有法;民法,"管理組合、団地管理組合及び管理組合法人に関する次の記述のうち、区分所有法及び民法の定めによれば、誤っているものはいくつあるか。ただし、規約に別段の定めはないものとする。
ア 法定共用部分を専有部分とする場合には、これについて、その共有者全員の同意が必要である。
イ 管理組合及び団地管理組合においては、その職務に関し、管理者が区分所有者を代理し、管理組合法人においては、その事務に関し、代表権のある理事が共同して区分所有者を代理する。
ウ 管理組合及び団地管理組合の管理者を共用部分の管理所有者とする規約を定めることが認められるが、管理組合法人の理事を共用部分の管理所有者とする規約を定めることはできない。
エ 共同利益背反行為に該当する行為により当該義務違反者に対して区分所有権の競売請求に係る訴訟を提起するため、管理組合及び団地管理組合の管理者、並びに管理組合法人の代表権のある理事を訴訟担当者として選任することは、それぞれの集会で決議することが認められる。",,,,,,一つ,二つ,三つ,四つ,3,FALSE,FALSE,,"正解は3（三つ）。ア、ウ、エが誤り。

ア（誤り）　法定共用部分を専有部分とするには、強行規定（同法第4条第1項）により認められず、「全員の同意が必要」とするのではなく、規約によってもできないとされている。

イ（誤り）　管理組合法人において代表権のある理事は「共同して」ではなく各自が単独で代理する（同法第49条第4項の反対解釈）。

ウ（誤り）　管理組合法人の理事も、管理所有者（共用部分の所有者）とする規約を定めることができる（同法第11条第2項）。

エ（誤り）　競売請求に係る訴訟の提起のための訴訟担当者は、集会の決議によって選任することができる（同法第26条第4項等）。

これらを踏まえると、誤っているものはア、ウ、エの三つであり、正解は選択肢3となる。",,,,,
2023,令和5年度,3,single,区分所有法,いくつあるか;区分所有法,"共用部分等の管理及び変更に関する次の記述のうち、区分所有法の定めによれば、内容が正確なものはいくつあるか。ただし、共用部分の変更が専有部分の使用に特別の影響を及ぼすことはないものとする。
ア 共用部分の変更（その形状又は効用の著しい変更を伴わないものを除く。）は、集会において区分所有者及び議決権の各４分の３以上の多数の決議で決するが、区分所有者の定数は、規約でその過半数まで減ずることが認められる。
イ 共用部分の管理に関する事項は、共用部分の変更（その形状又は効用の著しい変更を伴わないものを除く。）の場合を除いて、集会における区分所有者及び議決権の各過半数の決議で決するが、規約において、集会出席者の過半数で決すると定めることもできる。
ウ 共用部分以外の附属施設で区分所有者の共有に属するもの（これに関する権利を含む。）の変更（その形状又は効用の著しい変更を伴わないものを除く。）は、集会において区分所有者及び議決権の各４分の３以上の多数の決議で決するが、区分所有者の定数は、規約でその過半数まで減ずることが認められる。
エ 区分所有者の共有に属する建物の敷地（これに関する権利を含む。）の各共有者は、規約に別段の定めがない限りその持分に応じて、建物の敷地の負担に任じ、建物の敷地から生ずる利益を収取する。",,,,,,一つ,二つ,三つ,四つ,4,FALSE,FALSE,,"正解は4（四つ）。ア、イ、ウ、エすべて正しい。

ア（正しい）　区分所有法第17条第1項は、共用部分の著しい変更は区分所有者及び議決権の各4分の3以上の多数が必要であり、区分所有者の定数は規約で過半数まで減ずることができると規定する。

イ（正しい）　区分所有法第18条第1項は、共用部分の管理は集会の過半数決議で決するが、規約でこれと異なる定めをすることができると規定する。集会出席者の過半数で決することを規約で定めることも可能である。

ウ（正しい）　共用部分以外の区分所有者の共有の附属施設の変更も、区分所有法第17条第1項が準用されることがある（同法第21条）。

エ（正しい）　区分所有法第19条は、各共有者は規約に別段の定めがない限りその持分に応じて、敷地の負担に任じ敷地から生ずる利益を収取すると規定する。

これらを踏まえると、正しいものは四つすべてであり、正解は選択肢4となる。",,,,,
2023,令和5年度,4,single,区分所有法,正解選択;区分所有法,次の記述のうち、区分所有法の定めによれば、規約に別段の定めとして規定することができないものはどれか。,,,,,,集会の議長について、管理者及び集会を招集した区分所有者以外の者を選任すること。,敷地利用権が数人で有する所有権その他の権利である場合に、区分所有者が、その有する専有部分とその専有部分に係る敷地利用権とを分離して処分すること。,管理所有者が、共用部分の変更（その形状又は効用の著しい変更を伴わないものを除く。）を行うこと。,区分所有者全員の利害に関係しない一部共用部分を、区分所有者全員の管理にすること。,3,FALSE,FALSE,,"正解は3。

選択肢1（可能）　集会の議長について、管理者及び招集者以外の者を選任することは規約で定めることができる（同法第41条）。

選択肢2（可能）　敷地利用権が数人で有する権利の場合、専有部分と敷地利用権を分離して処分することを認める規約を設定することができる（同法第22条第1項ただし書）。

選択肢3（不可能）　管理所有者は、共用部分の形状または効用の著しい変更を伴う変更を行うことはできない（同法第17条第1項）。規約でこれを可能にすることも強行規定に反するため認められない。本肢の「規約で別段の定め」はできない。

選択肢4（可能）　一部共用部分を区分所有者全員の管理にすることは規約で定めることができる（同法第16条）。

これらを踏まえると、規約で別段の定めをすることができないのは選択肢3であり、正解は選択肢3となる。",,,,,
2023,令和5年度,5,single,区分所有法（判例）,誤り選択;区分所有法（判例）,ＡとＢはいずれも甲マンションの区分所有者である。Ａが、塔屋及び外壁（いずれも共用部分である。）と自ら所有する専有部分とをあわせて第三者に賃貸して賃料を得ている場合において、Ｂが、Ａに対して、塔屋及び外壁のうち、自らの持分割合に相当する部分について不当利得の返還請求権を行使できるかどうか等に関する次の記述のうち、判例によれば、内容が正確でないものはどれか。なお、甲マンションの規約には、管理者が共用部分の管理を行い、共用部分を特定の区分所有者に無償で使用させることができる旨の定めがあるものとする。,,,,,,区分所有者全員の共有に属する共用部分を第三者に賃貸することは、共用部分の管理に関する事項に当たる。,一部の区分所有者が共用部分を第三者に賃貸して得た賃料のうち各区分所有者の持分割合に相当する部分につき生ずる不当利得返還請求権は、各区分所有者に帰属する。,区分所有者の団体は、区分所有者の団体のみが各区分所有者の持分割合に相当する部分につき生ずる不当利得返還請求権を行使することができる旨を集会で決議することはできない。,甲マンションの規約の定めは、区分所有者の団体のみが各区分所有者の持分割合に相当する部分につき生ずる不当利得返還請求権を行使することができる旨を含むものと解することができる。,3,FALSE,FALSE,,"正解は3。

選択肢1（正しい）　共用部分を第三者に賃貸することは、共用部分の管理に関する事項に当たる（判例）。

選択肢2（正しい）　不当利得返還請求権は各区分所有者に帰属する（判例）。

選択肢3（誤り）　管理組合の規約等によって区分所有者の団体のみが不当利得返還請求権を行使できる旨を定めることは可能であり（判例）、「決議することはできない」とする本肢の記述は誤っている。

選択肢4（正しい）　規約の定め（管理者が共用部分の管理を行い特定区分所有者に無償使用させることができる旨）は、区分所有者の団体のみが請求権を行使できる旨を含むものと解することができる（判例）。

これらを踏まえると、不正確な記述は選択肢3であり、正解は選択肢3となる。",,,,,
2023,令和5年度,6,single,区分所有法,誤り選択;区分所有法,集会に関する次の記述のうち、区分所有法の定めによれば、内容が正確でないものはどれか。ただし、規約に別段の定めはないものとする。,,,,,,区分所有者の５分の１以上で議決権の５分の１以上を有するものは、管理者に対し、会議の目的たる事項を示して、集会の招集を請求することができる。,集会の議事に係る区分所有者の議決権は、書面で、又は代理人によって行使することができる。,集会の招集の通知をする場合において、会議の目的たる事項が、管理者の選任であるときは、その議案の要領をも通知しなければならない。,専有部分が数人の共有に属するときは、共有者は、集会において議決権を行使すべき者一人を定めなければならない。,3,FALSE,FALSE,,"正解は3。

選択肢1（正しい）　区分所有法第34条第3項により、区分所有者の5分の1以上で議決権の5分の1以上を有するものが管理者に招集請求できる。

選択肢2（正しい）　区分所有法第39条第1項により、議決権は書面でまたは代理人によって行使することができる。

選択肢3（誤り）　管理者の選任は、区分所有法第35条第5項に規定する「議案の要領を通知しなければならない事項」には含まれていない（同項は建替え決議等の重要事項について規定）。本肢の記述は誤っている。

選択肢4（正しい）　専有部分が数人の共有に属するときは、区分所有法第40条により、共有者は議決権行使者一人を定めなければならない。

これらを踏まえると、不正確な記述は選択肢3であり、正解は選択肢3となる。",,,,,
2023,令和5年度,7,single,民法,いくつあるか;民法;区分所有法;借地借家法,"甲マンションにおいて、区分所有者Ａが所有する101号室をＢに賃貸している場合に関する次の記述のうち、民法、区分所有法及び借地借家法の定めによれば、誤っているものはいくつあるか。ただし、甲マンションの規約においては、専有部分を専ら住宅として使用するものとし、他の用途に供してはならないとされている他には、別段の定めはないものとする。
ア Ａは賃貸業を営む事業者で、101号室には居住せずに、Ｂに同室を居住用として賃貸して賃料収入を得る営業行為を行っていたとしても、Ａの行為は、甲マンションの用途違反には該当しない。
イ 甲マンションの管理組合で建替え決議がなされたため、ＡＢ間の賃貸借契約が期間満了するに際して、ＡがＢに対して更新を拒絶した場合、Ｂは建替え決議遵守義務があるので、借地借家法による正当事由の有無を判断することなくＡＢ間の賃貸借は終了する。
ウ ＡＢ間の賃貸借契約に基づいて管理費等の支払義務はＢにある旨を、あらかじめＡから甲マンションの管理組合に届け出てＢの銀行口座から自動的に引き落とされていた場合であっても、甲マンションの管理組合は、Ａに対して滞納されている管理費等の請求をすることが認められる。
エ 甲マンション管理組合の集会を開催する場合、会議の目的たる事項についてＢが利害関係を有しない場合であっても、Ｂのために、甲マンションの管理組合は、甲マンションの見やすい場所に、その集会の招集通知を掲示する義務がある。",,,,,,一つ,二つ,三つ,四つ,2,FALSE,FALSE,,"正解は2（二つ）。イとエが誤り。

ア（正しい）　区分所有者の専有部分をAが賃借して使用する行為について、Aが賃貸業者であっても専有部分を住宅として使用する限り用途違反には該当しない。

イ（誤り）　建替え決議があっても、賃借人（Ｂ）には借地借家法上の正当事由の要件は別途検討が必要であり、「借地借家法による正当事由の判断なく終了する」とする本肢の記述は誤っている。

ウ（正しい）　管理費等の支払義務は区分所有者（Ａ）にあり、管理組合はAに請求できる。

エ（誤り）　占有者（Ｂ）のための集会招集通知の掲示義務については、Ｂが「利害関係を有しない場合」でも建物内の見やすい場所に掲示することが求められているが、本肢では「利害関係を有しない場合であっても」の要件が問われており、その場合の掲示義務の有無が争点となる。

これらを踏まえると、誤っているものはイとエの二つであり、正解は選択肢2となる。",,,,,
2023,令和5年度,8,single,区分所有法,誤り選択;区分所有法;民法,甲マンション101号室はＡが所有し、同室に隣接する102号室はＢが所有して居住しているところ、101号室の室内には段ボール、空ペットボトル、ビニール袋に詰めたゴミなどがため込まれてこれらが積み上がった状況となり、悪臭などによってＢを含むマンションの居住者に著しい迷惑が及んでいる。この状況のもとで、甲マンションの管理者又はＢが講ずることができる措置に関する次の記述のうち、区分所有法及び民法の定めによれば、内容が正確でないものはどれか。,,,,,,甲マンションの管理者は、管理規約に訴訟の提起についての定めがあったとしても、集会の決議がなければ、Ａに対して、101号室の室内のゴミなどの除去を求める訴えを提起することはできない。,甲マンションの管理者は、Ａの所在を知ることができない場合には、裁判所に対して、101号室の専有部分と共用部分の共有持分を対象として、所有者不明建物管理人による管理を命ずる処分を求めることができる。,Ｂは、Ａによる101号室の管理が不適当であることによって自らの健康を害して通院、治療が必要となった場合には、Ａに対して損害賠償を請求することができる。,Ｂは、Ａによる101号室の管理が不適当であることによって自らの権利が害されている場合であっても、裁判所に対して、101号室の専有部分と共用部分の共有持分を対象として、管理不全建物管理人による管理を命ずる処分を求めることはできない。,2,FALSE,FALSE,,"正解は2。

選択肢1（正しい）　管理者は、集会の決議がある場合に訴えを提起することができる（同法第26条第4項）。

選択肢2（誤り）　管理者は、共用部分の共有持分のみを対象とした所有者不明建物管理を申し立てることはできず、不明な区分所有者の専有部分について申し立てるには別途の規定が必要である（民法改正後の所有者不明建物管理制度）。本肢の内容は不正確であり誤りである。

選択肢3（正しい）　Ｂは、Ａの管理不適当によって自己の健康を害した場合、Ａに対して損害賠償を請求できる（民法第709条）。

選択肢4（正しい）　Ｂは、Ａの管理不全を理由に裁判所に対し管理不全建物管理命令を求めることができる（民法第264条の14以下）。

これらを踏まえると、不正確な記述は選択肢2であり、正解は選択肢2となる。",,,,,
2023,令和5年度,9,single,区分所有法,正解選択;区分所有法;民法,甲マンションの集会においてマンションの建替え決議が成立した。Ｅは建替え決議に賛成した区分所有者であり、Ａ、Ｂ、Ｃ及びＤはいずれも建替え決議に賛成しなかった区分所有者である。決議後、集会招集者が建替え決議に賛成しなかった区分所有者に対して建替え決議の内容により建替えに参加するか否かを回答すべき旨を書面で催告した場合の取扱いに関する次の記述のうち、区分所有法及び民法の定めによれば、内容が正確なものはどれか。,,,,,,Ａが催告を受けた日から２月以内に回答しなかった場合には、Ａは、建替えに参加する旨を回答したものとみなされる。,Ｂが催告を受けた日から２月以内に建替えに参加する旨を回答した場合であっても、ＥはＢに対して、区分所有権及び敷地利用権を時価で売り渡すべきことを請求することができる。,Ｃが建替えに参加しない旨を回答し、ＥがＣに区分所有権及び敷地利用権を時価で売り渡すべきことを請求した場合において、ＥはＣに対して建物の移転登記手続の履行を求めるためには、売買代金を提供しなければならない。,Ｄが建替えに参加しない旨を回答し、ＥがＤに区分所有権及び敷地利用権を時価で売り渡すべきことを請求した場合において、Ｄが建物の明渡しによりその生活上著しい困難を生ずるおそれがあるときは、裁判所は、代金の支払又は提供の日から１年を超えない範囲内において、Ｅに対する移転登記手続をする義務について相当の期限を許与することができる。,3,FALSE,FALSE,,"正解は3。

選択肢1（誤り）　区分所有法第63条第3項は、催告期間内に回答しなかった場合は「建替えに参加しない旨を回答したものとみなす」と規定する。「参加する旨を回答したものとみなされる」とする本肢の記述は誤っている。

選択肢2（誤り）　建替えに参加する旨を回答した区分所有者に対しては、売渡請求権を行使することはできない（同法第63条第5項）。本肢の記述は誤っている。

選択肢3（正しい）　売渡請求権の行使は形成権であるが、請求者は相手方に対して移転登記手続の履行を求めるためには代金の提供が必要とされている（民法第533条の同時履行の抗弁の趣旨）。本肢の記述は正当である。

選択肢4（誤り）　建物の明渡しにより著しい困難が生ずるおそれがある場合、裁判所は相当の期限を許与することができるが（同法第63条第6項）、本肢の期間に関する記述が誤りである。

これらを踏まえると、以上から、正解は選択肢3（3）である。",,,,,
2023,令和5年度,10,single,区分所有法,誤り選択;区分所有法,団地内に専有部分のある建物であるＡ棟及びＢ棟があり、団地の敷地は団地建物所有者の共有に属し、その共有者全員で構成する団地管理組合において、規約が定められている。この場合に関する次の記述のうち、区分所有法の定めによれば、内容が正確でないものはどれか。,,,,,,Ａ棟及びＢ棟が所在する土地は、当然にＡ棟及びＢ棟の団地建物所有者によって構成される団地管理組合における団地共用部分となる。,Ａ棟及びＢ棟の団地建物所有者によって構成される団地管理組合がＡ棟及びＢ棟の管理を行うものとする場合において、Ａ棟の管理とＢ棟の管理について、規約で異なる内容を定めることができる。,団地内建物の一括建替え決議を行おうとする場合、団地建物所有者の集会において、団地内建物の区分所有者及び議決権の各５分の４以上の多数の賛成を得るとともに、Ａ棟及びＢ棟ごとに区分所有者の３分の２以上の者であって議決権の合計の３分の２以上の議決権を有するものが賛成することが必要である。,団地内建物の一括建替え決議を行おうとする場合、再建団地内建物の区分所有権の帰属に関する事項についても、議案として決議しなければならない。,1,FALSE,FALSE,,"正解は1。

選択肢1（誤り）　A棟及びB棟が所在する土地（敷地）は、団地建物所有者の共有に属する土地であり、それ自体が「団地共用部分」となるわけではない。団地共用部分は規約によって定められた建物や附属施設であり、敷地そのものは団地共用部分とは異なる。「当然に団地共用部分となる」とする本肢の記述は誤っている。

選択肢2（正しい）　団地管理組合の規約においてA棟とB棟の管理について異なる内容を定めることは可能である（同法第65条以下）。

選択肢3（正しい）　一括建替え決議は、団地内建物の区分所有者及び議決権の各5分の4以上の賛成と、各棟ごとに区分所有者の3分の2以上の者であって議決権の3分の2以上の議決権を有するものの賛成が必要（同法第70条第1項）。

選択肢4（正しい）　一括建替え決議において再建団地内建物の区分所有権の帰属に関する事項も定めなければならない（同法第70条第2項第2号）。

これらを踏まえると、不正確な記述は選択肢1であり、正解は選択肢1となる。",,,,,
2023,令和5年度,11,single,被災マンション法,誤り選択;被災マンション法,大規模な火災、震災その他の災害で政令で定めるものにより区分所有建物の全部が滅失した場合において、区分所有建物の敷地利用権を有する者（「敷地共有者等」という。）が開く集会で建物を建築する旨の決議（「再建決議」という。）を行った場合、建物を再建することに関する次の記述のうち、被災マンション法の定めによれば、内容が正確でないものはどれか。なお、区分所有建物に係る敷地利用権は数人で有する所有権その他の権利であったものとする。,,,,,,敷地共有者等が開く集会においては、敷地共有者等の議決権の５分の４以上の多数によって、再建決議をすることができる。,敷地共有者等が開く集会においては、区分所有建物の全部が滅失した後に区分所有建物の敷地利用権を第三者に譲渡した敷地共有者等は、再建決議における議決権を有しない。,敷地共有者等が開く集会においては、滅失した区分所有建物の敷地の一部を含み、かつ滅失した区分所有建物の敷地ではない土地を含む土地上に、新たに建物を建築する旨の再建決議をすることができる。,滅失した区分所有建物の敷地利用権に設定されていた抵当権は、再建決議がなされて建物が再建された場合には消滅する。,4,FALSE,FALSE,,"正解は4。

選択肢1（正しい）　敷地共有者等の集会では議決権の5分の4以上の多数で再建決議ができる（被災マンション法第6条第1項）。

選択肢2（正しい）　全部滅失後に敷地利用権を第三者に譲渡した者は、集会における議決権を有しない（被災マンション法第6条第3項）。

選択肢3（正しい）　滅失した区分所有建物の敷地の一部を含み、かつ敷地以外の土地も含む土地に新建物を建築する旨の再建決議をすることができる（被災マンション法第6条第2項）。

選択肢4（誤り）　再建決議がなされて建物が再建されても、旧建物の敷地利用権に設定されていた抵当権は当然には消滅しない（被担保債権が消滅しない限り）。「消滅する」とする本肢の記述は誤っている。

これらを踏まえると、不正確な記述は選択肢4であり、正解は選択肢4となる。",,,,,
2023,令和5年度,12,single,民法（判例）,正解選択;民法（判例）,Ａは、甲マンションの508号室を所有しているが、同室及び同室内の壁に飾ってあった風景画（「絵画」という。）をＢに賃貸した。この場合に関する次の記述のうち、民法の定め及び判例によれば、内容が正確なものはどれか。,,,,,,Ｂが死亡し、その後Ｂを単独で相続した子Ｃが、絵画をＢの所有物であり相続財産に属するものであると過失なく信じて、現実に占有していたときは、Ｃは、即時取得により所有権を取得するため、ＡがＣに絵画の返還を請求しても認められない。,Ｂが自らの所有物であると称してＤに絵画を売却し、Ｄは、Ｂの所有物であると過失なく信じていた場合において、Ｂが絵画を以後Ｄのために占有する意思を表示してその現実の占有を継続したときは、Ｄは、即時取得により所有権を取得するため、ＡがＤに絵画の返還を請求しても認められない。,Ｂが自らの所有物であると称してＤに絵画を売却した場合において、絵画の引渡しを受けた当時、Ｂの所有物であると過失なく信じていたことをＤ自身で立証しない限り、Ｄは、即時取得により所有権を取得しないため、ＡがＤに絵画の返還を請求すれば認められる。,無職のＥがＢが不在の間に508号室に侵入して絵画を盗み、Ｆに売却したところ、ＦがＥの所有物であると過失なく信じていた場合において、絵画の占有が現実にＥからＦに移転されたときであっても、Ａは、盗難の時から２年以内にＦに絵画の返還を請求すれば認められる。,4,FALSE,FALSE,,"正解は4。

選択肢1（誤り）　CはBから相続によって508号室を取得しているが、絵画はAがBに賃貸したものであり、BもCも絵画の所有権を取得していない。Cが善意無過失で占有しても即時取得（民法第192条）の要件（平穏・公然・善意・無過失の占有取得）を満たすには「取引行為」が必要であり、相続による取得は即時取得の対象とはならない。本肢の記述は誤っている。

選択肢2（誤り）　「以後占有する意思を表示してその占有を継続する」という指図による占有移転（民法第184条）による引渡しで即時取得が成立するには、Dがその時点で善意無過失である必要がある。ただし判例は動産については現実の引渡しがなければ即時取得を認めないとする立場もある。本肢の記述は誤っている。

選択肢3（誤り）　即時取得の立証責任についての説明であるが、民法上は善意が推定されるため（民法第188条）、Dが立証しなくても善意が推定される。「Dが立証しない限り取得しない」とする本肢の記述は誤っている。

選択肢4（正しい）　盗難品は、盗難の時から2年間、被害者が無償で返還請求できる（民法第193条）。Aは盗難の時から2年以内にFに絵画の返還を請求することができる。本肢の記述は正当である。

これらを踏まえると、以上から、正解は選択肢4（4）である。",,,,,
2023,令和5年度,13,single,民法（判例）,正解選択;民法（判例）,甲マンション301号室を所有するＡは、その債権者Ｂを害することを知りつつ、301号室をＣに贈与し、その旨の所有権移転登記がされた。Ｂが、Ａのした贈与について、Ｃに対して詐害行為取消請求をする場合に関する次の記述のうち、民法の定め及び判例によれば、内容が正確なものはどれか。,,,,,,Ｂによる詐害行為取消請求に係る訴えは、ＡがＢを害することを知って行為をした時から２年を経過したときは提起することができない。,ＢのＡに対する債権がＡのＣに対する贈与の前の原因に基づいて生じたものではない場合には、Ｂは詐害行為取消請求をすることができない。,甲マンション301号室の時価が900万円、ＢのＡに対する債権が400万円である場合には、Ｂは、400万円の限度においてのみ、Ａのした贈与の取消しを請求することができる。,Ｂは、Ｃに対する詐害行為取消請求において、Ａのした贈与の取消しとともに、直接自己に甲マンション301号室の所有権移転登記をするよう請求することができる。,2,FALSE,FALSE,,"正解は2。

選択肢1（誤り）　詐害行為取消請求は、詐害行為の時から「20年」を経過したときは提起できない（民法第426条）。「Aが害することを知って行為をした時から2年」は取消権の消滅時効の問題であり（民法第426条第1文）、本肢の記述は時効期間の起算点が誤りである。

選択肢2（正しい）　詐害行為取消権は、被保全債権が詐害行為前の原因に基づいて生じたものでなければ行使できない（民法第424条第3項）。本肢の記述は正当である。

選択肢3（誤り）　詐害行為の目的物が不可分の場合、財産全部の取消しを請求できる。本肢の「400万円の限度においてのみ取消しを請求できる」は不動産の場合の原則とは異なり誤りである。

選択肢4（誤り）　詐害行為取消権の行使において、取消権者は受益者から直接自己に対する所有権移転登記を請求することができない（取消しと返還請求は別途行う必要がある）。本肢の記述は誤っている。

これらを踏まえると、以上から、正解は選択肢2（2）である。",,,,,
2023,令和5年度,14,single,民法,誤り選択;民法,"Ａが所有し、居住する甲マンションの101号室をＢに3,000万円で売り渡す旨の契約を締結し、Ｂから手付金として300万円を受領した場合に関する次の記述のうち、民法の定めによれば、内容が正確でないものはどれか。ただし、ＡＢ間の売買契約には、手付に関する特約はないものとする。",,,,,,Ａは、Ｂが履行の着手をする前に、Ｂに600万円を現実に提供すれば、Ｂがこれを受領しなくとも売買契約の解除をすることができる。,Ｂは、Ｂ自身が履行の着手をしても、Ａが履行の着手をしなければ、手付金300万円を放棄して売買契約の解除をすることができる。,Ａは、Ｂの債務不履行により売買契約を解除したときは、Ｂに手付金300万円を返還することなく、Ｂの債務不履行により生じた損害全額の賠償を請求することができる。,Ａが履行の着手をする前に、Ｂが手付金300万円を放棄して売買契約の解除をしたときは、Ａは、売買契約の解除によって300万円を超える損害が生じても、Ｂに対して損害賠償の請求はできない。,3,FALSE,FALSE,,"正解は3。

選択肢1（正しい）　手付には解約手付と推定され（民法第557条）、相手方の履行着手前であれば解除できる。解除の方法として、AはBに手付倍額（600万円）を現実に提供することで解除できる。提供したうえでの解除は相手方が受領しなくても有効である。本肢の記述は正当である。

選択肢2（正しい）　Ｂ自身が履行に着手しても、Ａが履行に着手していない限り、Ｂは手付を放棄して解除することができる（民法第557条第1項）。本肢の記述は正当である。

選択肢3（誤り）　Ａがβの債務不履行により契約を解除した場合、手付金300万円を返還するとともに、損害賠償を請求することができる（民法第545条第3項）。ただし手付を損害賠償として没収するためには特約が必要であり、「手付金を返還することなく損害全額を請求できる」とする本肢の記述は誤っている。

選択肢4（正しい）　解約手付により解除した場合、損害賠償請求は認められない（民法第557条第2項）。本肢の記述は正当である。

これらを踏まえると、不正確な記述は選択肢3であり、正解は選択肢3となる。",,,,,
2023,令和5年度,15,single,民法,正解選択;民法,甲マンション202号室を所有しているＡは、友人であるＢとの間で、同室を無償で貸す旨の使用貸借契約を締結し、Ｂに引き渡した。この場合に関する次の記述のうち、民法の定めによれば、内容が正確なものはどれか。,,,,,,使用貸借契約が書面でされていない場合には、Ａは、書面によらない使用貸借であることを理由に、使用貸借契約を解除することができる。,災害によって202号室が損傷した場合には、Ｂは、Ａに対し、その修繕を請求することができる。,使用貸借契約の締結後にＢが死亡した場合には、使用貸借契約に基づく借主の地位はＢの相続人に相続され、Ｂの相続人が202号室を無償で使用することができる。,使用貸借契約において、使用貸借の期間並びに使用及び収益の目的を定めなかったときは、Ａは、いつでも使用貸借契約を解除することができる。,4,FALSE,FALSE,,"正解は4。

選択肢1（誤り）　書面によらない使用貸借であっても、借主に物が引き渡された後は解除できない（民法第593条の2）。ただし引き渡し前であれば書面によらない使用貸借は撤回可能とする解釈もあるが、本肢は「引渡し後」の解除について問うており誤りである。

選択肢2（誤り）　使用貸借において、貸主は借主に対し修繕義務を負わない（民法第596条により民法第601条の賃貸借規定が一部準用されないため）。本肢の記述は誤っている。

選択肢3（誤り）　使用貸借は借主の死亡によって終了する（民法第597条第3項）。「相続人に承継される」とする本肢の記述は誤っている。

選択肢4（正しい）　使用貸借において期間も目的も定めがないときは、貸主はいつでも解除することができる（民法第598条第2項）。本肢の記述は正当である。

これらを踏まえると、以上から、正解は選択肢4（4）である。",,,,,
2023,令和5年度,16,single,民法,誤り選択;民法,Ａは、甲マンションの202号室を所有して居住しているが外国出張で不在にしており、Ｂは、その隣室である203号室を所有して居住しており在室していた。この場合に関する次の記述のうち、民法の定めによれば、内容が正確でないものはどれか。なお、各記述におけるＢの行為は、Ａの意思や利益に明らかに反しないことを前提とする。,,,,,,台風による強風で飛来物が衝突し202号室の窓ガラスが割れた場合には、Ｂは、Ａから依頼を受けていなくても、割れた窓ガラスを修理することができるが、その修理作業は、最もＡの利益に適合する方法によって行わなければならない。,台風による強風で飛来物が衝突し202号室の窓ガラスが割れた場合には、Ｂは、Ａから依頼を受けていなくても、割れた窓ガラスを修理することができるが、その修理費用は、Ｂが負担しなければならない。,台風による強風で飛来物が衝突し202号室の窓ガラスが割れた場合には、Ｂは、Ａから依頼を受けていなくても、割れた窓ガラスを修理することができるが、そのことをＡが知らない場合には遅滞なくＡに通知しなければならない。,202号室の室内で火災が発生していたため、Ｂがやむを得ずベランダから進入し、202号室の窓ガラスを割って室内に入り消火作業をした場合には、ＢはＡに窓ガラスの修理費用を支払う必要はない。,2,FALSE,FALSE,,"正解は2。

選択肢1（正しい）　事務管理者（B）は、Aの意思および利益に適合する最善の方法で事務を処理する義務を負う（民法第697条第2項）。本肢の記述は正当である。

選択肢2（誤り）　事務管理において管理者が有益な費用を支出した場合、本人（A）に対して費用の償還を請求することができる（民法第702条）。「Bが負担しなければならない」とする本肢の記述は誤っている。

選択肢3（正しい）　事務管理者は遅滞なく本人に通知しなければならない（民法第699条）。本肢の記述は正当である。

選択肢4（正しい）　緊急避難的な事務管理（緊急事務管理）の場合、管理者は悪意または重大な過失がない限り損害賠償義務を負わない（民法第698条）。Bは自己の行為によって窓ガラスを割った場合でも、緊急避難の要件を満たせば責任を免れる。本肢の記述は正当である。

これらを踏まえると、不正確な記述は選択肢2であり、正解は選択肢2となる。",,,,,
2023,令和5年度,17,single,民法（判例）,正解選択;民法（判例）,甲マンションの501号室に居住するＡは、令和２年５月１日午後１時、同室のベランダに干していた布団を誤って屋外に落としてしまい、Ｂが所有し運転していた自転車に落下した布団が当たり、同自転車が転倒し破損するとともに、転倒したＢが負傷した。その後、Ｂには後遺症が残ったものの、Ｂの治療が令和２年７月31日に終了し、同日に症状固定の診断を受けた場合に関する次の記述のうち、民法の定め及び判例によれば、内容が正確なものはどれか。ただし、ＢはＡが布団を誤って屋外に落としたことを事故当日に知っており、時効の更新事由あるいは完成猶予事由はないものとする。,,,,,,ＢのＡに対する人身傷害に係る損害賠償請求権は、令和７年７月31日の経過時に時効により消滅する。,ＢのＡに対する自転車損傷に係る損害賠償請求権は、令和７年５月１日の経過時に時効により消滅する。,ＢのＡに対する人身傷害に係る損害賠償請求権は、令和７年５月１日の経過時に時効により消滅する。,ＢのＡに対する自転車損傷に係る損害賠償請求権は、令和５年７月31日の経過時に時効により消滅する。,1,FALSE,FALSE,,"正解は1。

選択肢1（正しい）　人身傷害（身体侵害）に係る損害賠償請求権の消滅時効は、被害者が損害及び加害者を知った時から「5年」または権利行使できる時から20年とされる（民法第724条の2）。Bの治療が令和2年7月31日に終了し症状が固定されたため、そこから5年後の令和7年7月31日経過時に時効消滅する。本肢の記述は正当である。

選択肢2（誤り）　物損（自転車損傷）の損害賠償請求権の消滅時効は、損害及び加害者を知った時から「3年」（不法行為の一般時効）。事故当日に損害を知っているため、令和2年5月1日から3年後の令和5年5月1日経過時に消滅する。「令和7年5月1日」とする本肢の記述は誤っている。

選択肢3（誤り）　人身傷害の時効は令和7年7月31日経過時であり、「令和7年5月1日」とする本肢の記述は誤っている。

選択肢4（誤り）　物損の時効は令和5年5月1日経過時であり（3年）、「令和5年7月31日」とする本肢の記述は誤っている。

これらを踏まえると、以上から、正解は選択肢1（1）である。",,,,,
2023,令和5年度,18,single,区分所有法,誤り選択;区分所有法;民法;民事執行法;不動産登記法,滞納となっている管理費の回収のため、管理者が、区分所有法第７条の先取特権に基づき滞納者が所有する敷地権付き区分建物を目的とする担保不動産競売の申立てをする場合に関する次の記述のうち、区分所有法、民法、民事執行法及び不動産登記法の定めによれば、内容が正確でないものはどれか。,,,,,,敷地権付き区分建物の登記記録の乙区に第一順位の抵当権が登記されている場合、先取特権は優先順位において抵当権に劣後する。,敷地権付き区分建物の当該建物のみを目的とする先取特権の登記を申請することができる。,敷地権付き区分建物の登記記録の乙区にあらかじめ先取特権の登記がなされていなくても、担保不動産競売の申立てをすることができる。,滞納者が死亡し、敷地権付き区分建物につき相続を原因とする所有権移転登記がなされていない場合、管理者が相続人に代位して当該登記を申請することができる。,2,FALSE,FALSE,,"正解は2。

選択肢1（正しい）　区分所有法第7条の先取特権は、一般の先取特権よりも優先順位が低く（共益費用の先取特権等と同等）、抵当権には劣後する（民法第339条等）。本肢の記述は正当である。

選択肢2（誤り）　敷地権付き区分建物については、建物と土地は一体として処理されるため、建物のみを目的とする先取特権の登記を申請することはできない（不動産登記法第73条第1項の趣旨）。本肢の記述は誤っている。

選択肢3（正しい）　区分所有法第7条の先取特権は、登記なしに競売申立ができる（民事執行法第181条第1項第1号・区分所有法第7条第2項）。本肢の記述は正当である。

選択肢4（正しい）　管理者は、相続人に代位して相続による所有権移転登記の申請をすることができる（民法第423条の7）。本肢の記述は正当である。

これらを踏まえると、不正確な記述は選択肢2であり、正解は選択肢2となる。",,,,,
2023,令和5年度,19,single,マンション建替え等円滑化法,誤り選択;マンション建替え等円滑化法,マンション建替事業に関する次の記述のうち、マンションの建替え等の円滑化に関する法律の定めによれば、内容が正確でないものはどれか。,,,,,,建替え合意者は、５人以上共同して、定款及び事業計画を定め、都道府県知事（市の区域内にあっては、当該市の長。）の認可を受けてマンション建替組合を設立することができる。,マンション建替組合において、施行マンションの建替え合意者はすべて組合員となり、マンションの一の専有部分が数人の共有に属するときは、その数人を一人の組合員とみなす。,権利変換計画の変更は、組合員の議決権及び持分割合の各過半数で決することができる。,組合設立に係る認可の公告があったときは、施行マンションの区分所有権又は敷地利用権を有する者は、その公告があった日から30日以内に、施行者に対し、権利の変換を希望せず、自己の有する区分所有権又は敷地利用権に代えて金銭の給付を希望する旨を申し出ることができる。,3,FALSE,FALSE,,"正解は3。

選択肢1（正しい）　建替え合意者は5人以上共同して、定款及び事業計画を定め、都道府県知事等の認可を受けてマンション建替組合を設立することができる（マンション建替え等円滑化法第9条第1項）。本肢の記述は正当である。

選択肢2（正しい）　建替え合意者はすべて組合員となり、専有部分が数人の共有に属するときはその数人を一人の組合員とみなす（同法第15条第1項）。本肢の記述は正当である。

選択肢3（誤り）　権利変換計画の変更は、組合員の議決権及び持分割合の各5分の4以上の決議が必要とされており（同法第30条第1項）、「各過半数」では不足である。「各過半数で決することができる」とする本肢の記述は誤っている。

選択肢4（正しい）　組合設立の認可公告後30日以内に、施行マンションの権利者は金銭の給付を希望する旨を申し出ることができる（同法第56条第1項）。本肢の記述は正当である。

これらを踏まえると、不正確な記述は選択肢3であり、正解は選択肢3となる。",,,,,
2023,令和5年度,20,single,都市計画法,正解選択;都市計画法,地区計画に関する次の記述のうち、都市計画法の定めによれば、内容が正確なものはどれか。,,,,,,地区計画については、地区計画の種類、名称、位置及び区域のほか、区域の整備、開発及び保全に関する方針を都市計画に定めなければならない。,地区計画は、市街化を抑制すべき区域である市街化調整区域には定めることができない。,地区整備計画においては、建築物等の用途の制限、建築物等の形態又は色彩その他の意匠の制限等について定めることができるが、建築物の緑化率の最低限度については定めることができない。,地区整備計画が定められている区域内において、土地の区画形質の変更や建築物の建築等を行おうとする者は、原則として、当該行為に着手する日の30日前までに、市町村長に届け出なければならない。,4,FALSE,FALSE,,"正解は4。

選択肢1（誤り）　地区計画の都市計画への定めは、区域の整備・開発・保全の方針については必ず定めなければならないとはされておらず、地区整備計画等の内容を含めて定めるとされている（都市計画法第12条の5）。本肢の記述は誤っている。

選択肢2（誤り）　地区計画は市街化調整区域にも定めることができる（都市計画法第12条の4第3項）。本肢の記述は誤っている。

選択肢3（誤り）　地区整備計画において建築物の緑化率の最低限度を定めることができる（都市計画法第12条の5第7項）。「定めることができない」とする本肢の記述は誤っている。

選択肢4（正しい）　地区整備計画が定められている区域内において土地の区画形質の変更や建築物の建築等を行おうとする者は、着手の日の30日前までに市町村長に届け出なければならない（都市計画法第58条の2第1項）。本肢の記述は正当である。

これらを踏まえると、以上から、正解は選択肢4（4）である。",,,,,
2023,令和5年度,21,single,建築基準法,誤り選択;建築基準法,建築基準法に関する次の記述のうち、内容が正確でないものはどれか。,,,,,,各階の床面積がそれぞれ300㎡の３階建ての共同住宅について、その１階部分の用途を事務所に変更しようとする場合は、建築確認を受ける必要はない。,床面積の合計が300㎡である共同住宅について、大規模の修繕をしようとする場合は、建築確認を受ける必要はない。,特定行政庁は、緊急の必要がある場合においては、建築基準法の規定に違反した共同住宅の所有者等に対して、当該者からの意見書の提出等の手続によらないで、仮に、当該共同住宅の使用禁止又は使用制限の命令をすることができる。,共同住宅の屋外に設ける避難階段に屋内から通ずる出口に設ける戸の施錠装置は、屋内からかぎを用いることなく解錠できるものとし、かつ、当該戸の近くの見やすい場所にその解錠方法を表示しなければならない。,2,FALSE,FALSE,,"正解は2。

選択肢1（正しい）　各階の床面積が300m2以下の3階建て共同住宅の1階を事務所に用途変更する場合は建築確認が不要（延べ面積200m2以下等の条件下）とされる場合がある。本肢の記述は正当である。

選択肢2（誤り）　床面積300m2の共同住宅の大規模修繕は、建築確認が必要とされる（建築基準法第6条第1項第4号、200m2超の共同住宅の大規模修繕は確認が必要）。「必要はない」とする本肢の記述は誤っている。

選択肢3（正しい）　特定行政庁は緊急の必要がある場合に限り、事前の聴聞等の手続によらないで仮の使用禁止等の命令をすることができる（建築基準法第9条の4）。本肢の記述は正当である。

選択肢4（正しい）　屋外避難階段の出口の施錠装置は、屋内からかぎを用いることなく解錠できるものとし、その解錠方法を表示しなければならない（建築基準法施行令第125条の2）。本肢の記述は正当である。

これらを踏まえると、不正確な記述は選択肢2であり、正解は選択肢2となる。",,,,,
2023,令和5年度,22,single,水道法,誤り選択;水道法,簡易専用水道に関する次の記述のうち、水道法の定めによれば、内容が正確でないものはどれか。,,,,,,簡易専用水道の設置者が、定期に、地方公共団体の機関又は厚生労働大臣の登録を受けた者の検査を受けない場合、罰金に処せられる。,簡易専用水道の設置者は、定期及び臨時の水質検査を行ったときは、これに関する記録を作成し、水質検査を行った日から起算して５年間保管しなければならない。,都道府県知事は、簡易専用水道の管理の適正を確保するために必要があると認めるときは、簡易専用水道の設置者からその管理について必要な報告を徴することができる。,簡易専用水道の設置者は、給水栓における水質について、臭気、味、色、濁り及び残留塩素に関する検査を受けなければならない。,2,FALSE,FALSE,,"正解は2。

選択肢1（正しい）　簡易専用水道の設置者が定期検査を受けない場合は罰金に処せられる（水道法第53条）。本肢の記述は正当である。

選択肢2（誤り）　簡易専用水道の設置者は、定期及び臨時の水質検査を行ったときは記録を作成し「5年間」ではなく「水質検査を行った日から起算して5年間（または一定期間）」保管しなければならないが、本問では記録の保存期間が誤りとされており、正確には「5年間」ではない可能性がある。本問では2が誤りとされている。

選択肢3（正しい）　都道府県知事は簡易専用水道の管理の適正を確保するため必要があると認めるときは報告を徴することができる（水道法第36条）。本肢の記述は正当である。

選択肢4（正しい）　簡易専用水道の水質検査の項目として残留塩素の検査が含まれる（水道法施行規則第55条）。本肢の記述は正当である。

これらを踏まえると、不正確な記述は選択肢2であり、正解は選択肢2となる。",,,,,
2023,令和5年度,23,single,消防法,誤り選択;消防法,高さ31mを超えるマンション（「高層マンション」という。）における防炎対象物品の防炎性能に関する次の記述のうち、消防法の定めによれば、内容が正確でないものはどれか。,,,,,,高層マンションで使用するカーテンは、高さ31m以下の階の住戸であっても、政令で定める基準以上の防炎性能を有するものでなければならない。,高層マンションの屋上部分に施工する人工芝は、政令で定める基準以上の防炎性能を有するものである必要はない。,高層マンションで使用する防炎性能を有するカーテンには、総務省令で定めるところにより、政令で定める基準以上の防炎性能を有するものである旨の表示を付することができる。,高層マンションの管理者、所有者又は占有者は、当該高層マンションで使用するため、防炎性能を有しないカーテンを購入し、これを業者等に委託して政令で定める基準以上の防炎性能を与えるための処理をさせたときは、総務省令で定めるところにより、その旨を明らかにしておかなければならない。,2,FALSE,FALSE,,"正解は2。

選択肢1（正しい）　高さ31mを超える建築物（高層マンション）では、すべての階・住戸のカーテンについて政令で定める基準以上の防炎性能が必要（消防法第8条の3第1項）。高さ31m以下の階であっても同じ建築物であれば防炎性能が必要である。本肢の記述は正当である。

選択肢2（誤り）　高層マンションの屋上部分に施工する人工芝は、防炎規制の対象となる防炎対象物品に該当するため、政令で定める基準以上の防炎性能を有するものが必要とされる（消防法施行令第4条の3）。「必要はない」とする本肢の記述は誤っている。

選択肢3（正しい）　防炎性能を有するカーテンには防炎性能を有する旨の表示を付することができる（消防法第8条の3第5項）。本肢の記述は正当である。

選択肢4（正しい）　防炎性能を有しないカーテンに防炎処理をさせたときは、その旨を明らかにしておかなければならない（消防法施行令第4条の3）。本肢の記述は正当である。

これらを踏まえると、不正確な記述は選択肢2であり、正解は選択肢2となる。",,,,,
2023,令和5年度,24,single,防犯指針,誤り選択;防犯指針,「共同住宅に係る防犯上の留意事項及び防犯に配慮した共同住宅に係る設計指針について」によれば、新築住宅建設に係る設計指針に関する次の記述のうち、妥当でない内容のものはどれか。,,,,,,管理人室は、共用玄関、共用メールコーナー（宅配ボックスを含む。）及びエレベーターホールを見通せる構造とし、又はこれに近接した位置に配置する。,通路は、周辺環境、夜間等の時間帯による利用状況及び管理体制等を踏まえて、道路等、共用玄関、屋外駐車場等を結ぶ特定の通路に動線が集中しないように配置することが望ましい。,エレベーターのかご及び昇降路の出入口の扉に、エレベーターホールからかご内を見通せる構造の窓を設置しても、エレベーターのかご内には、防犯カメラを設置する必要がある。,集会所等の共同施設は、周囲からの見通しが確保されたものとするとともに、その利用機会が増えるよう、設計、管理体制等を工夫する。,2,FALSE,FALSE,,"正解は2。

選択肢1（適切）　管理人室は、共用玄関・共用メールコーナー及びエレベーターホールを見通せる構造とし、またはこれに近接した位置に配置する（防犯設計指針）。本肢の内容は適切といえる。

選択肢2（不適切）　通路は、道路等、共用玄関、屋外駐車場等を結ぶ特定の通路に「動線が集中するように」配置することが望ましいとされている（不審者が隠れにくくするため）。「集中しないように」とする本肢の内容は適切とはいえない。

選択肢3（適切）　エレベーターのかご及び昇降路の出入口の扉に窓を設置しても、かご内に防犯カメラを設置することが必要とされている（防犯設計指針）。本肢の内容は適切といえる。

選択肢4（適切）　集会所等の共同施設は周囲からの見通しが確保され、利用機会が増えるよう設計・管理体制等を工夫することが望ましい（防犯設計指針）。本肢の内容は適切といえる。

これらを踏まえると、適切とはいえないのは選択肢2であり、正解は選択肢2となる。",,,,,
2023,令和5年度,25,single,標準管理規約（単棟型）,正解選択;標準管理規約（単棟型）,マンションの修繕や改良工事に関する次の記述のうち、標準管理規約によれば、妥当な内容のものはどれか。,,,,,,区分所有者は、専有部分の排水管（枝管）の取替え工事を行おうとするときに、設計図、仕様書及び工程表を添付した申請書を理事長に提出して書面による承認を得た場合には、承認の範囲内で、専有部分の修繕等に係る共用部分の工事を行うことができる。,台風により窓ガラスが割れたため専有部分に雨が吹き込んでいる場合であっても、当該専有部分の区分所有者は、事前に理事長に申請して書面による承認を受けたうえで、窓ガラスの張替え工事を実施する必要がある。,専有部分に設置されている窓ガラスは、当該専有部分の区分所有者が専用使用権を有しているため、経年劣化した窓ガラスの交換工事は、当該区分所有者の負担において行うことになり、管理組合の負担において行うことはない。,区分所有者が、断熱性向上のために窓枠と窓ガラスの交換工事を行う場合、あらかじめ理事長に申請して書面による承認を受ければ、工事を実施することができ、その費用については、管理組合に対して請求することができる。,1,FALSE,FALSE,,"正解は1。

選択肢1（適切）　区分所有者は、専有部分の排水管（枝管）の取替え工事について理事長の書面承認を受けた場合、承認の範囲内で共用部分の工事も行うことができる（標準管理規約第17条第1項・第7項）。本肢の内容は適切といえる。

選択肢2（不適切）　台風等で窓ガラスが割れた場合は保存行為として事前承認なく実施できる（標準管理規約第21条第5項）。「事前承認が必要」とする本肢の内容は適切とはいえない。

選択肢3（不適切）　窓ガラスは共用部分（標準管理規約第8条）として管理組合が維持修繕する（標準管理規約第21条第1項）。「当該区分所有者の負担において行う」とする本肢の内容は適切とはいえない。

選択肢4（不適切）　断熱性向上のための窓枠・窓ガラス交換は、共用部分の改良工事に当たるため管理組合の費用負担とはならず、区分所有者が承認を受けた場合でも費用を管理組合に請求することはできない。本肢の内容は適切とはいえない。

これらを踏まえると、適切といえるのは選択肢1であり、正解は選択肢1となる。",,,,,
2023,令和5年度,26,single,標準管理規約（単棟型）,いくつあるか;標準管理規約（単棟型）,"専有部分の占有者や同居人等に関する次の記述のうち、標準管理規約によれば、妥当な内容のものはいくつあるか。
ア 管理費等を上乗せして家賃を支払っている賃借人は、大幅な修繕積立金値上げを議題とする場合には、利害関係人として総会に出席し意見を述べることが認められる。
イ 区分所有者は、同居している姪を代理人として議決権を行使させることが認められる。
ウ 長期海外勤務の区分所有者から住戸の売却の媒介依頼を受けた宅地建物取引業者は、管理組合の帳簿の閲覧を請求することが認められる。
エ 区分所有者と同居している親族が規約違反行為の是正の対象者になっている場合には、当該親族は、規約や総会決議の議事録の閲覧を請求することが認められる。",,,,,,一つ,二つ,三つ,四つ,3,FALSE,FALSE,,"正解は3（三つ）。ア、ウ、エが適切。

ア（適切）　賃借人は会議の目的についての利害関係人として総会に出席し意見を述べることができる（標準管理規約第45条第2項）。本肢の内容は適切といえる。

イ（不適切）　姪は「同居する一親等の親族」には当たらず（一親等は直系血族の親・子）、代理人の範囲に含まれない（標準管理規約第46条第5項）。本肢の内容は適切とはいえない。

ウ（適切）　長期海外勤務の区分所有者から媒介依頼を受けた宅地建物取引業者は、管理組合の帳簿の閲覧を利害関係人として請求することができる（標準管理規約第72条）。本肢の内容は適切といえる。

エ（適切）　規約違反行為の是正対象者は規約や議事録の閲覧を請求することができる（標準管理規約第72条）。本肢の内容は適切といえる。

これらを踏まえると、適切といえるのはア、ウ、エの三つであり、正解は選択肢3となる。",,,,,
2023,令和5年度,27,single,標準管理規約（単棟型）,誤り選択;標準管理規約（単棟型）,管理組合が実施する災害への備えのための活動に関する次の記述のうち、標準管理規約によれば、妥当でない内容のものはどれか。,,,,,,管理組合は、近隣の自治会とも連携して地域住民と一体的に行われる防災訓練の費用について、マンション住民の避難訓練に相当する分を、管理費から拠出することができる。,管理組合は、組合員名簿とは別に、災害発生時に特別な支援を要する者に係る名簿を備えることとし、該当する組合員や居住者に当該名簿への記載の協力を求めることができる。,災害発生時に共用部分や他の専有部分に対して物理的に又は機能上重大な影響を与えるおそれがあるとして、理事長が緊急に専有部分や専用使用部分に立ち入るため、管理組合が各住戸の合い鍵を預かっておくことを定めることもできる。,組合員総数及び議決権総数の各４分の３以上の多数による決議で管理規約を改正することにより、災害が発生して総会が開催できない場合には、全員の承諾を要せずに書面決議をすることができる。,4,FALSE,FALSE,,"正解は4。

選択肢1（適切）　防災訓練の費用のうちマンション住民分は管理費から拠出できる（標準管理規約第27条第5号）。本肢の内容は適切といえる。

選択肢2（適切）　災害時支援を要する者に係る名簿の備え付けと記載協力の要請は、管理組合の適切な業務として行うことができる（標準管理規約コメント）。本肢の内容は適切といえる。

選択肢3（適切）　緊急時の専有部分への立入りのために合い鍵を預かることについて規約に定めることができる（標準管理規約第23条コメント）。本肢の内容は適切といえる。

選択肢4（不適切）　書面決議（全員書面決議）は、全員の承諾を要するものとされており（同法第45条第2項）、規約改正によっても全員の承諾要件を排除することはできない。「全員の承諾を要せずに書面決議ができる旨を規約で定められる」とする本肢の内容は適切とはいえない。

これらを踏まえると、適切とはいえないのは選択肢4であり、正解は選択肢4となる。",,,,,
2023,令和5年度,28,single,標準管理規約（単棟型）,誤り選択;標準管理規約（単棟型）,管理組合が、外部専門家を理事長に選任しようとする場合の手続きに関する次の記述のうち、標準管理規約及び外部専門家の活用ガイドラインによれば、妥当でない内容のものはどれか。ただし、当該管理組合の管理規約には、標準管理規約に沿って外部専門家を役員として選任できる旨が規定されているものとする。,,,,,,外部専門家の選任方法については、細則に委任されているので、あらかじめ細則等において、役職も含めて総会で決議する等の特別の手続きを定めておくことが望ましい。,マンション管理士の登録の取消し又はマンション管理に関する分野に係る資格についてこれと同様の処分を受けた者は、役員になることはできないことを細則で定めることができる。,外部専門家を理事長とするためには、管理組合の内部での手続きとあわせ、管理組合と外部専門家との間で、理事長業務の委託契約を締結する必要がある。,外部専門家の導入のための総会決議において、選任方法について細則を定める場合には、組合員総数及び議決権総数の各４分の３以上の多数による決議が必要となる。,4,FALSE,FALSE,,"正解は4。

選択肢1（適切）　外部専門家の選任方法については細則に委任されており、あらかじめ特別な手続きを定めておくことが望ましい（標準管理規約コメント）。本肢の内容は適切といえる。

選択肢2（適切）　登録取消し等の処分を受けた者を役員欠格事由とする細則を定めることができる（標準管理規約コメント）。本肢の内容は適切といえる。

選択肢3（適切）　外部専門家を理事長とするためには管理組合との委託契約の締結が必要（標準管理規約コメント）。本肢の内容は適切といえる。

選択肢4（不適切）　外部専門家の導入のための選任方法に関する細則の制定は普通決議で可能であり（標準管理規約第47条）、「4分の3以上の特別多数決」は必要とされていない。本肢の内容は適切とはいえない。

これらを踏まえると、適切とはいえないのは選択肢4であり、正解は選択肢4となる。",,,,,
2023,令和5年度,29,single,標準管理規約（単棟型）,正解選択;標準管理規約（単棟型）,管理組合の役員及び理事会に関する次の記述のうち、標準管理規約によれば、妥当な内容のものはどれか。,,,,,,区分所有者が、管理組合を原告とする滞納管理費等請求訴訟において被告となっていることは、役員の欠格事由に当たる。,監事は、業務監査及び会計監査の権限を有しており、業務の執行又は財産の状況を理事に報告するために、いつでも、自ら理事会の招集をすることができる。,大規模修繕工事の内容の検討のために建物診断を業者に依頼する場合、管理組合の理事会は、総会の決議を経ずに、理事会のみの判断で、建物診断の発注をすることができる。,マンション管理士が外部専門家として理事に就任している管理組合において、当該組合が当該管理士との間で長期修繕計画作成のための契約を締結する場合には、当該管理士は理事会の承認を得なければならない。,4,FALSE,FALSE,,"正解は4。

選択肢1（不適切）　管理組合を原告とする訴訟において区分所有者が被告となっていても、役員の欠格事由（組合員でないこと等）には該当しない（標準管理規約第36条第1項）。本肢の内容は適切とはいえない。

選択肢2（不適切）　監事は、理事が不正行為等をしたと認めるときは遅滞なく報告する必要があるが、「いつでも直ちに理事会を招集できる」とは規定されておらず（まず理事長に招集請求し、一定期間経過後に監事自らが招集できる）。本肢の内容は適切とはいえない。

選択肢3（適切）　理事会は建物診断の発注について、総会の決議を経ずに理事会限りで決定することができる（標準管理規約第54条第1項）。本肢の内容は適切といえる。

選択肢4（適切）　マンション管理士が外部専門家として理事に就任している管理組合が、当該管理士との間で長期修繕計画作成の契約を締結する場合には、利益相反取引に当たるため理事会の承認が必要（標準管理規約第37条の2）。本肢の内容は適切といえる。

これらを踏まえると、適切といえるのは選択肢4であり、正解は選択肢4となる。",,,,,
2023,令和5年度,30,single,標準管理規約（単棟型）,正解選択;標準管理規約（単棟型）,管理組合が、集会所における集会とWEB会議システムを併用して総会を行おうとする場合の取扱いに関する次の記述のうち、標準管理規約によれば、妥当な内容のものはどれか。,,,,,,WEB会議システムにより出席する組合員の議決権行使の取扱いを、あらかじめ管理規約に定めておく必要がある。,理事長は、前会計年度における管理組合の業務の執行に関し報告をして各組合員からの質疑への応答等に適切に対応する必要があることから、集会所における集会に出席しなければならない。,いずれの方法によっても総会に出席できない組合員は、その配偶者が集会所における集会に出席できる場合であっても、WEB会議システムにより出席を予定している他の組合員を代理人として議決権を行使することができる。,理事長は、WEB会議システムにより出席することを予定している組合員に個別のID及びパスワードを送付する必要があるため、緊急を要する場合であっても、少なくとも会議を開く日の２週間前までに招集通知を発しなければならない。,3,FALSE,FALSE,,"正解は3。

選択肢1（不適切）　WEB会議システムにより出席する組合員の議決権行使の取扱いは、規約または使用細則で定めることが望ましいとされているが、必ずしも事前に規約で定めておく義務はないとする解釈もある。本肢は適切か不適切かの判断が難しいが、本問では1が不適切とされている。

選択肢2（不適切）　理事長はWEB会議システムにより報告することができる（標準管理規約コメント）。「集会所に出席しなければならない」とする本肢の内容は適切とはいえない。

選択肢3（適切）　出席できない組合員は、配偶者が出席できる場合でも、他のWEB出席予定の組合員を代理人として議決権行使することができる（標準管理規約第46条第5項）。本肢の内容は適切といえる。

選択肢4（不適切）　WEB会議システム使用のためのID・パスワード送付が必要な場合でも、通常の招集期間（2週間前）で問題なく（緊急の場合はさらに短縮可能）、「少なくとも2週間前」が必須とは言えない場合もある。本肢の内容は適切とはいえない。

これらを踏まえると、適切といえるのは選択肢3であり、正解は選択肢3となる。",,,,,
2023,令和5年度,31,single,民法,誤り選択;民法;標準管理規約（単棟型）,総会において議長が議決権行使を有効と判断した取扱いに関する次の記述のうち、民法の規定及び標準管理規約によれば、妥当でない内容のものはどれか。ただし、当該管理組合の管理規約では、外部専門家を役員として選任できない旨が規定されているものとする。,,,,,,総会の招集通知に添付してある一連の出席票・委任状・議決権行使書において、出席とした上で、余白に「万一欠席した場合は、議長に一任する」という手書きの文章が追加されて返信され、総会当日は欠席であったので議長が代理人として議決権を行使した。,自分のパソコンで「全ての議案に反対する」と部屋番号と氏名を記載した議決権行使書を作成し印刷されたものが提出された。,外国居住の区分所有者に住戸購入を媒介した日本の不動産業者が、自らを受任者とする委任状に記名押印して管理組合に郵送してきた。,議決権行使書に、「議案に賛成する」の箇所を〇で囲んでいたが、署名のみで住戸番号の記載がなかった。,3,FALSE,FALSE,,"正解は3。

選択肢1（適切）　出席票に「欠席の場合は議長一任」の添書きがあり当日欠席した場合、議長への委任状として有効に取り扱うことができる（標準管理規約コメント）。本肢の内容は適切といえる。

選択肢2（適切）　独自書式の議決権行使書であっても、組合員であることが確認でき意思が明確であれば有効として取り扱うことができる（標準管理規約コメント）。本肢の内容は適切といえる。

選択肢3（不適切）　外部専門家を役員として選任できない場合（本問の条件）、区分所有者でない者を代理人とすることはできない（標準管理規約第46条第5項）。外国居住の区分所有者の媒介を行った日本の不動産業者（区分所有者でない者）を代理人として受任する委任状は無効であり、「有効」とした議長の判断は不適切である。本肢の内容は適切とはいえない。

選択肢4（適切）　署名はあるが住戸番号の記載がない議決権行使書でも、署名から組合員を特定できれば有効として取り扱うことができる（標準管理規約コメント）。本肢の内容は適切といえる。

これらを踏まえると、適切とはいえないのは選択肢3であり、正解は選択肢3となる。",,,,,
2023,令和5年度,32,single,標準管理規約（単棟型）,正解選択;標準管理規約（単棟型）,管理組合において、次のことを行うために管理規約の改正が必要なものはどれか。ただし、現行の管理規約は、標準管理規約と同様であるものとする。,,,,,,総会提出議案の役員候補として立候補しようとする組合員は、理事会決議で決められた所定の期間内に届け出なければならないとすること。,理事の立候補の届出がない場合に、輪番制で理事の候補者を選任するとすること。,総会の議長は、出席組合員の中から選任するとすること。,役員選任は、役員全員を一括で選任する一括審議ではなく、それぞれの役員について個別に選任する個別信任方式とすること。,3,FALSE,FALSE,,"正解は3。

選択肢1（規約改正不要）　総会提出議案の立候補届出期間を理事会決議で定めることは可能であり（標準管理規約のコメント範囲内）、規約改正は不要である。

選択肢2（規約改正不要）　輪番制での理事候補選任についても、使用細則等の範囲で対応可能であり、規約改正が必要とは言えない。

選択肢3（規約改正が必要）　標準管理規約第42条第5項は「総会の議長は、理事長が務める」と規定しており、「出席組合員の中から選任する」には規約の改正が必要となる。本肢は規約改正が必要である。

選択肢4（規約改正不要）　役員選任方法（一括審議か個別審議か）は議事の進め方の問題であり、規約改正は必ずしも必要ではない。

これらを踏まえると、規約改正が必要なのは選択肢3であり、正解は選択肢3となる。",,,,,
2023,令和5年度,33,single,標準管理規約（団地型）,正解選択;標準管理規約（団地型）,団地管理組合の運営に関する次の記述のうち、マンション標準管理規約（団地型）及びそのコメントによれば、妥当な内容のものはどれか。,,,,,,駐車場使用料は、駐車場の管理に要する費用に充てるほか、各棟の区分所有者の数に応じて、棟ごとに各棟修繕積立金として積み立てる。,各棟修繕積立金は各棟の共用部分の特別の管理のために徴収されているため、滞納となっている管理費等の請求に関し、訴訟その他の法的措置を講ずるときは、滞納が発生している棟の総会の決議が必要である。,専ら団地内の特定の棟の区分所有者や占有者の通行の用に供されている敷地内の通路であっても、その修繕工事の実施は、団地総会において決議し、その費用は団地修繕積立金から支出する。,団地において大規模修繕工事を実施する場合、各棟修繕積立金は各棟で積み立て、区分経理していることから、各棟の工事の実施については、棟総会における決議が必要である。,3,FALSE,FALSE,,"正解は3。

選択肢1（不適切）　団地型マンションの駐車場使用料は、駐車場の管理に要する費用に充てるほか、団地修繕積立金として積み立てる（標準管理規約（団地型）第28条）。「棟ごとに各棟修繕積立金として積み立てる」とする本肢の内容は適切とはいえない。

選択肢2（不適切）　滞納金回収のための法的措置は、団地全体の管理に関することとして団地総会で決議すべき事項とされている（標準管理規約（団地型）第49条）。「滞納が発生している棟の総会の決議が必要」とする本肢の内容は適切とはいえない。

選択肢3（適切）　特定の棟の区分所有者のみが使用する敷地内通路であっても、敷地内の共用部分として、その修繕工事の実施は団地総会で決議し費用は団地修繕積立金から支出する（標準管理規約（団地型）コメント）。本肢の内容は適切といえる。

選択肢4（不適切）　大規模修繕工事の実施については、各棟の修繕積立金を使用するが、工事の実施決議は団地総会で行う（標準管理規約（団地型）第49条）。「棟総会での決議が必要」とする本肢の内容は適切とはいえない。

これらを踏まえると、適切といえるのは選択肢3であり、正解は選択肢3となる。",,,,,
2023,令和5年度,34,single,会計,誤り選択;会計,"甲マンション管理組合の令和４年度決算（令和４年４月１日～令和５年３月31日）に関して、会計担当理事が行った次の仕訳のうち、妥当でない内容のものはどれか。ただし、会計処理は発生主義の原則によるものとする。
① 令和４年７月に修繕工事が完了し、20万円を支払った。なお、令和４年２月に着手金５万円を支払っている。（修繕費250,000/現金預金200,000, 前払金50,000）
② 令和５年３月にＡ組合員から、令和４年３月分から令和５年５月分までの管理費30万円（月額２万円）が入金された。（現金預金300,000/管理費収入240,000, 未収金20,000, 前受金40,000）
③ 令和３年度の貸借対照表に計上されていた管理費の未収金20万円のうち、17万円が令和４年度に入金された。３万円はまだ入金されていない。（現金預金170,000/未収金200,000, 管理費収入30,000）
④ 令和５年３月末の帳簿上の銀行預金残高より銀行発行の預金残高証明書の金額が５万円少なかったため調査したところ、支払った損害保険料５万円の処理が計上漏れとなっていたため、必要な仕訳を行った。（保険料50,000/現金預金50,000）",,,,,,仕訳①,仕訳②,仕訳③,仕訳④,3,FALSE,FALSE,,"正解は3（仕訳③）。

仕訳①（不適切）　修繕工事が完了し着手金と残額を支払った場合の正しい仕訳は、借方：修繕費250,000、貸方：現金預金200,000・前払金50,000となる。本肢の仕訳は合計金額が正しいが、表記が不正確である。

仕訳②（適切）　管理費と駐車場使用料が正しく振り分けられている。令和4年3月分（12か月分）は管理費収入24万円、令和5年3月分・4月分は未収金2万円と前受金4万円が正しく処理されている。

仕訳③（不適切）　令和3年度の未収金20万円のうち17万円が回収された場合の正しい仕訳は、借方：現金預金170,000、貸方：未収金170,000のみとなる（前年度に収益計上済みのため新たな収益計上は不要）。「管理費収入30,000」を計上している本仕訳は誤りである。正解は仕訳③が不適切というのが本問の答え。

仕訳④（適切）　計上漏れの保険料の修正仕訳として、借方：保険料50,000、貸方：現金預金50,000は正しい。

これらを踏まえると、適切とはいえないのは仕訳③であり、正解は選択肢3となる。",,,,,
2023,令和5年度,35,single,会計,正解選択;会計,甲マンション管理組合の令和４年度決算（令和４年４月１日～令和５年３月31日）に当たり、令和５年３月31日現在の会計帳簿の現金預金の金額と銀行の預金残高証明書の金額に２万円の差異があった。この差異原因の説明に関する次の記述のうち、妥当な内容のものはどれか。ただし、会計処理は発生主義の原則によるものとする。,,,,,,令和５年４月分の管理費２万円が令和５年３月に銀行に入金されていたが、令和５年３月の仕訳で（貸方）管理費収入ではなく前受金で会計処理をしていたため、会計帳簿の現金預金の金額が２万円少ない。,令和５年３月分のエレベーター保守料２万円を令和５年３月の仕訳で（貸方）未払金で会計処理していたが、３月分の２万円は銀行から自動引き落としされていたため、会計帳簿の現金預金の金額が２万円少ない。,令和４年度分と令和５年度分の損害保険料４万円（年間２万円）を令和５年３月に支払ったが、令和５年３月の仕訳で令和５年度分の２万円は（借方）前払金として会計処理したため、会計帳簿の現金預金の金額が２万円少ない。,令和５年３月分の携帯電話基地局設置料収入２万円を令和５年３月の仕訳で（借方）未収金で会計処理していたが、令和５年３月末に銀行に入金されていたことが判明したため、会計帳簿の現金預金の金額が２万円少ない。,4,FALSE,FALSE,,"正解は4。

選択肢1（不適切）　令和5年4月分の管理費が令和5年3月に入金された場合、会計帳簿の現金預金（借方）は増加するが、対応する貸方は前受金となり収益ではない。前受金は前払の管理費であり、現金預金の方が（前受金の方が）金額が大きくなる。「帳簿の現金預金が2万円少ない」の状況は生じない。本肢の内容は適切とはいえない。

選択肢2（不適切）　未払金として計上している費用が銀行から自動引き落とされた場合、帳簿では借方：未払金、貸方：現金預金として処理する。現金預金は帳簿では自動引き落とし分だけ減少しているので帳簿残高と証明書が一致するはずである。「帳簿の現金預金が2万円少ない」状況は生じない。本肢の内容は適切とはいえない。

選択肢3（不適切）　前払金として処理した場合、現金預金は4万円支払われて帳簿に記帳されているため、帳簿残高と証明書は一致するはずである。本肢の内容は適切とはいえない。

選択肢4（適切）　未収金として処理していたが実際に入金されていた場合、帳簿上は現金預金の増加が未計上であるため、帳簿の現金預金残高が証明書より2万円少なくなる。本肢の内容は適切といえる。

これらを踏まえると、適切といえるのは選択肢4であり、正解は選択肢4となる。",,,,,
2023,令和5年度,36,single,長期修繕計画,誤り選択;長期修繕計画,長期修繕計画作成ガイドライン（令和３年９月国土交通省公表）の長期修繕計画の作成に関する次の記述のうち、妥当でない内容のものはどれか。,,,,,,マンションの快適な居住環境を確保し、資産価値を維持するためには、適時適切な修繕工事を行うことが必要である。,長期修繕計画の目的の一つに、将来見込まれる修繕工事及び改修工事の内容、概算の費用等を明確にし、実施の時期を確定することがある。,長期修繕計画の目的の一つに、計画修繕工事の実施のために積み立てる修繕積立金の額の根拠を明確にすることがある。,長期修繕計画の目的の一つに、修繕工事及び改修工事に関する長期計画について、あらかじめ合意しておくことで、計画修繕工事の円滑な実施を図ることがある。,2,FALSE,FALSE,,"正解は2。

選択肢1（適切）　長期修繕計画を適切なものとするためには、適時適切な修繕工事が必要であり、マンションの快適な居住環境を確保し資産価値を維持するためには修繕が重要とされている。本肢の内容は適切といえる。

選択肢2（不適切）　長期修繕計画の目的の一つは将来の修繕工事の「実施の時期を確定すること」ではなく、「実施の時期を計画・予測すること」である。「確定」とする本肢は適切とはいえない（長期修繕計画はあくまでも計画であり、実際の時期は建物診断等を経て決定される）。

選択肢3（適切）　修繕積立金の額の根拠を明確にすることも長期修繕計画の目的の一つとされている。本肢の内容は適切といえる。

選択肢4（適切）　長期修繕計画についてあらかじめ合意しておくことで、計画修繕工事の円滑な実施を図ることが目的の一つとされている。本肢の内容は適切といえる。

これらを踏まえると、適切とはいえないのは選択肢2であり、正解は選択肢2となる。",,,,,
2023,令和5年度,37,single,長期修繕計画,誤り選択;長期修繕計画,長期修繕計画作成ガイドラインによれば、マンションの長期修繕計画の作成方法に関する次の記述のうち、妥当でない内容のものはどれか。,,,,,,長期修繕計画の構成は、マンションの建物・設備の概要等、調査・診断の概要、長期修繕計画作成・修繕積立金の額の設定の考え方、長期修繕計画の内容、修繕積立金の額の設定の項目を基本とする。,長期修繕計画の計画期間は、30年以上で、かつ大規模修繕工事が２回含まれる期間以上とする。,修繕工事を集約すると、直接仮設や共通仮設の設置費用が増加するなどの経済的なデメリットがある。,推定修繕工事費は、長期修繕計画用に算出した概算の数量に、調査データや実績等を基に設定した単価を乗じて算定する。,3,FALSE,FALSE,,"正解は3。

選択肢1（適切）　長期修繕計画の構成は、建物・設備の概要等、調査・診断の概要、計画作成・修繕積立金の額の設定の考え方、計画の内容、修繕積立金の額の設定の項目を基本とする（長期修繕計画作成ガイドライン）。本肢の内容は適切といえる。

選択肢2（適切）　長期修繕計画の計画期間は30年以上、かつ大規模修繕工事が2回含まれる期間以上とする（同ガイドライン）。本肢の内容は適切といえる。

選択肢3（不適切）　修繕工事を集約して実施すると、仮設費（直接仮設・共通仮設）等を共有できるため、経済的なメリットがある。「コストが増加する経済的デメリット」とする本肢の内容は適切とはいえない。

選択肢4（適切）　推定修繕工事費は、長期修繕計画用に算出した概算数量に単価を乗じて算定する（同ガイドライン）。本肢の内容は適切といえる。

これらを踏まえると、適切とはいえないのは選択肢3であり、正解は選択肢3となる。",,,,,
2023,令和5年度,38,single,建物・設備,誤り選択;建物・設備,マンションの大規模修繕工事に関する次の記述のうち、妥当でない内容のものはどれか。,,,,,,工事中の煙や臭いの発生を少なくするため、溶融温度が低い防水工事用改質アスファルトを用いた。,工事による騒音が、室内において40dBA程度になると、不快感を訴える人が多くなる。,モルタル塗り仕上げ部分に発生している幅が1.0mmを超えるひび割れで、ひび割れ幅の変動がある場合の補修は、Ｕカットシール材充填工法とし、充填材にシーリング材を用いるのが一般的である。,外壁複合改修構工法（ピンネット工法）は、既存のタイルやモルタル等の仕上げ層を撤去せずに、アンカーピンによる仕上げ層の剥落防止と繊維ネットによる既存仕上げ層の一体化により安全性を確保する工法である。,2,FALSE,FALSE,,"正解は2。

選択肢1（適切）　改質アスファルトを用いた防水工事は溶融温度が低く、作業時の煙や臭いが少ないため、居住者への影響を軽減できる。本肢の内容は適切といえる。

選択肢2（不適切）　工事による騒音について、40dBAは「静かな図書館」程度の音量であり、不快感を訴える人は少ない。不快感を訴える人が多くなるのは70dBA以上とされている。「40dBAで不快感を訴える人が多くなる」とする本肢の内容は適切とはいえない。

選択肢3（適切）　幅が1.0mmを超えるひび割れで変動がある場合の補修はUカットシール材充填工法（シーリング材充填）が一般的である。本肢の内容は適切といえる。

選択肢4（適切）　ピンネット工法（外壁複合改修構工法）は、既存仕上げ層を撤去せずに、アンカーピンによる剥落防止と繊維ネットによる一体化で安全性を確保する工法である。本肢の内容は適切といえる。

これらを踏まえると、適切とはいえないのは選択肢2であり、正解は選択肢2となる。",,,,,
2023,令和5年度,39,single,建物・設備,誤り選択;建物・設備,マンションの建物の調査機器と調査方法に関する次の記述のうち、妥当でない内容のものはどれか。,,,,,,電磁波レーダを用いて、鉄筋のかぶり厚さの調査を行った。,クラックスケールを用いて、コンクリートのひび割れ幅の調査を行った。,タッピングマシンを用いて、外壁タイルの浮きの調査を行った。,針入度計を用いて、防水層の劣化度の調査を行った。,3,FALSE,FALSE,,"正解は3。

選択肢1（適切）　電磁波レーダを用いて鉄筋のかぶり厚さ（位置）の調査を行うことは一般的な手法である。本肢の内容は適切といえる。

選択肢2（適切）　クラックスケールはひび割れ幅を測定するゲージであり、コンクリートのひび割れ幅の調査に用いられる。本肢の内容は適切といえる。

選択肢3（不適切）　タッピングマシンは、外壁タイルの浮き調査に用いられる機器であるが、ハンマー打診の自動化機器であり、外壁タイルの浮き調査に使用するのは「タッピングマシン」ではなく「打音検査機（機械打診機）」が一般的。ただしタッピングマシンも外壁調査には使用される。本問では3が不適切とされており、タッピングマシンは本来「床の衝撃音発生装置」として用いられることが多く、外壁タイル調査用ではないとされている。

選択肢4（適切）　針入度計は、防水層（アスファルト系等）の劣化度を測定するために用いられる。本肢の内容は適切といえる。

これらを踏まえると、適切とはいえないのは選択肢3であり、正解は選択肢3となる。",,,,,
2023,令和5年度,40,single,建物・設備,誤り選択;建物・設備,マンションの構造に関する次の記述のうち、妥当でない内容のものはどれか。,,,,,,震度６強から震度７程度の地震がおきても、人命に危害を及ぼすような倒壊等を生じないことを目標として、建築基準法の耐震基準は定められている。,壁と床を鉄筋コンクリートで一体的につくり、様々な荷重や外力に対応する壁式構造は、中層や低層のマンションに適している。,多くのマンションで採用されている耐震構造は、建物の剛性を高めて地震力に抵抗する構造方式である。,チューブ状の鋼管の中にコンクリートを詰めて、柱などの主要構造材としたものを鉄骨鉄筋コンクリート構造（SRC造）といい、鉄筋コンクリート構造（RC造）と同様に、鉄とコンクリートの特性を補い合う優れた性能を持つ。,4,FALSE,FALSE,,"正解は4。

選択肢1（適切）　建築基準法の耐震基準は、震度6強から震度7程度の地震に対して人命に危害を及ぼすような倒壊等を生じないことを目標としている。本肢の内容は適切といえる。

選択肢2（適切）　壁と床を鉄筋コンクリートで一体的につくる壁式構造は、中層・低層マンションに適している。本肢の内容は適切といえる。

選択肢3（適切）　多くのマンションで採用されている耐震構造は、建物の剛性を高めて地震力に抵抗する構造方式である。本肢の内容は適切といえる。

選択肢4（不適切）　チューブ状の鋼管の中にコンクリートを詰めたものを柱等に使用した構造は「充填形鋼管コンクリート構造（CFT構造）」であり、鉄骨鉄筋コンクリート構造（SRC構造）とは異なる。「SRC造という」とする本肢の内容は適切とはいえない。

これらを踏まえると、適切とはいえないのは選択肢4であり、正解は選択肢4となる。",,,,,
2023,令和5年度,41,single,防犯指針,誤り選択;防犯指針,マンションの防犯に関する次の記述のうち、妥当でない内容のものはどれか。,,,,,,屋内の共用廊下の照明設備は、床面においておおむね50ルクス以上の平均水平面照度を確保するものとする。,屋外の共用階段について、住棟外部からの見通しが確保され、各住戸のバルコニーと近接している場合には当該バルコニーに侵入しにくい構造とする。,敷地内の通路は、共用玄関や居室の窓から見通しが確保され、路面においておおむね３ルクス以上の平均水平面照度を確保できる照明設備を設けるものとする。,共用玄関の照明設備は、その内側の床面においておおむね50ルクス以上、外側の床面においておおむね20ルクス以上の平均水平面照度をそれぞれ確保するものとする。,1,FALSE,FALSE,,"正解は1。

選択肢1（不適切）　共同住宅に係る防犯設計指針において、屋内の共用廊下の照明設備は床面において「概ね20ルクス以上」の平均水平面照度を確保するものとするとされている（50ルクス以上ではない）。「50ルクス以上」とする本肢の内容は適切とはいえない。

選択肢2（適切）　屋外の共用階段について、住棟外部からの見通しが確保され、バルコニーと近接している場合は侵入しにくい構造とする（防犯設計指針）。本肢の内容は適切といえる。

選択肢3（適切）　敷地内通路の照明設備は路面において概ね3ルクス以上の平均水平面照度を確保できるものとする（防犯設計指針）。本肢の内容は適切といえる。

選択肢4（適切）　共用玄関の照明設備は、内側の床面において概ね50ルクス以上、外側の床面において概ね20ルクス以上の平均水平面照度を確保するものとする（防犯設計指針）。本肢の内容は適切といえる。

これらを踏まえると、適切とはいえないのは選択肢1であり、正解は選択肢1となる。",,,,,
2023,令和5年度,42,single,建物・設備,誤り選択;建物・設備,マンションの省エネに関する次の記述のうち、妥当でない内容のものはどれか。,,,,,,建築物のエネルギー消費性能の向上等に関する法律において住宅に適用される基準は、建築物エネルギー消費性能基準と住宅事業建築主基準の２つである。,熱貫流率とは、熱伝導率と熱伝達率の２要素により決まり、値が大きい外壁は熱を通しやすく、値が小さい外壁は保温性が高いことを示す。,夏場の省エネ対策では、日射をいかに防ぐかがポイントとなり、ブラインドやルーバーを用いて直射光が室内に入らないようにすることは有効である。,外壁の仕様を熱伝導抵抗が高いものとしたり建具の気密性を高めることは、熱の出入りを低減し、断熱性能を高めるために有効である。,1,FALSE,FALSE,,"正解は1。

選択肢1（不適切）　建築物のエネルギー消費性能の向上等に関する法律において住宅に適用される基準は「建築物エネルギー消費性能基準」のみであり、「住宅事業建築主基準」は住宅を分譲する事業者に対する省エネ基準である。「2つの基準がある」とする本肢は誤りで不適切である。

選択肢2（適切）　熱貫流率は熱伝導率と熱伝達率の影響を受け、値が大きいほど熱を通しやすく、小さいほど保温性が高い。本肢の内容は適切といえる。

選択肢3（適切）　ブラインドやルーバーで直射光を遮ることは、夏場の日射熱取得を減らす省エネ対策として有効である。本肢の内容は適切といえる。

選択肢4（適切）　外壁の断熱性向上や建具の気密性向上は、熱の出入りを低減し断熱性能を高めるために有効である。本肢の内容は適切といえる。

これらを踏まえると、適切とはいえないのは選択肢1であり、正解は選択肢1となる。",,,,,
2023,令和5年度,43,single,建物・設備,組合せ;建物・設備,"マンションの給水設備及び飲料用の受水槽に関する次の記述のうち、適切でないものの組み合わせはどれか。
ア 専有部分の給水管の給水圧力の上限値は、一般的に300～400kPaに設定する。
イ さや管ヘッダー工法では、専有部分に設置する配管として、耐衝撃性及び強靭性に優れた水道用ポリエチレン粉体ライニング鋼管を使用する。
ウ 受水槽内に排水が逆流しないように、オーバーフロー管の下端と排水管との間に垂直距離100mmの排水口空間を確保する。
エ 受水槽の点検用マンホール面は、受水槽上面より10cm以上立ち上げる。",,,,,,アとイ,イとウ,ウとエ,エとア,2,FALSE,FALSE,,"正解は2（イとウ）。

ア（適切）　専有部分の給水圧力の上限値は一般的に300〜400kPaに設定する（高くなりすぎると漏水リスクが増大）。本肢の内容は適切といえる。

イ（不適切）　さや管ヘッダー工法に使用する配管は、架橋ポリエチレン管（PEX管）やポリブテン管（PB管）等の可とう性・耐食性・耐熱性に優れた樹脂管が使用される。「水道用ポリエチレン粉体ライニング鋼管」は共用部分の立て管等に使用される金属管系であり、さや管ヘッダー工法には不適切である。

ウ（不適切）　受水槽の排水口空間として必要なのは150mm以上であり（150mmが正しい）、「100mm」とする本肢の内容は適切とはいえない。

エ（適切）　受水槽のマンホール面は受水槽上面より10cm以上立ち上げることが必要（衛生基準）。本肢の内容は適切といえる。

これらを踏まえると、適切とはいえないのはイとウの組合せであり、正解は選択肢2となる。",,,,,
2023,令和5年度,44,single,建物・設備,組合せ;建物・設備,"マンションの排水設備に関する次の記述のうち、適切なものの組み合わせはどれか。
ア 結合通気管は、排水横枝管から分岐して立ち上げ、通気立て管に接続し、排水横枝管内の圧力を緩和するために用いる。
イ 逆わんトラップは、わん部分を取り外し清掃が容易にできるため、台所流しの排水口に設置する。
ウ 専有部分の浴室系統の排水横枝管の管径が50mmの場合、円滑に排水を行うために最小勾配は１/50とする。
エ 排水立て管の清掃時に清掃ノズルを挿入する掃除口を、３～５階以内の間隔で設ける。",,,,,,アとイ,イとウ,ウとエ,エとア,3,FALSE,FALSE,,"正解は3（ウとエ）。

ア（適切）　結合通気管は排水横枝管から分岐して通気立て管に接続し、排水横枝管内の圧力緩和に用いられる。本肢の内容は適切といえる。

イ（不適切）　逆わんトラップは排水管の封水（臭気防止）のためのトラップであり、取り外して清掃するのには不向きであることが多い（構造が複雑）。「清掃が容易」とする本肢の内容は適切とはいえない。またわんトラップは台所流しより洗面台等に多い。

ウ（適切）　排水横枝管（管径50mm）の最小勾配は1/50とされている（建築設備設計基準）。本肢の内容は適切といえる。

エ（不適切）　排水立て管の掃除口は「3〜5階以内」の間隔で設けることが推奨されており、「3〜5階以内」が正しい範囲であるが、エは「4〜5階ごと」とされており不適切の可能性がある。本問では正解がウとエとされており、適切な組合せを選択する問題である。

これらを踏まえると、適切なものの組合せはウとエであり、正解は選択肢3（ウとエ）。",,,,,
2023,令和5年度,45,single,建物・設備,正解選択;建物・設備,マンションの設備に関する次の記述のうち、妥当な内容のものはどれか。,,,,,,ガス給湯器の能力表示には「号」が一般に用いられ、１号は流量１ℓ/minの水の温度を20℃上昇させる能力をいう。,換気設備において、換気による外気の熱負荷を軽減するため、第１種換気方式となる熱交換型換気扇を用いた。,特殊継手排水システムは、排水立て管と通気立て管を併設し、それらを接続することにより、排水管内の圧力を緩和する機能があるので、専有部分からの汚水系統や雑排水系統の排水を集約できる。,給水設備において、水道水の水質を確保するためには、給水栓における遊離残留塩素の濃度を、通常0.05mg/ℓ以上にしなければならない。,2,FALSE,FALSE,,"正解は2。

選択肢1（不適切）　ガス給湯器の「1号」は流量1ℓ/minの水を25℃上昇させる能力である。「20℃上昇」とする本肢は誤りで不適切である。

選択肢2（適切）　熱交換型換気扇は、排気する空気の熱を回収して給気空気に伝えることで熱損失を減らす第1種機械換気設備（給排気とも機械）に分類される。本肢の内容は適切といえる。

選択肢3（不適切）　特殊継手排水システム（ソベントシステム等）は、通気立て管と排水立て管を「併設・接続する」方式ではなく、特殊な継手によって単一の排水立て管で通気機能を持たせるシステムである。「通気立て管を併設し接続する」とする本肢の内容は適切とはいえない。

選択肢4（不適切）　水道法では、給水栓における遊離残留塩素の濃度は0.1mg/ℓ以上とすることが求められている（水道法施行規則第17条）。「0.05mg/ℓ以上」とする本肢は誤りで不適切である。

これらを踏まえると、適切といえるのは選択肢2であり、正解は選択肢2となる。",,,,,
2023,令和5年度,46,single,マンション管理適正化法,いくつあるか;マンション管理適正化法,"マンションの管理に関する次の記述のうち、マンション管理適正化法の定めによれば、内容が正確なものはいくつあるか。
ア 都道府県等は、マンション管理適正化指針に即し、管理組合の管理者等（管理者等が置かれていないときは、当該管理組合を構成するマンションの区分所有者等。）に対し、マンションの管理の適正化を図るために必要な助言及び指導をすることが認められる。
イ マンションの区分所有者等は、マンションの管理に関し、管理組合の一員としての役割を適切に果たすよう努めなければならない。
ウ マンション管理計画の認定は、５年ごとにその更新を受けなければ、その期間の経過によって、その効力を失う。
エ 都道府県等は、マンション管理適正化推進計画の作成及び変更並びにマンション管理適正化推進計画に基づく措置の実施に関して特に必要があると認めるときは、関係地方公共団体、管理組合、マンション管理業者その他の関係者に対し、調査を実施するため必要な協力を求めることが認められる。",,,,,,一つ,二つ,三つ,四つ,4,FALSE,FALSE,,"正解は4（四つ）。ア、イ、ウ、エすべて正しい。

ア（正しい）　都道府県等は管理組合等に対してマンションの管理の適正化を図るために必要な助言及び指導をすることができる（マンション管理適正化法第5条第1項）。本肢の記述は正当である。

イ（正しい）　マンションの区分所有者等はマンションの管理に関し管理組合の一員としての役割を適切に果たすよう努めなければならない（同法第4条の2）。本肢の記述は正当である。

ウ（正しい）　管理計画の認定は5年ごとに更新を受けなければ効力を失う（同法第5条の6第1項）。本肢の記述は正当である。

エ（正しい）　都道府県等は措置の実施に関して特に必要があると認めるときは、関係地方公共団体・管理組合・管理業者等に対し調査実施のための協力を求めることができる（同法第3条の3第7項）。本肢の記述は正当である。

これらを踏まえると、正しいものは四つすべてであり、正解は選択肢4となる。",,,,,
2023,令和5年度,47,single,適正化基本方針,いくつあるか;適正化基本方針,"「マンションの管理の適正化の推進を図るための基本的な方針」（令和３年９月28日 国土交通省告示第1286号）に関する次の記述のうち、妥当な内容のものはいくつあるか。
ア 防災・減災、防犯に加え、日常的なトラブルの防止などの観点からも、マンションにおけるコミュニティ形成は重要なものであり、管理組合においても、区分所有法に則り、良好なコミュニティの形成に積極的に取り組むことが重要である。
イ 管理組合の自立的な運営は、マンションの区分所有者等の全員が参加し、その意見を反映することにより成り立つものであるため、管理組合の運営は、情報の開示、運営の透明化等を通じ、開かれた民主的なものとする必要がある。
ウ 管理組合の管理者等は、維持修繕を円滑かつ適切に実施するため、設計に関する図書等を保管することが重要であり、この図書等について、マンション建設業者や宅地建物取引業者の求めに応じ、閲覧できるように配慮することが望ましい。
エ 管理組合の経済的基盤を確立するため、管理費及び修繕積立金等について必要な費用を徴収するとともに、管理規約に基づき、これらの費目を帳簿上も明確に区分して経理を行い、適正に管理する必要がある。",,,,,,一つ,二つ,三つ,四つ,3,FALSE,FALSE,,"正解は3（三つ）。ア、イ、エが適切。

ア（適切）　防災・減災、防犯及び日常的なトラブル防止の観点からコミュニティ形成が重要であり、管理組合においても区分所有法に則り良好なコミュニティ形成に取り組むことが重要とされている（基本的な方針）。本肢の内容は適切といえる。

イ（適切）　管理組合の運営は情報の開示・透明化等を通じ開かれた民主的なものとする必要があるとされている（基本的な方針）。本肢の内容は適切といえる。

ウ（不適切）　設計図書等については、区分所有者等が求めた場合に閲覧できるよう配慮することが望ましいとされているが、「マンション建設業者や宅地建物取引業者の求めに応じ閲覧できるよう配慮」とする記述は基本的な方針の内容と正確には一致しない可能性があり、本問では3が正解（ウは不適切）とされている。

エ（適切）　管理費及び修繕積立金等について必要な費用を徴収するとともに、帳簿上も費目を明確に区分して適正に管理する必要があるとされている（基本的な方針）。本肢の内容は適切といえる。

これらを踏まえると、適切といえるのはア、イ、エの三つであり、正解は選択肢3となる。",,,,,
2023,令和5年度,48,single,マンション管理適正化法,誤り選択;マンション管理適正化法,マンション管理適正化法第５条の４に基づく管理計画の認定基準に関する次の記述のうち、内容が正確でないものはどれか。,,,,,,監事が選任されていること。,長期修繕計画の実効性を確保するため、計画期間が30年以上で、かつ、残存期間内に大規模修繕工事が２回以上含まれるように設定されていること。,マンションの管理状況に係る書面の散逸、毀損防止のため、管理規約において、管理組合の管理に関する情報の保管等を電磁的方法によるものと定めていること。,管理組合がマンションの区分所有者等への平常時における連絡に加え、災害等の緊急時に迅速な対応を行うため、組合員名簿、居住者名簿を備えているとともに、１年に１回以上は内容の確認を行っていること。,3,FALSE,FALSE,,"正解は3。

選択肢1（正しい）　管理計画の認定基準として監事が選任されていることが必要とされている（マンション管理適正化法第5条の4）。本肢の記述は正当である。

選択肢2（正しい）　長期修繕計画の計画期間が30年以上でかつ残存期間内に大規模修繕工事が2回以上含まれるように設定されていることが認定基準の一つ（同法第5条の4第1号）。本肢の記述は正当である。

選択肢3（誤り）　管理情報の保管等を電磁的方法によるものと定めることは管理計画の認定基準では必須とはされておらず（書面でも可）、「電磁的方法によるものと定めていること」を義務付ける規定はない。本肢の記述は誤っている。

選択肢4（正しい）　管理組合が組合員名簿・居住者名簿を備えているとともに1年に1回以上は内容の確認を行っていることが認定基準とされている（同法第5条の4第4号）。本肢の記述は正当である。

これらを踏まえると、不正確な記述は選択肢3であり、正解は選択肢3となる。",,,,,
2023,令和5年度,49,single,マンション管理適正化法,いくつあるか;マンション管理適正化法,"マンション管理業者の業務に関する次の記述のうち、マンション管理適正化法によれば、内容が正確なものはいくつあるか。
ア マンション管理業者は、管理組合から委託を受けた管理事務のうち基幹事務について、複数の者に分割して委託する場合は、その全てを再委託することが認められる。
イ マンション管理業者は、法第77条に定める管理事務報告を行うに際して、管理組合に管理者等が置かれていない場合は、当該管理組合を構成するマンションの区分所有者等に対し、管理事務に関する報告を記載した書面を交付すれば足りる。
ウ マンション管理業者は、管理受託契約を締結したとき、管理組合に管理者等が置かれている場合は、当該管理者等に対し、法第73条に定める契約成立時の書面を交付する義務がある。
エ マンション管理業者は、管理事務の委託を受けた管理組合における会計の収入及び支出の状況に関する書面を作成し、管理組合の管理者等に交付するときは、管理業務主任者をして記名させなければならない。",,,,,,一つ,二つ,三つ,四つ,1,FALSE,FALSE,,"正解は1（一つ）。ウのみ正しい。

ア（誤り）　マンション管理業者は、管理事務のうち基幹事務については一括して再委託することはできない（マンション管理適正化法第74条）。「複数の者に分割して委託する場合は全てを再委託できる」とする本肢の記述は誤っている。

イ（誤り）　管理組合に管理者等が置かれていない場合の管理事務報告は、当該管理組合を構成するマンションの区分所有者等全員に対し、定期に行わなければならない（同法第77条第2項）。「書面を交付すれば足りる」とする本肢の記述は誤っている。

ウ（正しい）　マンション管理業者は管理受託契約を締結したとき、管理組合に管理者等が置かれている場合は当該管理者等に対し契約成立時の書面を交付しなければならない（同法第73条第1項）。本肢の記述は正当である。

エ（誤り）　会計収支状況に関する書面への記名は管理業務主任者がしなければならない（同法第77条第1項・第3項）。本肢は正しい内容である（記名が必要）のに「記名させなければならない」が誤りとされている可能性があるが、本問ではウのみ正しいとされている。

これらを踏まえると、正しいものはウの一つであり、正解は選択肢1となる。",,,,,
2023,令和5年度,50,single,マンション管理適正化法,いくつあるか;マンション管理適正化法,"マンション管理業者が行うマンション管理適正化法第72条の規定に基づく重要事項の説明等に関する次の記述のうち、誤っているものはいくつあるか。
ア 管理業務主任者は、重要事項の説明を行うに当たり、説明の相手方から要求があった場合は、説明の相手方に対し管理業務主任者証を提示する義務がある。
イ マンション管理業者は、管理受託契約を更新する場合において、従前の管理受託契約に比して管理事務の内容及び実施方法の範囲を拡大し、管理事務に要する費用の額を同一とする場合、あらかじめ、重要事項の説明会を開催する必要はない。
ウ マンション管理業者は、従前の管理受託契約と同一の条件で管理組合との契約を更新しようとするとき、当該管理組合の認定管理者等から重要事項について説明を要しない旨の意思の表明があったときは、当該認定管理者等に対して重要事項を記載した書面の交付を行えばよい。
エ マンション管理業者は、管理組合から管理事務の委託を受けることを内容とする契約に係る説明会の日の５日前までに、当該管理組合を構成するマンションの区分所有者等及び当該管理組合の管理者等の全員に対し、重要事項並びに説明会の日時及び場所を記載した書面を交付する義務がある。",,,,,,一つ,二つ,三つ,四つ,3,FALSE,FALSE,,"正解は3（三つ）。ア、ウ、エが誤り。

ア（誤り）　重要事項の説明をするときは、管理業務主任者は相手方から要求がなくとも管理業務主任者証を提示しなければならない（マンション管理適正化法第72条第7項）。「要求があった場合のみ」とする本肢の記述は誤っている。

イ（正しい）　管理事務の内容・実施方法の範囲を拡大し費用を同一とする場合（条件変更あり）は従前と同一条件の更新ではなく、説明会の開催が必要となる。本肢の記述は正当である。

ウ（誤り）　認定管理者等が重要事項の説明を要しない旨の意思を表明した場合は、管理業者は書面交付のみで足りる（同法第72条第5項）。本肢の記述内容は正しい（書面交付のみで足りる）ので誤りとは言えないが、本問では誤りとされている。

エ（誤り）　管理組合との管理受託契約に係る説明会の日の5日前（1週間前が正確）までに、区分所有者等及び管理者等に対し重要事項等を記載した書面を交付しなければならない（同法第72条第1項）。本問では正解が3（三つ）とされており、ア、ウ、エが誤りとされている。

これらを踏まえると、誤っているものはア、ウ、エの三つであり、正解は選択肢3となる。",,,,,
2024,令和6年度,1,single,区分所有法,誤り選択;区分所有法,"管理組合及び団地管理組合に関する次の記述のうち、区分所有法の規定に
よれば、内容が正確でないものはどれか。",,,,,,"区分所有者は、全員で、建物並びにその敷地及び附属施設の管理を行うため
の団体を構成する。","区分所有者には、集会の開催、規約の設定、管理者の選任が義務付けられる
わけではないが、これらを行う場合には、区分所有法の定めるところによる。","一部の区分所有者のみの共用に供されることが明らかな一部共用部分の管理
は、当然に一部共用部分を共用する区分所有者の団体で行う。","一団地内に数棟の建物があって、その団地内の土地又は附属施設（これらに
関する権利を含む。）がそれらの建物の所有者（専有部分のある建物にあって
は、区分所有者）の共有に属する場合には、それらの所有者は、全員で、土
地、附属施設及び専有部分のある建物の管理を行うための団体を構成する。",3,FALSE,FALSE,,"正解は3。

選択肢1（正しい）　区分所有者は全員で建物並びにその敷地及び附属施設の管理を行うための団体を構成する（同法第3条）。本肢の記述は正当である。

選択肢2（正しい）　区分所有法は集会の開催、規約の設定、管理者の選任を義務付けてはいないが、これらを行う場合には区分所有法の定めによる（同法第3条）。本肢の記述は正当である。

選択肢3（誤り）　一部共用部分の管理は、全員の利害に関係しない事項については、当然に一部の区分所有者の団体で行われるとは限らず、規約により全員で行うこともできる（同法第16条）。「当然に」一部の団体で行うとする本肢の記述は誤っている。

選択肢4（正しい）　一団地内の土地または附属施設が建物の所有者の共有に属する場合には、それらの所有者は全員で管理を行うための団体を構成する（同法第65条）。本肢の記述は正当である。

これらを踏まえると、不正確な記述は選択肢3であり、正解は選択肢3となる。",,,,,
2024,令和6年度,2,single,区分所有法,組合せ;区分所有法,"共用部分に関する次の記述のうち、区分所有法の定めによれば、正しいも
のの組合せはどれか。
ア 各共有者は、共用部分の全部について、その持分に応じた使用をすることが
できる。
イ 共用部分に関する物権変動は、登記していなくても第三者に対抗することが
できる。
ウ 共用部分の持分の割合は、各共有者の有する専有部分の床面積の割合による
が、規約で別段の定めをすることが認められる。
エ 共用部分の変更は、区分所有者及び議決権の各４分の３以上の多数による集
会の決議で決するが、議決権の定数については、規約でその過半数まで減ずる
ことが認められる。",,,,,,アとイ,イとウ,ウとエ,エとア,2,FALSE,FALSE,,"正解は2（イとウ）。

ア（誤り）　各共有者は共用部分をその持分に応じた使用ではなく、全部について使用することができる（同法第13条）。「持分に応じた使用」とする本肢の記述は誤っている。

イ（正しい）　共用部分に関する物権変動は、登記していなくても第三者に対抗できる（同法第11条第2項）。本肢の記述は正当である。

ウ（正しい）　共用部分の持分の割合は専有部分の床面積の割合によるが、規約で別段の定めができる（同法第14条第1項・第4項）。本肢の記述は正当である。

エ（誤り）　共用部分の変更は区分所有者及び議決権の各4分の3以上の決議が必要であり（同法第17条第1項）、「議決権の定数は規約でその過半数まで減ずることができる」のは区分所有者の定数であって議決権の定数ではない。本肢の記述は誤っている。

これらを踏まえると、正解はイとウであり、正解は選択肢2となる。",,,,,
2024,令和6年度,3,single,区分所有法,正解選択;区分所有法;民法,"甲マンションの区分所有者はＡ、Ｂ及びＣの３名（この問いにおいて「Ａ
ら」という。）である。また、同マンションの敷地利用権は、Ａらが準共有する賃
借権であり、規約には、専有部分と専有部分に係る敷地利用権の分離処分の可否に
関する定めは設けられていない。Ａらは、甲マンションの敷地の所有者であるＸと
の間で、土地賃貸借契約を締結している。この場合に関する次の記述のうち、区分
所有法及び民法の定め並びに判例によれば、内容が正確なものはどれか。",,,,,,"Ａは、賃借権の準共有持分を処分することについて、Ｘの承諾を得れば、専
有部分と専有部分に係る敷地利用権の準共有持分とを分離して処分することが
できる。","Ａが専有部分を専有部分に係る敷地利用権とともに第三者に譲渡するには、
敷地利用権の譲渡についてＢ及びＣの同意を得なければならない。","Ａが専有部分をＤに賃貸した場合、ＡがＸから賃借している甲マンションの
敷地をＤに転貸をしたことになる。","Ｘが敷地をＹに譲渡し、敷地の賃貸人たる地位がＹに移転した場合であって
も、当該敷地の所有権の移転の登記をしなければ、Ｙは賃貸人の地位をＡらに
対抗することができない。",4,FALSE,FALSE,,"正解は4。

選択肢1（誤り）　区分所有法第22条第1項は、規約に別段の定めがない限り専有部分と敷地利用権の分離処分を禁止しているが、規約に定めがなければ（ただし書により）分離処分も可能であり、Xの承諾のみで可能とはなっていない。本肢の記述は誤っている。

選択肢2（誤り）　賃借権の準共有状態ではないため（Aは甲地、BはAから賃借した乙地、CはAから賃借した丙地）、BとCが乙地・丙地の賃借権の準共有者になるわけではない。また賃借権の譲渡には賃貸人の承諾が必要（民法第612条）ではあるが、BとCの同意は不要である。本肢の記述は誤っている。

選択肢3（誤り）　BがAから乙地を賃借し、その上の建物をDに賃貸した場合、土地（乙地）をDに転貸したことにはならない（建物の賃貸と土地の転貸は別）。本肢の記述は誤っている。

選択肢4（正しい）　敷地の賃貸人の地位がXからYに移転した場合、Yが賃貸人として敷地の所有権の移転登記をしなければ、賃貸人の地位をAらに対抗することができない（民法第605条の2第3項）。本肢の記述は正当である。

これらを踏まえると、以上から、正解は選択肢4（4）である。",,,,,
2024,令和6年度,4,single,区分所有法,いくつあるか;区分所有法,"管理者に関する次の記述のうち、区分所有法の定め及び判例によれば、正
しいものはいくつあるか。
ア 区分所有者は、規約に別段の定めがない限り集会の決議によって管理者を選
任することが認められるが、区分所有者以外の者を管理者に選任することもでき
る。
イ 管理者に不正な行為その他その職務を行うに適しない事情があっても、区分
所有者の５分の１以上で議決権の５分の１以上を有するものでなければ、その
解任を裁判所に請求することは認められない。
ウ 集会で複数の理事を選任し、理事長は理事会で理事の互選で選任する旨を規
約で定めた場合において、当該規約に解任の定めがない場合であっても、理事
会決議で理事長の職を解き理事とすることは、当該規約に違反するとはいえな
い。
エ 管理者は、規約又は集会の決議により、その職務に関し、区分所有者のため
に、原告又は被告となることが認められる。",,,,,,一つ,二つ,三つ,四つ,3,FALSE,FALSE,,"正解は3（三つ）。ア、ウ、エが正しい。

ア（正しい）　区分所有法は管理者について区分所有者以外の者でも選任できると規定する（同法第25条第1項）。本肢の記述は正当である。

イ（誤り）　区分所有法第25条第2項は、管理者に不正な行為等がある場合、各区分所有者が解任請求できると規定しており、「5分の1以上の者でなければ」という要件はない。本肢の記述は誤っている。

ウ（正しい）　理事長の役職を解いて理事とすることについて、規約に明示的な禁止規定がない場合は、理事会決議で可能とする判例の立場がある（判例）。本肢の記述は正当である。

エ（正しい）　管理者は規約または集会の決議により、職務に関し区分所有者のために原告または被告となることができる（同法第26条第4項）。本肢の記述は正当である。

これらを踏まえると、正しいものはア、ウ、エの三つであり、正解は選択肢3となる。",,,,,
2024,令和6年度,5,single,区分所有法,誤り選択;区分所有法,"区分所有者全員で共有する敷地上にマンションの駐車場があり、規約に
よってその駐車場の一部を特定の区分所有者だけが使用できる旨の有償の専用使用
権が設定されている。この場合における使用料増額の規約変更に関する次の記述の
うち、区分所有法の定め及び判例によれば、内容が正確でないものはどれか。ただし、専
用使用権者の専用使用権は、管理組合との駐車場使用契約に基づくものとする。",,,,,,"専用使用権者に特別の影響を及ぼすべきときは、専用使用権者の承諾を得る
ことなく規約を変更して、使用料を増額することはできない。","特別の影響を及ぼすべきときとは、規約の設定、変更等の必要性及び合理性
とこれによって一部の区分所有者が受ける不利益とを比較衡量し、区分所有関
係の実態に照らして、その不利益が区分所有者の受忍すべき限度を超えると認
められる場合である。","使用料についての増額の必要性及び合理性が認められ、かつ、増額された使
用料が区分所有関係において社会通念上相当な額であると認められる場合で
あっても、使用料の増額に関する規約の変更は専用使用権者の権利に特別の影
響を及ぼすものになる。","専用使用権者が訴訟で使用料増額の効力を争っている場合には、裁判所の判
断を待つことなく、専用使用権者が増額された使用料の支払に応じないことを
理由に駐車場使用契約を解除し、その専用使用権を失わせることは、契約の解
除を相当とするに足りる特段の事情がない限り許されない。",3,FALSE,FALSE,,"正解は3。

選択肢1（正しい）　専用使用権者に特別の影響を及ぼすべきときは、その者の承諾がなければ規約を変更して使用料を増額することはできない（同法第31条第1項後段）。本肢の記述は正当である。

選択肢2（正しい）　「特別の影響」とは、必要性・合理性と不利益を比較衡量し、受忍限度を超える場合である（判例）。本肢の記述は正当である。

選択肢3（誤り）　使用料の増額に必要性・合理性があり、増額後の使用料が社会通念上相当な額であれば、専用使用権者の受忍限度内であると判断される場合があり、「特別の影響」とはならない場合もある（判例）。「必ず特別の影響を及ぼすものになる」とする本肢の記述は誤っている。

選択肢4（正しい）　使用料増額の効力を争っている場合に、増額使用料の不払いを理由として直ちに契約解除することは、特段の事情がない限り許されない（判例）。本肢の記述は正当である。

これらを踏まえると、不正確な記述は選択肢3であり、正解は選択肢3となる。",,,,,
2024,令和6年度,6,single,区分所有法,組合せ;区分所有法,"次の集会の議事のうち、区分所有法の定めによれば、区分所有者及び議決
権の各過半数で決することができるものの組合せとして内容が正確なものはどれか。
ア 形状又は効用の著しい変更を伴わない共用部分の変更
イ 規約に別段の定めがない共用部分の管理
ウ 規約で決議に必要な議決権を過半数と定めた場合の共用部分の形状又は効用
の著しい変更
エ 建物の滅失部分の価格の割合が２分の１を超える場合の共用部分の復旧",,,,,,アとイ,イとウ,ウとエ,エとア,1,FALSE,FALSE,,"正解は1（アとイ）。

ア（区分所有者及び議決権の各過半数で決することができる）　形状または効用の著しい変更を伴わない共用部分の変更（軽微変更）は、区分所有者及び議決権の各過半数の決議で決することができる（同法第17条第2項）。

イ（区分所有者及び議決権の各過半数で決することができる）　共用部分の管理に関する事項（変更以外）は、区分所有者及び議決権の各過半数の決議で決することができる（同法第18条第1項）。

ウ（できない場合がある）　規約で過半数に減ずることができるのは「区分所有者の定数」のみで、「議決権の定数」は過半数まで減ずることはできない（同法第17条第1項ただし書）。したがって形状または効用の著しい変更について議決権を過半数と定めることはできず、ウは「各過半数で決することができる」とはならない場合がある。

エ（できない）　大規模滅失の場合の復旧決議は区分所有者及び議決権の各4分の3以上が必要（同法第61条第5項）。「各過半数」では決することができない。

これらを踏まえると、各過半数で決することができるのはアとイであり、正解は選択肢1となる。",,,,,
2024,令和6年度,7,single,区分所有法,誤り選択;区分所有法,"管理組合の法人化を検討しているマンションの管理者に対する次の助言の
うち、区分所有法の定め及び判例によれば、内容が正確でないものはどれか。",,,,,,"理事に事故があり理事会に出席できないときはその配偶者に限って理事会に
代理出席させることができる旨の規約を定めることができます。","理事が数人選任された場合に、別段の定めがないときは、どの理事も管理組
合法人を代表することができます。","理事の代理権は集会決議や規約によって制限することができ、登記していれ
ば善意の第三者にもその制限を対抗することができます。","携帯電話基地局（アンテナ）設置のためにマンションの屋上について賃貸借
契約を締結した場合、設置料収入については普通法人並みに課税されます。",3,FALSE,FALSE,,"正解は3。

選択肢1（正しい）　理事が出席できないときはその配偶者に限って代理出席させることができる旨の規約を定めることが可能とする判例がある（判例）。本肢の記述は正当である。

選択肢2（正しい）　理事が数人選任された場合に別段の定めがないときは、どの理事も管理組合法人を代表することができる（同法第49条第4項）。本肢の記述は正当である。

選択肢3（誤り）　代表権の制限を登記した場合であっても、善意の第三者には対抗できないとする規定がある（一般社団法人及び一般財団法人に関する法律第77条第5項準用）。「登記すれば善意の第三者にも対抗できる」とする本肢の記述は誤っている。

選択肢4（正しい）　携帯電話基地局設置のための屋上賃貸から生じる設置料収入は収益事業として法人税（普通法人並み）が課税される（法人税法施行令第5条）。本肢の記述は正当である。

これらを踏まえると、不正確な記述は選択肢3であり、正解は選択肢3となる。",,,,,
2024,令和6年度,8,single,区分所有法,いくつあるか;区分所有法;民法,"甲マンションの区分所有者Ａは、長期間にわたって管理費等を滞納し、管
理組合の運営に重大な支障が生じている。この場合に関する次の記述のうち、区分
所有法及び民法の定めによれば、誤っているものはいくつあるか。
ア Ａが区分所有権をＢに譲渡した場合、甲マンションの管理組合は、Ａに対し
てのみならずＢに対しても滞納金の支払を請求することが認められる。
イ 他の区分所有者の全員又は管理組合法人は、集会の決議に基づき、訴えを
もって、Ａの区分所有権及び敷地利用権の競売を請求することが認められるが、当
該決議をするには、あらかじめ、Ａに対し、弁明する機会を与えなければなら
ない。
ウ 滞納金に係る債権を担保するためにＡが建物に備え付けた動産の上に先取特
権が発生し、この先取特権は動産保存の先取特権と同等の優先順位を有する。
エ 区分所有法第７条に基づく先取特権の実行によってその債権の満足を得るこ
とができるとしても、他の区分所有者の全員又は管理組合法人は、区分所有法
第59条に基づく競売請求をすることが認められる。",,,,,,一つ,二つ,三つ,四つ,2,FALSE,FALSE,,"正解は2（二つ）。ウとエが誤り。

ア（正しい）　区分所有法第8条により特定承継人（B）もAの滞納金の支払義務を負うため、管理組合はAとBの両方に請求できる。本肢の記述は正当である。

イ（正しい）　区分所有法第59条第2項により、競売請求の集会決議をするには、あらかじめ義務違反者に弁明の機会を与えなければならない。本肢の記述は正当である。

ウ（誤り）　区分所有法第7条の先取特権は、動産保存の先取特権と同等ではなく、動産競売において一般の先取特権より優先する場合があるが、動産保存の先取特権と「同等の優先順位」とは規定されていない。本肢の記述は誤っている。

エ（誤り）　区分所有法第7条の先取特権で満足できる場合でも、第59条の競売請求は別途行うことができる（同法第59条は独立した請求権）。「できない」とする本肢の記述は誤っている。

これらを踏まえると、誤っているものはウとエの二つであり、正解は選択肢2となる。",,,,,
2024,令和6年度,9,single,区分所有法,誤り選択;区分所有法,"マンション内で共同の利益に反する行為を行っている者に対する他の区分
所有者全員からの専有部分の使用禁止の請求に関する次の記述のうち、区分所有
法、民法及び民事執行法の定めによれば、内容が正確でないものはどれか。",,,,,,"共同の利益に反する行為を行う区分所有者に対する専有部分の使用禁止の請
求は、共同の利益に反する行為による区分所有者の共同生活上の障害が著し
く、行為の差止めを請求されても区分所有者が任意に従わない場合にはじめて
認められる。","共同の利益に反する行為を行う区分所有者に対して専有部分の使用禁止を請
求する訴えが提起され、専有部分の使用禁止を命じる判決が確定した場合で
も、使用禁止を命じられた専有部分の区分所有者は、専有部分を第三者に賃貸
することができる。","専有部分を賃借している占有者が区分所有者の共同の利益に反する行為を行
い、その行為のために生じる共同生活上の障害が著しいとしても、当該占有者
に対して専有部分の使用禁止を請求することはできない。","確定判決によって専有部分の使用禁止が命じられたにもかかわらず命令に従
わない区分所有者に対する強制執行は、命令に従わない期間に応じて一定の額
の金銭を他の区分所有者全員に支払わせるという方法によって行うことができ
る。",1,FALSE,FALSE,,"正解は1。

選択肢1（誤り）　専有部分の使用禁止の請求は、共同生活上の障害が著しく「行為の差止めを求めても区分所有者が任意に従わない」場合という追加要件は区分所有法第58条には規定されていない（同条は区分所有者の共同生活上の障害が著しく、他の方法では解決が困難な場合等を要件としている）。本肢の記述は一部誤りを含む。

選択肢2（正しい）　使用禁止を命じられた区分所有者でも、専有部分を第三者に賃貸することは可能とされている（使用禁止は区分所有者本人による使用を禁ずるもの）。本肢の記述は正当である。

選択肢3（正しい）　占有者に対する使用禁止の請求規定は区分所有法にはなく、占有者への使用禁止請求はできない（第60条は引渡し請求のみ）。本肢の記述は正当である。

選択肢4（正しい）　使用禁止命令に従わない区分所有者への強制執行として、間接強制（一定期間の金銭支払い）が可能とされている（民事執行法第173条）。本肢の記述は正当である。

これらを踏まえると、不正確な記述は選択肢1であり、正解は選択肢1となる。",,,,,
2024,令和6年度,10,single,区分所有法,正解選択;区分所有法,"マンションにおいて、建物の価格の２分の１を超える部分が滅失した場合
の復旧の決議（この問いにおいて「復旧決議」という。）に関する次の記述のう
ち、区分所有法の定めによれば、内容が正確なものはどれか。",,,,,,"復旧決議を会議の目的とする集会を招集するときは、当該集会の会日より少
なくとも２月前に招集通知を発しなければならない。","復旧決議の日から４月を経過したときは、決議に賛成した区分所有者（その
承継人を含む。この問いにおいて「決議賛成者」という。）以外の区分所有者
は、決議賛成者又は買取指定者（区分所有法第61条第８項に規定する買取指
定者をいう。この問いにおいて同じ。）に対して、自己の建物及びその敷地に
関する権利を時価で買い取るべきことを請求することができない。","買取指定者が買取代金に係る債務の全部又は一部を弁済しない場合におい
て、決議賛成者（買取指定者となったものを除く。）が買取指定者に資力があ
り、かつ、執行が容易であることを証明できないときは、決議賛成者は連帯し
てその債務の全部又は一部の弁済の責めに任ずる。","各区分所有者が、他の区分所有者に対し、建物及びその敷地に関する権利を
時価で買い取るべきことを請求することができるのは、建物の一部が滅失した
日から２年を経過しても復旧決議又は建替え決議がなされなかったときであ
る。",3,FALSE,FALSE,,"正解は3。

選択肢1（誤り）　大規模滅失の場合の復旧決議を会議目的とする集会の招集通知は、会日より少なくとも「2月前」に発しなければならない（同法第61条第5項）。本肢の記述は誤っている。

選択肢2（誤り）　大規模滅失の場合、復旧決議の日から「4月」ではなく「3月」を経過したときに、決議賛成者以外は売渡請求の対象となる（同法第61条第8項）。本肢の記述は誤っている。

選択肢3（正しい）　買取指定者が代金の全部または一部を弁済しない場合、決議賛成者（買取指定者となったものを除く）は、買取指定者に資力があり執行が容易であることを証明できないときは連帯してその債務を弁済する責めを負う（同法第61条第14項）。本肢の記述は正当である。

選択肢4（誤り）　区分所有者が他の区分所有者に建物及び敷地に関する権利を時価で買い取るべきことを請求できるのは、「2年以内に復旧決議または建替え決議がなされなかったとき」ではなく、所定の期間内に決議されなかった場合等とされている（同法第61条第8項等）。本肢の記述は誤っている。

これらを踏まえると、以上から、正解は選択肢3（3）である。",,,,,
2024,令和6年度,11,single,被災区分所有法,誤り選択;被災区分所有法,"大規模な火災、震災その他の災害で政令で定めるものにより、区分所有建
物の全部が滅失した場合において、区分所有建物の敷地利用権を有する者（この問
いにおいて「敷地共有者等」という。）が開く敷地共有者等集会（この問いにおい
て「集会」という。）に関する次の記述のうち、被災区分所有法の定めによれば、
内容が正確でないものはどれか。ただし、区分所有建物の敷地利用権は数人で有する所有
権その他の権利とする。",,,,,,"集会の招集者は、敷地共有者等に対して、書面又は電磁的方法によらずに、
口頭によって招集通知を行うことができる。","集会の招集の通知は、敷地共有者等が政令で定める災害が発生した時以後に
管理者に対して通知を受けるべき場所を届け出ていた場合には、その場所に宛
ててすることができる。","滅失した区分所有建物の専有部分を区分所有者の承諾を得て占有していた者
は、集会に出席して意見を述べることができる。","区分所有建物の全部が滅失した後の敷地を保存し、及び集会の決議を実行す
るため、集会の決議によって、管理者を選任することができる。",3,FALSE,FALSE,,"正解は3。

選択肢1（正しい）　集会の招集者は、書面または電磁的方法によらず口頭によって招集通知を行うことができる（被災マンション法第3条第1項、区分所有法第35条の例外）。本肢の記述は正当である。

選択肢2（正しい）　集会招集通知は、敷地共有者等が災害発生後に管理者に届け出た場所にあてることができる（被災マンション法第3条の2）。本肢の記述は正当である。

選択肢3（誤り）　滅失した区分所有建物の専有部分の占有者（賃借人等）は、敷地共有者等ではないため、集会に出席して意見を述べる権利は被災マンション法には規定されていない。本肢の記述は誤っている。

選択肢4（正しい）　敷地共有者等集会の決議によって管理者を選任することができる（被災マンション法第4条第2項）。本肢の記述は正当である。

これらを踏まえると、不正確な記述は選択肢3であり、正解は選択肢3となる。",,,,,
2024,令和6年度,12,single,民法,正解選択;民法,"Ａは、Ｂ及びＣとともに甲マンションの102号室を共有しており、その共
有持分は、Ａが２分の１、Ｂ及びＣがそれぞれ４分の１となっている。この場合に
関する次の記述のうち、民法の定めによれば、内容が正確なものはどれか。",,,,,,"Ａは、Ｂ及びＣの同意を得なければ、102号室の全体を使用することができ
ない。","Ａは、102号室を使用する場合には、自己の財産に対するのと同一の注意を
もって、その使用をすれば足りる。",Ａは、Ｂ及びＣの同意を得ずに、102号室の保存行為を行うことができる。,"Ａは、Ｂ及びＣ双方の同意を得なければ、102号室の管理者を選任すること
ができない。",3,FALSE,FALSE,,"正解は3。

選択肢1（誤り）　共有者は、その持分の割合にかかわらず、共有物の全部について使用することができる（民法第249条第1項）。「AはBおよびCの同意を得なければ102号室の全体を使用することができない」とする本肢の記述は誤っている。

選択肢2（誤り）　共有者は共有物について、「自己の財産に対するのと同一の注意」ではなく「善良な管理者の注意（善管注意義務）」をもって使用する義務を負う（民法第249条第2項）。本肢の記述は誤っている。

選択肢3（正しい）　共有者の一人は、共有物の保存行為については単独でできる（民法第252条第5項）。本肢の記述は正当である。

選択肢4（誤り）　共有物の管理者の選任は、持分の過半数で決する（民法第252条第1項）。「B及びC双方の同意」が必要とは限らない。本肢の記述は誤っている。

これらを踏まえると、以上から、正解は選択肢3（3）である。",,,,,
2024,令和6年度,13,single,民法,誤り選択;民法,"Ａが、Ｂとの間で、甲マンションの404号室を代金1,500万円でＢに売却
する旨の契約を結んだ場合に関する次の記述のうち、民法の定めによれば、誤って
いるものはどれか。",,,,,,"Ａが自己の債務について履行の提供をしたにもかかわらず、Ｂがその債務の
履行を受けることを拒んだときは、Ａは、履行の提供をした時からその引渡し
をするまで、自己の財産に対するのと同一の注意をもって、404号室を保存す
れば足りる。","ＢがＡの債務の履行を受けることを拒んだことによって、その履行の費用が
増加したときは、その増加額は、Ｂの負担となる。","Ａが自己の債務について履行の提供をしたにもかかわらず、Ｂがその債務の
履行を受けることを拒んだ場合において、履行の提供があった時以後にＡＢ双
方の責めに帰することができない事由によって404号室が滅失したときは、Ａ
は、Ｂに対し、代金の支払を請求することができない。","Ａが自己の債務について履行の提供をしたにもかかわらず、Ｂがその債務の
履行を受けることを拒んだ場合において、履行の提供があった時以後にＡＢ双
方の責めに帰することができない事由によって404号室が滅失したときは、Ｂ
は、Ａの債務の履行不能を理由として契約を解除することができない。",3,FALSE,FALSE,,"正解は3。

選択肢1（正しい）　民法第413条は、受領遅滞の場合の保存義務の軽減（自己の財産に対するのと同一の注意で足りる）を規定している。本肢の記述は正当である。

選択肢2（正しい）　弁済の提供によって生じた履行費用の増加分は受領遅滞者（B）の負担となる（民法第413条第2項）。本肢の記述は正当である。

選択肢3（誤り）　受領遅滞後にABいずれの責めにも帰せない事由で404号室が滅失した場合、Aは代金を請求することができる（危険負担の移転）。「代金の支払を請求することができない」とする本肢の記述は誤っている（民法第413条の2第2項）。

選択肢4（正しい）　受領遅滞後にBの責めに帰せない事由で目的物が滅失しても、その滅失はBの帰責事由によるものとみなされるため、Bは履行不能を理由とした解除ができない（民法第543条ただし書）。本肢の記述は正当である。

これらを踏まえると、不正確な記述は選択肢3であり、正解は選択肢3となる。",,,,,
2024,令和6年度,14,single,民法,誤り選択;民法,"甲マンションの101号室を所有者Ａから賃借したＢが、その不注意により

風呂の浴槽から溢水させて同室内の床を水浸しにしたため、床の修繕が必要になっ
た場合における次の記述のうち、民法の定め及び判例によれば、誤っているものは
どれか。ただし、101号室は契約の内容に適合していない点はなかったものとす
る。",,,,,,"Ａは、Ｂに対し、損害賠償請求をすることができるが、その損害賠償請求権

は、Ｂの溢水によって床の修繕が必要になったことをＡが知った時から３年間
行使しないときは時効によって消滅する。","Ａは、Ｂに対し、損害賠償請求をすることができるが、Ｂがこれに応じない
ときは、Ａは、ＢがＡに差し入れた敷金を損害賠償債務の弁済に充てることが
できる。","ＢがＡに床の修繕が必要である旨を通知したにもかかわらず、Ａが相当の期
間内に必要な修繕をしないときには、Ｂは自らその修繕をすることができる。","不注意により風呂の浴槽から溢水させた者がＢではなく、Ｂの同居の配偶者
Ｃであった場合には、Ａに対し、Ｃが損害賠償責任を負うとともに、Ｂも損害
賠償責任を負う。",1,FALSE,FALSE,,"正解は1。

選択肢1（誤り）　賃借人の不注意による損害の賠償請求権については、Aが損害を知った時から「3年」（不法行為・債務不履行：民法第724条・第166条）で時効消滅する（改正民法では「権利行使できることを知った時から5年」もあり得るが、本問では1が誤りとされている。不法行為の場合は損害及び加害者を知った時から3年、契約上の損害賠償は権利行使できることを知った時から5年）。

選択肢2（正しい）　賃貸人は敷金を損害賠償債務の弁済に充てることができる（民法第622条の2第2項）。本肢の記述は正当である。

選択肢3（正しい）　賃借人は修繕が必要な旨を通知したにもかかわらず相当の期間内に修繕がなされないときは自ら修繕することができる（民法第607条の2第1号）。本肢の記述は正当である。

選択肢4（正しい）　同居の配偶者Cによる不法行為については、賃借人Bも使用者責任（民法第715条）または共同不法行為として責任を負う場合がある。本肢の記述は正当である。

これらを踏まえると、不正確な記述は選択肢1であり、正解は選択肢1となる。",,,,,
2024,令和6年度,15,single,民法,誤り選択;民法,"甲マンションの202号室を所有するＡが、202号室をＢに賃貸して引き渡
し、その後、Ｂが、Ａの承諾を得て202号室をＣに転貸して引き渡した。この場合
に関する次の記述のうち、民法の定め及び判例によれば、誤っているものはどれ
か。",,,,,,"Ａは、ＡＢ間の賃貸借に基づいてＢがＡに対して負う債務の範囲を限度とし
て、Ｃに対し、ＢＣ間の転貸借に基づいてＣがＢに支払うべき賃料をＡに直接
支払うよう請求することができる。","202号室が修繕を要する状態になった場合には、Ｃは、Ａに対し、修繕義務
の履行を請求することができる。","Ｃは、202号室についてＢの負担に属する必要費を支出したときは、Ｂに対
し、直ちにその償還を請求することができる。","Ｂの債務不履行によってＡＢ間の賃貸借契約が解除された場合には、Ａは、
Ｃに対し、202号室の明渡しを請求することができる。",2,FALSE,FALSE,,"正解は2。

選択肢1（正しい）　転貸人Bは転借人Cに対し修繕義務を負い（民法第606条）、Cは賃貸人Aに対し直接修繕義務の履行を請求することもできる（賃貸人Aは転借人Cとの関係でも土地工作物の所有者責任等を負う場合がある）。本肢の記述は正当である。

選択肢2（誤り）　必要費の支出については、転借人Cは自己の契約相手方であるB（転貸人）に対して直ちに償還を請求できる（民法第608条第1項）。「賃貸人Aに対して」請求できるとする本肢の記述は誤っている（AとCは直接の契約関係にない）。

選択肢3（正しい）　転借人Cが必要費を支出した場合、転貸人B（Cの直接の貸主）に対して直ちに請求できる。本肢の記述は正当である。

選択肢4（正しい）　転貸借は原賃貸借の存在を前提としており、原賃貸借が解除された場合、転借人に対しても明渡しを請求できる（民法第613条第3項）。本肢の記述は正当である。

これらを踏まえると、不正確な記述は選択肢2であり、正解は選択肢2となる。",,,,,
2024,令和6年度,16,single,民法,誤り選択;民法,"Ａは、甲マンションの406号室を所有しているが、これを売却したいと考
えて、購入者の選定及びＡとその者との間の売買契約の締結をＢに委任した。この
場合に関する次の記述のうち、民法の定めによれば、内容が正確でないものはどれか。",,,,,,"Ｂは、Ａからの委任を有償で受任した場合には、委任の本旨に従い、善良な
管理者の注意をもって委任事務を処理する義務を負うが、無償で受任した場合
には、その義務を負わない。","Ｂは、やむを得ない事由があるときは、第三者Ｃを復受任者として選任する
ことができる。","Ｂは、Ａの請求があるときは、いつでも委任事務の処理の状況を報告し、委
任が終了した後は、遅滞なくその経過及び結果を報告しなければならない。",Ｂは、Ａとの間の委任をいつでも解除することができる。,1,FALSE,FALSE,,"正解は1。

選択肢1（誤り）　受任者（B）は有償・無償にかかわらず、委任の本旨に従い、善良な管理者の注意をもって委任事務を処理する義務を負う（民法第644条）。「無償の場合は善管注意義務を負わない」とする本肢の記述は誤っている。

選択肢2（正しい）　受任者は、やむを得ない事由があるときは、第三者を復受任者として選任することができる（民法第644条の2第1項）。本肢の記述は正当である。

選択肢3（正しい）　受任者はAの請求があれば委任事務の状況を報告し、委任終了後は遅滞なく経過及び結果を報告しなければならない（民法第645条）。本肢の記述は正当である。

選択肢4（正しい）　委任は当事者の一方からいつでも解除できる（民法第651条第1項）。本肢の記述は正当である。

これらを踏まえると、不正確な記述は選択肢1であり、正解は選択肢1となる。",,,,,
2024,令和6年度,17,single,民法,誤り選択;民法,"甲マンションの301号室を所有するＡが管理費を滞納したまま死亡した場
合における次の記述のうち、民法の定めによれば、内容が正確でないものはどれか。",,,,,,"Ａが死亡した際に、その相続人のあることが明らかでないときは、甲マン
ションの管理組合は、家庭裁判所に対し相続財産の清算人の選任を請求するこ
とができる。","Ａの相続財産の清算人が選任されたときは、清算人は、家庭裁判所の許可を
得なければ甲マンションの301号室を売却することはできない。","Ａの相続財産の清算人が選任されたときは、清算人は、甲マンションの管理
組合に対しＡが生前に滞納した管理費を直ちに支払わなければならない。","Ａが死亡した際に、その相続人はあるが、その所在が明らかでないときは、
甲マンションの管理組合は、家庭裁判所に対し相続財産の管理人の選任を請求
することができる。",3,FALSE,FALSE,,"正解は3。

選択肢1（正しい）　相続人の存在が明らかでないときは、利害関係人（管理組合）は家庭裁判所に相続財産の清算人の選任を請求することができる（民法第952条）。本肢の記述は正当である。

選択肢2（正しい）　相続財産の清算人が不動産を売却する場合は、家庭裁判所の許可が必要である（民法第953条、第28条）。本肢の記述は正当である。

選択肢3（誤り）　相続財産の清算人は、直ちに滞納管理費を支払う義務はなく、相続財産の清算手続きの中で債権者への弁済を行う（民法第957条）。「直ちに支払わなければならない」とする本肢の記述は誤っている。

選択肢4（正しい）　相続人はあるが所在不明の場合は、管理組合は家庭裁判所に相続財産の管理人の選任を請求できる（民法第897条の2）。本肢の記述は正当である。

これらを踏まえると、不正確な記述は選択肢3であり、正解は選択肢3となる。",,,,,
2024,令和6年度,18,single,区分所有法,誤り選択;区分所有法;民法;不動産登記法,"不動産登記の権利部の所有権に関する次の記述のうち、民法、区分所有法
及び不動産登記法（平成16年法律第123号）の定めによれば、誤っているものは
どれか。",,,,,,"区分建物の所有権の登記名義人が死亡し、相続による所有権の移転が生じた
場合、当該区分建物の所有権を取得した相続人は、相続人名義への所有権移転
の登記申請義務がある。","区分建物の表題部所有者から当該区分建物の所有権を売買により取得した者
が、自己名義の所有権保存登記未了の間に当該区分建物を転売した場合、転売
により所有権を取得した者は、自己名義の所有権保存登記を申請することはで
きない。","規約により一部共用部分とされ、共用部分である旨の登記がされた区分建物
においては、当該一部共用部分を共用すべき区分所有者が所有権の登記名義人
として登記される。","区分建物の所有権の登記名義人が相続人無くして死亡した場合、相続財産清
算人に就任した者は、当該区分建物につき、相続財産法人名義への所有権登記
名義人表示変更の登記申請をすることができる。",3,FALSE,FALSE,,"正解は3。

選択肢1（正しい）　区分建物の所有権の登記名義人が死亡し相続による移転が生じた場合、相続人は相続登記を申請する義務がある（不動産登記法第76条の2）。本肢の記述は正当である。

選択肢2（正しい）　表題部所有者から売買により取得した者が所有権保存登記未了の間に転売した場合、転買人は表題部所有者から直接の所有権保存登記を申請することはできない（不動産登記法第74条第1項）。本肢の記述は正当である。

選択肢3（誤り）　規約により一部共用部分とされ共用部分である旨の登記がされた区分建物は、所有権の登記名義人が登記されるわけではなく（共用部分の登記は所有権登記を抹消して共用部分である旨を表示する）、所有権の登記名義人として登記されるという記述は誤りである。本肢の記述は誤っている。

選択肢4（正しい）　所有権の登記名義人が相続人なくして死亡した場合、相続財産清算人は所有権登記名義人表示変更の登記申請をすることができる。本肢の記述は正当である。

これらを踏まえると、不正確な記述は選択肢3であり、正解は選択肢3となる。",,,,,
2024,令和6年度,19,single,マンション建替え等円滑化法,正解選択;マンション建替え等円滑化法,"マンションの建替え等の円滑化に関する法律（平成14年法律第78号）に
関する次の記述のうち、内容が正確なものはどれか。",,,,,,"分配金取得計画の決定及び変更にあっては、総会の議決で決することができ
る。","定款の変更のうち参加組合員に関する事項の変更にあっては、組合員の議決
権及び敷地利用権の持分の価格の各４分の３以上で決する必要がある。","組合員が会議の目的である事項及び招集の理由を記載した書面を組合に提出
して総会の招集を請求する場合には、総組合員の過半数の同意を得る必要があ
る。","マンション建替組合の設立の認可の申請をしようとする建替え合意者は、組
合の設立について、建替え合意者の５分の４以上の同意を得なければならな
い。",1,FALSE,FALSE,,"正解は1。

選択肢1（正しい）　マンション敷地売却組合における分配金取得計画の決定及び変更は、総会の議決（5分の4以上等の多数決）で決することができる（マンション建替え等円滑化法第120条第1項・第2項）。本肢の記述は正当である。

選択肢2（誤り）　参加組合員に関する定款の変更は、組合員の議決権及び敷地利用権の持分の価格の各5分の4以上（または4分の3以上）で決するとされており、「4分の3以上」とする規定内容によっては誤りとなる。本問では2が誤りとされている。

選択肢3（誤り）　総会の招集請求には「総組合員の5分の1以上の同意」が必要とされており（同法第127条等）、「総組合員の過半数の同意」とする本肢の記述は誤っている。

選択肢4（誤り）　マンション建替組合設立の認可申請には「建替え合意者の5分の4以上の同意」が必要とされている（同法第9条第1項）。本肢の内容は正しいが、本問では正解が1とされている。

これらを踏まえると、以上から、正解は選択肢1（1）である。",,,,,
2024,令和6年度,20,single,都市計画法,正解選択;都市計画法,"都市計画法（昭和43年法律第100号）に関する次の記述のうち、正しい
ものはどれか。ただし、本問においては、都市計画区域は２以上の都府県の区域に
わたるものではないとする。",,,,,,"都道府県又は市町村は、都市計画を決定しようとするときは、その旨を公告
し、当該都市計画の案を当該公告の日から２週間公衆の縦覧に供したのち、そ
の案について公聴会を開催することとされている。","都市計画区域の整備、開発及び保全の方針に関する都市計画については都道
府県が、区域区分に関する都市計画や都市再開発方針等に関する都市計画につ
いては市町村が、それぞれ定めるものとされている。","都市計画区域においては、地域地区を重複して定めることがあり、例えば、
高度地区や高度利用地区は用途地域内に定める地区である。","都道府県は、一体の都市として総合的に整備し、開発し、及び保全する必要
がある区域を、準都市計画区域として指定することができる。",3,FALSE,FALSE,,"正解は3。

選択肢1（誤り）　都市計画を決定しようとするときは公告し案を縦覧に供した後、公聴会等の手続きを経るとされているが、順序が異なる（まず公聴会・公告・縦覧の順）。本肢は手続きの順序が不正確であり誤りである。

選択肢2（誤り）　都市計画区域の整備・開発・保全の方針（マスタープラン）は都道府県が定め、区域区分等は都道府県が定める（市町村が定めるのは区域区分以外の都市計画の多く）。本肢の記述が逆であり誤りである。

選択肢3（正しい）　都市計画区域では地域地区を重複して定めることができ、高度地区や高度利用地区は用途地域内において定める地区である（都市計画法第8条第3項）。本肢の記述は正当である。

選択肢4（誤り）　準都市計画区域は都道府県が指定するが、「都市として整備する必要がある区域」ではなく「そのまま土地利用を整序する必要がある区域」として指定するものである。本肢の記述は誤っている。

これらを踏まえると、以上から、正解は選択肢3（3）である。",,,,,
2024,令和6年度,21,single,建築基準法,誤り選択;建築基準法,"建築基準法（昭和25年法律第201号）に関する次の記述のうち、誤って
いるものはどれか。",,,,,,"共同住宅の維持管理上常時鎖錠状態にある出口で、火災その他の非常の場合
に避難の用に供すべきものに設ける戸の施錠装置は、屋内からかぎを用いて解
錠できるものとし、かつ、当該戸の近くの見やすい場所にその解錠方法を表示
しなければならない。","建築主事が、使用制限その他保安上必要な措置の勧告等のために住居に立ち
入る場合、あらかじめ、その居住者の承諾を得なければならない。","特別避難階段を設置する必要がある共同住宅において、当該階段の階段室の
天井及び壁の室内に面する部分は、仕上げを不燃材料でし、かつ、その下地を
不燃材料で造らなければならない。","一定の規模の共同住宅における特定建築物定期調査による報告は、建築物の
用途、構造、延べ面積等に応じて、一部の場合を除き、おおむね６月から３年
までの間隔をおいて特定行政庁が定める時期に行わなければならない。",1,FALSE,FALSE,,"正解は1。

選択肢1（誤り）　建築基準法は、常時鎖錠状態にある避難口の施錠装置については、「屋内からかぎを用いることなく解錠できるもの」とするよう規定しており（建築基準法施行令第125条の2）、「かぎを用いて解錠できるもの」とする本肢の記述は誤っている。

選択肢2（正しい）　建築主事が保安上必要な場合に住居に立ち入る際は、居住者の承諾を得なければならない（建築基準法第12条の5等）。本肢の記述は正当である。

選択肢3（正しい）　特別避難階段の階段室の天井及び壁の室内面は、不燃材料で仕上げかつ下地も不燃材料で造らなければならない（建築基準法施行令第123条第3項第2号）。本肢の記述は正当である。

選択肢4（正しい）　特定建築物の定期調査報告は、建築物の用途・構造・延べ面積等に応じて6月から3年の間隔で特定行政庁が定める時期に行う（建築基準法第12条第1項）。本肢の記述は正当である。

これらを踏まえると、不正確な記述は選択肢1であり、正解は選択肢1となる。",,,,,
2024,令和6年度,22,single,水道法,誤り選択;水道法,"貯水槽水道に関する次の記述のうち、水道法（昭和32年法律第177号）
の定めによれば、内容が正確でないものはどれか。",,,,,,"簡易専用水道は、貯水槽水道のうち、水道事業の用に供する水道から水の供
給を受けるために設けられる水槽の有効容量の合計が10m3を超えるものをい
う。","簡易専用水道の設置者は、給水栓における水の色、濁り、臭い、味その他の
状態により供給する水に異常を認めたときは、水質基準のうち必要な事項につ
いて検査を行わなければならない。","簡易専用水道の設置者は、地方公共団体の機関又は国土交通大臣及び環境大
臣の登録を受けた者による検査を受けて結果に問題がない場合、定期の水槽の
掃除を省略することができる。","水道事業者は、供給規程の定めに基づき、貯水槽水道の設置者に対する指
導、助言及び勧告を行うことができる。",3,FALSE,FALSE,,"正解は3。

選択肢1（正しい）　簡易専用水道は有効容量10m3を超えるものをいう（水道法第3条第7項）。本肢の記述は正当である。

選択肢2（正しい）　供給する水に異常を認めたときは、水質基準のうち必要な事項について検査を行わなければならない（水道法施行規則第55条第2号）。本肢の記述は正当である。

選択肢3（誤り）　簡易専用水道の設置者は毎年1回以上、定期的に水槽の掃除を行わなければならず（水道法施行規則第55条第1号）、検査を受けて問題がなくても掃除を省略することはできない。本肢の記述は誤っている。

選択肢4（正しい）　水道事業者は供給規程の定めに基づき、貯水槽水道の設置者に対する指導・助言・勧告を行うことができる（水道法第24条の2）。本肢の記述は正当である。

これらを踏まえると、不正確な記述は選択肢3であり、正解は選択肢3となる。",,,,,
2024,令和6年度,23,single,消防法,正解選択;消防法,"４階建ての耐火建築物である共同住宅における消防用設備等の設置の義務
に関する次の記述のうち、消防法（昭和23年法律第186号）の定めによれば、正
しいものはどれか。ただし、いずれも特定共同住宅等ではなく、地階又は無窓階は
ないものとし、危険物又は指定可燃物の貯蔵又は取扱いはないものとする。また、
消防長又は消防署長が、防火対象物の位置、構造又は設備の状況から判断して、同
法の規定による基準を適用しないと認める場合を除くものとする。",,,,,,"延べ面積が1,000m2以上のものには、消防機関から著しく離れた場所その
他総務省令で定める場所にあるものを除き、消防機関へ通報する火災報知設備
を設置しなければならない。","延べ面積が1,500m2以上のものには、携帯用拡声器、手動式サイレンその
他の非常警報器具を設置しなければならない。","延べ面積が700m2以上のものには、連結散水設備を設置しなければならな
い。","延べ面積が1,000m2以上のものには、連結送水管を設置しなければならな
い。",1,FALSE,FALSE,,"正解は1。

選択肢1（正しい）　延べ面積1,000m2以上の4階建て耐火建築物の共同住宅（消防機関から著しく離れた場所にあるものを除く）には、消防機関へ通報する火災報知設備の設置が必要（消防法施行令第23条）。本肢の記述は正当である。

選択肢2（誤り）　非常警報器具は、収容人員50人以上（または延べ面積500m2以上）の防火対象物が対象であり、延べ面積1,500m2以上とする本肢の記述は誤っている。

選択肢3（誤り）　連結散水設備は地階（床面積700m2以上等）に設置する設備であり、地階のない4階建て共同住宅には設置不要である。

選択肢4（誤り）　連結送水管は地階を除く階数が7以上の建築物に設置義務があり、10階建て以下の建築物には不要である（本問の4階建てには設置不要）。

これらを踏まえると、以上から、正解は選択肢1（1）である。",,,,,
2024,令和6年度,24,single,防犯指針,組合せ;防犯指針,"次の記述は、「共同住宅に係る防犯上の留意事項及び防犯に配慮した共同
住宅に係る設計指針について」（最終改正 平成18年４月20日 国住生第19号）の
防犯に配慮した企画・計画・設計の基本原則の一部である。空白となっている
Ａ 〜 Ｃ に下欄のア〜カの語句を選んで文章を完成させた場合
において、正しい組合せは、次のうちどれか。
（１） 敷地内の屋外各部及び住棟内の共用部分等は、 Ａ からの見通しが
確保されるように、敷地内の配置計画、動線計画、住棟計画、各部位の設計等
を工夫するとともに、必要に応じて防犯カメラの設置等の措置を講じたものと
する。
（２） 共同住宅に対する居住者の B が高まるように、住棟の形態や意
匠、共用部分の管理方法等を工夫する。
（３） 住戸の玄関扉、窓、バルコニー等は、犯罪企図者が、 C しにくい
ように、敷地内の配置計画、動線計画、住棟計画、各部位の設計等を工夫した
ものとする。
［語句］
ア 周囲 イ 住戸 ウ 防犯意識 エ 帰属意識
オ 接近 カ 逃走",,,,,,Ａはア、Ｂはウ、Ｃはオ,Ａはイ、Ｂはエ、Ｃはカ,Ａはイ、Ｂはウ、Ｃはカ,Ａはア、Ｂはエ、Ｃはオ,4,FALSE,FALSE,,"正解は4（Aはア、Bはエ、Cはオ）。

防犯に配慮した設計の基本原則：

（1）敷地内及び共用部分等は「周囲（ア）」からの見通しが確保されるように配置計画等を工夫し、必要に応じて防犯カメラを設置する。

（2）共同住宅に対する居住者の「帰属意識（エ）」が高まるように、住棟の形態や意匠、共用部分の管理方法等を工夫する。

（3）住戸の玄関扉、窓、バルコニー等は、犯罪企図者が「接近（オ）」しにくいように配置計画等を工夫する。

これらを踏まえると、Aはア（周囲）、Bはエ（帰属意識）、Cはオ（接近）であり、正解は選択肢4となる。",,,,,
2024,令和6年度,25,single,標準管理規約（単棟型）,正解選択;標準管理規約（単棟型）,"居住者の高齢化が進んでいるマンションに関する次の記述のうち、適切な
ものはどれか。ただし、当該マンションの管理規約は、外部専門家を役員として選
任できることとはしていない標準管理規約と同一の内容であるものとする。",,,,,,"住戸を単独で所有している高齢の組合員が精神の機能の障害により役員の職
務を適正に執行するに当たって必要な認知、判断及び意思疎通を適切に行うこ
とができないときは、同居している配偶者が理事又は監事となることができ
る。","共用部分のバリアフリー化を図るため、建物の基本的構造部分の加工を伴わ
ずに階段にスロープを併設し、手すりを追加する工事は、総会における普通決
議により実施することができる。","区分所有者が従前の浴室をリフォームして高齢者仕様のユニットバスを設置
しようとするときは、あらかじめ理事長の承認を得ることなく、当該設置工事
を実施することができる。","住戸を単独で所有し、単身で居住している高齢の組合員が総会に出席できな
いときは、外部に居住している孫を代理人として議決権を行使することができ
る。",2,FALSE,FALSE,,"正解は2。

選択肢1（不適切）　標準管理規約では、同居配偶者に限って役員代行ができる旨を規約で定めることができるが、「精神の機能の障害により職務が執行できない」場合に同居配偶者が「理事または監事となることができる」という規定はない（欠格事由があれば代行は別の問題）。本肢の内容は適切とはいえない。

選択肢2（適切）　建物の基本的構造部分の加工を伴わない階段へのスロープ併設や手すり追加は、共用部分の軽微な変更として総会の普通決議で実施できる（標準管理規約第47条第2項）。本肢の内容は適切といえる。

選択肢3（不適切）　ユニットバスの設置工事は専有部分の修繕等に該当し、承認申請（理事長への書面申請）が必要である（標準管理規約第17条第1項）。「承認を得ることなく実施できる」とする本肢の内容は適切とはいえない。

選択肢4（不適切）　外部に居住している孫は代理人の範囲に含まれない（標準管理規約第46条第5項では同居の配偶者・一親等の親族等が代理人の範囲）。「孫を代理人として議決権行使できる」とする本肢の内容は適切とはいえない。

これらを踏まえると、適切といえるのは選択肢2であり、正解は選択肢2となる。",,,,,
2024,令和6年度,26,single,区分所有法,誤り選択;区分所有法;標準管理規約（単棟型）,"マンションの管理組合において専門家を活用する場合に関する次の記述の
うち、区分所有法の規定及び標準管理規約によれば、妥当でない内容のものはどれか。",,,,,,専門委員会に組合員以外の外部の専門家を参加させることができる。,"外部専門家を役員として選任できる規約を定め、組合員ではないマンション
管理士が理事長に就任している場合において、管理組合が、当該理事長に管理
計画認定を受けるための作業の委託をし、その契約を締結するには、監事又は
当該理事長以外の理事が管理組合を代表しなければならない。","管理組合が、管理組合の運営その他のマンション管理に関し継続的に相談を
するために、マンション管理士との間で顧問契約を締結することは、総会決議
を経なくても理事会決議で決定できる事項である。","マンション管理士が役員に就任している場合において、当該マンション管理
士が自己又は第三者のために管理組合と取引するときは、理事会において、当
該取引につき重要な事実を開示し、その承認を受けなければならない。",3,FALSE,FALSE,,"正解は3。

選択肢1（適切）　専門委員会に組合員以外の外部専門家を参加させることができる（標準管理規約第55条第2項）。本肢の内容は適切といえる。

選択肢2（適切）　組合員でない外部専門家が理事長の場合、管理組合と当該理事長との契約締結には利益相反があり、監事または他の理事が管理組合を代表して契約する（標準管理規約第37条の2）。本肢の内容は適切といえる。

選択肢3（不適切）　継続的な顧問契約の締結は、契約の内容・費用によっては理事会の決議のみで対応可能な場合もあるが、当該管理士が役員に就任している場合は利益相反取引に当たるため理事会の承認が必要であり、「総会決議を経なくても理事会決議で決定できる」と断定するのは不適切な場合がある。本問では3が不適切とされている。

選択肢4（適切）　マンション管理士が役員として自己または第三者のために管理組合と取引するときは、理事会で承認を受けなければならない（標準管理規約第37条の2）。本肢の内容は適切といえる。

これらを踏まえると、適切とはいえないのは選択肢3であり、正解は選択肢3となる。",,,,,
2024,令和6年度,27,single,区分所有法,正解選択;区分所有法;民法;標準管理規約（単棟型）,"駐車場の使用等に関する次の記述のうち、標準管理規約並びに区分所有法
及び民法の定めによれば、妥当な内容のものはどれか。",,,,,,"機械式立体駐車場を撤去し、そこに平面駐車場を設けるには、区分所有者全
員の賛成が必要である。","管理組合と駐車場使用契約を締結している区分所有者が他に転居し、その専
有部分に新たに入居してきた第三者は、当該契約に基づき、自ら所有する車両
のために、駐車場を使用することができる。","空いている駐車場に無断で駐車し続けている近隣住民に対し、管理組合は、
区分所有法第57条に基づいてその無断駐車に対する法的措置を採ることはで
きない。","管理組合との駐車場使用契約に基づき平面駐車場の所定の区画に駐車してい
た車両が盗難にあった場合、管理組合は責任を負わなければならない。",3,FALSE,FALSE,,"正解は3。

選択肢1（不適切）　機械式立体駐車場を撤去して平面駐車場を設ける工事は、共用部分の形状・効用の著しい変更に当たるため、総会の特別決議（4分の3以上）が必要となる場合もある。「区分所有者全員の賛成が必要」とする本肢の内容は適切とはいえない。

選択肢2（不適切）　区分所有者が転居した場合、新たに入居した第三者との間では駐車場使用契約が引き継がれるわけではなく（標準管理規約第15条）、新入居者は改めて申し込みが必要である。本肢の内容は適切とはいえない。

選択肢3（適切）　区分所有法第57条は区分所有者や占有者の「共同の利益に反する行為」を対象とするものであり、第三者（近隣住民）の無断駐車に対して同条に基づく措置を採ることはできない。本肢の内容は適切といえる。

選択肢4（不適切）　駐車場は管理組合が管理するものであり、盗難があっても管理組合が責任を負わないことが通常とされている（標準管理規約第15条コメント等）。本肢の内容は適切とはいえない。

これらを踏まえると、適切といえるのは選択肢3であり、正解は選択肢3となる。",,,,,
2024,令和6年度,28,single,標準管理規約（単棟型）,誤り選択;標準管理規約（単棟型）,"建替え及びマンション敷地売却に係る合意形成やそれらの計画等に必要な
経費の取扱いに関する次の記述のうち、標準管理規約によれば、適切でないものは
どれか。",,,,,,"マンション敷地売却決議を行うための総会の招集に係る費用は、管理費から
充当することができる。","建替えに係る合意形成の前提として必要な修繕・改修と建替えとの比較検討
に要する費用を、建替えに反対している者が負担した金額も含めて、修繕積立
金から取り崩すことができる。","マンションの建替え等の円滑化に関する法律第102条第２項第１号から第３
号の特定要除却認定を受ける状態にあるかどうかを調査するための費用を、マ
ンション敷地売却に反対している者が負担した金額も含めて、修繕積立金から
取り崩すことができる。","区分所有法第62条第１項の建替え決議後において、マンションの建替え等
の円滑化に関する法律第９条のマンション建替組合の設立に係る定款及び事業
計画を定めるための費用を、管理組合の消滅時に建替え不参加者に帰属する分
の金額も含めて、修繕積立金から取り崩すことができる。",4,FALSE,FALSE,,"正解は4。

選択肢1（適切）　マンション敷地売却決議のための総会の招集に係る費用は管理費から充当できる（標準管理規約第27条第3号等）。本肢の内容は適切といえる。

選択肢2（適切）　建替えの比較検討に要する費用は、反対している者が負担した金額も含めて修繕積立金から取り崩すことができる（標準管理規約第28条第3号）。本肢の内容は適切といえる。

選択肢3（適切）　特定要除却認定を受けた状態にあるかどうかを調査するための費用は、修繕積立金から取り崩すことができる（標準管理規約第28条第3号）。本肢の内容は適切といえる。

選択肢4（不適切）　建替え決議後のマンション建替組合の設立に係る定款及び事業計画を定めるための費用について、管理組合消滅時に建替え不参加者に帰属する分の金額を含めて修繕積立金から取り崩すことは認められていない。本肢の内容は適切とはいえない。

これらを踏まえると、適切とはいえないのは選択肢4であり、正解は選択肢4となる。",,,,,
2024,令和6年度,29,single,区分所有法,いくつあるか;区分所有法;標準管理規約（単棟型）,"理事会及び理事長の権限等に関する次のマンション管理士の意見のうち、
区分所有法の規定及び標準管理規約によれば、妥当な内容のものはいくつあるか。
ア 小型犬を飼育している賃借人は、「ペット飼育細則改定の件」が議題になっ
ている総会で意見を述べる旨あらかじめ理事長に通知すれば、理事会の承認な
しに総会に出席して意見を述べることができます。
イ 理事長は、共用部分に関する損害保険契約に基づく保険金額の請求及び受領
について、理事会の承認を経なければ区分所有者を代理することができませ
ん。
ウ 窓ガラスの断熱性能を向上させる改良工事について区分所有者が自己の責任
と負担で行う旨を理事長に申請してきた場合、管理組合が当該工事を速やかに
実施できないときは、理事会は、理事の過半数の承諾があれば書面又は電磁的
方法による決議で承認・不承認を決めることができます。
エ 集中豪雨により、窓が開いたままの専有部分が水浸しになり、放置すると下
階にも重大な影響が出るおそれがある場合、理事長は、理事会の決議なしにそ
の専有部分に立ち入ることができます。",,,,,,一つ,二つ,三つ,四つ,3,FALSE,FALSE,,"正解は3（三つ）。ア、ウ、エが適切。

ア（適切）　利害関係を有する賃借人があらかじめ理事長に通知すれば、理事会の承認なしに総会に出席して意見を述べることができる（標準管理規約第45条第2項）。本肢の内容は適切といえる。

イ（不適切）　理事長は、共用部分に関する損害保険契約に基づく保険金額の請求及び受領については、区分所有者を代理して行うことができ（同法第26条第2項）、理事会の承認を経る必要はない。本肢の内容は適切とはいえない。

ウ（適切）　専有部分の改良工事について理事全員の承諾があれば書面または電磁的方法による理事会決議で承認・不承認を決めることができる（標準管理規約第53条第2項）。本肢の内容は適切といえる。

エ（適切）　緊急を要する事態（住戸が水浸しで放置すると下階に重大な影響）の場合、理事長は理事会決議なしに専有部分に立ち入ることができる（標準管理規約第23条第4項）。本肢の内容は適切といえる。

これらを踏まえると、適切といえるのはア、ウ、エの三つであり、正解は選択肢3となる。",,,,,
2024,令和6年度,30,single,区分所有法,誤り選択;区分所有法;標準管理規約（単棟型）,"マンションの敷地内に設置された集会室において、管理規約に定める使用
方法に反する利用を繰り返し、集会室内の共用設備を破損する行為を行っている者
（この問いにおいて「迷惑行為者」という。）に対する管理組合の対応に関する次の
記述のうち、区分所有法の規定及び標準管理規約によれば、適切でないものはどれ
か。",,,,,,"迷惑行為者が区分所有者である場合、当該破損する行為は建物の管理又は使
用に関し区分所有者の共同利益に反する行為であるとして、他の区分所有者の
全員が区分所有法第57条に基づきその停止等を請求する訴訟を提起するとき
は、総会決議が必要である。","迷惑行為者が近隣の住民である場合、理事長がその者に対し、設備の破損に
係る損害賠償を請求する訴訟を提起するためには、総会決議が必要である。","迷惑行為者が賃借人である場合、賃貸人である区分所有者がその者に対し何
ら是正措置を講じなかったときは、理事長は、理事会の決議を経て、その区分
所有者に対しても設備の破損に係る損害賠償を請求することができる。","迷惑行為者が賃借人の同居人である場合、理事長は、理事会の決議を経て、
その者に対し、当該行為の差止めを請求することができる。",2,FALSE,FALSE,,"正解は2。

選択肢1（適切）　共同の利益に反する行為を行う区分所有者に対する行為停止請求に係る訴訟の提起には、総会決議が必要である（同法第57条第3項）。本肢の内容は適切といえる。

選択肢2（不適切）　第三者（近隣住民）に対する損害賠償請求は、区分所有法の適用の問題ではなく管理組合が管理業務として行う訴訟であり、理事長が区分所有者及び管理組合を代表して提起できる。総会決議は不要であり（標準管理規約第54条第1項各号等）、「総会決議が必要」とする本肢の内容は適切とはいえない。

選択肢3（適切）　賃借人が規約違反の行為を行い、賃貸人の区分所有者が是正しない場合、理事長は理事会決議を経て区分所有者に対し損害賠償を請求できる（標準管理規約第67条）。本肢の内容は適切といえる。

選択肢4（適切）　賃借人の同居人（占有者に準ずる者）に対し、理事長は理事会決議を経て行為の差止めを請求することができる（標準管理規約第67条）。本肢の内容は適切といえる。

これらを踏まえると、適切とはいえないのは選択肢2であり、正解は選択肢2となる。",,,,,
2024,令和6年度,31,single,区分所有法,正解選択;区分所有法;標準管理規約（団地型）,"専有部分のある建物であるＡ棟、Ｂ棟及びＣ棟からなる団地における団地
総会又は棟総会に関する次の記述のうち、区分所有法の規定及び標準管理規約（団
地型）によれば、妥当な内容のものはどれか。",,,,,,"一括建替え決議においては、組合員総数の５分の４以上及び議決権（各団地
内建物の共用部分の共有持分割合による。）総数の５分の４以上の賛成がなけ
ればならない。","Ａ棟の棟総会は、Ａ棟の区分所有者が当該棟の区分所有者の総数の５分の１
以上及び当該棟における議決権総数の５分の１以上に当たる区分所有者の同意
を得て、招集する。","Ｂ棟の建替えを行うための建替え承認決議においては、団地総会の出席組合
員の４分の３以上及び出席組合員の議決権の４分の３以上の賛成を要する。","Ｃ棟の各棟修繕積立金の滞納者に対して、当該滞納金を請求する訴訟を提起
する場合には、Ｃ棟の棟総会の決議を要する。",2,FALSE,FALSE,,"正解は2。

選択肢1（不適切）　一括建替え決議においては、組合員総数の5分の4以上及び議決権（各団地内建物の共用部分の共有持分割合による）の5分の4以上の賛成が必要（同法第70条第1項）。本肢は正しいように見えるが、適切かどうかはその具体的な議決権割合の計算方法による。本問では2が正解とされている。

選択肢2（適切）　A棟の棟総会は、A棟の区分所有者が当該棟の区分所有者の総数の5分の1以上及び議決権総数の5分の1以上を同意して招集する（標準管理規約（団地型）第55条第4項）。本肢の内容は適切といえる。

選択肢3（不適切）　建替え承認決議は、議決権の4分の3以上の多数が必要であり（同法第69条第1項）、「出席組合員の4分の3以上」ではなく「全体の議決権の4分の3以上」が必要である。本肢の内容は適切とはいえない。

選択肢4（不適切）　各棟修繕積立金の滞納金回収の訴訟提起は、団地総会の決議事項とされており、棟総会の決議のみで提起はできない（標準管理規約（団地型）第49条）。本肢の内容は適切とはいえない。

これらを踏まえると、適切といえるのは選択肢2であり、正解は選択肢2となる。",,,,,
2024,令和6年度,32,single,標準管理規約（団地型）,正解選択;標準管理規約（団地型）,"Ａ棟、Ｂ棟及びＣ棟の３棟で構成されている団地管理組合における理事会
の開催及び運営に関する次の記述のうち、標準管理規約（団地型）によれば、適切
なものはどれか。",,,,,,"団地管理組合では、団地内の区分所有者の意向を公平に反映するような方法
について配慮する必要があるため、各棟から同一数の理事を選出しなければな
らない。","団地管理組合の理事会は、理事の過半数が出席するとともに、それぞれの棟
に住戸を有する理事の１名以上が出席することにより成立する。","災害によりＡ棟のみに応急的な修繕工事を実施する必要が生じたが、団地総
会の開催が困難であるときは、団地管理組合の理事会の決議により当該工事を
実施し、かつ、Ａ棟の各棟修繕積立金を取り崩して当該工事費用に充当するこ
とができる。","Ａ棟の区分所有者のみが使用するＡ棟エントランスホールの使用細則の改正
については、団地管理組合の理事の過半数が賛成しても、Ａ棟に住戸を有する
理事が反対した場合には、団地総会提出議案とすることができない。",3,FALSE,FALSE,,"正解は3。

選択肢1（不適切）　各棟から同一数の理事を選出しなければならないとは規定されておらず、棟の規模・戸数等を考慮した適正な構成とする（標準管理規約（団地型）コメント）。本肢の内容は適切とはいえない。

選択肢2（不適切）　団地管理組合の理事会の定足数は理事の過半数であり（標準管理規約（団地型）第53条）、「各棟に住戸を有する理事が1名以上出席」とする要件は規定されていない。本肢の内容は適切とはいえない。

選択肢3（適切）　災害によりA棟のみに応急修繕が必要な場合で団地総会の開催が困難なとき、理事会の決議により当該工事を実施し、A棟の各棟修繕積立金を取り崩して費用に充当することができる（標準管理規約（団地型）第58条第2項コメント）。本肢の内容は適切といえる。

選択肢4（不適切）　A棟のエントランスホールの使用細則改正は、団地管理組合の理事会の案件として対応すべき事項であり、特定の棟の理事が反対した場合でも総会提出議案とすることを妨げる規定はない（標準管理規約（団地型）コメント）。本肢の内容は適切とはいえない。

これらを踏まえると、適切といえるのは選択肢3であり、正解は選択肢3となる。",,,,,
2024,令和6年度,33,single,標準管理規約（団地型）,正解選択;標準管理規約（団地型）;標準管理規約（複合用途型）,"次の記述のうち、標準管理規約（団地型）及び標準管理規約（複合用途
型）によれば、妥当な内容のものはどれか。",,,,,,"Ａ棟からＤ棟の４棟からなる団地型マンションの団地共用部分である集会所
がＡ棟内にある場合、当該集会所の改修工事費は、Ａ棟修繕積立金から支出す
る。","Ａ棟からＤ棟の４棟からなる団地型マンションの駐車場使用料は、その管理
に要する費用に充てるほか、各棟の住戸の戸数に応じて棟ごとに各棟修繕積立
金として積み立てる。","複合用途型マンションにおいて、１階店舗のショーウィンドーのガラスが台
風による飛来物で破損し、店舗の使用に支障が生じた場合、当該店舗を所有す
る区分所有者は、理事会の承認なしに破損したものと同様の仕様のガラスに取
替えることができる。","複合用途型マンションの使用細則で定めた店舗の営業時間を超過して営業し
ているテナントに対し、管理組合の店舗部会は、勧告、指示、警告を行うこと
ができる。",3,FALSE,FALSE,,"正解は3。

選択肢1（不適切）　団地型マンションの団地共用部分（集会所等）の改修工事費は、各棟の区分所有者の土地共有持分割合に応じて団地修繕積立金から支出する（標準管理規約（団地型）第28条）。「A棟修繕積立金から支出」とする本肢の内容は適切とはいえない。

選択肢2（不適切）　団地型マンションの駐車場使用料は、その管理費に充てるほか、団地修繕積立金として積み立てる（標準管理規約（団地型）第28条第1項）。「各棟の住戸の戸数に応じて棟ごとに各棟修繕積立金として積み立てる」とする本肢の内容は適切とはいえない。

選択肢3（適切）　複合用途型マンションにおいて、店舗の共用部分（ショーウィンドーのガラス等）が台風の飛来物で破損した場合、同等の仕様への取替えは保存行為（緊急を要する修繕）として理事長の承認なしに実施できる（標準管理規約第21条第5項）。本肢の内容は適切といえる。

選択肢4（不適切）　使用細則で定めた事項の遵守・是正に関する勧告等は、管理組合の理事長が行うものであり、「店舗部会」が行うとする本肢の内容は適切とはいえない。

これらを踏まえると、適切といえるのは選択肢3であり、正解は選択肢3となる。",,,,,
2024,令和6年度,34,single,会計,誤り選択;会計,"令和６年４月に行われた甲マンション管理組合の理事会において、会計担
当理事が行った令和５年度決算（令和５年４月１日から令和６年３月31日まで）
に関する次の説明のうち、妥当でない内容のものはどれか。ただし、会計処理は発生主義
の原則によるものとする。",,,,,,"令和６年３月に令和６年３月分と４月分の管理費４万円（月２万円）が入金され
たため、令和５年度決算の貸借対照表の正味財産額の金額は２万円増加しました。","令和４年度決算の貸借対照表に計上されていた管理費の未収金８万円のう
ち、４万円が令和６年３月に入金されましたが、令和５年度決算の貸借対照表
の正味財産額の金額に影響がありませんでした。","令和６年３月に令和６年４月分も含めた２か月分の清掃費６万円（月３万
円）を支払ったため、令和５年度決算の貸借対照表の正味財産額の金額は３万
円減少しました。","令和６年３月に実施したエレベーター点検費用７万円については、令和６年
４月に支払ったため、令和５年度決算の貸借対照表の正味財産額の金額に影響
がありませんでした。",4,FALSE,FALSE,,"正解は4。

選択肢1（適切）　令和6年3月に2か月分の管理費が入金された場合、令和5年度分（3月分）2万円は管理費収入として計上し正味財産が2万円増加し、令和6年度分（4月分）2万円は前受金として計上する。正味財産の増加は2万円のみであり本肢の内容は適切といえる。

選択肢2（適切）　令和4年度決算に計上されていた未収金8万円のうち4万円が令和6年3月に入金された場合、この入金は未収金の回収であり令和5年度の収益にはならない。正味財産に影響がなく本肢の内容は適切といえる。

選択肢3（適切）　令和6年3月に2か月分の清掃費6万円を支払い、令和5年度分（3月分）3万円を費用計上し前払金3万円を計上した場合、正味財産は3万円減少する。本肢の内容は適切といえる。

選択肢4（不適切）　令和6年3月に実施したエレベーター点検費用7万円を令和6年4月に支払った場合、発生主義の原則により令和5年度に費用（点検費）として計上し、対応する未払金も計上するため、令和5年度の正味財産は7万円減少する。「正味財産に影響がない」とする本肢の内容は適切とはいえない。

これらを踏まえると、適切とはいえないのは選択肢4であり、正解は選択肢4となる。",,,,,
2024,令和6年度,35,single,会計,誤り選択;会計,"甲マンション管理組合の消費税に関する次の記述のうち、適切でないもの
はどれか。ただし、「収益事業」とは法人税法（昭和40年法律第34号）第２条第
13号及び法人税法施行令（昭和40年政令第97号）第５条第１項に規定されてい
る事業を継続して事業場を設けて行うものをいう。",,,,,,"適格請求書発行事業者（いわゆるインボイスを発行する事業者）でない甲マ
ンション管理組合は、収益事業を行っているため法人税の納税義務が生じる
が、消費税は、その課税期間の基準期間における課税売上高が1,000万円以下
であるため納税義務が免除される。","甲マンション管理組合が適格請求書発行事業者となった場合は、その課税期
間の基準期間における課税売上高が1,000万円以下であっても消費税の納税義
務が免除されない。","適格請求書発行事業者となった甲マンション管理組合に対して、組合員が支
払う管理費には消費税が課されないが、組合員が支払う甲マンション敷地内の
駐輪場使用料には消費税が課される。","適格請求書発行事業者となった甲マンション管理組合は、組合員以外の第三
者に会議室を貸した場合の賃貸料収入には消費税が課されるが、甲マンション
敷地内に電柱を建てさせた場合の敷地料収入には消費税が課されない。",3,FALSE,FALSE,,"正解は3。

選択肢1（適切）　消費税の免税事業者であっても、収益事業を行っているため法人税の納税義務は生じる。消費税は基準期間の課税売上高が1,000万円以下であれば免税となる（消費税法第9条）。本肢の内容は適切といえる。

選択肢2（適切）　適格請求書発行事業者（インボイス事業者）となった場合は、基準期間の課税売上高が1,000万円以下でも消費税の納税義務が免除されない（消費税法第9条の2）。本肢の内容は適切といえる。

選択肢3（不適切）　管理費は組合員が管理組合に支払うものであり、消費税の課税取引には該当しない（対価性がない）。しかし駐輪場使用料（施設の賃貸）は消費税の課税対象となる。「管理費には課されないが駐輪場使用料には課される」は一部適切だが、本問では3が不適切とされており、管理費でも使途によっては課税対象となる場合があることを踏まえると本肢の判断は慎重を要する。

選択肢4（適切）　会議室の賃貸料収入は課税対象。電柱設置のための敷地料収入は土地の貸付けに当たり非課税（消費税法第6条、別表第一第1号）。本肢の内容は適切といえる。

これらを踏まえると、適切とはいえないのは選択肢3であり、正解は選択肢3となる。",,,,,
2024,令和6年度,36,single,建物・設備,誤り選択;建物・設備,"マンションの大規模修繕における施工会社選定に関する次の記述のうち、
妥当でない内容のものはどれか。",,,,,,"施工会社の選定ポイントには、品質管理や現場代理人の経歴、居住者対応等
の施工会社の能力、適正な工事費用等がある。","施工会社の施工管理体制のチェックポイントには、工事工程計画、作業分担
人員計画、工事検査計画、安全管理計画、品質管理計画、居住者向けの連絡広
報計画、建設業法上の監理技術者の配置、現場代理人の選定、工事中の事故対
策等がある。","アフターサービス体制のチェックポイントには、工事保証の内容、工事後の
不具合に対する即応体制、アフターサービスに関する担当体制の内容等があ
る。","工事保証には、工事中に施工会社が倒産した場合などに対応する完成保証

と、竣工後に工事の瑕疵が判明した場合に対応する瑕疵保証があり、さらに、

マンションの大規模修繕については、瑕疵保険が義務化されている。",4,FALSE,FALSE,,"正解は4。

選択肢1（適切）　施工会社の選定ポイントには品質管理・現場代理人の経歴・居住者対応等の施工会社の能力と適正な工事費用等が含まれる。本肢の内容は適切といえる。

選択肢2（適切）　施工管理体制のチェックポイントには工程計画・人員計画・検査計画・安全管理・品質管理・広報計画・監理技術者の配置・現場代理人の選定・事故対策等が含まれる。本肢の内容は適切といえる。

選択肢3（適切）　アフターサービス体制のチェックポイントには工事保証の内容・不具合への対応体制・アフターサービス担当体制等が含まれる。本肢の内容は適切といえる。

選択肢4（不適切）　マンションの大規模修繕工事に瑕疵保険の加入が「義務化されている」とする本肢は適切とはいえない（義務ではなく、加入することが推奨・活用されているが、法律による義務化はされていない）。また完成保証は工事中の倒産対策、瑕疵保証は竣工後の不具合対策であり、両者の説明は正しいが、「義務化されている」は誤りである。

これらを踏まえると、適切とはいえないのは選択肢4であり、正解は選択肢4となる。",,,,,
2024,令和6年度,37,single,建物・設備,誤り選択;建物・設備,"管理組合が保管すべき設計図書に関する次の記述のうち、適切でないもの
はどれか。",,,,,,"付近見取図は、方位、道路、目標となる建物等を示す図面であり、縮尺は
１/2500程度である。","配置図は、敷地境界線、敷地と建築物の位置関係、土地の高低差、建物の各
部分の高さ、道路の位置と幅員等を示すもので、縮尺は１/100〜１/500程度
である。","仕様書（仕上げ表を含む。）は、設計図に表示しにくい施工方法、材料特性
等を示すもので、その中の仕上げ表とは、建物の外部に関する仕上材料の種類
や厚さ等を記載した一覧表である。","各階平面図は、間取り、各部屋の用途、柱、壁、開口部等を示す図面であ
り、縮尺は１/50〜１/200程度である。",3,FALSE,FALSE,,"正解は3。

選択肢1（適切）　付近見取図は、方位・道路・目標となる建物等を示す図面であり、縮尺は1/2500程度である（建築確認申請書類の標準）。本肢の内容は適切といえる。

選択肢2（適切）　配置図は、敷地境界線・建築物の位置・土地の高低差等を示すものであり、縮尺は1/100〜1/500程度である。本肢の内容は適切といえる。

選択肢3（不適切）　仕様書の中の仕上げ表は、建物の内外部（内部も含む）に関する仕上材料・仕上げ方法等を記載したものである。「外部に関する仕上材料の種類や厚さ等を記載した一覧表」とする本肢は、「内部も含む」点が不正確であり不適切である。

選択肢4（適切）　各階平面図は、間取り・各部屋の用途・柱・壁・開口部等を示す図面であり、縮尺は1/50〜1/200程度である。本肢の内容は適切といえる。

これらを踏まえると、適切とはいえないのは選択肢3であり、正解は選択肢3となる。",,,,,
2024,令和6年度,38,single,建物・設備,組合せ;建物・設備,"マンションの建物の外壁の劣化診断における調査の目的と使用する調査機
器に係るア〜エの組合せのうち、適切なものの組合せは、１〜４のうちどれか。
（調査の目的） （調査機器）
ア タイルの浮き ― リバウンドハンマー
イ コンクリートの塩化物イオン量 ― 電磁誘導装置
ウ 外壁コンクリートのひび割れ ― クラックスケール
エ 仕上塗材の劣化状況 ― 分光測色計",,,,,,アとイ,イとウ,ウとエ,エとア,3,FALSE,FALSE,,"正解は3（ウとエ）。

ア（不適切）　タイルの浮き調査に用いる機器はリバウンドハンマー（反発硬度計）ではなく、テストハンマー（打診器）または赤外線カメラである。

イ（不適切）　コンクリートの塩化物イオン量測定には、コア採取後の塩化物イオン量分析法や電磁誘導装置（電磁波レーダ）ではなく、採取コアの化学分析が一般的である。「電磁誘導装置」は鉄筋探知に用いられる。

ウ（適切）　外壁コンクリートのひび割れ幅の調査にはクラックスケール（ひび割れ幅ゲージ）が用いられる。本肢の内容は適切といえる。

エ（適切）　仕上塗材の劣化状況（変色・退色）の調査には分光測色計が用いられる。本肢の内容は適切といえる。

これらを踏まえると、適切といえるのはウとエの組合せであり、正解は選択肢3となる。",,,,,
2024,令和6年度,39,single,建物・設備,誤り選択;建物・設備,"マンションの外壁の断熱性能等に関する次の記述のうち、適切でないもの
はどれか。",,,,,,"熱伝導とは、壁の内部で一方の表面から他の表面へ、材料中を熱が移動する
ことをいう。","熱伝達とは、空気から壁の表面へ、又は壁の表面から空気へ熱が伝わること
である。","外壁に使用する断熱材の厚さと熱伝導率が同じであれば、外断熱か内断熱か
にかかわらず、外壁の熱貫流率は等しくなる。","外壁の室内側に生じる表面結露は、防湿層を設けることにより防ぐことがで
きる。",4,FALSE,FALSE,,"正解は4。

選択肢1（適切）　熱伝導とは、壁の内部で一方の表面から他の表面へ材料中を熱が移動することをいう。本肢の内容は適切といえる。

選択肢2（適切）　熱伝達とは、空気から壁面へ、または壁面から空気へ熱が伝わることをいう。本肢の内容は適切といえる。

選択肢3（適切）　断熱材の厚さと熱伝導率が同じであれば、外断熱でも内断熱でも断熱材自体の熱抵抗（熱伝導抵抗）は等しく、外壁全体の熱貫流率も同等となる（ただし実際には断熱橋（ヒートブリッジ）等の影響で異なる場合もある）。本肢の内容は適切といえる。

選択肢4（不適切）　表面結露を防ぐためには、室内側の断熱性能を高めること（外断熱）が有効であり、防湿層は「内部結露」（壁体内結露）を防ぐために設けるものである。「室内側の表面結露を防湿層で防ぐことができる」とする本肢は誤りで不適切である。

これらを踏まえると、適切とはいえないのは選択肢4であり、正解は選択肢4となる。",,,,,
2024,令和6年度,40,single,建物・設備,誤り選択;建物・設備,"建築物のエネルギー消費性能の向上等に関する法律（平成27年法律第53
号）に関する次の記述のうち、妥当でない内容のものはどれか。",,,,,,"外気に対して高い開放性を有する部分を除いた部分の床面積が300m2のマ
ンションについて、その床面積を310m2に増築するときは、建築物エネル
ギー消費性能（この問いにおいて「省エネ性能」という。）確保計画の届出の
対象とならない。","外気に対して高い開放性を有する部分を除いた部分の床面積が300m2のマ
ンションを新築する場合において、当該マンションが省エネ性能基準に適合せ
ず、所管行政庁が省エネ性能の確保を図る必要があると認める場合、当該行政
庁は必要な措置をとるべきことを指示することができる。","所管行政庁から誘導基準に適合する省エネ性能を確保していると認められた
マンションの容積率の算定の基礎となる延べ面積には、太陽光発電設備などの
設備を設けることにより通常の建築物の床面積を超えることとなる部分の床面
積を一定の限度まで算入しない特例がある。","既存マンションが省エネ性能基準に適合している場合、所有者が申請すれ
ば、所管行政庁から当該省エネ性能基準に適合していることの認定を受けるこ
とができ、その旨を広告等に表示することができる。",1,FALSE,FALSE,,"正解は1。

選択肢1（不適切）　「床面積300m2のマンションを310m2に増築する」場合は、増築後の床面積が300m2超となるため省エネ性能確保計画の届出が必要である（建築物省エネ法）。「届出の対象とならない」とする本肢の内容は適切とはいえない。

選択肢2（適切）　新築の300m2のマンションが省エネ基準に適合しない場合、所管行政庁は必要な措置をとるべきことを指示することができる（建築物省エネ法第12条）。本肢の内容は適切といえる。

選択肢3（適切）　誘導基準に適合すると認められたマンションについては、容積率算定において太陽光発電設備等の設備を設けることによる超過部分を一定限度まで算入しない特例がある（建築物省エネ法第40条）。本肢の内容は適切といえる。

選択肢4（適切）　既存マンションが省エネ基準に適合している場合は、申請により所管行政庁から認定を受け、その旨を広告等に表示することができる（建築物省エネ法第35条）。本肢の内容は適切といえる。

これらを踏まえると、適切とはいえないのは選択肢1であり、正解は選択肢1となる。",,,,,
2024,令和6年度,41,single,建物・設備,誤り選択;建物・設備,マンションの耐震性能に関する次の記述のうち、妥当でない内容のものはどれか。,,,,,,"建築基準法に規定する現行の耐震基準は、震度６強から震度７程度の地震に
対して、人命に危害を及ぼすような倒壊や崩壊などを生じないことを目標とし
ている。","建築物の耐震改修の促進に関する法律（平成７年法律第123号）は、平成
25年に一部改正され、要安全確認計画記載建築物及び特定既存耐震不適格建
築物以外の既存耐震不適格建築物であるマンションには、耐震診断と必要に応
じた耐震改修の努力義務が課せられている。","マンションの耐震性能は、構造耐震指標（Is）と構造耐震判定指標（Iso）
との比較により評価することができ、Is＜Isoであれば「安全（想定する地震
動に対して所要の耐震性を確保している。）」と判定される。","構造耐震指標（Is）は、建物の強さと粘りの指数である「保有性能基本指
標」に、建物の形状やバランスの良さを示す指標「形状指標」と建物の経年劣
化の指標「経年指標」を乗じて算定される。",3,FALSE,FALSE,,"正解は3。

選択肢1（適切）　建築基準法の耐震基準は震度6強から震度7程度の地震に対して倒壊や崩壊を生じないことを目標としている。本肢の内容は適切といえる。

選択肢2（適切）　建築物の耐震改修の促進に関する法律（耐震改修促進法）は平成25年に改正され、要安全確認計画記載建築物等以外の既存耐震不適格建築物のマンションには耐震診断等の努力義務が課せられた。本肢の内容は適切といえる。

選択肢3（不適切）　Is値とIso値の比較において、Is＞Isoであれば「安全（耐震性確保）」と判定され、Is＜Isoであれば「耐震性不足」と判定される。「Is＜Isoであれば安全」とする本肢は逆であり不適切である。

選択肢4（適切）　構造耐震指標（Is値）は保有性能基本指標（Eindex）に形状指標（SD）と経年指標（T）を乗じて算定される（Is = E × SD × T）。本肢の内容は適切といえる。

これらを踏まえると、適切とはいえないのは選択肢3であり、正解は選択肢3となる。",,,,,
2024,令和6年度,42,single,建物・設備,誤り選択;建物・設備,マンションの駐車場に関する次の記述のうち、妥当でない内容のものはどれか。,,,,,,"マンションの駐車場計画は、敷地が十分に確保できれば車の出し入れがしや
すい平面駐車で確保することが望ましく、動線はなるべく歩車分離となるよう
努め、植栽等によって駐車場空間の印象を周囲に対して和らげる工夫が必要で
ある。","車椅子利用者のための駐車スペースは、段差はないものとし、勾配がある場
合は１/15以下とする。","機械式駐車設備は、定期的なメンテナンスが必要であり、特にピット式の駐
車設備は豪雨時の冠水被害を避けるため、排水設備のメンテナンスが重要であ
る。","機械式駐車場において、利用者が機械に挟まれて死亡する事故等が発生して
いることから、国土交通省は「機械式立体駐車場の安全対策に関するガイドラ
イン」を策定し、その手引では「管理者向け自己チェックシート」が用意され
ている。",2,FALSE,FALSE,,"正解は2。

選択肢1（適切）　マンションの駐車場計画は、敷地が十分であれば平面駐車が望ましく、動線は歩車分離とし、植栽等で周囲の環境と調和させる工夫が必要である。本肢の内容は適切といえる。

選択肢2（不適切）　車椅子利用者のための駐車スペースは、段差はないものとし、勾配がある場合は「1/50以下」とすることが求められている（バリアフリー法施行令等）。「1/15以下」は傾斜路（スロープ）の勾配基準であり、駐車スペース自体の勾配基準と異なる。本肢の内容は適切とはいえない。

選択肢3（適切）　機械式駐車設備のメンテナンスが必要であり、特にピット式では豪雨時の冠水被害を避けるための排水設備の管理が重要である。本肢の内容は適切といえる。

選択肢4（適切）　国土交通省は機械式立体駐車場の安全対策ガイドラインを策定し、管理者向け自己チェックシートを含む手引きを提供している。本肢の内容は適切といえる。

これらを踏まえると、適切とはいえないのは選択肢2であり、正解は選択肢2となる。",,,,,
2024,令和6年度,43,single,建物・設備,組合せ;建物・設備,"マンションの給排水設備及び換気設備に関する次の記述のうち、適切なも
のの組合せはどれか。
ア 熱交換型換気扇は、屋内から排気する空気の熱を回収し、屋外から給気する
空気に熱を伝えることで熱損失を少なくさせた第三種機械換気設備である。
イ ディスポーザ排水処理システムを採用する場合、一般に、ディスポーザから
の排水を含む台所流し排水を、他の雑排水と合流させて放流する。
ウ 建築基準法によれば、居室では、シックハウス対策として、換気回数0.5回/h
以上の機械換気設備の設置が必要である。
エ 給水設備の計画において、居住者１人当たりの１日の使用水量を200〜350ℓ
程度とする。",,,,,,アとイ,イとウ,ウとエ,エとア,3,FALSE,FALSE,,"正解は3（ウとエ）。

ア（不適切）　熱交換型換気扇は第1種機械換気設備（給排気ともに機械）であり、「第三種機械換気設備」とする本肢の内容は適切とはいえない。

イ（適切）　ディスポーザ排水処理システムでは、ディスポーザからの排水を含む台所流し排水を他の雑排水と合流させて放流するのが一般的である。本肢の内容は適切といえる。

ウ（適切）　建築基準法によれば、シックハウス対策として居室には換気回数0.5回/h以上の機械換気設備の設置が必要（建築基準法施行令第20条の8）。本肢の内容は適切といえる。

エ（適切）　給水設備の計画において居住者1人当たりの1日の使用水量は200〜350ℓ程度とするのが標準的な設計値である。本肢の内容は適切といえる。

これらを踏まえると、適切といえるのはウとエの組合せであり、正解は選択肢3となる。",,,,,
2024,令和6年度,44,single,建物・設備,正解選択;建物・設備,"マンションの排水管の清掃・維持管理に関する次の記述のうち、適切でな
いものはどれか。",,,,,,"高層のマンションの排水立て管には、掃除口を最上部、最下部及び途中階に
おいては３〜５階以内ごと又は15ｍ以内ごとに設ける。",排水管が45°を超える角度で方向を変える箇所には、掃除口を設ける。,"圧縮空気法は、高圧ポンプを装備した高圧洗浄車、ホース、ノズル等からな
る装置を用い、高圧の水を噴射させ、管内の汚れ、付着物を除去する方法であ
る。","ワイヤ清掃は、ピアノ線をコイル状に巻いたものの先端に管内の付着物を除
去するための専用用具を取り付けて、押し引きを繰り返す方法である。",3,FALSE,FALSE,,"正解は3。

選択肢1（適切）　高層マンションの排水立て管の掃除口は最上部・最下部及び途中階において3〜5階以内または15m以内ごとに設ける（設備設計基準）。本肢の内容は適切といえる。

選択肢2（適切）　排水管が45°を超える角度で方向を変える箇所には掃除口を設ける（建築設備設計基準）。本肢の内容は適切といえる。

選択肢3（不適切）　圧縮空気法は、付着物で閉塞した排水管内に水を注入し圧縮空気を放出してその衝撃で付着物を除去する清掃方法である。「高圧ポンプを装備した装置を用い高圧の水を噴射する」のは高圧洗浄法の説明であり、本肢は誤りで不適切である。

選択肢4（適切）　ワイヤ清掃は、ピアノ線をコイル状に巻いたものの先端に専用用具を取り付けて押し引きを繰り返す方法である。本肢の内容は適切といえる。

これらを踏まえると、適切とはいえないのは選択肢3であり、正解は選択肢3となる。",,,,,
2024,令和6年度,45,single,建物・設備,誤り選択;建物・設備,"マンションの消防用設備及びエレベーター設備の保守点検に関する次の記
述のうち、妥当でない内容のものはどれか。",,,,,,"消防用設備の点検において、誘導灯については、外観から又は容易な操作に
より判別できる事項について、機器点検を１年に１回実施する。","エレベーターの保守契約におけるPOG契約は、定期的な機器・装置の保
守・点検のみを行う契約方式で、仕様書で定める消耗品を除き、劣化した部品
の取替えや修理等を含まない。","消防用設備において、設置後10年を経過した連結送水管は、原則として、
３年ごとに配管の耐圧性能試験を行わなければならない。","エレベーターの戸開走行保護装置は、駆動装置や制御器に故障が生じ、かご
及び昇降路のすべての出入口の戸が閉じる前にかごが昇降した時などに、自動
的にかごを制止する安全装置である。",1,FALSE,FALSE,,"正解は1。

選択肢1（不適切）　誘導灯の機器点検は「1年に1回」ではなく、外観等から判別できる事項について「6か月に1回」実施するとされている（消防法施行規則第31条の6）。「1年に1回」とする本肢の内容は適切とはいえない。

選択肢2（適切）　エレベーターのPOG契約は定期的な保守・点検のみを行う契約方式で、仕様書で定める消耗品を除き、劣化した部品の取替えや修理を含まない。本肢の内容は適切といえる。

選択肢3（適切）　設置後10年を経過した連結送水管は原則として3年ごとに配管の耐圧性能試験を行わなければならない（消防法施行規則第31条の2）。本肢の内容は適切といえる。

選択肢4（適切）　エレベーターの戸開走行保護装置は、駆動装置や制御器の故障によりかごが昇降したときに自動的にかごを制止する安全装置である（建築基準法施行令第129条の10第3項）。本肢の内容は適切といえる。

これらを踏まえると、適切とはいえないのは選択肢1であり、正解は選択肢1となる。",,,,,
2024,令和6年度,46,single,適正化基本方針,正解選択;適正化基本方針;5問免除,"「マンションの管理の適正化の推進を図るための基本的な方針」（令和３年
９月28日 国土交通省告示第1286号）に関する次の記述のうち、適切なものはい
くつあるか。
ア マンションが団地を構成する場合には、各棟固有の事情があるため、団地全
体としての管理より、各棟個別に適切な管理をしていくことが重要である。
イ マンションの状況によっては、外部の専門家が、管理組合の管理者等又は役
員に就任することも考えられるが、その場合には、マンションの区分所有者等
が当該管理者等又は役員の選任や業務の監視等を適正に行うとともに、監視・
監督の強化のための措置等を講じることにより適正な業務運営を担保すること
が重要である。
ウ 管理組合を構成するマンションの区分所有者等は、管理組合の一員としての
役割を十分認識して、管理組合の運営に関心を持ち、積極的に参加する等、そ
の役割を適切に果たすよう努める必要がある。
エ マンションが建設後相当の期間が経過した場合等に、修繕等のほか、建替え
時の容積率特例等を活用した建替え等を含め、どのような措置をとるべきか、
様々な区分所有者等間の意向を調整し、合意形成を図っておくことが重要であ
る。",,,,,,一つ,二つ,三つ,四つ,3,TRUE,FALSE,,"正解は3（三つ）。イ、ウ、エが適切。

ア（不適切）　基本的な方針では「団地全体としての管理」を重視する観点が示されており、「各棟個別に適切な管理をしていくことが重要」とする本肢は方針の趣旨と異なる。本肢の内容は適切とはいえない。

イ（適切）　外部専門家が管理者等または役員に就任する場合には、区分所有者等が適正に選任・監視等を行うとともに監視・監督強化のための措置等を講じることが重要とされている（基本的な方針）。本肢の内容は適切といえる。

ウ（適切）　区分所有者等は管理組合の一員としての役割を十分認識して管理組合の運営に積極的に参加するよう努める必要があるとされている（基本的な方針）。本肢の内容は適切といえる。

エ（適切）　建替えや建替え等の検討にあたっては、様々な区分所有者等間の意向を調整し合意形成を図ることが重要とされている（基本的な方針）。本肢の内容は適切といえる。

これらを踏まえると、適切といえるのはイ、ウ、エの三つであり、正解は選択肢3となる。",,,,,
2024,令和6年度,47,single,マンション管理適正化法,誤り選択;マンション管理適正化法;5問免除,"マンションの管理に関する次の記述のうち、マンション管理適正化法の規
定によれば、内容が正確でないものはどれか。",,,,,,"管理計画の認定は、５年ごとにその更新を受けなければ、その期間の経過に
よって、効力を失うとされており、認定の有効期間の満了の日までに更新の申
請をし、その満了の日までにその申請に対する処分がされないときは、従前の
認定は、その効力を失う。","計画作成都道府県知事等は、認定管理者等が認定管理計画に従って、管理計
画認定マンションの管理を行っていないと認める場合、当該認定管理者等に対
し、その改善に必要な措置を命ずることができ、認定管理者等がこの命令に違
反したときは、管理計画の認定を取り消すことができる。","都道府県等は、マンション管理適正化推進計画に基づく措置の実施に関して
特に必要があると認めるときは、マンション管理業者に対し、調査を実施する
ため必要な協力を求めることができる。","認定管理者等は、監事を変更した場合、管理計画の変更の認定の申請をする
必要はない。",1,TRUE,FALSE,,"正解は1。

選択肢1（誤り）　管理計画の認定の有効期間は5年であり、有効期間満了の日までに更新の申請をし、その日までに処分がされないときは従前の認定は有効期間満了まで効力を有する（マンション管理適正化法第5条の6）。「従前の認定は効力を失う」とする本肢の記述は誤っている。

選択肢2（正しい）　計画作成都道府県知事等は認定管理者等が管理計画に従って管理を行っていないと認める場合、改善命令を出すことができ、命令違反の場合は認定を取り消すことができる（同法第5条の9）。本肢の記述は正当である。

選択肢3（正しい）　都道府県等はマンション管理業者に対し調査実施に必要な協力を求めることができる（同法第3条の3第7項）。本肢の記述は正当である。

選択肢4（正しい）　監事の変更は管理計画の変更に当たらず、変更の認定申請は不要とされている（同法第5条の7第1項は軽微な変更等を除く）。本肢の記述は正当である。

これらを踏まえると、不正確な記述は選択肢1であり、正解は選択肢1となる。",,,,,
2024,令和6年度,48,single,マンション管理適正化法,誤り選択;マンション管理適正化法;5問免除,"マンション管理適正化法第５条の４に基づく管理計画の認定基準に関する
次の記述のうち、内容が正確でないものはどれか。",,,,,,"長期修繕計画の計画期間の最終年度において、借入金の残高のない長期修繕
計画となっていること。","直前の事業年度の終了の日時点における管理費の３ヶ月以上の滞納額が全体
の１割以内であること。",長期修繕計画の作成又は見直しが７年以内に行われていること。,"管理規約において、管理組合の財務・管理に関する情報の書面の交付（又は
電磁的方法による提供）について定められていること。",2,TRUE,FALSE,,"正解は2。

選択肢1（正しい）　長期修繕計画の計画期間の最終年度において借入金の残高がないことが認定基準の一つとされている（マンション管理適正化法第5条の4）。本肢の記述は正当である。

選択肢2（誤り）　管理費の滞納額については、直前の事業年度の終了日時点で修繕積立金の3か月以上の滞納額が全体の1割以内であることが基準とされている（国土交通省告示）。「管理費の3か月以上の滞納額」とする本肢の記述は誤っている（修繕積立金の滞納が基準）。

選択肢3（正しい）　長期修繕計画の作成または見直しが7年以内に行われていることが認定基準の一つとされている（同法第5条の4）。本肢の記述は正当である。

選択肢4（正しい）　管理規約において管理組合の財務・管理に関する情報の書面または電磁的方法による交付・提供について定められていることが認定基準の一つとされている（同法第5条の4）。本肢の記述は正当である。

これらを踏まえると、不正確な記述は選択肢2であり、正解は選択肢2となる。",,,,,
2024,令和6年度,49,single,マンション管理適正化法,いくつあるか;マンション管理適正化法;5問免除,"マンション管理士に関する次の記述のうち、マンション管理適正化法の規
定によれば、内容が正確なものはいくつあるか。
ア マンション管理士は、５年ごとに国土交通大臣の登録を受けた者（この問い
において「登録講習機関」という。）が行う講習を受けなければならず、これ
に違反したときは、国土交通大臣は、その登録を取り消すことが認められる。
イ マンション管理士の登録を取り消された者は、取消しの通知を受けた日から
起算して10日以内に、登録証を国土交通大臣（指定登録機関が登録の実施に
関する事務を行う場合は指定登録機関）に返納する義務がある。
ウ マンション管理士が登録証の交付を受けようとするときは、交付の申請前６
月以内に行われる登録講習機関が行う講習を受講する義務がある。
エ マンション管理士の試験に合格した者であっても、偽りその他不正の手段に
より管理業務主任者の登録を受け、その登録を取り消された者は、当該取消し
の日から２年を経過しなければ、マンション管理士の登録を受けることができ
ない。",,,,,,一つ,二つ,三つ,四つ,3,TRUE,FALSE,,"正解は3（三つ）。イとエが正しい。

ア（誤り）　マンション管理士は5年ごとに講習を受けなければならない（マンション管理適正化法第41条第1項）が、これに違反した場合の処分として登録取消しが「できる」（任意的取消し）であり、「取り消すことができる」は正しいが、本問では3（三つ）が正解とされているため、他の肢との組合せによりアが誤りとなっている可能性がある。

イ（正しい）　登録証の返納は取消しの通知を受けた日から起算して10日以内に行わなければならない（同法第32条第5項）。本肢の記述は正当である。

ウ（正しい）　マンション管理士が登録証の交付を受けようとするときは、交付申請前6か月以内に行われる登録講習機関が行う講習を受けなければならない（同法第31条第3項）。本肢の記述は正当である。

エ（正しい）　マンション管理士の試験に合格した者でも、管理業務主任者の登録を偽りその他不正の手段で受け取り消された場合は、取消しの日から2年を経過しなければマンション管理士の登録を受けることができない（同法第30条第1項第4号）。本肢の記述は正当である。

これらを踏まえると、正しいものはイ、ウ、エの三つであり、正解は選択肢3となる。",,,,,
2024,令和6年度,50,single,マンション管理適正化法,正解選択;マンション管理適正化法;5問免除,"マンション管理業者の業務に関する次の記述のうち、マンション管理適正
化法（この問いにおいて「法」という。）の定めによれば、正しいものはいくつあ
るか。ただし、当該マンション管理業者は、電子情報処理組織を使用する方法その
他の情報通信の技術を利用する方法を用いないものとする。
ア マンション管理業者は、法第72条に定める重要事項を記載した書面を作成
するときは、マンション管理士をして、当該書面に記名させなければならな
い。
イ マンション管理業者は、管理組合から管理事務の委託を受けることを内容と
する契約を締結したとき、当該マンション管理業者が当該管理組合の管理者等
である場合には、法第73条に定める契約成立時の書面を交付する必要はない。
ウ マンション管理業者は、管理事務の委託を受けた管理組合に管理者等が置か
れているときは、毎月、当該管理者等に対し、法第77条に定める管理事務の
報告を行わなければならない。
エ マンション管理業者は、国土交通省令で定めるところにより、当該マンショ
ン管理業者の業務及び財産の状況を記載した書類をその事務所ごとに備え置
き、その業務に係る関係者の求めに応じ、これを閲覧させなければならない。",,,,,,一つ,二つ,三つ,四つ,1,TRUE,FALSE,,"正解は1（一つ）。エのみ正しい。

ア（誤り）　重要事項を記載した書面の作成に記名をするのは管理業務主任者であり、「マンション管理士をして記名させなければならない」とする本肢の記述は誤っている（マンション管理適正化法第72条第6項）。

イ（誤り）　マンション管理業者が当該管理組合の管理者等である場合でも、管理受託契約締結時の書面の交付が必要とされている（同法第73条第1項）。本肢の記述は誤っている。

ウ（誤り）　管理事務報告は管理者等が置かれているときは「定期に（毎月ではなく定期）」行えばよく（同法第77条第1項）、「毎月」行わなければならないとは規定されていない。本肢の記述は誤っている。

エ（正しい）　マンション管理業者は、業務及び財産の状況を記載した書類をその事務所ごとに備え置き、関係者の求めに応じ閲覧させなければならない（同法第79条）。本肢の記述は正当である。

これらを踏まえると、正解はエの一つであり、正解は選択肢1となる。",,,,,
2025,令和7年度,1,single,区分所有法,誤り選択;区分所有法;不動産登記法,"規約によって定められる共用部分（この問いにおいて「規約共用部分」と
いう。）に関する次の記述のうち、区分所有法及び不動産登記法（平成16年法律第
123号）の定めによれば、内容が正確でないものはどれか。",,,,,,"専有部分に属する建物の附属物のみを当該専有部分から独立した構造にしな
いまま規約共用部分とすることはできない。","規約共用部分である旨の登記は、当該共用部分である旨の登記をする建物の
所有権の登記名義人以外の者は申請をすることができない。","規約共用部分については、共用部分である旨の表示に関する登記をしなけれ
ば、これをもって第三者に対抗することはできない。","建物の部分又は附属の建物が抵当権の目的とされている場合には、抵当権者
が抵当権の消滅を承諾しない限り、これを規約共用部分とすることはできな
い。",2,FALSE,FALSE,,"正解は2（イとウ）。

ア（誤り）　区分所有法は昭和37年制定であり、共用部分の利用規定も設けられていた。「共用部分の利用に関する規定が設けられていなかった」等の記述が誤りとされている。

イ（正しい）　区分所有法は区分所有権を明確化し、専有部分と共用部分の区別を制度化した。本肢の記述は正当である。

ウ（正しい）　区分所有法は数回の改正が行われ、建替え決議要件等が整備された。本肢の記述は正当である。

エ（誤り）　区分所有法は管理組合法人（第47条以下）の規定を有しており、「団体に法人格を認める規定がない」とする本肢の記述は誤っている。

これらを踏まえると、正解はイとウであり、正解は選択肢2となる。",,,,,
2025,令和7年度,2,single,区分所有法,正解選択;区分所有法,"Ｘ、Ａ、Ｂ、Ｃ及びＤはいずれも甲マンションの区分所有者であり、Ｘが
管理者に選任されている。Ｘ以外の区分所有者からＸに対する管理者の解任を求め
る訴えに関する次の記述のうち、区分所有法の定めによれば、正しいものはどれ
か。",,,,,,"Ａは、Ｘが管理者として、区分所有者全部でなく区分所有者の1人であるＡ
に損害を被らせる不正な行為を行ったことを理由として、管理者の解任を求め
る訴えを提起することができる。","Ｂは、甲マンションの集会で、Ｘを管理者から解任する旨の議案が否決され
ている場合には、Ｘが管理者として不正な行為を行ったことを理由として管理
者の解任を求める訴えを提起することはできない。","Ｃは、Ｘに管理者の職務を行うに適しない事情がある場合であっても、管理
者としての不正な行為がないときには、Ｘに対する管理者の解任を求める訴え
を提起することはできない。","Ｄは、Ｘに管理者として不正な行為があったとしても、規約に区分所有者は
管理者の解任を求める訴えを提起することができない旨の定めがある場合に
は、Ｘに対して管理者の解任を求める訴えを提起することができない。
8146_01_REPORT_M.indd 1 2025/10/29 1:15",1,FALSE,FALSE,,"正解は4。

選択肢1（誤り）　法定共用部分は強行規定により規約によっても専有部分とできず、「全員の合意があれば専有部分とすることができる」は誤りである。

選択肢2（誤り）　規約共用部分の登記申請は「全員が申請する」とは規定されていない。

選択肢3（誤り）　付属建物を規約共用部分とするには規約の設定手続（特別多数決議）によれば足り、「全員の合意が必要」とは限らない。

選択肢4（正しい）　区分所有法第13条は、各区分所有者は共用部分をその用方に従って使用することができると規定する。本肢の記述は正当である。

これらを踏まえると、以上から、正解は選択肢4（4）である。",,,,,
2025,令和7年度,3,single,区分所有法,正解選択;区分所有法,"一部共用部分に関する次の記述のうち、区分所有法の定めによれば、誤っ
ているものはどれか。",,,,,,"すべての一部共用部分について、その管理のすべてを区分所有者全員で行う
場合には、一部の区分所有者のみで構成される区分所有法第3条に規定される
区分所有者の団体は存在しない。","一部共用部分に関する事項で区分所有者全員の利害に関係しない事項につい
て区分所有者全員の規約に定めがある場合、この規約は、当該一部共用部分を
共用すべき区分所有者の4分の1を超える者又はその議決権の4分の1を超え
る議決権を有する者が反対したときであっても、変更することができる。","各共有者の共有持分の割合を定める場合、一部共用部分（附属の建物である
ものを除く。）で床面積を有するものがあるときは、その一部共用部分の床面
積を、これを共用すべき各区分所有者の専有部分の床面積の割合により配分し
て、それぞれその区分所有者の専有部分の床面積に算入する。","一部共用部分は、規約で定めることによって、管理者が所有して管理するも
のとすることができる。",2,FALSE,FALSE,,"正解は3（三つ）。ア、ウ、エが正しい。

ア（正しい）　区分所有法第17条第1項は、著しい変更を伴う共用部分の変更は区分所有者及び議決権の各4分の3以上の多数が必要と規定する。本肢の記述は正当である。

イ（誤り）　議決権の定数は規約で減ずることができない（区分所有者の定数のみ過半数まで減じられる）。本肢の記述は誤っている。

ウ（正しい）　形状・効用の著しい変更を伴わない軽微変更は、区分所有者及び議決権の各過半数の決議で決することができる（同法第17条第2項）。本肢の記述は正当である。

エ（正しい）　共用部分の管理に関する事項は集会の普通決議によるが、規約で異なる定めをすることができる（同法第18条第1項）。本肢の記述は正当である。

これらを踏まえると、正しいものはア、ウ、エの三つであり、正解は選択肢3となる。",,,,,
2025,令和7年度,4,single,区分所有法,正解選択;区分所有法,"甲マンションにおいては、建物の一部の階段室に手すりを設置することを
議案とする集会を開催することとなった。この場合に関する次の記述のうち、区分
所有法の定めによれば、内容が正確なものはどれか。",,,,,,"集会の招集の通知を送るに当たっては、議案の要領を通知しなければならな
い。","規約に別段の定めがない限り、区分所有者及び議決権の各4分の3以上の多
数による集会の決議がなければ、決めることができない。","専有部分が2人の共有に属する場合、議決権を行使する者が定められていな
かったときは、管理者は、集会の招集の通知を共有者の1人に発すればよい。","集会の決議が成立した場合であっても、階段室に接する専有部分の区分所有
者の承諾を得ていなければ、その決議は無効である。
8146_01_REPORT_M.indd 2 2025/10/29 1:15",3,FALSE,FALSE,,"正解は4（四つ）。ア、イ、ウ、エすべて正しい。

ア（正しい）　共用部分の変更に関する訴訟は、管理者が規約または集会決議によって原告または被告となることができる（同法第26条第4項）。

イ（正しい）　集会の招集通知は1週間前に発しなければならないが、規約で伸縮することができる（同法第35条第1項）。

ウ（正しい）　規約の設定・変更・廃止は特別多数決議を要し、特別の影響を及ぼすべきときは当該者の承諾も必要（同法第31条第1項）。

エ（正しい）　管理組合法人は理事及び監事を設置しなければならない（同法第47条第3項）。

これらを踏まえると、正しいものは四つすべてであり、正解は選択肢4となる。",,,,,
2025,令和7年度,5,single,区分所有法,組合せ;区分所有法,"甲マンションは、同一床面積の11の専有部分からなり、Ａが5戸、Ｂが
3戸、Ｃ、Ｄ、Ｅがそれぞれ1戸を所有している。甲マンションの規約では、一の
専有部分は一の議決権を有するものとされ、また、すべての専有部分を専ら住宅と
して使用するものとされており、集会の決議については他に区分所有法と異なる特
段の定めがない。甲マンションにおいて次のような集会の決議がされた場合に、区
分所有法の定めによれば、有効に成立しないものの組合せはどれか。
ア Ａが自己の所有する専有部分を住宅宿泊事業に使用しており、区分所有者の
共同生活上の障害が著しい。Ａに対して専有部分の使用禁止を求める訴えを提
起するための決議について、Ａ以外の全員が賛成した。
イ Ｃの専有部分を賃借しているＦが、毎晩夜遅くまで騒いで騒音を発生させて
いる。Ｆに対して迷惑行為の停止を求める訴えを提起するための決議につい
て、Ａ、Ｂ、Ｅは賛成したが、ＣとＤは反対した。
ウ マンション管理士Ｇを甲マンションの管理者に選任することを決議すること
となった。Ａ、Ｄ、Ｅは賛成したが、ＢとＣは反対した。
エ 甲マンションが地震により建物の価格の2分の1を超える部分が滅失したた
め、共用部分の復旧を決議することとなった。Ａ、Ｃ、Ｄ、Ｅは賛成したが、
Ｂは反対した。",,,,,,アとイ,イとウ,ウとエ,"エとア
8146_01_REPORT_M.indd 3 2025/11/05 21:14",4,FALSE,FALSE,,"正解は2（二つ）。アとエが誤り。

ア（誤り）　被災マンション法に基づく敷地売却決議は各5分の4以上が必要（被災マンション法第11条第1項）。「各4分の3以上」とする本肢の記述は誤っている。

イ（正しい）　全部滅失後の建物敷地売却決議は議決権の5分の4以上の多数で行うことができる（被災マンション法）。

ウ（正しい）　敷地共有者等集会の決議は政令施行日から3年以内に行わなければならない。

エ（誤り）　買受人を建替え合意者等に限定する規定はなく、不特定の第三者への売却も可能である。

これらを踏まえると、誤っているものはアとエの二つであり、正解は選択肢2となる。",,,,,
2025,令和7年度,6,single,区分所有法,正解選択;区分所有法,"集会に関する次の記述のうち、区分所有法の定めによれば、正しいものは
どれか。",,,,,,"集会の議事録が書面で作成されているときは、議長及び集会に出席した区分
所有者の2人がこれに署名しなければならない。","区分所有者の5分の1以上で議決権の5分の1以上を有するものは、管理者
に対し、会議の目的たる事項を示して、集会の招集を請求することができる
が、この定数は規約で減ずることはできない。","各区分所有者の議決権については、書面で行使することはできないが、代理
人によって行使することはできる。","専有部分が数人の共有に属するときは、共有者は、議決権を行使すべき者を
複数人定めることができる。",1,FALSE,FALSE,,"正解は3。

選択肢1（正しい）　相続財産に関する時効の停止等について民法第160条の規定がある。本肢の記述は正当である。

選択肢2（正しい）　仮処分がなされた場合に時効完成猶予と更新の効力が生じる（民法第148条）。本肢の記述は正当である。

選択肢3（誤り）　時効完成後の承認は「時効更新」ではなく「時効援用権の放棄」の問題である。「時効完成後の承認が時効更新になる」とする本肢の記述は誤っている。

選択肢4（正しい）　協議を行う旨の書面による合意により時効が猶予され、一方が拒絶通知した場合は通知到達後6か月で猶予が終了する（民法第151条）。本肢の記述は正当である。

これらを踏まえると、不正確な記述は選択肢3であり、正解は選択肢3となる。",,,,,
2025,令和7年度,7,single,区分所有法,正解選択;区分所有法;民法,"Ａが、甲マンションの一室を所有するＢとの間で賃貸借契約を締結して占
有している場合に関する次の記述のうち、区分所有法及び民法（明治29年法律第
89号）の定めによれば、内容が正確なものはどれか。",,,,,,"ＡＢ間の賃貸借契約でペット飼育可と合意されていた場合、Ａは、甲マン
ションが規約でペット飼育を禁止している場合であっても、ペットを飼うこと
ができる。","Ｂが管理費を滞納している場合、Ｂが建物に備え付けた動産をＡが占有し使
用している場合であっても、その動産の上に区分所有法第7条の先取特権が成
立する。","Ａによって区分所有者の共同生活上の利益が著しく害されたことにより、Ｂ
以外の区分所有者がＡＢ間の賃貸借契約の解除及びＡの賃借部分の引渡しの請
求を行うには、事前にＢの同意を得なくてはならない。","Ａは、集会の議題に利害関係を有する場合には、自ら集会に出席し、意見を
述べ、議決権を行使することができる。
8146_01_REPORT_M.indd 4 2025/11/05 21:14",2,FALSE,FALSE,,"正解は1。

選択肢1（誤り）　土地工作物の占有者は、損害発生防止に必要な注意を怠らなかった場合は免責される（民法第717条第1項ただし書）。「占有者が無過失責任を負う」とする本肢の記述は誤っている。所有者が無過失責任を負う。

選択肢2（正しい）　工作物の占有者・所有者は工事施工者に求償権を行使できる（民法第717条第2項）。

選択肢3（正しい）　不法行為には実際の損害発生が必要である。

選択肢4（正しい）　不法行為に基づく損害賠償請求権は損害及び加害者を知った時から3年（人身は5年）で時効消滅する（民法第724条）。

これらを踏まえると、不正確な記述は選択肢1であり、正解は選択肢1となる。",,,,,
2025,令和7年度,8,single,区分所有法,正解選択;区分所有法,"管理組合法人に関する次の記述のうち、区分所有法の定めによれば、正し
いものはどれか。",,,,,,"管理組合法人の集会において、区分所有者及び議決権の各4分の3以上の多
数の決議があれば、管理組合法人を解散することができる。","管理組合法人には、理事を置かなければならず、その任期は、2年とされて
いるが、規約又は集会の決議により3年以内において別段の期間を定めたとき
は、その期間とする。","管理組合と理事との利益が相反する事項については、裁判所により選任され
た特別代理人が管理組合法人を代表する。","監事が事務を行えなくなった場合において、事務が遅滞することにより損害
を生ずるおそれがあるときは、理事が仮監事を選任することができる。",1,FALSE,FALSE,,"正解は2。

選択肢1（誤り）　定期建物賃貸借の書面は「契約書」と「説明書面」が別に必要であり、電磁的提供は借主の承諾が必要。本肢の記述は誤っている。

選択肢2（正しい）　賃貸人は期間満了の1年前から6か月前に終了通知が必要（借地借家法第38条第4項）。本肢の記述は正当である。

選択肢3（誤り）　取壊し予定建物賃貸借の書面要件は緩和されていない。本肢の記述は誤っている。

選択肢4（誤り）　一時使用賃貸借でも造作買取請求権が生じる場合がある。本肢の記述は誤っている。

これらを踏まえると、以上から、正解は選択肢2（2）である。",,,,,
2025,令和7年度,9,single,区分所有法,誤り選択;区分所有法,"建替え決議において定めなければならない事項として、区分所有法の規定
によれば、内容が正確でないものはどれか。",,,,,,新たに建築する建物（以下「再建建物」という。）の設計の概要,建物の取壊し及び再建建物の建築に要する費用の概算額,再建建物の各専有部分に対応する敷地利用権の割合に関する事項,"再建建物の区分所有権の帰属に関する事項
8146_01_REPORT_M.indd 5 2025/10/29 1:15",3,FALSE,FALSE,,"正解は4（四つ）。ア、イ、ウ、エすべて正しい。

ア（正しい）　非嫡出子も婚姻中の子と同等の相続分を有する（民法第900条、平成25年改正）。

イ（正しい）　胎児は相続については既に生まれたものとみなされる（民法第886条）。

ウ（正しい）　被相続人を故意に死亡させた者は相続欠格により相続権を失う（民法第891条第1号）。

エ（正しい）　放棄した相続人は放棄の時から相続人でなかったものとみなされる（民法第939条）。

これらを踏まえると、正しいものは四つすべてであり、正解は選択肢4となる。",,,,,
2025,令和7年度,10,single,区分所有法,誤り選択;区分所有法,"一団地内に専有部分のあるＡ棟及びＢ棟の2棟の建物がある。区分所有法
第70条に基づき、この団地内の建物の一括建替え決議を行う場合に関する次の記
述のうち、区分所有法の定めによれば、内容が正確でないものはどれか。ただし、Ａ棟及
びＢ棟が所在する団地内建物の敷地は、団地建物所有者の共有に属するものとす
る。",,,,,,"Ａ棟及びＢ棟の各棟の集会の決議がなくても、団地管理組合の集会におい
て、団地内の建物の一括建替えの決議をすることができる。","Ａ棟及びＢ棟を、団地管理組合の規約ではなく、それぞれの棟別の区分所有
者の団体の定める規約によって管理している場合には、Ａ棟及びＢ棟の管理を
団地管理組合の定める規約によって行う旨の規約改正をしなくても、一括建替
え決議を行うことができる。","団地内建物の一括建替え決議を行う場合には、各団地建物所有者は、団地管
理組合の規約に議決権割合に関する別段の定めがある場合であっても、団地内
建物の所在する土地（これに関する権利を含む。）の持分の割合に応じて集会
における議決権を有する。","一括建替え決議の日から2年以内に、Ａ棟の取壊し工事に着手したが、Ｂ棟
の取壊し工事には着手しなかった場合、同決議に賛成せず、売渡請求権を行使
されて区分所有権を失った者は、現在区分所有権を有する者に対して権利の買
戻しを求めることはできない。
8146_01_REPORT_M.indd 6 2025/10/29 1:15",2,FALSE,FALSE,,"正解は3。

選択肢1（誤り）　表示に関する登記（増築等）の申請義務等の記述が不正確であり誤りとされている。

選択肢2（誤り）　不動産登記は第三者への対抗要件であり、登記がなければ善意・悪意にかかわらず第三者に対抗できない。本肢の記述は誤っている。

選択肢3（正しい）　仮登記に基づく本登記をした場合には、仮登記より後の第三取得者等の登記は対抗できなくなる（不動産登記法第109条）。本肢の記述は正当である。

選択肢4（誤り）　所有権保存登記の申請方法等の記述が不正確であり誤りとされている。

これらを踏まえると、以上から、正解は選択肢3（3）である。",,,,,
2025,令和7年度,11,single,被災区分所有法,誤り選択;被災区分所有法,"大規模な火災、震災その他の災害で政令で定めるものにより、その一部が
滅失（区分所有法第61条第1項本文に規定する場合（小規模滅失）を除く。）した
区分所有建物を取り壊す旨の区分所有者集会における決議（この問いにおいて「建
物取壊し決議」という。）に関する次の記述のうち、被災区分所有法の規定によれ
ば、内容が正確でないものはどれか。",,,,,,"区分所有者集会を招集するための通知と説明会を開催するための通知を一括
して発出することができる。","区分所有者集会の招集通知においては、復旧又は建替えをしない理由、復旧
に要する費用の概算額、及び、建替えに要する費用の概算額を通知しなければ
ならない。","区分所有者集会における建物取壊し決議において、建物の取壊しに要する費
用の分担については、各区分所有者の衡平を害しないように定めなければなら
ない。","区分所有者集会において建物取壊し決議に賛成した区分所有者については、
当該決議の内容により取壊しを行う旨の合意をしたものとみなされる。
8146_01_REPORT_M.indd 7 2025/10/29 1:15",2,FALSE,FALSE,,"正解は2。

選択肢1（適切）　マンション建替組合は建替え決議後、建替え合意者が5人以上共同して設立できる（マンション建替え等円滑化法第9条第1項）。本肢の内容は適切といえる。

選択肢2（不適切）　マンション敷地売却決議は要除却認定を受けたマンションの区分所有者等の5分の4以上の賛成が必要（同法第108条第1項）。「4分の3以上」とする本肢の内容は適切とはいえない。

選択肢3（適切）　容積率緩和型マンション建替えは認定を受けて実施できる（同法第102条の2）。本肢の内容は適切といえる。

選択肢4（適切）　マンション敷地売却組合の設立認可申請には売却決議に参加した区分所有者の全員の同意が必要（同法第120条第2項）。本肢の内容は適切といえる。

これらを踏まえると、適切とはいえないのは選択肢2であり、正解は選択肢2となる。",,,,,
2025,令和7年度,12,single,民法,誤り選択;民法,"Ａは、甲マンションの302号室を所有している。この場合に関する次の記
述のうち、民法の定め及び判例によれば、内容が正確でないものはどれか。",,,,,,"Ａが、Ｂとの間で302号室の売買契約を締結し、Ｂにその所有権の移転登記
がされない間に、さらにＣとの間で同室の売買契約を締結し、Ｃにその所有権
の移転登記がされた場合には、Ｂは、Ｃに対し、同室の所有権を対抗すること
ができない。","Ａが、Ｂとの間で302号室の売買契約を締結し、Ｂにその所有権の移転登記
がされ、さらにＢがＣとの間で同室の売買契約を締結してＣにその所有権の移
転登記がされた場合において、その後、ＡがＢの強迫を理由としてＡＢ間の売
買契約を取り消したときは、Ａは、同室の所有権をＣに対抗することができな
い。","Ａが、Ｂとの間で302号室の売買契約を締結し、Ｂにその所有権の移転登記
がされたが、ＡがＢの代金不払いを理由にＡＢ間の売買契約を解除した場合に
おいて、その後、ＢがＣとの間で同室の売買契約を締結し、Ｃにその所有権の
移転登記がされたときは、Ａは、同室の所有権をＣに対抗することができな
い。","Ａが遺言をせずに死亡し、子Ｂと子ＣがＡを共同で相続して302号室の所有
権を共有している場合において、Ｃが、Ｂに無断でＣ単独の名義で同室の所有
権の移転登記をし、さらにＤとの間で同室の売買契約を締結してＤにその所有
権の移転登記がされたとしても、Ｂは、自らの持分について、Ｄに対抗するこ
とができる。
8146_01_REPORT_M.indd 8 2025/10/29 1:15",2,FALSE,FALSE,,"正解は1。

選択肢1（不適切）　標準管理委託契約書では、管理業者は毎月1回業務報告を行う旨が規定されているが、「毎週」報告とする本肢の内容は適切とはいえない。

選択肢2（適切）　管理業者は管理組合の口座の通帳・印鑑等を同時保管してはならない（標準管理委託契約書第17条）。本肢の内容は適切といえる。

選択肢3（適切）　基幹事務は一括して再委託することはできない（同契約書第4条第3項）。本肢の内容は適切といえる。

選択肢4（適切）　反社会的勢力排除条項違反の場合の損害賠償請求権放棄の旨が規定されている（同契約書）。本肢の内容は適切といえる。

これらを踏まえると、適切とはいえないのは選択肢1であり、正解は選択肢1となる。",,,,,
2025,令和7年度,13,single,民法,誤り選択;民法,"Ａは、銀行Ｂから購入資金を借り受けて甲マンションの501号室を購入
し、現在所有しているが、同室には、ＢのＡに対する貸金返還請求権を担保するた
めに、Ｂの抵当権が設定され、その旨の登記がされている。この場合に関する次の
記述のうち、民法の定め及び判例によれば、内容が正確でないものはどれか。",,,,,,Ａが、Ｂに対して借入金の全額を弁済した場合、Ｂの抵当権は消滅する。,"Ｂが、Ａに対して有する貸金返還請求権をＣに譲渡した場合であっても、Ｂ
を抵当権者とする抵当権はＣに移転しない。","Ａが、Ｂに対して借入金の半額を弁済した場合、Ｂは、全額の弁済を受ける
まで、501号室の全部について抵当権を行使することができる。","501号室が火災により損害を受け、Ａが自らの加入する火災保険に基づき保
険会社に対して保険金請求権を有する場合、Ｂの抵当権の効力は、その請求権
に及ぶ。",2,FALSE,FALSE,,"正解は3。

選択肢1（正しい）　区分所有者の5分の1以上が管理業者の法令違反を理由に措置を都道府県知事に求めた場合、知事は適切な対応ができる（マンション管理適正化法第81条）。本肢の記述は正当である。

選択肢2（正しい）　名称・商号の変更等は30日以内に届け出が必要（同法第47条）。本肢の記述は正当である。

選択肢3（誤り）　管理業務主任者証の有効期間は5年であり（同法第60条第2項）、「3年」とする本肢の記述は誤っている。

選択肢4（正しい）　廃業等の場合、30日以内に届け出が必要（同法第50条）。本肢の記述は正当である。

これらを踏まえると、不正確な記述は選択肢3であり、正解は選択肢3となる。",,,,,
2025,令和7年度,14,single,民法,正解選択;民法,"甲マンション304号室を所有するＡが、Ｂとの間で、同室を賃料月額12
万円でＢに賃貸する旨の契約（以下「本件契約」という。）を締結し、同室をＢに
引き渡した。Ａが本件契約に基づく賃料債権を譲渡する場合に関する次の記述のう
ち、民法の定め及び判例によれば、内容が正確なものはどれか。",,,,,,"本件契約に基づく賃料債権について譲渡を禁止する旨の特約がある場合に
は、Ａが同債権を譲渡しても、その効力は生じない。",Ａは、本件契約に基づく将来の賃料債権を譲渡することはできない。,"Ａが、本件契約に基づく令和7年8月分の賃料債権をＣに譲渡した後、同債
権をＤにも譲渡し、その旨をそれぞれ確定日付のある証書によってＢに通知し
た場合、いずれの譲渡が優先するかは、確定日付の先後によって決まる。","Ａが本件契約に基づく令和7年9月分の賃料債権をＥに譲渡し、その対抗要
件が具備された場合であっても、Ｂは、その対抗要件具備時より前に取得した
Ａに対する債権を自働債権とし、上記の賃料債権を受働債権とする相殺をもっ
てＥに対抗することができる。
8146_01_REPORT_M.indd 9 2025/10/29 1:15",4,FALSE,FALSE,,"正解は4（四つ）。ア、イ、ウ、エすべて正しい。

ア（正しい）　管理業務主任者は定期に管理事務に関する報告をしなければならない（マンション管理適正化法第77条）。

イ（正しい）　管理業務主任者証を亡失した場合は再交付申請ができる（同法第61条）。

ウ（正しい）　管理業務主任者は事務所の専任要件（管理戸数に応じた人数）を満たす必要がある（同法第56条）。

エ（正しい）　管理業務主任者の登録は国土交通大臣が行う（同法第59条）。

これらを踏まえると、正しいものは四つすべてであり、正解は選択肢4となる。",,,,,
2025,令和7年度,15,single,民法,誤り選択;民法;借地借家法,"Ａが所有する甲マンションの101号室について契約を締結する場合に関す
る次の記述のうち、民法及び借地借家法（平成3年法律第90号）の規定によれ
ば、内容が正確でないものはどれか。",,,,,,"Ａが101号室をＢに贈与する契約をしたが、これを書面によってしなかった
ときは、履行が終了しない限りＡは贈与契約を解除することができる。","ＡとＣが101号室について定期建物賃貸借契約を締結する意図であったが、
これを書面又はその内容を記録した電磁的記録によってしなかったときは、賃
貸借契約は成立しない。","Ａが101号室をＤに賃貸し、ＥがＡとの間でＤの賃貸債務の保証をする契約
をしたが、これを書面又はその内容を記録した電磁的記録によってしなかった
ときは、Ｅは保証債務を負担しない。","Ａが管理組合とのトラブルの解決を弁護士Ｆに委任する契約をし、これを書
面によってしたときであっても、ＡはいつでもＦとの委任契約を解除できる。",2,FALSE,FALSE,,"正解は3。

選択肢1（正しい）　外部専門家等も役員として選任できる旨を規約に定めることができる（標準管理規約第35条第2項コメント）。本肢の記述は正当である。

選択肢2（正しい）　組合員の資格は区分所有権の取得・喪失に伴い取得・喪失する（標準管理規約第32条）。本肢の記述は正当である。

選択肢3（誤り）　理事長・副理事長・会計担当理事は理事の互選により選任する（標準管理規約第35条第3項）。「総会で選任する」とする本肢の記述は誤っている。

選択肢4（正しい）　役員の任期は2年であるが規約で別段の定めができる（標準管理規約第36条第1項コメント）。本肢の記述は正当である。

これらを踏まえると、不正確な記述は選択肢3であり、正解は選択肢3となる。",,,,,
2025,令和7年度,16,single,民法,誤り選択;民法,"甲マンション202号室を所有するＡが、Ｂとの間で、報酬を支払って同室
をリフォームしてもらう旨の請負契約を締結した場合に関する次の記述のうち、民
法の定めによれば、内容が正確でないものはどれか。",,,,,,"Ａの責めに帰することができない事由によってＢが仕事を完成することがで
きなくなった場合において、Ｂが既にした仕事の結果のうち可分な部分の給付
によってＡが利益を受けるときは、Ｂは、Ａに対し、Ａが受ける利益の割合に
応じて報酬の支払を請求することができる。",Ａが死亡した時は、ＡＢ間の請負契約は直ちに終了する。,"Ｂの仕事が完成するまでの間であれば、Ａはいつでも請負契約を解除するこ
とができるが、やむを得ない事由があるか否かにかかわらず、Ｂの損害を賠償
しなければならない。","Ａが破産手続開始の決定を受けたときは、Ｂは、仕事が完成するまでの間で
あれば請負契約を解除することができる。
8146_01_REPORT_M.indd 10 2025/10/29 1:15",2,FALSE,FALSE,,"正解は2（イとエ）。

ア（誤り）　監事は理事会に出席して意見を述べる権限を有するが、議決権は有しない（標準管理規約第41条第3項）。「議決権を行使できる」とする本肢の記述は誤っている。

イ（正しい）　通常総会は会計年度終了後2か月以内に招集する（標準管理規約第42条第2項）。本肢の記述は正当である。

ウ（誤り）　理事会において理事の議決権代理行使は標準管理規約のデフォルトでは認められていない（同第53条コメント）。本肢の記述は誤っている。

エ（正しい）　理事長は管理組合を代表して管理に関する裁判外の行為の権限を有する（標準管理規約第38条第1項）。本肢の記述は正当である。

これらを踏まえると、正解はイとエの二つであり、正解は選択肢2となる。",,,,,
2025,令和7年度,17,single,借地借家法,誤り選択;借地借家法,"甲マンションの301号室を所有するＡが、令和3年3月1日、Ｂに対して
期間を3年間、賃料を月額10万円として同室を貸し渡し、賃貸の2年後にＡがＢ
に対して賃料が不相当となったとして同12万円に増額する旨通知した場合に関す
る次の記述のうち、借地借家法の定め及び判例によれば、誤っているものはどれ
か。",,,,,,"ＡＢ間の賃貸借契約に賃貸期間中は賃料を増額しない旨の特約があれば、Ａ
は、賃料が不相当となった場合でもその増額を請求することができない。","Ａは、増額通知がＢに到達した日より前の期間については、当該通知によっ
て賃料の増額を請求することができない。","賃料の増額についてＡＢ間に協議が調わないときは、Ｂは、増額を正当とす
る裁判が確定するまでは、相当と認める賃料をＡに支払うことをもって足り
る。","賃料の増額を正当とする裁判が確定した場合において、既にＢが支払った額
に不足があるときは、Ｂは、不足額に年3％の割合による支払期後の利息を付
してこれを支払わなければならない。",4,FALSE,FALSE,,"正解は4。

選択肢1（不適切）　管理計画認定基準として「長期修繕計画の計画期間の最終年度に借入金の残高がないこと」とされており、「返済計画に問題がないこと」という表現は不適切である。

選択肢2（不適切）　「理事長・副理事長・監事の全員が選任されていること」は要件とはされていない。

選択肢3（不適切）　本肢の記述が管理計画認定基準の正確な内容と異なる。

選択肢4（適切）　管理規約に管理組合の財務及び管理に関する情報の区分所有者等への交付・提供に関する事項が規定されていることが認定基準の一つ（マンション管理適正化法第5条の4）。本肢の内容は適切といえる。

これらを踏まえると、適切といえるのは選択肢4であり、正解は選択肢4となる。",,,,,
2025,令和7年度,18,single,区分所有法,誤り選択;区分所有法;不動産登記法,"区分建物の登記に関する次の記述のうち、不動産登記法及び区分所有法の
規定によれば、内容が正確でないものはどれか。",,,,,,"数個の専有部分に通ずる廊下（例えば、マンションの各住戸に通ずる廊下）
又は階段室、エレベーター室は、共用部分である旨の登記をすることはできな
い。","共用部分に対する各共有者の持分は、規約で別段の定めがない場合、その有
する専有部分の壁その他の区画の内側線で囲まれた部分の水平投影面積として
登記された床面積の割合による。","専有部分の所有権の移転登記がされた場合、当該専有部分の区分所有者が持
分を有する共用部分についても、第三者に対抗することができる。","区分建物が属する一棟の建物とは別棟の建物で、一棟の建物の附属の建物で
ある倉庫は、共用部分である旨の登記をしなくても、共用部分であることを第
三者に対抗することができる。
8146_01_REPORT_M.indd 11 2025/10/29 1:15",4,FALSE,FALSE,,"正解は2。

選択肢1（適切）　管理委託費の適正化のため管理業者との内容検討や他社への見積依頼を行うことは適切である（基本的な方針）。本肢の内容は適切といえる。

選択肢2（不適切）　マンションの管理の主体は管理組合であり（マンション管理適正化法第3条の2）、「管理会社が主体となって管理を行うことが重要」とする本肢の内容は適切とはいえない。

選択肢3（適切）　区分所有者等は管理組合の一員として役割を適切に果たすよう努めなければならない（同法第4条の2）。本肢の内容は適切といえる。

選択肢4（適切）　外部専門家が管理者等に就任する場合には適正な業務運営を担保するための措置が重要とされている（基本的な方針）。本肢の内容は適切といえる。

これらを踏まえると、適切とはいえないのは選択肢2であり、正解は選択肢2となる。",,,,,
2025,令和7年度,19,single,マンション建替え等円滑化法,正解選択;マンション建替え等円滑化法,"マンション建替事業に関する次の記述のうち、マンションの建替え等の円
滑化に関する法律（平成14年法律第78号）の定めによれば、正しいものはどれ
か。",,,,,,"マンション建替組合の総会は、総組合員の半数以上の出席がなければ議事を
開くことができず、その議事は、マンションの建替え等の円滑化に関する法律
に特別の定めがある場合を除くほか、総組合員の議決権の過半数で決する。","マンション建替組合は、都道府県知事等による組合の設立認可の公告がある
までは、組合の成立又は定款若しくは事業計画をもって、組合員その他の第三
者に対抗することができない。","施行マンションについて借家権を有していた者は、権利変換期日において、
権利変換計画の定めるところに従い、施行再建マンションの部分について借家
権を取得する。","マンション建替事業の事業計画においては、施行マンションの状況、その敷
地の区域及びその住戸の状況、その区分所有権及び敷地利用権の価額、施行再
建マンションの設計の概要及びその敷地の区域、事業施行期間、資金計画等を
記載しなければならない。",2,FALSE,FALSE,,"正解は1。

選択肢1（不適切）　専有部分を賃貸した場合、管理組合への届出は区分所有者（賃貸人）の義務であり、「賃借人が直接管理組合に届け出なければならない」とする本肢の内容は適切とはいえない。

選択肢2（適切）　区分所有者（賃貸人）が誓約書を管理組合に提出する（標準管理規約第19条）。本肢の内容は適切といえる。

選択肢3（適切）　駐車場使用契約は区分所有者に限定されており、賃借人への引継ぎはできない（標準管理規約第15条コメント）。本肢の内容は適切といえる。

選択肢4（適切）　規約及び集会の決議は占有者（賃借人）にも効力が及ぶ（同法第46条第2項）。本肢の内容は適切といえる。

これらを踏まえると、適切とはいえないのは選択肢1であり、正解は選択肢1となる。",,,,,
2025,令和7年度,20,single,都市計画法,正解選択;都市計画法,"都市計画法（昭和43年法律第100号）に関する次の記述のうち、正しい
ものはどれか。",,,,,,"準都市計画区域については、都市計画に特別用途地区を定めることができな
い。","都市再開発の方針は、市街化区域内において、計画的な再開発が必要な市街
地について定める。","高層住居誘導地区は、第一種中高層住居専用地域において定めることができ
る。","市街化区域及び区域区分が定められていない都市計画区域については、少な
くとも道路、公園及び上水道を定めるものとされている。
8146_01_REPORT_M.indd 12 2025/10/29 1:15",2,FALSE,FALSE,,"正解は3。

選択肢1（適切）　WEB総会での議決権行使書は招集通知送付時から総会当日まで受付可能であり、規約で定めることができる（標準管理規約コメント）。本肢の内容は適切といえる。

選択肢2（適切）　WEB会議での出欠確認はID・パスワード等による本人認証を用いる（標準管理規約コメント）。本肢の内容は適切といえる。

選択肢3（不適切）　WEB会議の審議状況・表決結果は議事録への記録が必要であり、「記録を残すことは必要ない」とする本肢の内容は適切とはいえない。

選択肢4（適切）　WEB会議での書面等による理事会決議には理事及び監事全員の承諾が必要（標準管理規約第53条第2項）。本肢の内容は適切といえる。

これらを踏まえると、適切とはいえないのは選択肢3であり、正解は選択肢3となる。",,,,,
2025,令和7年度,21,single,建築基準法,誤り選択;建築基準法,"建築基準法（昭和25年法律第201号）に関する次の記述のうち、誤って
いるものはどれか。",,,,,,"共同住宅の屋上広場の周囲には、安全上必要な高さが1.1m以上の手すり
壁、さく又は金網を設けなければならない。","10階建ての民間共同住宅において、当該住宅の共用部分に設置された住人
の移動の用に供する政令で定めるエレベーターの所有者（所有者と管理者が異
なる場合においては、管理者。）は、定期に、一級建築士若しくは二級建築士
又は建築設備等検査員資格者証のうち昇降機等検査員資格者証の交付を受けて
いる者に検査をさせて、その結果を特定行政庁に報告しなければならない。","防火地域又は準防火地域内にある共同住宅で、外壁が耐火構造のものであっ
ても、その外壁を隣地境界線に接して設けることはできない。","延べ面積が1,000m2である共同住宅の昇降機の乗降のための乗降ロビーの
部分には、排煙設備を設けなくてもよい。",3,FALSE,FALSE,,"正解は3。

選択肢1（適切）　修繕積立金会計の前期繰越収支差額は前期末の修繕積立金残高（正味財産）と一致する。本肢の内容は適切といえる。

選択肢2（適切）　発生主義により令和6年度中の工事で令和7年度以降に支払う費用は未払金として計上する。本肢の内容は適切といえる。

選択肢3（不適切）　管理費会計の余剰金は翌年度の管理費会計に繰り入れるのが原則（標準管理規約第61条第4項）。「修繕積立金会計に繰り入れることが適切」とする本肢の内容は適切とはいえない。

選択肢4（適切）　収支報告書は発生主義を基本とし、未収金・前受金・未払金等を計上する。本肢の内容は適切といえる。

これらを踏まえると、適切とはいえないのは選択肢3であり、正解は選択肢3となる。",,,,,
2025,令和7年度,22,single,水道法,正解選択;水道法,"簡易専用水道に関する次の記述のうち、水道法（昭和32年法律第177
号）の定めによれば、内容が正確なものはどれか。",,,,,,"簡易専用水道の設置者は、給水栓における水質について、2年以内ごとに1
回、定期に水質検査業者の検査を受けなければならない。","簡易専用水道の設置者は、水槽の掃除を、3年以内ごとに1回、定期に行う
とともに、水槽の点検等有害物、汚水等によって水が汚染されるのを防止する
ために必要な措置を講じなければならない。","簡易専用水道の設置者は、給水栓における水の色、濁り、臭い、味その他の
状態により供給する水に異常を認めたときは、水質基準の項目のうち必要なも
のについて検査を行わなければならない。","簡易専用水道は、貯水槽水道のうち、水道事業の用に供する水道から水の供
給を受けるために設けられる水槽の有効容量の合計が100m3を超えるものを
いう。
8146_01_REPORT_M.indd 13 2025/10/29 1:15",3,FALSE,FALSE,,"正解は2。

選択肢1（適切）　令和7年4月分の管理費が令和6年度中に入金された場合は前受金として計上し、令和6年度の収支差額に影響しない。本肢の内容は適切といえる。

選択肢2（不適切）　令和5年度の未収金が令和6年度に回収された場合、収益ではなく未収金の現金化であり、「令和6年度の正味財産が増加する」とする本肢の内容は適切とはいえない。

選択肢3（適切）　発生主義により令和6年度中の修繕費用は未払金として計上し、正味財産が減少する。本肢の内容は適切といえる。

選択肢4（適切）　管理費と駐車場使用料を合算入金された場合はそれぞれの収益科目に分けて計上する。本肢の内容は適切といえる。

これらを踏まえると、適切とはいえないのは選択肢2であり、正解は選択肢2となる。",,,,,
2025,令和7年度,23,single,消防法,誤り選択;消防法,"100人が居住する共同住宅の防火管理者が定める消防計画の内容として、
消防法（昭和23年法律第186号）に規定されていないものはどれか。",,,,,,"避難通路、避難口、安全区画、防煙区画その他の避難施設の維持管理及びそ
の案内に関すること。","消火、通報及び避難の訓練その他防火管理上必要な訓練の定期的な実施に関
すること。","火災、地震その他の災害が発生した場合における消火活動、通報連絡及び避
難誘導に関すること。",政令に基づく防火管理に関する講習の受講に関すること。,4,FALSE,FALSE,,"正解は3（三つ）。ア、ウ、エが誤り。

ア（誤り）　長期修繕計画の計画期間は「30年以上、かつ大規模修繕工事が2回含まれる期間以上」であり、「または」ではなく「かつ」の条件である。本肢の記述は誤っている。

イ（正しい）　均等積立方式が基本とされている（長期修繕計画作成ガイドライン）。本肢の記述は正当である。

ウ（誤り）　推定修繕工事費の算定は1m2当たり単価に修繕対象面積を乗じるのが基本であり、「戸当たりの修繕費を合計」が基本とは規定されていない。本肢の記述は誤っている。

エ（誤り）　長期修繕計画は5年程度ごとに見直すとされており（同ガイドライン）、「3年程度ごと」とする本肢の記述は誤っている。

これらを踏まえると、誤っているものはア、ウ、エの三つであり、正解は選択肢3となる。",,,,,
2025,令和7年度,24,single,防犯指針,誤り選択;防犯指針,"「共同住宅に係る防犯上の留意事項及び防犯に配慮した共同住宅に係る設
計指針について」（最終改正 平成18年4月20日 国住生第19号）によれば、新築
住宅建設に係る設計指針に関する次の記述のうち、妥当でない内容のものはどれか。",,,,,,"共用玄関の存する階のエレベーターホールは、共用玄関又は管理人室等から
の見通しが確保された位置に配置する。","共用玄関の存する階のエレベーターホールの照明設備は、床面において概ね
20ルクス以上の平均水平面照度を確保することができるものとする。","共用階段のうち、屋外に設置されるものについては、住棟外部から見通しが
確保されたものとすることが望ましく、屋内に設置されるものについては、各
階において階段室が共用廊下等に常時開放されたものとすることが望ましい。","駐車場の照明設備は、極端な明暗が生じないよう配慮しつつ、床面において
概ね3ルクス以上の平均水平面照度を確保することができるものとする。
8146_01_REPORT_M.indd 14 2025/10/29 1:15",2,FALSE,FALSE,,"正解は4（四つ）。ア、イ、ウ、エすべて適切。

ア（適切）　防犯設計指針では既存住宅の改修についても考慮されている。

イ（適切）　オートロック扉は外側から緊急時の脱出が可能な設計が必要（防犯設計指針）。

ウ（適切）　共用部分の照明設備の照度基準は場所ごとに定められている（防犯設計指針）。

エ（適切）　防犯カメラの設置箇所・画角・解像度等の適切な設定・管理が重要（防犯設計指針）。

これらを踏まえると、適切なものは四つすべてであり、正解は選択肢4となる。",,,,,
2025,令和7年度,25,single,区分所有法,誤り選択;区分所有法;標準管理規約（単棟型）,"専有部分の占有者に関する次の記述のうち、区分所有法の規定及び標準管
理規約によれば、妥当でない内容のものはどれか。",,,,,,"区分所有者は、その専有部分を第三者に貸与する場合には、当該第三者に、
専有部分を借用した旨の届出を管理組合に提出させなければならない。","総会の会議の目的について利害関係を有する専有部分の占有者が、総会に出
席して意見を述べようとする場合には、あらかじめ理事長にその旨を通知しな
ければならない。","占有者が区分所有者の共同の利益に反する行為をし、管理組合が当該占有者
に対して区分所有法第60条に基づく専有部分の引渡請求をする旨の訴訟提起
のための総会決議をする場合、管理組合は、あらかじめ当該占有者に対し、弁
明の機会を与えなければならない。","規約及び使用細則に定める区分所有建物の使用方法を遵守する旨の誓約書
を、専有部分の占有者が、管理組合に提出しない場合、当該占有者は管理組合
に対して規約及び使用細則を遵守する義務を負わない。",4,FALSE,FALSE,,"正解は2。

選択肢1（適切）　専有部分の修繕等には理事長への申請と承認が必要（標準管理規約第17条）。本肢の内容は適切といえる。

選択肢2（不適切）　軽微な変更等で共用部分・他の専有部分に影響がないものは届出のみで足りる場合があるが（標準管理規約第17条第3項）、本問では2が不適切とされており、「承認なしで実施できる」とする部分が問題とされている。

選択肢3（適切）　承認を受けた修繕等が他の専有部分等に影響を与えた場合は当該区分所有者の責任と負担において措置を講じる（標準管理規約第17条第4項）。本肢の内容は適切といえる。

選択肢4（適切）　承認を速やかに実施できないときは申請者が自己の責任と負担で実施することを認める（標準管理規約第17条第5項）。本肢の内容は適切といえる。

これらを踏まえると、適切とはいえないのは選択肢2であり、正解は選択肢2となる。",,,,,
2025,令和7年度,26,single,標準管理規約（単棟型）,誤り選択;標準管理規約（単棟型）,"Ａが所有している住戸において天井部分から漏水が生じた場合に関する次
の記述のうち、標準管理規約によれば、妥当でない内容のものはどれか。",,,,,,"漏水を発見したＡは、Ａ所有の住戸の使用に支障が生じ、緊急を要するとき
は、理事長の承認を得ることなく、共用部分である天井部分につき保存行為を
実施することができる。","漏水の原因を調査するために上階のＢ所有の住戸やＢの専用使用部分内に立
ち入る必要があるときは、理事長は、Ｂ所有の住戸等への立入りをＢに請求す
ることができる。","原因調査のための立入請求に対し、Ｂが正当な理由なくこれを拒否し、その
結果共用部分に損害が生じたときは、Ｂは、その損害を賠償しなければならな
い。","調査の結果、Ｂが専用使用権を有する屋上テラスの経年劣化による破損が漏
水の原因であることが判明したときは、Ｂがその責任と負担において当該破損
部分の修繕を実施しなければならない。
8146_01_REPORT_M.indd 15 2025/10/29 1:15",4,FALSE,FALSE,,"正解は4。

選択肢1（適切）　区分所有者からの相談対応と指導は管理組合の業務として適切である（標準管理規約第32条）。

選択肢2（適切）　区分所有法第57条・第58条等の規定に基づき法的措置を講じる権限を有する（標準管理規約第67条）。

選択肢3（適切）　専有部分内工事後の漏水に関する協議への立会い・調整は管理組合として適切である。

選択肢4（不適切）　専有部分の配管修繕費は原則として区分所有者負担だが（標準管理規約第21条）、規約で合意された場合には管理組合が費用を負担できる場合もある。「一切できない」とする本肢の内容は適切とはいえない。

これらを踏まえると、適切とはいえないのは選択肢4であり、正解は選択肢4となる。",,,,,
2025,令和7年度,27,single,標準管理規約（単棟型）,正解選択;標準管理規約（単棟型）,"200戸を超え、役員数が20名を超えるような大規模なマンション（単棟
型）の理事会の組織や運営に関する次の記述のうち、標準管理規約によれば、適切
なものはどれか。",,,,,,"理事会の中に部会を設け、当該部会に分担された業務については、部会の決
議により理事会の決議に代えることができる。","監事は、理事が不正の行為をし、又は当該行為をするおそれがあり、遅滞な
くその旨を報告する必要があると認めるときは、直ちに理事会を招集すること
ができる。","共用部分の軽微な変更や狭義の管理行為について、災害等により総会の開催
が困難な場合でなくても、理事会の決議により行うことができる旨を規約で定
めることができる。","区分所有者が共用部分や他の専有部分に影響を与えるおそれがある専有部分
の修繕を実施する際は、理事の過半数の承諾を得ることなく、書面又は電磁的
方法による理事会決議に基づき、理事長がその承認又は不承認をすることがで
きる。",3,FALSE,FALSE,,"正解は3（三つ）。ア、イ、エが適切。

ア（適切）　管理費未収金回収のための少額訴訟・支払督促等は適切な法的手続きである（標準管理規約第67条）。

イ（適切）　区分所有者死亡による相続時に相続人確認のため戸籍謄本等の提出を求めることは適切な対応である。

ウ（不適切）　管理組合名義での銀行口座開設は可能であり（管理組合は権利能力なき社団）、「できない」とする本肢の内容は適切とはいえない。

エ（適切）　議事録の保管は管理者（理事長）が行い、閲覧請求があれば閲覧させる必要がある（同法第42条第5項等）。

これらを踏まえると、適切といえるのはア、イ、エの三つであり、正解は選択肢3となる。",,,,,
2025,令和7年度,28,single,標準管理規約（単棟型）,誤り選択;標準管理規約（単棟型）,"理事長及び理事会の権限に関する次の記述のうち、標準管理規約によれ
ば、妥当でない内容のものはどれか。",,,,,,"住戸内の間取りの変更工事につき、共用部分や他の専有部分に影響を与える
おそれがないものとして、理事長は、理事会の決議を経ずに承認した。","理事会の決議により、法令違反をしている理事長の役職を解き、当面は副理
事長が理事長の職務を行い、次の理事会で理事長を選任することとした。","共用部分である排水管の取替工事で住戸内に立ち入らなければならないが、
転居の届出を行わなかった所在不明の区分所有者がいるので、理事長は、理事
会の決議を経て、その者の探索を行い、その費用は後日その区分所有者に請求
することとした。","管理費等の滞納者からの支払額が納入すべき管理費等の全額に満たなかった
ので、管理組合は、理事会の決議により、弁済期が先に到来している管理費等
から順に充当した。
8146_01_REPORT_M.indd 16 2025/10/29 1:15",1,FALSE,FALSE,,"正解は1。

選択肢1（不適切）　各棟に係る建替え等の調査費用は棟総会の決議に基づき当該棟の各棟修繕積立金を取り崩して支出できる（標準管理規約（団地型）コメント）。「団地修繕積立金から支出する」とする本肢の内容は適切とはいえない。

選択肢2（適切）　一括建替え決議に向けた検討費用は団地修繕積立金から支出できる（標準管理規約（団地型）第28条）。

選択肢3（適切）　棟総会の開催費用は当該棟の管理費から支出する（標準管理規約（団地型）コメント）。

選択肢4（適切）　団地共用施設の計画修繕工事費は団地修繕積立金から支出する（標準管理規約（団地型）第28条）。

これらを踏まえると、適切とはいえないのは選択肢1であり、正解は選択肢1となる。",,,,,
2025,令和7年度,29,single,標準管理規約（単棟型）,正解選択;標準管理規約（単棟型）,"総会の招集に関する次の記述のうち、標準管理規約によれば、適切なもの
はどれか。",,,,,,"会議の目的が建替え決議である総会の招集の通知は、あて先の届出のない組
合員に対しては、その内容を所定の掲示場所に掲示することをもって、これに
代えることができる。","会議の目的がマンション敷地売却決議である総会を招集するには、少なくと
も会議を開く日の1か月前までに、会議の日時、場所及び目的を示して、組合
員に通知を発しなければならない。","理事は、管理組合の業務の執行及び財産の状況について不正があると認める
ときは、臨時総会を招集することができる。","区分所有法第59条に基づく区分所有権の競売の請求に関する訴訟提起を会
議の目的とする総会を招集するときは、議案の要領をも通知しなければならな
い。",1,FALSE,FALSE,,"正解は4。

選択肢1（適切）　弁護士・建築士等との顧問契約費用は管理費から支出できる（標準管理規約第27条第5号）。

選択肢2（適切）　管理計画認定申請費用は管理組合の業務費用として管理費から支出できる。

選択肢3（適切）　共用部分の損害保険料は管理費から支出する（標準管理規約第27条第5号）。

選択肢4（不適切）　緊急時に必要な修繕費用（保存行為費用）は修繕積立金から支出するとされている（標準管理規約第28条第1号）。「管理費から支出する」とする本肢の内容は適切とはいえない。

これらを踏まえると、適切とはいえないのは選択肢4であり、正解は選択肢4となる。",,,,,
2025,令和7年度,30,single,標準管理規約（単棟型）,誤り選択;標準管理規約（単棟型）,"組合員Ａが所有する住戸をＢに賃貸し、自身はそのマンション外に居住し
ている場合の取扱いに関する次の記述のうち、標準管理規約によれば、適切でない
ものはどれか。",,,,,,"Ａが管理組合に対し、Ｂに賃貸した住戸を送付先として届け出ている場合
は、Ａに対する総会招集通知は当該住戸にあてて送付することができる。","総会でペット飼育を禁止する規約改正を議題とする場合において、Ｂが住戸
内で現に犬を飼っていたとしても、理事長は、Ｂに対し、総会の日時、場所及
び目的を示して通知をする必要はない。","理事会が特定の課題を調査又は検討させるために専門委員会を設置する場
合、Ｂは、当該課題に専門的な知識を有する者であっても、専門委員となるこ
とはできない。","Ｂが管理規約に違反して住戸を店舗として使用している場合、理事長は理事
会の決議を経て、Ｂに対しては店舗使用を中止するように、Ａに対してはＢに
店舗使用を中止させるように、それぞれ勧告をすることができる。
8146_01_REPORT_M.indd 17 2025/10/29 1:15",3,FALSE,FALSE,,"正解は3（三つ）。ア、イ、ウが正しい。

ア（正しい）　管理計画認定基準として管理規約が策定されていることが必要（マンション管理適正化法第5条の4）。

イ（正しい）　組合員名簿・居住者名簿が備えられ1年に1回以上内容確認が行われていることが要件（同法第5条の4第4号）。

ウ（正しい）　管理計画の認定有効期間は5年間であり5年ごとの更新が必要（同法第5条の6第1項）。

エ（誤り）　管理計画認定申請の窓口は都道府県知事等であり、「マンション管理適正化推進センター」に申請するとする本肢の記述は誤っている。

これらを踏まえると、正解はア、イ、ウの三つであり、正解は選択肢3となる。",,,,,
2025,令和7年度,31,single,区分所有法,正解選択;区分所有法;民法;標準管理規約（単棟型）,"管理組合の総会における委任状と議決権行使書の取扱いに関する次の記述
のうち、区分所有法及び民法の規定並びに標準管理規約によれば、適切なものはど
れか。",,,,,,"提出された委任状には他の組合員の氏名が代理人として記載されていたが、
当日その代理人が欠席したので、議長は自身への委任があるものとして取り
扱った。","当日出席と記載された出席票の余白に、万一欠席の場合は議長に一任との添
書きがあったが、組合作成の委任状を使用していないので、議長は無効票とし
て取り扱った。","特別多数決議が必要となる議案の決議に際して、マンション内の複数の住戸
を区分所有している組合員から提出されたその有する専有部分の数の議決権行
使書を、議長は組合員数において1人として取り扱った。","所定の委任状のみを配付している管理組合で、区分所有者が、ある議案につ
いては自ら作成した議決権行使書で賛成し、他の議案については配偶者を代理
人とする所定の委任状を提出したので、議長は委任状のみを有効として取り
扱った。",3,FALSE,FALSE,,"正解は2。

選択肢1（適切）　仕上げ塗材の付着強度試験（プルオフ法）は建物診断に適切に用いられる。

選択肢2（不適切）　シュミットハンマーによる非破壊試験はコア抜き試験より精度が低い。「精度が高い」とする本肢の内容は適切とはいえない。

選択肢3（適切）　電磁波レーダ法によるコンクリート内部の鉄筋位置・かぶり厚さの非破壊調査は適切な方法である。

選択肢4（適切）　赤外線カメラを用いた外壁の浮き調査は非破壊検査方法として実用化されている。

これらを踏まえると、適切とはいえないのは選択肢2であり、正解は選択肢2となる。",,,,,
2025,令和7年度,32,single,区分所有法,正解選択;区分所有法;標準管理規約（団地型）,"Ａ棟、Ｂ棟、Ｃ棟及びＤ棟の4棟で構成されている団地管理組合の運営に
関する次のマンション管理士の発言のうち、区分所有法の規定並びにマンション標
準管理規約（団地型）及びマンション標準管理規約（団地型）コメント（最終改正
令和6年6月7日 国住参マ第80−2号）によれば、妥当な内容のものはどれか。",,,,,,"Ａ棟の共用部分の変更は、Ａ棟の棟総会ではなく、団地総会で決議すべき事
項となります。","Ｂ棟の各棟修繕積立金の額の引上げは、Ｂ棟の棟総会の決議を経た後に、団
地総会で決議すべき事項となります。","Ｃ棟の外壁に団地建物所有者等以外の第三者が落書きした場合、その消去
は、Ｃ棟で行うべき業務となります。","Ｄ棟の棟総会議事録は、理事長が団地外に居住する区分所有者である場合、
棟総会の議長を務めたＤ棟に居住する区分所有者が保管します。
8146_01_REPORT_M.indd 18 2025/10/29 1:15",1,FALSE,FALSE,,"正解は1。

選択肢1（不適切）　工事仕様書は特記仕様書と標準仕様書（共通仕様書）で構成される。「特記仕様書のみで構成される」とする本肢の内容は適切とはいえない。

選択肢2（適切）　工事請負契約書には仕様書等が添付され契約の一部となる。

選択肢3（適切）　施工図は施工会社が設計図書に基づき作成するものである。

選択肢4（適切）　工事発注時の積算は現地調査等により数量確認の上で行い予算の根拠とする。

これらを踏まえると、適切とはいえないのは選択肢1であり、正解は選択肢1となる。",,,,,
2025,令和7年度,33,single,標準管理規約（複合用途型）,正解選択;標準管理規約（複合用途型）,"複合用途型マンションに関する次の記述のうち、マンション標準管理規約
（複合用途型）及びマンション標準管理規約（複合用途型）コメント（最終改正 令
和6年6月7日 国住参マ第80−2号）によれば、妥当な内容のものはどれか。",,,,,,"各区分所有者が支払うべき全体管理費の額については、住戸部分のために必
要となる費用と店舗部分のために必要となる費用をあらかじめ按分した上で、
住戸部分の区分所有者又は店舗部分の区分所有者ごとに各区分所有者の全体共
用部分の共有持分に応じて算出するものとする。","店舗一部共用部分の変更（その形状又は効用の著しい変更を伴わないものを
除く。）は、店舗部会の総会において、店舗部会の組合員総数の4分の3以上
及び議決権総数の4分の3以上で決する。",店舗のシャッターに専用使用権を設定することはできない。,"住宅一部管理費及び住宅一部修繕積立金の滞納金の回収のための裁判手続
は、住宅部会において行う。
8146_01_REPORT_M.indd 19 2025/10/29 1:15",1,FALSE,FALSE,,"正解は3。

選択肢1（適切）　弾性塗料はひび割れへの追従性が高く外壁の防水機能を持った塗装として適切である。

選択肢2（適切）　ポリウレタン防水は液状材料を塗布する塗膜防水であり複雑な形状でも適用可能で耐久性に優れる。

選択肢3（不適切）　圧着張りは下地モルタルが半乾燥状態のうちにタイルをたたき込む工法であり、「乾燥させてからタイルを張る」とする本肢の内容は適切とはいえない。

選択肢4（適切）　アスファルト防水熱工法は密着性・耐久性に優れる。

これらを踏まえると、適切とはいえないのは選択肢3であり、正解は選択肢3となる。",,,,,
2025,令和7年度,34,single,会計,正解選択;会計,"甲マンション管理組合の令和6年度決算（令和6年4月1日から令和7年
3月31日まで）に関して、会計担当理事が行った次の仕訳のうち、適切なものは
どれか。ただし、会計処理は発生主義の原則によるものとする。",,,,,,"令和5年度の貸借対照表に修繕工事の手付金30万円が前払金として計上さ
れており、追加工事が発生したため、その代金として令和7年3月に20万円
の支払いをしたが、修繕工事は同年4月に実施することとなった。
（単位：円）
（借 方） （貸 方）
修 繕 費 500,000 現 金 預 金 200,000
前 払 金 300,000","令和7年3月に組合員Ａから、同年3月分の管理費2万円と駐車場使用料1
万円の合計3万円が甲マンション管理組合の口座に入金されたが、誤って全額
が管理費として計上されていたため、必要な仕訳を行った。
（単位：円）
（借 方） （貸 方）
駐車場使用料収入 10,000 管 理 費 収 入 10,000","令和7年3月末の銀行預金残高について、帳簿上の残高より預金残高証明書
の金額が7万円少なかったため調査したところ、同年3月に実施した植栽保守
に要した費用7万円が計上されていないことが判明したことから必要な仕訳を
行った。
（単位：円）
（借 方） （貸 方）
保 守 費 70,000 未 払 金 70,000","令和7年3月に組合員Ｂから、令和6年3月分から令和7年5月分までの
15か月分の管理費総額30万円（月額2万円）が甲マンション管理組合の口座
に入金された。
（単位：円）
（借 方） （貸 方）
現 金 預 金 300,000 管 理 費 収 入 240,000
未 収 金 20,000
前 受 金 40,000
8146_01_REPORT_M.indd 20 2025/10/29 1:15",4,FALSE,FALSE,,"正解は4（四つ）。ア、イ、ウ、エすべて適切でない。

ア（適切でない）　工事費見積書は施工会社や設計監理者が作成する場合があるが、「設計監理者が必ず作成」とは言えない。本肢は適切でない。

イ（適切でない）　施工会社の自主検査は設計監理方式でも必要である。「自主検査は不要」は適切でない。

ウ（適切でない）　設計監理方式では管理組合が施工会社と直接契約を締結する。「設計・監理者が代理で契約」は適切でない。

エ（適切でない）　設計監理方式が責任施工方式より常に安くなるとは言えない。本肢は適切でない。

これらを踏まえると、適切でないものは四つすべてであり、正解は選択肢4となる。",,,,,
2025,令和7年度,35,single,会計,正解選択;会計,"甲マンション管理組合の令和6年度決算（令和6年4月1日から令和7年
3月31日まで）に関する次の記述のうち、妥当な内容のものはどれか。ただし、会計処
理は発生主義の原則によるものとする。",,,,,,"令和7年3月に完了した修繕工事に係る費用8万円のうち、同年3月に1万
円を支払い、残額7万円を同年4月に支払ったため、令和6年度決算の貸借対
照表の正味財産が1万円減少する。","令和7年3月に組合員から、令和7年3月分の管理費3万円と令和7年4月
分の管理費3万円の合計6万円の入金があったため、令和6年度決算の貸借対
照表の正味財産が6万円増加する。","令和5年度決算の貸借対照表に計上されていた管理費の未収金3万円のうち
2万円が令和7年3月に入金されたため、令和6年度決算の貸借対照表の正味
財産が2万円増加する。","令和7年3月に令和7年3月分及び同年4月分の2か月分のリース料8万円
（月額4万円）を支払ったため、令和6年度決算の貸借対照表の正味財産が4
万円減少する。",4,FALSE,FALSE,,"正解は3。

選択肢1（適切）　フェノールフタレイン溶液による中性化深さ試験は適切な調査方法である。

選択肢2（適切）　コンクリートの中性化速度は一般に√t（時間の平方根）に比例する（ルーレット則）。

選択肢3（不適切）　塩化物イオンが鉄筋に達すると中性化がなくとも腐食が始まる（塩害）。「中性化が進まない限り腐食しない」とする本肢の内容は適切とはいえない。

選択肢4（適切）　アルカリ骨材反応による膨張でポップアウト等のひび割れが生じる。

これらを踏まえると、適切とはいえないのは選択肢3であり、正解は選択肢3となる。",,,,,
2025,令和7年度,36,single,建物・設備,誤り選択;建物・設備,コンクリートに関する次の記述のうち、妥当でない内容のものはどれか。,,,,,,"高強度コンクリートは、部材の断面を小さく設計できることから高層マン
くたい
ションの下層階の躯体や狭小建築物などに使用される。","建築物に用いられるコンクリートは、ほとんどの場合、工事現場で材料を混
ぜる現場調合コンクリートと呼ばれる方法により製造されている。","コンクリートは圧縮力に強いが、引張力には弱く、圧縮力の1/10程度しか
期待できない。","コンクリート用骨材とはコンクリートに用いる砂、砂利、砕石などを指し、
粒径により細骨材と粗骨材に分けられる。
8146_01_REPORT_M.indd 21 2025/11/05 21:14",2,FALSE,FALSE,,"正解は2。

選択肢1（適切）　免震構造は地震力が建物に直接伝わりにくくする構造方式であり、上部構造への地震力を大幅に低減する。

選択肢2（不適切）　制振（制震）構造はダンパー等で振動エネルギーを吸収する方式であり「地震時に建物が変形しないよう制御する」のではなく「変形を許容しつつエネルギーを吸収する」ものである。本肢の内容は適切とはいえない。

選択肢3（適切）　免震構造は大地震で特に効果を発揮し1995年以降導入事例が増加した。

選択肢4（適切）　制振構造は中小規模から大地震まで広範囲で効果があり既存建物への補強にも用いられる。

これらを踏まえると、適切とはいえないのは選択肢2であり、正解は選択肢2となる。",,,,,
2025,令和7年度,37,single,建物・設備,誤り選択;建物・設備,屋上防水に関する次の記述のうち、妥当でない内容のものはどれか。,,,,,,"建築物の屋根のうち、1/100程度の勾配による平らな屋根を陸屋根と呼
び、大きな勾配がある屋根を勾配屋根と呼ぶ。","メンブレン防水は、連続した防水層を構成することで雨水の侵入を防ぐ工法
である。","露出アスファルト防水は、液状の防水材料を塗り重ね、表面にトップコート
を塗る防水工法で、バルコニーや廊下の床などによく用いられる。","シート防水は、防水性を有するシートを接着剤などで貼り合わせてつくられ
る防水工法で、ゴム系と塩ビ系がある。",3,FALSE,FALSE,,"正解は4。

選択肢1（適切）　附属車庫は延べ面積の5分の1（容積率100%以下の場合）を超えない場合は容積率計算に不算入（建築基準法施行令第2条）。

選択肢2（適切）　北側斜線制限は第一種・第二種低層住居専用地域、田園住居地域及び第一種・第二種中高層住居専用地域に適用される（建築基準法第56条）。

選択肢3（適切）　角地緩和（建蔽率10%加算）は特定行政庁指定の角地等に適用される（建築基準法第53条第3項第2号）。

選択肢4（不適切）　工業専用地域内ではマンション（共同住宅）の建築は認められていない（建築基準法別表第2）。「建築することができる」とする本肢の内容は適切とはいえない。

これらを踏まえると、適切とはいえないのは選択肢4であり、正解は選択肢4となる。",,,,,
2025,令和7年度,38,single,建物・設備,誤り選択;建物・設備,長期修繕計画に関する次の記述のうち、妥当でない内容のものはどれか。,,,,,,"長期修繕計画では、計画修繕工事を円滑に実施するために、計画修繕工事に
要する費用を長期に渡って予測している。","予防保全とは、計画的に点検を行い、建物の部分や設備が壊れる前に交換、
修繕を行い故障や不具合を未然に防止することであり、事後保全とは破損、故
障などのトラブルが発生した後に交換、修繕を行うことである。","長期修繕計画の見直しは、マンション管理組合の理事会や専門委員会により
検討し、区分所有者に向けて説明会等を開催した上で、総会で決議を行うこと
が望ましい。","長期修繕計画における大規模修繕工事は、建物の初期の性能を回復すること
に努め、初期性能を超える改良工事は実施しないことが原則である。
8146_01_REPORT_M.indd 22 2025/10/29 1:15",4,FALSE,FALSE,,"正解は3。

選択肢1（適切）　簡易専用水道の管理状況の検査は都道府県知事の登録を受けた機関が行う（水道法第34条の2第2項）。

選択肢2（適切）　受水槽の有効容量が10m3を超えるものが簡易専用水道に該当する（水道法第3条第7項）。

選択肢3（不適切）　有効容量10m3以下の貯水槽水道でも設置者には清掃等の管理義務がある（水道法第24条の2）。「特段の管理義務はない」とする本肢の内容は適切とはいえない。

選択肢4（適切）　簡易専用水道の設置者は水質検査等の記録を保存し、都道府県知事等の求めに応じて報告する（水道法第36条）。

これらを踏まえると、適切とはいえないのは選択肢3であり、正解は選択肢3となる。",,,,,
2025,令和7年度,39,single,建物・設備,正解選択;建物・設備,"鉄筋コンクリートの劣化現象に関する次の記述のうち、適切なものはどれ
か。",,,,,,"中性化とは、コンクリートが空気中の炭酸ガス、その他の酸性ガスあるいは
塩類の作用によりアルカリ性を失っていく現象をいう。","エフロレッセンスとは、コンクリート表面に出る黒色の汚れを指し、コンク
リート内部のアルカリ成分が水分とともに表面に移動し、二酸化炭素と反応し
て炭酸カルシウムになったものである。","ポップアウトとは、コンクリート内部の鉄筋に沿ってひび割れが生じる現象
をいう。
さび さび","錆汚れとは、コンクリート表面が金属の錆により汚れる現象であるが、コン
さび
クリート内部の鉄筋は酸化被膜によって保護され錆が防がれていることから、
さび
錆汚れの原因になることは少ない。",1,FALSE,FALSE,,"正解は1。

選択肢1（誤り）　地階の床面積は原則として延べ面積に算入するが、一定要件の下で不算入の特例がある（建築基準法施行令第2条第3項）。「地階の床面積は延べ面積に算入しない」とする本肢の記述は誤っている。

選択肢2（正しい）　建築確認が必要な建築物に延べ面積200m2超の特殊建築物（共同住宅等）が含まれる（建築基準法第6条第1項）。

選択肢3（正しい）　避難上有効なバルコニー等の設置等の条件を満たす場合、2以上の直通階段の設置義務が緩和される（建築基準法施行令第121条第1項ただし書）。

選択肢4（正しい）　長屋または共同住宅の各戸の界壁は小屋裏または天井裏まで達するものとしなければならない（建築基準法施行令第114条第1項）。

これらを踏まえると、不正確な記述は選択肢1であり、正解は選択肢1となる。",,,,,
2025,令和7年度,40,single,建物・設備,誤り選択;建物・設備,"マンションの避難計画に関する次の記述のうち、適切でないものはどれ
か。",,,,,,"地上5階建てで主要構造部が耐火構造の共同住宅について、各階の居室の床
面積の合計が200m2であるものは、避難階以外の階から避難階又は地上に通
ずる2以上の直通階段を設けなくてもよい。","地上2階建て延べ面積200m2の鉄筋コンクリート造の共同住宅について、
屋外への出口から道に通ずる敷地内の通路の幅員を1.2mとした。","避難階とは、地上又は地上に準ずる避難上安全な場所に直接通ずる出入口の
ある階をいい、敷地と道路又は敷地内に高低差がある場合には、屋上が避難階
になることもある。","共同住宅のバルコニーについて、形状が連続しており避難経路となっている
ものには、容易に破壊できる隔て板を設置して居住者のプライバシーを確保
し、火災時には隣戸への避難を可能にする。連続していないものについては、
住戸から直接避難できる階段や隣戸への通路がないなど、他に安全な避難経路
が確保できない場合には、避難器具を設置することとされている。
8146_01_REPORT_M.indd 23 2025/10/29 1:15",2,FALSE,FALSE,,"正解は4。

選択肢1（適切）　高さ31mを超えるマンションには非常用エレベーターの設置義務がある（建築基準法第34条第2項）。

選択肢2（適切）　隣接する住戸との界壁は小屋裏まで達するものとしなければならない（建築基準法施行令第114条）。

選択肢3（適切）　居室の採光補正係数は方位によって異なり、開口部の有効採光面積の確保に配慮が必要である。

選択肢4（不適切）　乗用エレベーターに「300kg以上の積載荷重」を必ず設けなければならないとは法令に規定されていない（用途・寸法等により計算）。本肢の内容は適切とはいえない。

これらを踏まえると、適切とはいえないのは選択肢4であり、正解は選択肢4となる。",,,,,
2025,令和7年度,41,single,建物・設備,誤り選択;建物・設備,マンションの構造に関する次の記述のうち、妥当でない内容のものはどれか。,,,,,,"杭基礎のうち、摩擦杭は、建築物の重量が比較的重く強固な地耐力が期待さ
れる地盤に採用され、建築物の上部荷重はすべて杭周面と土の摩擦力により支
持される。","外壁は、非耐力壁であっても雨や日射の遮断性、風圧力や衝撃からの安全
性、耐用年限まで性能を維持する耐久性や耐火性の機能が求められる。
こばり","鉄骨造のラーメン構造において、小梁は床荷重（固定荷重及び積載荷重）を
おおばり
支持しており、その荷重を大梁に伝えている。","地上部分にある建築物のある層に作用する地震力は、その層が支える荷重
に、地震活動の地域性や地盤の種類、建築物の剛性や高さ等の影響を考慮して
算出される「地震層せん断力係数」を乗じて求められる。",1,FALSE,FALSE,,"正解は1。

選択肢1（不適切）　合成樹脂調合ペイント（SOP）は耐候性・耐水性がアクリル系塗料より劣るため、屋外への使用は一般的に推奨されない。本肢の「外部に使用できる」とする説明は不適切である。

選択肢2（適切）　弾性ウレタン塗料はひび割れ追従性が高く外壁防水機能を持った塗装として適切である。

選択肢3（適切）　フッ素樹脂系塗料は耐候性・耐汚染性に優れた高耐久塗料である。

選択肢4（適切）　アクリル樹脂系塗料は汎用性が高く価格も比較的安価で外壁塗装に広く使用されている。

これらを踏まえると、適切とはいえないのは選択肢1であり、正解は選択肢1となる。",,,,,
2025,令和7年度,42,single,建物・設備,誤り選択;建物・設備,"マンションの室内環境に関する次の記述のうち、適切でないものはどれ
か。",,,,,,"開口部に取り付けるサッシの遮音性について、日本産業規格（JIS）で音響
透過損失に応じて4段階のＴ等級が定められており、Ｔ値は大きいほど遮音性
能が優れている。","床衝撃音には、子どものとび跳ねのような重量床衝撃音と硬くて軽い物体が
落下したときに発生する軽量床衝撃音があり、床の遮音性に対する評価はそれ
ぞれL とL で表す。
H L","すべてのマンションの室内には、1時間当たり換気回数が0.5回以上となる
ような機械換気設備の設置が原則として求められている。","シックハウス対策として、日本産業規格（JIS）及び日本農林規格（JAS）
で定められたＦ☆☆☆☆等級の内装仕上げ材はホルムアルデヒドを発散しない
ため、使用面積の制限なく用いることができる。
8146_01_REPORT_M.indd 24 2025/10/29 1:15",4,FALSE,FALSE,,"正解は3。

選択肢1（適切）　ポンプ直送方式は高置水槽が不要で設置スペースを節約できる。

選択肢2（適切）　水道直結増圧方式は衛生面で優れている（水道管から直接供給）。

選択肢3（不適切）　高置水槽方式は停電時でも水槽に水が残っている限り一定時間は給水可能である。「停電時は全く給水できない」とする本肢の内容は適切とはいえない。

選択肢4（適切）　水道直結直圧方式は受水槽・ポンプが不要で低コストだが高層の給水には不向きである。

これらを踏まえると、適切とはいえないのは選択肢3であり、正解は選択肢3となる。",,,,,
2025,令和7年度,43,single,建物・設備,誤り選択;建物・設備,"マンションの給排水設備に関する次の記述のうち、適切でないものの組合
せはどれか。
ア 飲料用の受水槽内に排水が逆流しないように、オーバーフロー管の下端と排
水管との間に垂直距離150mm以上の排水口空間を設ける。
イ 専有部分の給水管の給水圧力の上限値は、一般に500kPa程度に設定する。
ウ 共用部分に設置する排水横引管の管径が125mmの場合、円滑に排水を排除
するために、最小勾配を1/200とする。
エ 給水栓を閉める際に生じるウォーターハンマーを防止するには、給水管内の
流速を1.5〜2.0m/sに設定することが有効である。",,,,,,アとイ,イとウ,ウとエ,エとア,2,FALSE,FALSE,,"正解は2（イとウ）。

ア（不適切）　洗面器には通常Pトラップが使用されるため、「洗面器にはわんトラップが適している」とする本肢の内容は適切とはいえない。

イ（適切）　結合通気管は10階以内ごとに設けることが推奨されている（建築設備設計基準）。

ウ（適切）　排水槽の容量はポンプ1台の容量の計画汚水量程度とすることが一般的である。

エ（不適切）　雨水排水管と汚水排水管の接続部分にはトラップ（防臭装置）が必要であり、「トラップは不要」とする本肢の内容は適切とはいえない。

これらを踏まえると、適切といえるのはイとウであり、正解は選択肢2となる。",,,,,
2025,令和7年度,44,single,建物・設備,組合せ;建物・設備,"マンションの設備の保守・点検・清掃に関する次の記述のうち、適切でな
いものの組合せはどれか。
ア 排水管の清掃方法である圧縮空気法では、付着物で閉塞した排水管内に水を
送り、圧縮空気を放出してその衝撃で付着物を除去する。
イ 飲料用受水槽は、周囲4面と上下2面の外面6面すべてについて点検ができ
るように設置する。
ウ エレベーターのフルメンテナンス契約において、原則として乗場ドア、三方
枠の塗装、かご内装材及び床材の修理等は、その契約に含まれる。
エ 消火器等の機器点検は、1年に1回実施する。",,,,,,アとイ,イとウ,ウとエ,"エとア
8146_01_REPORT_M.indd 25 2025/11/05 21:14",3,FALSE,FALSE,,"正解は4（四つ）。ア、イ、ウ、エすべて適切でない。

ア（適切でない）　スプリンクラー設備の総合点検は1年に1回であり「2年に1回」は不適切。

イ（適切でない）　自動火災報知設備の感知器は6か月（機器点検）・1年（総合点検）ごとに点検が必要であり「3年ごと」は不適切。

ウ（適切でない）　屋内消火栓設備の加圧送水装置は6か月・1年ごとに点検が必要であり「5年ごと」は不適切。

エ（適切でない）　避難器具の総合点検は1年に1回であり「4年ごと」は不適切。

これらを踏まえると、適切でないものは四つすべてであり、正解は選択肢4となる。",,,,,
2025,令和7年度,45,single,建物・設備,誤り選択;建物・設備,"マンションの給湯設備及びガス設備に関する次の記述のうち、適切でない
ものはどれか。",,,,,,"専有部分に設置するさや管ヘッダー方式による給湯用配管には、耐食性、耐
熱性、可とう性に優れた水道用耐熱性塩化ビニルライニング鋼管を使用する。","ガス給湯器の能力表示には「号」が一般に用いられ、1号とは入水温度を
25℃上昇させた湯を毎分1ℓ出湯できる能力をいう。","パイプスペース等に設置されるマイコンメーターには、ガスの異常流出や地
震等による激しい揺れを検知して自動的にガス供給を遮断し、警報を表示する
機能がある。","敷地内に埋設するガス配管には、耐食性、耐震性に優れたポリエチレン管や
ポリエチレン被覆鋼管を用い、融着接合や機械的接合などの耐震性に富む配管
方法とする。
8146_01_REPORT_M.indd 26 2025/10/29 1:15",1,FALSE,FALSE,,"正解は3（三つ）。ア、イ、エが正しい。

ア（正しい）　エレベーターの定期検査報告は1年（または3年）ごとに行う必要がある（建築基準法第12条第3項）。

イ（正しい）　POG契約は定期点検・消耗品交換のみを含み、部品劣化による取替えは別途費用となる。

ウ（誤り）　エスカレーターの毎月の法定保守点検義務はなく、「毎月1回義務付けられている」とする本肢の記述は誤っている。

エ（正しい）　エレベーターの地震時等管制運転装置には予備電源の設置が義務付けられている（建築基準法施行令第129条の10）。

これらを踏まえると、正しいものはア、イ、エの三つであり、正解は選択肢3となる。",,,,,
2025,令和7年度,46,single,適正化基本方針,正解選択;適正化基本方針;5問免除,"「マンションの管理の適正化の推進を図るための基本的な方針」（令和3年
9月28日 国土交通省告示第1286号）に関する次の記述のうち、適切なものはい
くつあるか。
ア 管理組合は、専有部分と共用部分の区分、専用使用部分と共用部分の管理及
び駐車場の使用等に関してトラブルが生じることが多いことから、適正な利用
と公平な負担が確保されるよう、各部分の範囲及びこれに対するマンションの
区分所有者等の負担を明確に定めておくことが重要である。
イ 管理業務の委託や工事の発注等については、事業者の選定に係る意思決定の
透明性確保や利益相反等に注意して、適正に行われる必要があるが、とりわけ
外部の専門家が管理組合の管理者等又は役員に就任する場合においては、マン
ションの区分所有者等から信頼されるような発注等に係るルールの整備が必要
である。
ウ 自治会及び町内会等（以下「自治会」という。）は、管理組合と異なり、各
居住者が各自の判断で加入するものであることに留意するとともに、特に管理
費の使途については、マンションの管理と自治会活動の範囲・相互関係を整理
し、管理費と自治会費の徴収、支出を分けて適切に運用する必要がある。
エ 複合用途型マンションにあっては、住宅部分と非住宅部分との利害の調整を
図り、その管理、費用負担等について適切な配慮をすることが重要である。",,,,,,一つ,二つ,三つ,"四つ
8146_01_REPORT_M.indd 27 2025/10/29 1:15",4,TRUE,FALSE,,"正解は2。

選択肢1（適切）　マンション管理士は専門的知識をもって管理組合の運営等に関し相談・助言・指導等を行うことを業務とする（マンション管理適正化法第2条第5号）。

選択肢2（不適切）　マンション管理士が他の有資格者と共同事務所を設けることは認められており、「認められていない」とする本肢の内容は適切とはいえない。

選択肢3（適切）　管理業者を客観的に評価して意見を述べることは管理士の業務範囲に含まれる（同法第2条第5号）。

選択肢4（適切）　管理規約の作成支援は管理士の業務範囲に含まれる。

これらを踏まえると、適切とはいえないのは選択肢2であり、正解は選択肢2となる。",,,,,
2025,令和7年度,47,single,マンション管理適正化法,正解選択;マンション管理適正化法;5問免除,マンション管理適正化法に関する次の記述のうち、内容が正確なものはどれか。,,,,,,"マンションとは、2以上の区分所有者が存する建物で人の居住の用に供する
専有部分のあるもの並びにその附属施設をいい、その敷地はマンションには含
まれない。","マンション管理士は、専門的な知識をもって管理組合の運営その他マンショ
ンの管理に関し、管理組合の管理者等又はマンションの区分所有者等の相談に
応じ、助言、指導その他の援助を行うことを業務とするほか、法令上の勧告の
権限も有する。","管理計画の認定を受けた者は、認定を受けた管理計画の変更をしようとする
ときは、計画作成都道府県知事等の認定を受ける必要があるが、当該計画の変
更が国土交通省令で定める軽微な変更である場合はこの限りではない。","マンション管理士は、正当な理由がなく、その業務に関して知り得た秘密を
漏らしてはならないが、マンション管理士でなくなり、2年が経過した場合は
この限りではない。",3,TRUE,FALSE,,"正解は4。

選択肢1（正しい）　管理受託契約の締結に際し事前に重要事項の説明が必要（マンション管理適正化法第72条第1項）。

選択肢2（正しい）　管理業務主任者の設置義務として管理戸数に応じた人数（30戸につき1人）の専任者が必要（同法第56条第1項）。

選択肢3（正しい）　管理事務の全部を他者に委託することはできない（同法第74条）。

選択肢4（誤り）　管理業者の登録有効期間は5年であり、更新申請は有効期間満了の日の90日前から30日前までに行う（同法施行規則第36条）。「60日前までに」とする本肢の記述は誤っている。

これらを踏まえると、不正確な記述は選択肢4であり、正解は選択肢4となる。",,,,,
2025,令和7年度,48,single,マンション管理適正化法,誤り選択;マンション管理適正化法;5問免除,"マンション管理適正化法第5条の4に基づく管理計画の認定基準に関する
次の記述のうち、内容が正確でないものはどれか。",,,,,,"マンションの適切な管理のため、管理規約において災害等の緊急時や管理上
必要なときの専有部の立ち入り、修繕等の履歴情報の管理等について定められ
ていること。","長期修繕計画が「長期修繕計画標準様式」に準拠し作成され、長期修繕計画
の内容及びこれに基づき算定された修繕積立金額について集会にて決議されて
いること。",長期修繕計画の作成または見直しが12年〜15年以内に行われていること。,"長期修繕計画の計画期間全体での修繕積立金の総額から算定された修繕積立
金の平均額が著しく低額でないこと。
8146_01_REPORT_M.indd 28 2025/10/29 1:15",3,TRUE,FALSE,,"正解は3。

選択肢1（適切）　管理業務主任者証の有効期間は5年であり5年ごとの更新が必要（マンション管理適正化法第63条）。

選択肢2（適切）　管理業務主任者証の更新には登録講習機関の講習受講が必要（同法第63条）。

選択肢3（不適切）　管理業務主任者は他の管理業者の事務所の専任管理業務主任者を兼務することはできない（同法第56条第1項の「専任」要件）。「可能」とする本肢の内容は適切とはいえない。

選択肢4（適切）　住所変更した場合は遅滞なく変更届出を行わなければならない（同法第62条）。

これらを踏まえると、適切とはいえないのは選択肢3であり、正解は選択肢3となる。",,,,,
2025,令和7年度,49,single,マンション管理適正化法,誤り選択;マンション管理適正化法;5問免除,"マンション管理士の登録等に関する次の記述のうち、マンション管理適正
化法の定めによれば、内容が正確でないものはどれか。",,,,,,"マンション管理士となる資格を有する者は、マンション管理適正化法第30
条第1項各号に規定される登録欠格事由に該当する者を除き、国土交通大臣
（指定登録機関が登録の実施に関する事務を行う場合は指定登録機関。以下こ
の問いにおいて同じ。）の登録を受けることができる。","国土交通大臣は、マンション管理士の登録が効力を失った場合には、その登
録を消除しなければならない。","マンション管理適正化法以外の法律の規定により罰金の刑に処された者は、
その執行を終わり、又は執行を受けることがなくなった日から2年を経過しな
い場合には、マンション管理士の登録を受けることができない。","マンション管理士でない者が、マンション管理士又はこれに紛らわしい名称
を使用した場合には、30万円以下の罰金に処される。
8146_01_REPORT_M.indd 29 2025/10/29 1:15",3,TRUE,FALSE,,"正解は1（一つ）。エのみ正しい。

ア（誤り）　重要事項書面への記名は管理業務主任者が行うものであり、「マンション管理士に記名させなければならない」とする本肢の記述は誤っている（マンション管理適正化法第72条第6項）。

イ（誤り）　管理者等がいない管理組合への説明は区分所有者等全員への説明会が義務（同法第72条第2項）。「書面交付だけで足りる」は誤りである。

ウ（誤り）　従前と同一条件での更新時は説明会開催不要（同法第72条第4項）。「説明会を開催しなければならない」は誤りである。

エ（正しい）　認定管理者等が書面等で説明不要の意思を表示した場合は書面交付のみで重要事項の説明を省略できる（同法第72条第5項）。本肢の記述は正当である。

これらを踏まえると、正解はエの一つであり、正解は選択肢1となる。",,,,,
2025,令和7年度,50,single,マンション管理適正化法,誤り選択;マンション管理適正化法;5問免除,"マンション管理業者の業務に関する次の記述のうち、マンション管理適正
化法（この問いにおいて「法」という。）の定めによれば、誤っているものはどれ
か。",,,,,,"マンション管理業者は、従前の管理受託契約と同一の条件で管理組合との管
理受託契約を更新しようとするときは、あらかじめ、当該管理組合を構成する
マンションの区分所有者等全員に対し、重要事項を記載した書面を交付しなけ
ればならない。","マンション管理業者は、毎月、管理事務の委託を受けた管理組合のその月に
おける会計の収入及び支出の状況に関する書面を作成し、翌月末日までに、当
該書面を当該管理組合の管理者等に交付しなければならない。","マンション管理業者は、管理組合から委託を受けた管理事務のうち基幹事務
について、複数の者に分割して委託する場合は、その全てを再委託することが
できる。","マンション管理業者は、法第72条に定める重要事項を記載した書面を作成
するときは、管理業務主任者をして、当該書面に記名させなければならない。
8146_01_REPORT_M.indd 30 2025/10/29 1:15",3,TRUE,FALSE,,"正解は4（四つ）。ア、イ、ウ、エすべて正しい。

ア（正しい）　マンション管理業者は修繕積立金等について自己の固有財産及び他の管理組合の財産と分別して管理しなければならない（マンション管理適正化法第76条）。

イ（正しい）　分別管理の方法として収納口座・保管口座の設定が必要であり、印鑑と通帳の同時保管は禁止されている（同法第76条の2）。

ウ（正しい）　管理業者が修繕積立金を横領した場合は業務停止処分・登録取消処分等の行政処分の対象となる（同法第81条・第83条）。

エ（正しい）　マンション管理業者は収支の状況を記載した書面を毎月管理者等に交付しなければならない（同法第77条第1項）。

これらを踏まえると、正しいものは四つすべてであり、正解は選択肢4となる。",,,,,
