question_no,type,category,tags,stem,preamble,statement_a,statement_b,statement_c,statement_d,choice_1,choice_2,choice_3,choice_4,correct,explanation,explanation_summary,explanation_correct,explanation_choices,explanation_point
1,single,区分所有法,誤り選択;区分所有法,管理組合の集会に関する次の記述のうち、区分所有法の定めによれば、内容が正確でないものはどれか。,,,,,,管理者は、少なくとも毎年1回集会を招集しなければならない。,区分所有者の5分の1以上で議決権の5分の1以上を有するものは、管理者に対し、会議の目的たる事項を示して集会の招集を請求することができる。,集会の招集通知は、規約で別段の定めをすることにより、通知期間を伸縮することができる。,集会においては、あらかじめ通知した事項以外についても、常に決議をすることができる。,4,正解は4。選択肢1（正しい）　管理者は、少なくとも毎年1回集会を招集しなければならない（区分所有法第34条第2項）。本肢の記述は正当である。選択肢2（正しい）　区分所有者及び議決権の各5分の1以上を有するものは、管理者に対して集会の招集を請求することができる（同法第34条第3項）。本肢の記述は正当である。選択肢3（正しい）　招集通知期間については、規約で別段の定めをすることができる（同法第35条第1項）。本肢の記述は正当である。選択肢4（誤り）　集会では、原則としてあらかじめ通知した事項についてのみ決議することができる（同法第37条第1項）。「常に決議をすることができる」とする本肢の記述は誤っている。,正解は4。選択肢1（正しい）　管理者は、少なくとも毎年1回集会を招集しなければならない（区分所有法第34条第2項）。本肢の記述は正当である。選択肢2（正しい）　区分所有者及び議決権の各5分の1以上を有するものは、管理者に対して集会の招集を請求することができる（同法第34条第3項）。本肢の記述は正当である。選択肢3（正しい）　招集通知期間については、規約で別段,選択肢4（誤り）　集会では、原則としてあらかじめ通知した事項についてのみ決議することができる（同法第37条第1項）。,1:選択肢1（正しい）　管理者は、少なくとも毎年1回集会を招集しなければならない（区分所有法第34条第2項）。;2:選択肢2（正しい）　区分所有者及び議決権の各5分の1以上を有するものは、管理者に対して集会の招集を請求することができる（同法第34条第3項）。;3:選択肢3（正しい）　招集通知期間については、規約で別段の定めをすることができる（同法第35条第1項）。,
2,single,区分所有法,組合せ;区分所有法,共用部分に関する次の記述のうち、区分所有法の定めによれば、正しいものの組合せはどれか。ア 共用部分は、規約で別段の定めをしない限り、区分所有者全員の共有に属する。イ 各共有者は、共用部分をその持分割合に応じた範囲でのみ使用することができる。ウ 共用部分の持分割合は、原則として各共有者の有する専有部分の床面積の割合による。エ 共用部分の管理に関する事項は、すべて区分所有者及び議決権の各4分の3以上の多数で決しなければならない。,,,,,,アとウ,アとエ,イとウ,イとエ,1,正解は1（アとウ）。ア（正しい）　共用部分は、規約に別段の定めがない限り、区分所有者全員の共有に属する（区分所有法第11条第1項）。本肢の記述は正当である。イ（誤り）　各共有者は、共用部分の全部について、その用方に従って使用することができる（同法第13条）。「持分割合に応じた範囲でのみ」とする本肢の記述は誤っている。ウ（正しい）　共用部分の持分割合は、原則として専有部分の床面積の割合による（同法第14条第1項）。本肢の記述は正当である。エ（誤り）　共用部分の管理に関する事項は、原則として集会の普通決議で決する（同法第18条第1項）。すべて特別多数決議が必要となるわけではない。,正解は1（アとウ）。ア（正しい）　共用部分は、規約に別段の定めがない限り、区分所有者全員の共有に属する（区分所有法第11条第1項）。本肢の記述は正当である。イ（誤り）　各共有者は、共用部分の全部について、その用方に従って使用することができる（同法第13条）。「持分割合に応じた範囲でのみ」とする本肢の記述は誤っている。ウ（正しい）　共用部分の持分割合は、原則と,正解は1（アとウ）。ア（正しい）　共用部分は、規約に別段の定めがない限り、区分所有者全員の共有に属する（区分所有法第11条第1項）。本肢の記述は正当である。イ（誤り）　各共有者は、共用部分の全部について、その用方に従って使用することができる（同法第13条）。「持分割合に応じた範囲でのみ」とする本肢の記述は誤っている。ウ（正しい）　共用部分の持分割合は、原則として専有部分の床面積の割合による（同法第14条第1項）。本肢の記述は正当である。エ（誤り）　共用部分の管理に関する事項は、原則として集会の普通決議で決する（同法第18条第1項）。すべて特別多数決議が必要となるわけではない。,2:（2）「アとエ」は正答（1）「アとウ」と異なる組合せです。 ア：正しい　共用部分は、規約に別段の定めがない限り、区分所有者全員の共有に属する（区分所有法第11条第1項）。 エ：誤り　共用部分の管理に関する事項は、原則として集会の普通決議で決する（同法第18条第1項）。;3:（3）「イとウ」は正答（1）「アとウ」と異なる組合せです。 イ：誤り　各共有者は、共用部分の全部について、その用方に従って使用することができる（同法第13条）。 ウ：正しい　共用部分の持分割合は、原則として専有部分の床面積の割合による（同法第14条第1項）。;4:（4）「イとエ」は正答（1）「アとウ」と異なる組合せです。 イ：誤り　各共有者は、共用部分の全部について、その用方に従って使用することができる（同法第13条）。 エ：誤り　共用部分の管理に関する事項は、原則として集会の普通決議で決する（同法第18条第1項）。,
3,single,区分所有法,正解選択;区分所有法,規約に関する次の記述のうち、区分所有法の定めによれば、内容が正確なものはどれか。,,,,,,規約の設定、変更又は廃止は、常に区分所有者全員の承諾を得なければすることができない。,規約の設定、変更又は廃止が一部の区分所有者の権利に特別の影響を及ぼすべきときは、その承諾を得なければならない。,規約は、専有部分の使用方法については一切定めることができない。,規約は、書面で作成されていれば、集会の決議を経なくても当然に効力を生じる。,2,正解は2。選択肢1（誤り）　規約の設定、変更又は廃止は、原則として区分所有者及び議決権の各4分の3以上の多数による集会決議で行う（区分所有法第31条第1項）。全員の承諾が常に必要ではない。選択肢2（正しい）　規約の設定、変更又は廃止が一部の区分所有者の権利に特別の影響を及ぼすべきときは、その承諾を得なければならない（同法第31条第1項後段）。本肢の記述は正当である。選択肢3（誤り）　建物又は敷地等の管理又は使用に関する区分所有者相互間の事項は規約で定めることができる（同法第30条第1項）。専有部分の使用に関する事項が一切定められないわけではない。選択肢4（誤り）　規約の設定等には、原則として集会の特別多数決議が必要である。書面作成のみで当然に効力を生じるわけではない。,選択肢2（正しい）　規約の設定、変更又は廃止が一部の区分所有者の権利に特別の影響を及ぼすべきときは、その承諾を得なければならない（同法第31条第1項後段）。,選択肢2（正しい）　規約の設定、変更又は廃止が一部の区分所有者の権利に特別の影響を及ぼすべきときは、その承諾を得なければならない（同法第31条第1項後段）。,1:選択肢1（誤り）　規約の設定、変更又は廃止は、原則として区分所有者及び議決権の各4分の3以上の多数による集会決議で行う（区分所有法第31条第1項）。;3:選択肢3（誤り）　建物又は敷地等の管理又は使用に関する区分所有者相互間の事項は規約で定めることができる（同法第30条第1項）。;4:（4）の内容は、正答（2）「規約の設定、変更又は廃止が一部の区分所有者の権利に特別の影響を及ぼすべきときは、その承諾を得なければならない。」が示す論点とずれています。,
4,single,区分所有法,いくつあるか;区分所有法,管理者に関する次の記述のうち、区分所有法の定めによれば、正しいものはいくつあるか。ア 管理者は、規約に別段の定めがない限り、集会の決議によって選任することができる。イ 管理者は、区分所有者でなければならず、外部の第三者を選任することはできない。ウ 管理者は、その職務に関し、区分所有者を代理する。エ 管理者に不正な行為その他職務を行うに適しない事情があるときは、各区分所有者は、その解任を裁判所に請求することができる。,,,,,,一つ,二つ,三つ,四つ,3,正解は3（三つ）。ア、ウ、エが正しい。ア（正しい）　管理者は、規約に別段の定めがない限り、集会の決議によって選任又は解任することができる（区分所有法第25条第1項）。イ（誤り）　区分所有法は、管理者を区分所有者に限定していない。外部の第三者を管理者に選任することもできる。ウ（正しい）　管理者は、その職務に関し、区分所有者を代理する（同法第26条第2項）。エ（正しい）　管理者に不正な行為その他職務を行うに適しない事情があるときは、各区分所有者は、その解任を裁判所に請求できる（同法第25条第2項）。したがって、正しいものは三つである。,ア、ウ、エが正しい。,正解は3（三つ）。ア、ウ、エが正しい。ア（正しい）　管理者は、規約に別段の定めがない限り、集会の決議によって選任又は解任することができる（区分所有法第25条第1項）。イ（誤り）　区分所有法は、管理者を区分所有者に限定していない。外部の第三者を管理者に選任することもできる。ウ（正しい）　管理者は、その職務に関し、区分所有者を代理する（同法第26条第2項）。エ（正しい）　管理者に不正な行為その他職務を行うに適しない事情があるときは、各区分所有者は、その解任を裁判所に請求できる（同法第25条第2項）。したがって、正しいものは三つである。,1:（1）の内容は、正答（3）「三つ」が示す論点とずれています。 選択肢（1）「一つ」は本問の正答（3）とは異なるため不適です。;2:（2）の内容は、正答（3）「三つ」が示す論点とずれています。 選択肢（2）「二つ」は本問の正答（3）とは異なるため不適です。;4:（4）の内容は、正答（3）「三つ」が示す論点とずれています。 選択肢（4）「四つ」は本問の正答（3）とは異なるため不適です。,
5,single,区分所有法,誤り選択;区分所有法,共同の利益に反する行為をする区分所有者に対する措置に関する次の記述のうち、区分所有法の定めによれば、誤っているものはどれか。,,,,,,行為の停止等の請求をするには、必ず当該区分所有者の専有部分の使用禁止請求を併せて行わなければならない。,共同の利益に反する行為をする区分所有者に対しては、その行為の停止等を請求することができる。,専有部分の使用禁止請求をするには、集会の決議が必要である。,区分所有権及び敷地利用権の競売請求は、共同生活上の障害が著しく、他の方法によってはその障害を除去して共用部分の利用の確保その他区分所有者の共同生活の維持を図ることが困難であるときに認められる。,1,正解は1。選択肢1（誤り）　行為の停止等の請求、使用禁止請求、競売請求は、それぞれ要件と効果が異なる。行為の停止等の請求に、必ず使用禁止請求を併せなければならないわけではない。選択肢2（正しい）　共同の利益に反する行為をする区分所有者に対しては、その行為の停止等を請求することができる（区分所有法第57条第1項）。本肢の記述は正当である。選択肢3（正しい）　専有部分の使用禁止請求をするには、集会の決議が必要である（同法第58条第2項）。本肢の記述は正当である。選択肢4（正しい）　競売請求は、共同生活上の障害が著しく、他の方法によっては障害を除去して共同生活の維持を図ることが困難である場合に認められる（同法第59条第1項）。本肢の記述は正当である。,選択肢1（誤り）　行為の停止等の請求、使用禁止請求、競売請求は、それぞれ要件と効果が異なる。,選択肢1（誤り）　行為の停止等の請求、使用禁止請求、競売請求は、それぞれ要件と効果が異なる。,2:選択肢2（正しい）　共同の利益に反する行為をする区分所有者に対しては、その行為の停止等を請求することができる（区分所有法第57条第1項）。;3:選択肢3（正しい）　専有部分の使用禁止請求をするには、集会の決議が必要である（同法第58条第2項）。;4:選択肢4（正しい）　競売請求は、共同生活上の障害が著しく、他の方法によっては障害を除去して共同生活の維持を図ることが困難である場合に認められる（同法第59条第1項）。,
6,single,標準管理規約（単棟型）,誤り選択;標準管理規約（単棟型）,標準管理規約（単棟型）における総会に関する次の記述のうち、内容が正確でないものはどれか。,,,,,,通常総会は、毎年1回新会計年度開始以後一定期間内に招集するものとされている。,理事長は、必要があると認めるときは、臨時総会を招集することができる。,組合員は、議決権総数の100分の1以上を有していれば、単独で当然に臨時総会を招集することができる。,総会の議事については、議長が議事録を作成しなければならない。,3,正解は3。選択肢1（正しい）　標準管理規約では、理事長は通常総会を毎年1回、新会計年度開始後一定期間内に招集するものとされている。本肢の記述は正当である。選択肢2（正しい）　理事長は、必要があると認めるときは臨時総会を招集できる。本肢の記述は正当である。選択肢3（誤り）　組合員が総会の招集を請求するには、一定割合以上の組合員数及び議決権数を満たして、会議の目的を示して理事長に請求するのが原則である。100分の1以上の議決権だけで単独かつ当然に招集できるわけではない。選択肢4（正しい）　総会の議事については議事録を作成するものとされている。本肢の記述は正当である。,選択肢3（誤り）　組合員が総会の招集を請求するには、一定割合以上の組合員数及び議決権数を満たして、会議の目的を示して理事長に請求するのが原則である。,選択肢3（誤り）　組合員が総会の招集を請求するには、一定割合以上の組合員数及び議決権数を満たして、会議の目的を示して理事長に請求するのが原則である。,1:（1）「通常総会は、毎年1回新会計年度開始以後一定期間内に招集するものとされている。」は、単独の記述としては法令上妥当な場合がありますが、本問で選ぶべき正答は（3）「組合員は、議決権総数の100分の1以上を有していれば、単独で当然に臨時総会を招集することができる。」です。問題文の条件（標準管理規約（単棟型）における総会に関する次の記述のうち、内容が正確でないものはどれか。…）と照らし、設問が問う論点に合う肢を選び直してください。;2:（2）の内容は、正答（3）「組合員は、議決権総数の100分の1以上を有していれば、単独で当然に臨時総会を招集することができる。」が示す論点とずれています。;4:正答の解説と、主体・手続・効果のいずれかが一致していません。 選択肢（4）「総会の議事については、議長が議事録を作成しなければならない。」は本問の正答（3）とは異なるため不適です。,
7,single,標準管理規約（単棟型）,正解選択;標準管理規約（単棟型）,標準管理規約（単棟型）における役員に関する次の記述のうち、内容が正確なものはどれか。,,,,,,理事長は、管理組合を代表し、その業務を統括する。,監事は、理事会の決議に参加し、理事長と同じ議決権を有する。,理事は、任期中であれば、総会の決議によって解任されることはない。,役員は、すべて区分所有者本人でなければならず、外部専門家を選任することは一切認められない。,1,正解は1。選択肢1（正しい）　標準管理規約では、理事長は管理組合を代表し、その業務を統括するものとされている。本肢の記述は正当である。選択肢2（誤り）　監事は管理組合の業務の執行及び財産の状況を監査する立場であり、理事会の決議に理事と同様に参加するものではない。選択肢3（誤り）　役員は、総会の決議により選任され、解任され得る。任期中であれば解任されないというわけではない。選択肢4（誤り）　標準管理規約では外部専門家を役員として活用する考え方も示されており、役員がすべて区分所有者本人に限られるとはいえない。,選択肢1（正しい）　標準管理規約では、理事長は管理組合を代表し、その業務を統括するものとされている。,選択肢1（正しい）　標準管理規約では、理事長は管理組合を代表し、その業務を統括するものとされている。,2:選択肢2（誤り） 監事は管理組合の業務の執行及び財産の状況を監査する立場であり、理事会の決議に理事と同様に参加するものではない。;3:正答の解説と、主体・手続・効果のいずれかが一致していません。 選択肢（3）「理事は、任期中であれば、総会の決議によって解任されることはない。」は本問の正答（1）とは異なるため不適です。;4:選択肢4（誤り）　標準管理規約では外部専門家を役員として活用する考え方も示されており、役員がすべて区分所有者本人に限られるとはいえない。,
8,single,標準管理規約（単棟型）,正解選択;標準管理規約（単棟型）,管理費及び修繕積立金に関する次の記述のうち、標準管理規約（単棟型）の考え方によれば、内容が正確なものはどれか。,,,,,,管理費は、長期修繕計画に基づく大規模修繕工事の費用に充てることを主たる目的とする。,修繕積立金は、日常の清掃費や管理員業務費に充てることを主たる目的とする。,管理費と修繕積立金は、会計上区分する必要はなく、同一の会計で処理すれば足りる。,修繕積立金は、計画修繕その他特別の管理に要する経費に充当するために積み立てるものとされている。,4,正解は4。選択肢1（誤り）　管理費は、通常の管理に要する経費に充当する性質のものであり、大規模修繕工事費用を主目的とするものではない。選択肢2（誤り）　日常の清掃費や管理員業務費は、通常、管理費から支出される。修繕積立金の主たる使途ではない。選択肢3（誤り）　管理費会計と修繕積立金会計は、目的が異なるため区分して経理するのが基本である。選択肢4（正しい）　修繕積立金は、計画修繕その他特別の管理に要する経費に充当するために積み立てるものとされる。本肢の記述は正当である。,選択肢4（正しい）　修繕積立金は、計画修繕その他特別の管理に要する経費に充当するために積み立てるものとされる。,選択肢4（正しい）　修繕積立金は、計画修繕その他特別の管理に要する経費に充当するために積み立てるものとされる。,1:選択肢1（誤り） 管理費は、通常の管理に要する経費に充当する性質のものであり、大規模修繕工事費用を主目的とするものではない。;2:（2）の内容は、正答（4）「修繕積立金は、計画修繕その他特別の管理に要する経費に充当するために積み立てるものとされている。」が示す論点とずれています。;3:選択肢3（誤り） 管理費会計と修繕積立金会計は、目的が異なるため区分して経理するのが基本である。,
9,single,民法,誤り選択;民法,共有に関する次の記述のうち、民法の定めによれば、誤っているものはどれか。,,,,,,各共有者は、共有物の全部について、その持分に応じた使用をすることができる。,共有物の保存行為は、共有者全員の同意がなければ行うことができない。,共有物の変更は、原則として他の共有者全員の同意を得なければならない。,各共有者は、いつでも共有物の分割を請求することができるが、一定期間分割をしない旨の契約をすることもできる。,2,正解は2。選択肢1（正しい）　各共有者は、共有物の全部について、その持分に応じた使用をすることができる（民法第249条第1項）。本肢の記述は正当である。選択肢2（誤り）　共有物の保存行為は、各共有者が単独ですることができる（同法第252条第5項）。全員の同意が必要とする本肢は誤っている。選択肢3（正しい）　共有物に変更を加えるには、原則として他の共有者全員の同意を得なければならない（同法第251条第1項）。本肢の記述は正当である。選択肢4（正しい）　各共有者はいつでも共有物の分割を請求できるが、5年を超えない期間内は分割をしない契約をすることができる（同法第256条）。本肢の記述は正当である。,選択肢2（誤り）　共有物の保存行為は、各共有者が単独ですることができる（同法第252条第5項）。,選択肢2（誤り）　共有物の保存行為は、各共有者が単独ですることができる（同法第252条第5項）。,1:選択肢1（正しい）　各共有者は、共有物の全部について、その持分に応じた使用をすることができる（民法第249条第1項）。;3:選択肢3（正しい）　共有物に変更を加えるには、原則として他の共有者全員の同意を得なければならない（同法第251条第1項）。;4:選択肢4（正しい）　各共有者はいつでも共有物の分割を請求できるが、5年を超えない期間内は分割をしない契約をすることができる（同法第256条）。,
10,single,民法,正解選択;民法,売買契約における契約不適合責任に関する次の記述のうち、民法の定めによれば、内容が正確なものはどれか。,,,,,,買主は、目的物が契約の内容に適合しない場合であっても、追完を請求することはできない。,契約不適合がある場合、買主は常に直ちに契約を解除しなければならず、代金減額請求は認められない。,目的物が契約の内容に適合しない場合、買主は、履行の追完を請求することができる。,売主に故意又は過失がない場合、買主は契約不適合を理由とするいかなる権利も行使することができない。,3,正解は3。選択肢1（誤り）　目的物が契約の内容に適合しない場合、買主は、原則として履行の追完を請求することができる（民法第562条第1項）。選択肢2（誤り）　契約不適合がある場合、買主には追完請求、代金減額請求、損害賠償請求、解除などの手段があり、常に直ちに解除しなければならないわけではない。選択肢3（正しい）　買主は、目的物が契約の内容に適合しないときは、修補、代替物の引渡し又は不足分の引渡しによる履行の追完を請求できる。本肢の記述は正当である。選択肢4（誤り）　追完請求や代金減額請求は、売主の故意又は過失の有無だけで一律に排除されるものではない。,選択肢3（正しい）　買主は、目的物が契約の内容に適合しないときは、修補、代替物の引渡し又は不足分の引渡しによる履行の追完を請求できる。,選択肢1（誤り）　目的物が契約の内容に適合しない場合、買主は、原則として履行の追完を請求することができる（民法第562条第1項）。 選択肢3（正しい）　買主は、目的物が契約の内容に適合しないときは、修補、代替物の引渡し又は不足分の引渡しによる履行の追完を請求できる。,1:選択肢1（誤り）　目的物が契約の内容に適合しない場合、買主は、原則として履行の追完を請求することができる（民法第562条第1項）。;2:選択肢2（誤り） 契約不適合がある場合、買主には追完請求、代金減額請求、損害賠償請求、解除などの手段があり、常に直ちに解除しなければならないわけではない。;4:選択肢4（誤り） 追完請求や代金減額請求は、売主の故意又は過失の有無だけで一律に排除されるものではない。,
11,single,民法,誤り選択;民法;借地借家法,建物賃貸借に関する次の記述のうち、借地借家法及び民法の定めによれば、誤っているものはどれか。,,,,,,期間の定めがある建物賃貸借について、賃貸人が更新を拒絶するには、正当の事由が必要となる。,建物の賃借人は、建物の引渡しを受けていれば、その後その建物について物権を取得した者に対しても賃借権を対抗することができる。,賃借人は、賃貸人の承諾を得なければ、賃借権を譲渡し、又は賃借物を転貸することができない。,賃貸人は、期間満了の1日前に更新しない旨を通知すれば、正当事由の有無にかかわらず建物賃貸借を終了させることができる。,4,正解は4。選択肢1（正しい）　建物賃貸借において賃貸人が更新拒絶をするには、正当事由が必要である（借地借家法第28条）。本肢の記述は正当である。選択肢2（正しい）　建物の賃借権は、建物の引渡しがあったときは、その後建物について物権を取得した者に対抗できる（同法第31条第1項）。本肢の記述は正当である。選択肢3（正しい）　賃借人は、賃貸人の承諾を得なければ賃借権の譲渡又は転貸をすることができない（民法第612条第1項）。本肢の記述は正当である。選択肢4（誤り）　賃貸人による更新拒絶には、通知期間や正当事由が問題となる。期間満了の1日前に通知すれば正当事由なしに終了できるわけではない。,正解は4。選択肢1（正しい）　建物賃貸借において賃貸人が更新拒絶をするには、正当事由が必要である（借地借家法第28条）。本肢の記述は正当である。選択肢2（正しい）　建物の賃借権は、建物の引渡しがあったときは、その後建物について物権を取得した者に対抗できる（同法第31条第1項）。本肢の記述は正当である。選択肢3（正しい）　賃借人は、賃貸人の承諾を得なければ賃借,選択肢4（誤り）　賃貸人による更新拒絶には、通知期間や正当事由が問題となる。,1:選択肢1（正しい）　建物賃貸借において賃貸人が更新拒絶をするには、正当事由が必要である（借地借家法第28条）。;2:選択肢2（正しい）　建物の賃借権は、建物の引渡しがあったときは、その後建物について物権を取得した者に対抗できる（同法第31条第1項）。;3:選択肢3（正しい）　賃借人は、賃貸人の承諾を得なければ賃借権の譲渡又は転貸をすることができない（民法第612条第1項）。,
12,single,民法,正解選択;民法;不動産登記法,不動産登記に関する次の記述のうち、民法及び不動産登記法の考え方によれば、内容が正確なものはどれか。,,,,,,不動産に関する物権の得喪及び変更は、原則として登記をしなければ第三者に対抗することができない。,所有権移転登記を申請する場合、登記原因を申請情報に記載する必要は一切ない。,抵当権は、当事者間で契約をしても、登記をしなければ当事者間でも成立しない。,区分建物の専有部分と敷地権については、どのような場合でも別々に自由に処分することができる。,1,正解は1。選択肢1（正しい）　不動産に関する物権の得喪及び変更は、登記をしなければ第三者に対抗できないのが原則である（民法第177条）。本肢の記述は正当である。選択肢2（誤り）　登記申請においては、登記原因及びその日付など、必要な申請情報を提供する必要がある。選択肢3（誤り）　抵当権は当事者間の合意により成立し得るが、第三者に対抗するには登記が必要である。当事者間でも登記がなければ成立しないわけではない。選択肢4（誤り）　区分所有建物においては、専有部分と敷地利用権の分離処分が制限される場合がある。常に自由に別々に処分できるわけではない。,選択肢1（正しい）　不動産に関する物権の得喪及び変更は、登記をしなければ第三者に対抗できないのが原則である（民法第177条）。,選択肢1（正しい）　不動産に関する物権の得喪及び変更は、登記をしなければ第三者に対抗できないのが原則である（民法第177条）。,2:選択肢2（誤り） 登記申請においては、登記原因及びその日付など、必要な申請情報を提供する必要がある。;3:選択肢3（誤り） 抵当権は当事者間の合意により成立し得るが、第三者に対抗するには登記が必要である。;4:選択肢4（誤り）　区分所有建物においては、専有部分と敷地利用権の分離処分が制限される場合がある。,
13,single,マンション管理適正化法,誤り選択;マンション管理適正化法;5問免除,マンション管理士及び管理業務主任者に関する次の記述のうち、マンション管理適正化法の定めによれば、誤っているものはどれか。,,,,,,マンション管理士は、専門的知識をもって、管理組合の運営その他マンションの管理に関し、管理組合の管理者等又はマンションの区分所有者等の相談に応じ、助言、指導その他の援助を行うことを業務とする。,マンション管理士は、登録を受けていなくても、マンション管理士の名称を用いて業務を行うことができる。,管理業務主任者は、管理事務に関する報告その他一定の重要な事務に関与する資格者である。,マンション管理業者は、管理組合から委託を受けて管理事務を業として行う者であり、一定の場合には登録を受ける必要がある。,2,正解は2。選択肢1（正しい）　マンション管理士は、専門的知識をもって、管理組合の運営その他マンションの管理に関し、相談に応じ、助言、指導その他の援助を行うことを業務とする者である。本肢の記述は正当である。選択肢2（誤り）　マンション管理士の名称を用いるには、試験合格後、登録を受ける必要がある。登録を受けていない者が当然に名称を用いて業務を行えるわけではない。選択肢3（正しい）　管理業務主任者は、管理受託契約に関する重要事項説明や管理事務報告など、一定の事務に関与する資格者である。本肢の記述は正当である。選択肢4（正しい）　マンション管理業者は、管理組合から委託を受けて管理事務を業として行う者であり、登録制度の対象となる。本肢の記述は正当である。,選択肢2（誤り）　マンション管理士の名称を用いるには、試験合格後、登録を受ける必要がある。,選択肢2（誤り）　マンション管理士の名称を用いるには、試験合格後、登録を受ける必要がある。,1:（1）「マンション管理士は、専門的知識をもって、管理組合の運営その他マンションの管理に関し、管理組合の管理者等又はマンションの区分所有者等の相談に応じ、助言、指導その他…」は、単独の記述としては法令上妥当な場合がありますが、本問で選ぶべき正答は（2）「マンション管理士は、登録を受けていなくても、マンション管理士の名称を用いて業務を行うことができる。」です。問題文の条件（マンション管理士及び管理業務主任者に関する次の記述のうち、マンション管理適正化法の定めによれば、…）と照らし、設問が問う論点に合う肢を選び直してください。;3:（3）「管理業務主任者は、管理事務に関する報告その他一定の重要な事務に関与する資格者である。」は、単独の記述としては法令上妥当な場合がありますが、本問で選ぶべき正答は（2）「マンション管理士は、登録を受けていなくても、マンション管理士の名称を用いて業務を行うことができる。」です。問題文の条件（マンション管理士及び管理業務主任者に関する次の記述のうち、マンション管理適正化法の定めによれば、…）と照らし、設問が問う論点に合う肢を選び直してください。;4:（4）「マンション管理業者は、管理組合から委託を受けて管理事務を業として行う者であり、一定の場合には登録を受ける必要がある。」は、単独の記述としては法令上妥当な場合がありますが、本問で選ぶべき正答は（2）「マンション管理士は、登録を受けていなくても、マンション管理士の名称を用いて業務を行うことができる。」です。問題文の条件（マンション管理士及び管理業務主任者に関する次の記述のうち、マンション管理適正化法の定めによれば、…）と照らし、設問が問う論点に合う肢を選び直してください。,
14,single,標準管理委託契約書,誤り選択;標準管理委託契約書,マンション標準管理委託契約書に関する次の記述のうち、内容が正確でないものはどれか。,,,,,,管理委託契約では、管理事務の内容、委託業務費、契約期間などを明確に定めることが重要である。,管理業者は、管理組合の会計の収入及び支出の調定など、契約で定められた事務を行う。,管理業者は、契約で定めがなくても、管理組合の意思決定機関として総会の決議を自由に代替することができる。,管理委託契約は、管理組合と管理業者との間の権利義務関係を明確にする役割を有する。,3,正解は3。選択肢1（正しい）　管理委託契約では、委託する管理事務の範囲、委託業務費、契約期間などを明確に定めることが重要である。本肢の記述は正当である。選択肢2（正しい）　管理業者は、契約で定められた基幹事務その他の事務を行う。本肢の記述は正当である。選択肢3（誤り）　管理業者は管理組合の意思決定機関ではない。契約で定めがないにもかかわらず、総会の決議を自由に代替することはできない。選択肢4（正しい）　管理委託契約は、管理組合と管理業者との間の権利義務関係を明確にする役割を有する。本肢の記述は正当である。,選択肢3（誤り）　管理業者は管理組合の意思決定機関ではない。,選択肢3（誤り）　管理業者は管理組合の意思決定機関ではない。,1:（1）「管理委託契約では、管理事務の内容、委託業務費、契約期間などを明確に定めることが重要である。」は、単独の記述としては法令上妥当な場合がありますが、本問で選ぶべき正答は（3）「管理業者は、契約で定めがなくても、管理組合の意思決定機関として総会の決議を自由に代替することができる。」です。問題文の条件（マンション標準管理委託契約書に関する次の記述のうち、内容が正確でないものはどれか。…）と照らし、設問が問う論点に合う肢を選び直してください。;2:（2）の内容は、正答（3）「管理業者は、契約で定めがなくても、管理組合の意思決定機関として総会の決議を自由に代替することができる。」が示す論点とずれています。;4:（4）「管理委託契約は、管理組合と管理業者との間の権利義務関係を明確にする役割を有する。」は、単独の記述としては法令上妥当な場合がありますが、本問で選ぶべき正答は（3）「管理業者は、契約で定めがなくても、管理組合の意思決定機関として総会の決議を自由に代替することができる。」です。問題文の条件（マンション標準管理委託契約書に関する次の記述のうち、内容が正確でないものはどれか。…）と照らし、設問が問う論点に合う肢を選び直してください。,
15,single,会計,正解選択;会計,管理組合の会計に関する次の記述のうち、一般的な会計処理の考え方によれば、内容が正確なものはどれか。,,,,,,修繕積立金会計の収入は、管理費会計の日常経費に自由に流用することを原則とする。,未収管理費が発生した場合には、管理費等の収入が未収であることを把握できるように会計処理することが重要である。,管理組合の会計では、預金残高が合っていれば、収支計算書や貸借対照表を作成する必要は一切ない。,管理費会計と修繕積立金会計は、目的が異なるが、区分して表示するとかえって不明確になるため、必ず合算表示しなければならない。,2,正解は2。選択肢1（誤り）　修繕積立金は計画修繕等に備える目的を有するため、日常経費への自由な流用を原則とするものではない。選択肢2（正しい）　未収管理費が発生した場合には、未収金として把握し、滞納状況や回収可能性を管理できるようにすることが重要である。本肢の記述は正当である。選択肢3（誤り）　預金残高の確認だけでなく、収支状況や財産状態を明らかにする資料を作成し、組合員に説明できる体制が必要である。選択肢4（誤り）　管理費会計と修繕積立金会計は目的が異なるため、区分して経理・表示することが基本である。必ず合算表示するわけではない。,選択肢2（正しい）　未収管理費が発生した場合には、未収金として把握し、滞納状況や回収可能性を管理できるようにすることが重要である。,選択肢2（正しい）　未収管理費が発生した場合には、未収金として把握し、滞納状況や回収可能性を管理できるようにすることが重要である。,1:選択肢1（誤り） 修繕積立金は計画修繕等に備える目的を有するため、日常経費への自由な流用を原則とするものではない。;3:選択肢3（誤り） 預金残高の確認だけでなく、収支状況や財産状態を明らかにする資料を作成し、組合員に説明できる体制が必要である。;4:選択肢4（誤り） 管理費会計と修繕積立金会計は目的が異なるため、区分して経理・表示することが基本である。,
16,single,区分所有法,正解選択;区分所有法;民法,管理費等の滞納に関する次の記述のうち、区分所有法及び民法の定めによれば、内容が正確なものはどれか。,,,,,,管理費等の滞納があっても、管理組合は滞納者に対して訴訟を提起することはできない。,滞納管理費等の請求権は、時効にかかることがない。,区分所有者が専有部分を譲渡した場合、特定承継人は、前区分所有者の滞納管理費等について一切責任を負わない。,管理組合は、規約又は集会の決議により、管理者に対して滞納管理費等の請求訴訟を追行させることができる。,4,正解は4。選択肢1（誤り）　管理費等の滞納がある場合、管理組合は滞納者に対して支払を請求し、必要に応じて訴訟等の法的手段をとることができる。選択肢2（誤り）　管理費等の請求権も債権であり、時効の問題が生じる。時効にかかることがないわけではない。選択肢3（誤り）　区分所有法第8条により、特定承継人も、前区分所有者が負担する管理費等の債務について一定の責任を負う。本肢の記述は誤っている。選択肢4（正しい）　管理者は、規約又は集会の決議により、その職務に関し区分所有者のために原告又は被告となることができる（区分所有法第26条第4項）。滞納管理費等の請求訴訟を追行させることもできる。,選択肢4（正しい）　管理者は、規約又は集会の決議により、その職務に関し区分所有者のために原告又は被告となることができる（区分所有法第26条第4項）。,選択肢4（正しい）　管理者は、規約又は集会の決議により、その職務に関し区分所有者のために原告又は被告となることができる（区分所有法第26条第4項）。,1:選択肢1（誤り） 管理費等の滞納がある場合、管理組合は滞納者に対して支払を請求し、必要に応じて訴訟等の法的手段をとることができる。;2:正答の解説と、主体・手続・効果のいずれかが一致していません。 選択肢（2）「滞納管理費等の請求権は、時効にかかることがない。」は本問の正答（4）とは異なるため不適です。;3:選択肢3（誤り）　区分所有法第8条により、特定承継人も、前区分所有者が負担する管理費等の債務について一定の責任を負う。,
17,single,建築基準法,誤り選択;建築基準法,建築基準法に関する次の記述のうち、内容が正確でないものはどれか。,,,,,,建築基準法は、建築物の敷地、構造、設備及び用途について、最低の基準ではなく、最高水準の仕様を定めることを目的としている。,建築物は、原則として建築基準法令の規定に適合するものでなければならない。,用途地域内では、建築できる建築物の用途について制限が設けられる。,建築確認は、建築物の計画が建築基準関係規定に適合するかどうかを確認する手続である。,1,正解は1。選択肢1（誤り）　建築基準法は、建築物の敷地、構造、設備及び用途に関する最低の基準を定めることにより、国民の生命、健康及び財産の保護を図ることを目的とする。最高水準の仕様を定めるものではない。選択肢2（正しい）　建築物は、原則として建築基準法令の規定に適合する必要がある。本肢の記述は正当である。選択肢3（正しい）　用途地域内では、地域ごとに建築できる建築物の用途について制限がある。本肢の記述は正当である。選択肢4（正しい）　建築確認は、建築計画が建築基準関係規定に適合するかを確認する手続である。本肢の記述は正当である。,選択肢1（誤り）　建築基準法は、建築物の敷地、構造、設備及び用途に関する最低の基準を定めることにより、国民の生命、健康及び財産の保護を図ることを目的とする。,選択肢1（誤り）　建築基準法は、建築物の敷地、構造、設備及び用途に関する最低の基準を定めることにより、国民の生命、健康及び財産の保護を図ることを目的とする。,2:正答の解説と、主体・手続・効果のいずれかが一致していません。 選択肢（2）「建築物は、原則として建築基準法令の規定に適合するものでなければならない。」は本問の正答（1）とは異なるため不適です。;3:（3）「用途地域内では、建築できる建築物の用途について制限が設けられる。」は、単独の記述としては法令上妥当な場合がありますが、本問で選ぶべき正答は（1）「建築基準法は、建築物の敷地、構造、設備及び用途について、最低の基準ではなく、最高水準の仕様を定めることを目的としている。」です。問題文の条件（建築基準法に関する次の記述のうち、内容が正確でないものはどれか。…）と照らし、設問が問う論点に合う肢を選び直してください。;4:（4）「建築確認は、建築物の計画が建築基準関係規定に適合するかどうかを確認する手続である。」は、単独の記述としては法令上妥当な場合がありますが、本問で選ぶべき正答は（1）「建築基準法は、建築物の敷地、構造、設備及び用途について、最低の基準ではなく、最高水準の仕様を定めることを目的としている。」です。問題文の条件（建築基準法に関する次の記述のうち、内容が正確でないものはどれか。…）と照らし、設問が問う論点に合う肢を選び直してください。,
18,single,都市計画法,組合せ;都市計画法;建築基準法,都市計画法及び建築基準法に関する次の記述のうち、正しいものの組合せはどれか。ア 市街化区域は、すでに市街地を形成している区域及びおおむね10年以内に優先的かつ計画的に市街化を図るべき区域である。イ 市街化調整区域は、市街化を促進する区域である。ウ 用途地域は、土地利用の用途の混在を防ぎ、良好な市街地環境を形成するために定められる地域地区である。エ 容積率とは、建築物の建築面積の敷地面積に対する割合をいう。,,,,,,アとイ,アとウ,イとエ,ウとエ,2,正解は2（アとウ）。ア（正しい）　市街化区域は、すでに市街地を形成している区域及びおおむね10年以内に優先的かつ計画的に市街化を図るべき区域である（都市計画法第7条第2項）。本肢の記述は正当である。イ（誤り）　市街化調整区域は、市街化を抑制すべき区域である（同法第7条第3項）。「促進する区域」とする本肢は誤っている。ウ（正しい）　用途地域は、用途の混在を防ぎ、計画的な市街地形成を図るための地域地区である。本肢の記述は正当である。エ（誤り）　容積率は、延べ面積の敷地面積に対する割合をいう。建築面積の敷地面積に対する割合は建蔽率である。したがって、正しいものの組合せはアとウである。,正解は2（アとウ）。ア（正しい）　市街化区域は、すでに市街地を形成している区域及びおおむね10年以内に優先的かつ計画的に市街化を図るべき区域である（都市計画法第7条第2項）。本肢の記述は正当である。イ（誤り）　市街化調整区域は、市街化を抑制すべき区域である（同法第7条第3項）。「促進する区域」とする本肢は誤っている。ウ（正しい）　用途地域は、用途の混在を防ぎ,正解は2（アとウ）。ア（正しい）　市街化区域は、すでに市街地を形成している区域及びおおむね10年以内に優先的かつ計画的に市街化を図るべき区域である（都市計画法第7条第2項）。本肢の記述は正当である。イ（誤り）　市街化調整区域は、市街化を抑制すべき区域である（同法第7条第3項）。「促進する区域」とする本肢は誤っている。ウ（正しい）　用途地域は、用途の混在を防ぎ、計画的な市街地形成を図るための地域地区である。本肢の記述は正当である。エ（誤り）　容積率は、延べ面積の敷地面積に対する割合をいう。建築面積の敷地面積に対する割合は建蔽率である。したがって、正しいものの組合せはアとウである。,1:（1）「アとイ」は正答（2）「アとウ」と異なる組合せです。 ア：正しい　市街化区域は、すでに市街地を形成している区域及びおおむね10年以内に優先的かつ計画的に市街化を図るべき区域である（都市計画法第7条第2項）。 イ：誤り　市街化調整区域は、市街化を抑制すべき区域である（同法第7条第3項）。;3:（3）「イとエ」は正答（2）「アとウ」と異なる組合せです。 イ：誤り　市街化調整区域は、市街化を抑制すべき区域である（同法第7条第3項）。 エ：誤り　容積率は、延べ面積の敷地面積に対する割合をいう。;4:（4）「ウとエ」は正答（2）「アとウ」と異なる組合せです。 ウ：正しい　用途地域は、用途の混在を防ぎ、計画的な市街地形成を図るための地域地区である。 エ：誤り　容積率は、延べ面積の敷地面積に対する割合をいう。,
19,single,建物・設備,誤り選択;建物・設備,マンションの給水設備に関する次の記述のうち、内容が正確でないものはどれか。,,,,,,受水槽方式では、水道本管から受水槽に水を受け、ポンプ等により各住戸へ給水する。,直結給水方式では、必ず受水槽を設置しなければならず、受水槽の清掃が給水方式の中心的な管理項目となる。,給水管の劣化には、赤水、漏水、水圧低下などの不具合が関係することがある。,高置水槽方式では、屋上等に設置した水槽から重力を利用して給水する方式が用いられる。,2,正解は2。選択肢1（正しい）　受水槽方式は、水道本管から受水槽に水を受け、ポンプ等により各住戸へ給水する方式である。本肢の記述は正当である。選択肢2（誤り）　直結給水方式は、水道本管の圧力等を利用して直接給水する方式であり、必ず受水槽を設置するものではない。受水槽の設置を必須とする本肢は誤っている。選択肢3（正しい）　給水管の劣化により、赤水、漏水、水圧低下などの不具合が生じることがある。本肢の記述は正当である。選択肢4（正しい）　高置水槽方式では、屋上等の高置水槽に揚水し、重力を利用して給水する。本肢の記述は正当である。,選択肢2（誤り）　直結給水方式は、水道本管の圧力等を利用して直接給水する方式であり、必ず受水槽を設置するものではない。,選択肢2（誤り）　直結給水方式は、水道本管の圧力等を利用して直接給水する方式であり、必ず受水槽を設置するものではない。,1:（1）「受水槽方式では、水道本管から受水槽に水を受け、ポンプ等により各住戸へ給水する。」は、単独の記述としては法令上妥当な場合がありますが、本問で選ぶべき正答は（2）「直結給水方式では、必ず受水槽を設置しなければならず、受水槽の清掃が給水方式の中心的な管理項目となる。」です。問題文の条件（マンションの給水設備に関する次の記述のうち、内容が正確でないものはどれか。…）と照らし、設問が問う論点に合う肢を選び直してください。;3:（3）「給水管の劣化には、赤水、漏水、水圧低下などの不具合が関係することがある。」は、単独の記述としては法令上妥当な場合がありますが、本問で選ぶべき正答は（2）「直結給水方式では、必ず受水槽を設置しなければならず、受水槽の清掃が給水方式の中心的な管理項目となる。」です。問題文の条件（マンションの給水設備に関する次の記述のうち、内容が正確でないものはどれか。…）と照らし、設問が問う論点に合う肢を選び直してください。;4:（4）「高置水槽方式では、屋上等に設置した水槽から重力を利用して給水する方式が用いられる。」は、単独の記述としては法令上妥当な場合がありますが、本問で選ぶべき正答は（2）「直結給水方式では、必ず受水槽を設置しなければならず、受水槽の清掃が給水方式の中心的な管理項目となる。」です。問題文の条件（マンションの給水設備に関する次の記述のうち、内容が正確でないものはどれか。…）と照らし、設問が問う論点に合う肢を選び直してください。,設備・維持保全は数値基準・点検周期・責任の所在がセットで出題されます。表や比較で整理し、他選択肢がどの要件（数値・主体・手続）とずれているかを確認してください。
20,single,消防法,正解選択;消防法;建物・設備,マンションの消防用設備等に関する次の記述のうち、消防法の考え方によれば、内容が正確なものはどれか。,,,,,,自動火災報知設備は、火災の発生を知らせる設備であるため、設置後は点検を行う必要がない。,消防用設備等の点検結果は、どのような建物でも行政機関への報告が一切不要である。,消防用設備等は、設置後も定期的な点検及び報告が必要となる場合がある。,誘導灯は、避難方向を示す設備ではなく、専ら給水ポンプの作動状況を表示する設備である。,3,正解は3。選択肢1（誤り）　自動火災報知設備などの消防用設備等は、設置後も適切に維持管理し、定期的な点検を行う必要がある。設置後は点検不要とする本肢は誤っている。選択肢2（誤り）　消防用設備等の点検結果については、建物の用途等に応じて消防長又は消防署長への報告が必要となる場合がある。一切不要ではない。選択肢3（正しい）　消防用設備等は、火災時に確実に機能するよう、定期的な点検及び報告が必要となる場合がある。本肢の記述は正当である。選択肢4（誤り）　誘導灯は、避難口や避難方向を示し、避難を助けるための設備である。給水ポンプの作動状況を表示する設備ではない。,正解は3。選択肢1（誤り）　自動火災報知設備などの消防用設備等は、設置後も適切に維持管理し、定期的な点検を行う必要がある。設置後は点検不要とする本肢は誤っている。選択肢2（誤り）　消防用設備等の点検結果については、建物の用途等に応じて消防長又は消防署長への報告が必要となる場合がある。一切不要ではない。選択肢3（正しい）　消防用設備等は、火災時に確実に機能する,選択肢3（正しい）　消防用設備等は、火災時に確実に機能するよう、定期的な点検及び報告が必要となる場合がある。,1:選択肢1（誤り） 自動火災報知設備などの消防用設備等は、設置後も適切に維持管理し、定期的な点検を行う必要がある。;2:選択肢2（誤り） 消防用設備等の点検結果については、建物の用途等に応じて消防長又は消防署長への報告が必要となる場合がある。;4:選択肢4（誤り） 誘導灯は、避難口や避難方向を示し、避難を助けるための設備である。,
21,single,区分所有法,誤り選択;区分所有法,管理組合法人に関する次の記述のうち、区分所有法の定めによれば、内容が正確でないものはどれか。,,,,,,管理組合法人は、その名称中に管理組合法人という文字を用いなければならない。,管理組合法人には、理事を置かなければならない。,管理組合法人には、監事を置かなければならない。,管理組合法人の理事は、すべて区分所有者でなければならず、区分所有者以外の者を選任することはできない。,4,正解は4。選択肢1（正しい）　管理組合法人は、その名称中に管理組合法人という文字を用いなければならない（区分所有法第47条第3項）。本肢の記述は正当である。選択肢2（正しい）　管理組合法人には理事を置かなければならない（同法第49条第1項）。本肢の記述は正当である。選択肢3（正しい）　管理組合法人には監事を置かなければならない（同法第50条第1項）。本肢の記述は正当である。選択肢4（誤り）　区分所有法は、管理組合法人の理事を区分所有者に限定していない。区分所有者以外の者を理事に選任することもできるため、本肢は誤っている。,正解は4。選択肢1（正しい）　管理組合法人は、その名称中に管理組合法人という文字を用いなければならない（区分所有法第47条第3項）。本肢の記述は正当である。選択肢2（正しい）　管理組合法人には理事を置かなければならない（同法第49条第1項）。本肢の記述は正当である。選択肢3（正しい）　管理組合法人には監事を置かなければならない（同法第50条第1項）。本肢の記,選択肢4（誤り）　区分所有法は、管理組合法人の理事を区分所有者に限定していない。,1:選択肢1（正しい）　管理組合法人は、その名称中に管理組合法人という文字を用いなければならない（区分所有法第47条第3項）。;2:選択肢2（正しい）　管理組合法人には理事を置かなければならない（同法第49条第1項）。;3:選択肢3（正しい）　管理組合法人には監事を置かなければならない（同法第50条第1項）。,
22,single,区分所有法,正解選択;区分所有法,専有部分と敷地利用権の分離処分に関する次の記述のうち、区分所有法の定めによれば、内容が正確なものはどれか。,,,,,,規約に別段の定めがない限り、区分所有者は、その有する専有部分とその専有部分に係る敷地利用権とを分離して処分することができない。,専有部分と敷地利用権は、常に別個独立に自由に処分することができる。,分離処分禁止の規定は、建物の敷地が所有権である場合に限られ、賃借権である場合には一切適用されない。,規約で分離処分を禁止することはできず、必ず区分所有者全員の個別契約によらなければならない。,1,正解は1。選択肢1（正しい）　区分所有者は、規約に別段の定めがない限り、専有部分とその専有部分に係る敷地利用権を分離して処分することができない（区分所有法第22条第1項）。本肢の記述は正当である。選択肢2（誤り）　専有部分と敷地利用権の分離処分は、原則として禁止されている。常に自由に処分できるわけではない。選択肢3（誤り）　敷地利用権には所有権だけでなく、賃借権等も含まれ得る。賃借権であれば一切適用されないわけではない。選択肢4（誤り）　分離処分の可否については、規約による別段の定めが認められる。必ず全員の個別契約によらなければならないわけではない。,選択肢1（正しい）　区分所有者は、規約に別段の定めがない限り、専有部分とその専有部分に係る敷地利用権を分離して処分することができない（区分所有法第22条第1項）。,選択肢1（正しい）　区分所有者は、規約に別段の定めがない限り、専有部分とその専有部分に係る敷地利用権を分離して処分することができない（区分所有法第22条第1項）。,2:（2）の内容は、正答（1）「規約に別段の定めがない限り、区分所有者は、その有する専有部分とその専有部分に係る敷地利用権とを分離して処分するこ…」が示す論点とずれています。;3:正答の解説と、主体・手続・効果のいずれかが一致していません。 選択肢（3）「分離処分禁止の規定は、建物の敷地が所有権である場合に限られ、賃借権である場合には一切適用されない。」は本問の正答（1）とは異なるため不適です。;4:正答の解説と、主体・手続・効果のいずれかが一致していません。 選択肢（4）「規約で分離処分を禁止することはできず、必ず区分所有者全員の個別契約によらなければならない。」は本問の正答（1）とは異なるため不適です。,
23,single,区分所有法,組合せ;区分所有法,復旧及び建替えに関する次の記述のうち、区分所有法の定めによれば、正しいものの組合せはどれか。ア 建物の価格の2分の1以下に相当する部分が滅失したときは、各区分所有者は、滅失した共用部分を復旧することができる場合がある。イ 建替え決議は、区分所有者及び議決権の各過半数で足りる。ウ 建替え決議をするには、建替えを必要とする理由等一定の事項を会議の目的として通知する必要がある。エ 建替え決議が成立した場合、反対者は常に無償で区分所有権を失う。,,,,,,アとイ,アとウ,イとエ,ウとエ,2,正解は2（アとウ）。ア（正しい）　小規模滅失の場合には、各区分所有者が滅失した共用部分を復旧できる場合がある（区分所有法第61条第1項）。本肢の記述は正当である。イ（誤り）　建替え決議には、区分所有者及び議決権の各5分の4以上の多数が必要である（同法第62条第1項）。過半数で足りるわけではない。ウ（正しい）　建替え決議を会議の目的とする場合、建替えを必要とする理由等、法定事項を通知する必要がある。本肢の記述は正当である。エ（誤り）　建替え決議後には、売渡請求等の手続が問題となる。反対者が常に無償で権利を失うわけではない。したがって、正しいものの組合せはアとウである。,正解は2（アとウ）。ア（正しい）　小規模滅失の場合には、各区分所有者が滅失した共用部分を復旧できる場合がある（区分所有法第61条第1項）。本肢の記述は正当である。イ（誤り）　建替え決議には、区分所有者及び議決権の各5分の4以上の多数が必要である（同法第62条第1項）。過半数で足りるわけではない。ウ（正しい）　建替え決議を会議の目的とする場合、建替えを必要とす,正解は2（アとウ）。ア（正しい）　小規模滅失の場合には、各区分所有者が滅失した共用部分を復旧できる場合がある（区分所有法第61条第1項）。本肢の記述は正当である。イ（誤り）　建替え決議には、区分所有者及び議決権の各5分の4以上の多数が必要である（同法第62条第1項）。過半数で足りるわけではない。ウ（正しい）　建替え決議を会議の目的とする場合、建替えを必要とする理由等、法定事項を通知する必要がある。本肢の記述は正当である。エ（誤り）　建替え決議後には、売渡請求等の手続が問題となる。反対者が常に無償で権利を失うわけではない。したがって、正しいものの組合せはアとウである。,1:（1）「アとイ」は正答（2）「アとウ」と異なる組合せです。 ア：正しい　小規模滅失の場合には、各区分所有者が滅失した共用部分を復旧できる場合がある（区分所有法第61条第1項）。 イ：誤り　建替え決議には、区分所有者及び議決権の各5分の4以上の多数が必要である（同法第62条第1項）。;3:（3）「イとエ」は正答（2）「アとウ」と異なる組合せです。 イ：誤り　建替え決議には、区分所有者及び議決権の各5分の4以上の多数が必要である（同法第62条第1項）。 エ：誤り　建替え決議後には、売渡請求等の手続が問題となる。;4:（4）「ウとエ」は正答（2）「アとウ」と異なる組合せです。 ウ：正しい　建替え決議を会議の目的とする場合、建替えを必要とする理由等、法定事項を通知する必要がある。 エ：誤り　建替え決議後には、売渡請求等の手続が問題となる。,
24,single,区分所有法,誤り選択;区分所有法,団地に関する次の記述のうち、区分所有法の定めによれば、誤っているものはどれか。,,,,,,一団地内の土地又は附属施設が数棟の建物の所有者の共有に属する場合には、それらの所有者は、全員で団地管理組合を構成する。,団地管理組合は、団地内の土地、附属施設及び一定の場合には建物の管理を行うことができる。,団地管理組合が成立する場合、各棟の区分所有者による建物ごとの管理関係はすべて当然に消滅する。,団地内の建物が区分所有建物である場合には、団地全体の管理と各棟の管理との関係を区別して考える必要がある。,3,正解は3。選択肢1（正しい）　一団地内の土地又は附属施設が数棟の建物の所有者の共有に属する場合、それらの所有者は全員で団地管理組合を構成する（区分所有法第65条）。本肢の記述は正当である。選択肢2（正しい）　団地管理組合は、団地内の土地や附属施設の管理を行い、規約により一定の建物の管理を対象とすることもできる。本肢の記述は正当である。選択肢3（誤り）　団地管理組合が成立しても、各棟の区分所有関係や管理関係がすべて当然に消滅するわけではない。団地全体の管理と各棟の管理を区別する必要がある。選択肢4（正しい）　団地内の区分所有建物では、団地全体の管理と各棟の管理の対象・決議要件等を区別する必要がある。本肢の記述は正当である。,正解は3。選択肢1（正しい）　一団地内の土地又は附属施設が数棟の建物の所有者の共有に属する場合、それらの所有者は全員で団地管理組合を構成する（区分所有法第65条）。本肢の記述は正当である。選択肢2（正しい）　団地管理組合は、団地内の土地や附属施設の管理を行い、規約により一定の建物の管理を対象とすることもできる。本肢の記述は正当である。選択肢3（誤り）　団地管,選択肢3（誤り）　団地管理組合が成立しても、各棟の区分所有関係や管理関係がすべて当然に消滅するわけではない。,1:選択肢1（正しい）　一団地内の土地又は附属施設が数棟の建物の所有者の共有に属する場合、それらの所有者は全員で団地管理組合を構成する（区分所有法第65条）。;2:（2）「団地管理組合は、団地内の土地、附属施設及び一定の場合には建物の管理を行うことができる。」は、単独の記述としては法令上妥当な場合がありますが、本問で選ぶべき正答は（3）「団地管理組合が成立する場合、各棟の区分所有者による建物ごとの管理関係はすべて当然に消滅する。」です。問題文の条件（団地に関する次の記述のうち、区分所有法の定めによれば、誤っているものはどれか。…）と照らし、設問が問う論点に合う肢を選び直してください。;4:選択肢4（正しい）　団地内の区分所有建物では、団地全体の管理と各棟の管理の対象・決議要件等を区別する必要がある。,
25,single,標準管理規約（単棟型）,正解選択;標準管理規約（単棟型）,標準管理規約（単棟型）における専有部分の修繕等に関する次の記述のうち、内容が正確なものはどれか。,,,,,,区分所有者は、専有部分内の工事であれば、共用部分や他の住戸に影響を及ぼすおそれがあっても、管理組合への届出や承認なく自由に行うことができる。,区分所有者が専有部分の修繕等を行おうとするときは、工事内容によっては理事長への申請や承認が求められる。,専有部分の修繕等について、理事長はどのような場合でも理由なく承認を拒否することができる。,専有部分の修繕等に関する規定は、共用部分に影響する工事には一切適用されない。,2,正解は2。選択肢1（誤り）　専有部分内の工事であっても、共用部分や他の住戸に影響を及ぼすおそれがある場合には、管理組合の手続が必要となることがある。選択肢2（正しい）　標準管理規約では、区分所有者が専有部分の修繕等を行おうとするとき、一定の場合に理事長へ申請し承認を受けるものとされている。本肢の記述は正当である。選択肢3（誤り）　理事長の承認判断は、規約の趣旨や工事内容に照らして合理的に行われるべきであり、理由なく拒否できるわけではない。選択肢4（誤り）　共用部分に影響するおそれのある専有部分工事こそ、管理組合の関与が問題となる。,選択肢2（正しい）　標準管理規約では、区分所有者が専有部分の修繕等を行おうとするとき、一定の場合に理事長へ申請し承認を受けるものとされている。,選択肢2（正しい）　標準管理規約では、区分所有者が専有部分の修繕等を行おうとするとき、一定の場合に理事長へ申請し承認を受けるものとされている。,1:選択肢1（誤り） 専有部分内の工事であっても、共用部分や他の住戸に影響を及ぼすおそれがある場合には、管理組合の手続が必要となることがある。;3:選択肢3（誤り） 理事長の承認判断は、規約の趣旨や工事内容に照らして合理的に行われるべきであり、理由なく拒否できるわけではない。;4:選択肢4（誤り） 共用部分に影響するおそれのある専有部分工事こそ、管理組合の関与が問題となる。,
26,single,標準管理規約（単棟型）,誤り選択;標準管理規約（単棟型）,標準管理規約（単棟型）における使用細則に関する次の記述のうち、内容が正確でないものはどれか。,,,,,,使用細則は、規約とは異なり、組合員の共同生活に関する事項を定めることが一切できない。,使用細則は、駐車場、駐輪場、ペット飼育、専有部分の修繕工事など、具体的な使用ルールを定めるために用いられることがある。,使用細則の制定や変更には、規約の定めに従い、総会決議が必要となる場合がある。,使用細則は、規約に反する内容を定めることはできない。,1,正解は1。選択肢1（誤り）　使用細則は、共同生活の秩序を維持するため、施設の使用方法や生活上のルールなど具体的事項を定めるために用いられる。一切定めることができないわけではない。選択肢2（正しい）　駐車場、駐輪場、ペット飼育、修繕工事等について、使用細則で具体的ルールを定めることがある。本肢の記述は正当である。選択肢3（正しい）　使用細則の制定・変更は、規約の定めに従い総会決議によることがある。本肢の記述は正当である。選択肢4（正しい）　使用細則は規約の下位ルールであり、規約に反する内容を定めることはできない。本肢の記述は正当である。,選択肢1（誤り）　使用細則は、共同生活の秩序を維持するため、施設の使用方法や生活上のルールなど具体的事項を定めるために用いられる。,選択肢1（誤り）　使用細則は、共同生活の秩序を維持するため、施設の使用方法や生活上のルールなど具体的事項を定めるために用いられる。,2:（2）「使用細則は、駐車場、駐輪場、ペット飼育、専有部分の修繕工事など、具体的な使用ルールを定めるために用いられることがある。」は、単独の記述としては法令上妥当な場合がありますが、本問で選ぶべき正答は（1）「使用細則は、規約とは異なり、組合員の共同生活に関する事項を定めることが一切できない。」です。問題文の条件（標準管理規約（単棟型）における使用細則に関する次の記述のうち、内容が正確でないものはどれか。…）と照らし、設問が問う論点に合う肢を選び直してください。;3:（3）「使用細則の制定や変更には、規約の定めに従い、総会決議が必要となる場合がある。」は、単独の記述としては法令上妥当な場合がありますが、本問で選ぶべき正答は（1）「使用細則は、規約とは異なり、組合員の共同生活に関する事項を定めることが一切できない。」です。問題文の条件（標準管理規約（単棟型）における使用細則に関する次の記述のうち、内容が正確でないものはどれか。…）と照らし、設問が問う論点に合う肢を選び直してください。;4:（4）「使用細則は、規約に反する内容を定めることはできない。」は、単独の記述としては法令上妥当な場合がありますが、本問で選ぶべき正答は（1）「使用細則は、規約とは異なり、組合員の共同生活に関する事項を定めることが一切できない。」です。問題文の条件（標準管理規約（単棟型）における使用細則に関する次の記述のうち、内容が正確でないものはどれか。…）と照らし、設問が問う論点に合う肢を選び直してください。,
27,single,標準管理規約（単棟型）,いくつあるか;標準管理規約（単棟型）,標準管理規約（単棟型）における理事会に関する次の記述のうち、正しいものはいくつあるか。ア 理事会は、理事をもって構成する。イ 監事は、必要があると認めるときは、理事会に出席して意見を述べることができる。ウ 理事会は、総会に提出する議案を決議することがある。エ 理事会は、規約を総会決議なしに自由に変更することができる。,,,,,,一つ,二つ,三つ,四つ,3,正解は3（三つ）。ア、イ、ウが正しい。ア（正しい）　理事会は理事をもって構成する。本肢の記述は正当である。イ（正しい）　監事は、必要があると認めるときは理事会に出席して意見を述べることができる。本肢の記述は正当である。ウ（正しい）　理事会は、総会に提出する議案など管理組合運営上の重要事項を審議・決議することがある。本肢の記述は正当である。エ（誤り）　規約の変更は、原則として総会の特別多数決議を要する。理事会が総会決議なしに自由に変更できるわけではない。したがって、正しいものは三つである。,正解は3（三つ）。ア、イ、ウが正しい。ア（正しい）　理事会は理事をもって構成する。本肢の記述は正当である。イ（正しい）　監事は、必要があると認めるときは理事会に出席して意見を述べることができる。本肢の記述は正当である。ウ（正しい）　理事会は、総会に提出する議案など管理組合運営上の重要事項を審議・決議することがある。本肢の記述は正当である。エ（誤り）　規約の変,正解は3（三つ）。ア、イ、ウが正しい。ア（正しい）　理事会は理事をもって構成する。本肢の記述は正当である。イ（正しい）　監事は、必要があると認めるときは理事会に出席して意見を述べることができる。本肢の記述は正当である。ウ（正しい）　理事会は、総会に提出する議案など管理組合運営上の重要事項を審議・決議することがある。本肢の記述は正当である。エ（誤り）　規約の変更は、原則として総会の特別多数決議を要する。理事会が総会決議なしに自由に変更できるわけではない。したがって、正しいものは三つである。,1:（1）「一つ」は、単独の記述としては法令上妥当な場合がありますが、本問で選ぶべき正答は（3）「三つ」です。問題文の条件（標準管理規約（単棟型）における理事会に関する次の記述のうち、正しいものはいくつあるか。ア 理事会…）と照らし、設問が問う論点に合う肢を選び直してください。;2:（2）「二つ」は、単独の記述としては法令上妥当な場合がありますが、本問で選ぶべき正答は（3）「三つ」です。問題文の条件（標準管理規約（単棟型）における理事会に関する次の記述のうち、正しいものはいくつあるか。ア 理事会…）と照らし、設問が問う論点に合う肢を選び直してください。;4:（4）「四つ」は、単独の記述としては法令上妥当な場合がありますが、本問で選ぶべき正答は（3）「三つ」です。問題文の条件（標準管理規約（単棟型）における理事会に関する次の記述のうち、正しいものはいくつあるか。ア 理事会…）と照らし、設問が問う論点に合う肢を選び直してください。,
28,single,民法,正解選択;民法,代理に関する次の記述のうち、民法の定めによれば、内容が正確なものはどれか。,,,,,,代理人が本人のためにすることを示さずに意思表示をした場合、その効果は常に本人に帰属する。,代理権を有しない者がした契約は、本人が追認しても効力を生じることはない。,代理人がその権限内において本人のためにすることを示してした意思表示は、本人に対して直接にその効力を生ずる。,代理人は、どのような場合でも復代理人を選任することができない。,3,正解は3。選択肢1（誤り）　代理人が本人のためにすることを示さないでした意思表示は、原則として自己のためにしたものとみなされる（民法第100条本文）。常に本人に帰属するわけではない。選択肢2（誤り）　無権代理行為は、本人が追認すれば、原則として契約の時にさかのぼって効力を生じる（同法第116条）。選択肢3（正しい）　代理人が権限内で本人のためにすることを示してした意思表示は、本人に直接効力を生じる（同法第99条第1項）。本肢の記述は正当である。選択肢4（誤り）　復代理人の選任が認められる場合がある。どのような場合でも選任できないわけではない。,選択肢3（正しい）　代理人が権限内で本人のためにすることを示してした意思表示は、本人に直接効力を生じる（同法第99条第1項）。,選択肢3（正しい）　代理人が権限内で本人のためにすることを示してした意思表示は、本人に直接効力を生じる（同法第99条第1項）。,1:選択肢1（誤り）　代理人が本人のためにすることを示さないでした意思表示は、原則として自己のためにしたものとみなされる（民法第100条本文）。;2:選択肢2（誤り）　無権代理行為は、本人が追認すれば、原則として契約の時にさかのぼって効力を生じる（同法第116条）。;4:正答の解説と、主体・手続・効果のいずれかが一致していません。 選択肢（4）「代理人は、どのような場合でも復代理人を選任することができない。」は本問の正答（3）とは異なるため不適です。,
29,single,民法,誤り選択;民法,抵当権に関する次の記述のうち、民法の定めによれば、誤っているものはどれか。,,,,,,抵当権者は、債務者又は第三者が占有を移転しないで債務の担保に供した不動産について、他の債権者に先立って自己の債権の弁済を受けることができる。,抵当権は、目的不動産の売却代金から優先弁済を受ける担保物権である。,抵当権は、被担保債権に従たる性質を有する。,抵当権が設定された不動産は、抵当権者が常に直接占有しなければならない。,4,正解は4。選択肢1（正しい）　抵当権は、債務者又は第三者が占有を移転しないで担保に供した不動産について、他の債権者に先立って弁済を受ける権利である（民法第369条第1項）。本肢の記述は正当である。選択肢2（正しい）　抵当権は、目的不動産の換価代金から優先弁済を受ける担保物権である。本肢の記述は正当である。選択肢3（正しい）　抵当権は被担保債権を担保する権利であり、債権に従たる性質を有する。本肢の記述は正当である。選択肢4（誤り）　抵当権は、目的物の占有を移転しない担保物権である。抵当権者が常に直接占有する必要はない。,正解は4。選択肢1（正しい）　抵当権は、債務者又は第三者が占有を移転しないで担保に供した不動産について、他の債権者に先立って弁済を受ける権利である（民法第369条第1項）。本肢の記述は正当である。選択肢2（正しい）　抵当権は、目的不動産の換価代金から優先弁済を受ける担保物権である。本肢の記述は正当である。選択肢3（正しい）　抵当権は被担保債権を担保する権利で,選択肢4（誤り）　抵当権は、目的物の占有を移転しない担保物権である。,1:選択肢1（正しい）　抵当権は、債務者又は第三者が占有を移転しないで担保に供した不動産について、他の債権者に先立って弁済を受ける権利である（民法第369条第1項）。;2:（2）「抵当権は、目的不動産の売却代金から優先弁済を受ける担保物権である。」は、単独の記述としては法令上妥当な場合がありますが、本問で選ぶべき正答は（4）「抵当権が設定された不動産は、抵当権者が常に直接占有しなければならない。」です。問題文の条件（抵当権に関する次の記述のうち、民法の定めによれば、誤っているものはどれか。…）と照らし、設問が問う論点に合う肢を選び直してください。;3:（3）「抵当権は、被担保債権に従たる性質を有する。」は、単独の記述としては法令上妥当な場合がありますが、本問で選ぶべき正答は（4）「抵当権が設定された不動産は、抵当権者が常に直接占有しなければならない。」です。問題文の条件（抵当権に関する次の記述のうち、民法の定めによれば、誤っているものはどれか。…）と照らし、設問が問う論点に合う肢を選び直してください。,
30,single,民法,誤り選択;民法,相続に関する次の記述のうち、民法の定めによれば、内容が正確でないものはどれか。,,,,,,相続は、死亡によって開始する。,相続人が数人あるときは、相続財産は遺産分割が終了するまで、常に各相続人の単独所有となる。,相続人は、自己のために相続の開始があったことを知った時から一定期間内に、相続の承認又は放棄をしなければならない。,遺産分割により、相続財産の帰属を具体的に定めることができる。,2,正解は2。選択肢1（正しい）　相続は死亡によって開始する（民法第882条）。本肢の記述は正当である。選択肢2（誤り）　相続人が数人あるときは、相続財産は共同相続人の共有に属する（同法第898条）。各相続人の単独所有となるわけではない。選択肢3（正しい）　相続人は、自己のために相続の開始があったことを知った時から原則として3か月以内に、単純承認、限定承認又は放棄をしなければならない。本肢の記述は正当である。選択肢4（正しい）　遺産分割により、相続財産の具体的帰属を定めることができる。本肢の記述は正当である。,選択肢2（誤り）　相続人が数人あるときは、相続財産は共同相続人の共有に属する（同法第898条）。,選択肢2（誤り）　相続人が数人あるときは、相続財産は共同相続人の共有に属する（同法第898条）。,1:（1）「相続は、死亡によって開始する。」は、単独の記述としては法令上妥当な場合がありますが、本問で選ぶべき正答は（2）「相続人が数人あるときは、相続財産は遺産分割が終了するまで、常に各相続人の単独所有となる。」です。問題文の条件（相続に関する次の記述のうち、民法の定めによれば、内容が正確でないものはどれか。…）と照らし、設問が問う論点に合う肢を選び直してください。;3:（3）「相続人は、自己のために相続の開始があったことを知った時から一定期間内に、相続の承認又は放棄をしなければならない。」は、単独の記述としては法令上妥当な場合がありますが、本問で選ぶべき正答は（2）「相続人が数人あるときは、相続財産は遺産分割が終了するまで、常に各相続人の単独所有となる。」です。問題文の条件（相続に関する次の記述のうち、民法の定めによれば、内容が正確でないものはどれか。…）と照らし、設問が問う論点に合う肢を選び直してください。;4:（4）の内容は、正答（2）「相続人が数人あるときは、相続財産は遺産分割が終了するまで、常に各相続人の単独所有となる。」が示す論点とずれています。,
31,single,マンション管理適正化法,正解選択;マンション管理適正化法;5問免除,マンション管理業者の重要事項説明に関する次の記述のうち、マンション管理適正化法の定めによれば、内容が正確なものはどれか。,,,,,,管理受託契約を締結する際、重要事項説明は不要であり、契約書だけを交付すれば足りる。,重要事項説明は、管理業務主任者でない従業員が、管理業務主任者証を提示せずに行えば足りる。,管理組合の管理者等が重要事項説明を不要と申し出れば、法律上常に説明義務は消滅する。,マンション管理業者は、管理受託契約を締結しようとするときは、一定の場合に管理業務主任者をして重要事項を説明させなければならない。,4,正解は4。選択肢1（誤り）　管理受託契約の締結に際しては、法令に基づく重要事項説明が問題となる。契約書だけを交付すれば常に足りるわけではない。選択肢2（誤り）　重要事項説明は、管理業務主任者が管理業務主任者証を提示して行う必要がある場合がある。管理業務主任者でない者が自由に行えるわけではない。選択肢3（誤り）　説明義務は法令上の制度であり、管理者等の申出により常に消滅するわけではない。選択肢4（正しい）　マンション管理業者は、管理受託契約を締結しようとするときは、法定の手続に従い、管理業務主任者をして重要事項を説明させなければならない場合がある。本肢の記述は正当である。,正解は4。選択肢1（誤り）　管理受託契約の締結に際しては、法令に基づく重要事項説明が問題となる。契約書だけを交付すれば常に足りるわけではない。選択肢2（誤り）　重要事項説明は、管理業務主任者が管理業務主任者証を提示して行う必要がある場合がある。管理業務主任者でない者が自由に行えるわけではない。選択肢3（誤り）　説明義務は法令上の制度であり、管理者等の申出によ,選択肢4（正しい）　マンション管理業者は、管理受託契約を締結しようとするときは、法定の手続に従い、管理業務主任者をして重要事項を説明させなければならない場合がある。,1:選択肢1（誤り） 管理受託契約の締結に際しては、法令に基づく重要事項説明が問題となる。;2:選択肢2（誤り） 重要事項説明は、管理業務主任者が管理業務主任者証を提示して行う必要がある場合がある。;3:選択肢3（誤り） 説明義務は法令上の制度であり、管理者等の申出により常に消滅するわけではない。,
32,single,マンション管理適正化法,誤り選択;マンション管理適正化法;5問免除,マンション管理業者の財産の分別管理に関する次の記述のうち、マンション管理適正化法の考え方によれば、誤っているものはどれか。,,,,,,マンション管理業者は、管理組合から受領した管理費等を、自己の固有財産と常に自由に混同して管理することができる。,管理組合の財産を適切に保全するため、管理業者には分別管理に関する規制が設けられている。,収納口座、保管口座などの管理方法は、管理組合の資金保全に関係する重要な事項である。,財産の分別管理に関するルールは、管理組合の資金が管理業者の倒産等の影響を受けるリスクを小さくする目的を有する。,1,正解は1。選択肢1（誤り）　マンション管理業者は、管理組合から受領した財産を自己の固有財産と自由に混同して管理できるわけではない。分別管理に関する規制が設けられている。選択肢2（正しい）　管理組合の財産保全のため、管理業者には分別管理に関するルールが課される。本肢の記述は正当である。選択肢3（正しい）　収納口座や保管口座などの管理方法は、管理組合の資金保全に関係する重要事項である。本肢の記述は正当である。選択肢4（正しい）　分別管理のルールは、管理業者の倒産等により管理組合の資金が影響を受けるリスクを小さくする目的を有する。本肢の記述は正当である。,選択肢1（誤り）　マンション管理業者は、管理組合から受領した財産を自己の固有財産と自由に混同して管理できるわけではない。,選択肢1（誤り）　マンション管理業者は、管理組合から受領した財産を自己の固有財産と自由に混同して管理できるわけではない。,2:（2）「管理組合の財産を適切に保全するため、管理業者には分別管理に関する規制が設けられている。」は、単独の記述としては法令上妥当な場合がありますが、本問で選ぶべき正答は（1）「マンション管理業者は、管理組合から受領した管理費等を、自己の固有財産と常に自由に混同して管理することができる。」です。問題文の条件（マンション管理業者の財産の分別管理に関する次の記述のうち、マンション管理適正化法の考え方によれば…）と照らし、設問が問う論点に合う肢を選び直してください。;3:（3）「収納口座、保管口座などの管理方法は、管理組合の資金保全に関係する重要な事項である。」は、単独の記述としては法令上妥当な場合がありますが、本問で選ぶべき正答は（1）「マンション管理業者は、管理組合から受領した管理費等を、自己の固有財産と常に自由に混同して管理することができる。」です。問題文の条件（マンション管理業者の財産の分別管理に関する次の記述のうち、マンション管理適正化法の考え方によれば…）と照らし、設問が問う論点に合う肢を選び直してください。;4:（4）「財産の分別管理に関するルールは、管理組合の資金が管理業者の倒産等の影響を受けるリスクを小さくする目的を有する。」は、単独の記述としては法令上妥当な場合がありますが、本問で選ぶべき正答は（1）「マンション管理業者は、管理組合から受領した管理費等を、自己の固有財産と常に自由に混同して管理することができる。」です。問題文の条件（マンション管理業者の財産の分別管理に関する次の記述のうち、マンション管理適正化法の考え方によれば…）と照らし、設問が問う論点に合う肢を選び直してください。,
33,single,標準管理委託契約書,誤り選択;標準管理委託契約書;マンション管理適正化法,管理委託契約における管理事務の報告に関する次の記述のうち、内容が正確でないものはどれか。,,,,,,管理業者は、管理組合から委託された事務の処理状況について、契約及び法令に従って報告を行う必要がある。,管理事務の報告は、管理組合の運営に関係しないため、契約期間中一度も行う必要がない。,管理事務報告は、収支状況や業務の実施状況を管理組合が把握するために重要である。,管理業務主任者が管理事務報告に関与する制度は、管理組合への説明の適正を確保する趣旨を有する。,2,正解は2。選択肢1（正しい）　管理業者は、委託された事務の処理状況について、契約及び法令に従って報告を行う必要がある。本肢の記述は正当である。選択肢2（誤り）　管理事務の報告は、管理組合の運営に密接に関係する。契約期間中一度も報告不要というわけではない。選択肢3（正しい）　管理事務報告は、収支状況や業務実施状況を管理組合が把握し、管理業者の業務を確認するために重要である。本肢の記述は正当である。選択肢4（正しい）　管理業務主任者が管理事務報告に関与する制度は、説明の適正を確保する趣旨を有する。本肢の記述は正当である。,選択肢2（誤り）　管理事務の報告は、管理組合の運営に密接に関係する。,選択肢2（誤り）　管理事務の報告は、管理組合の運営に密接に関係する。,1:（1）「管理業者は、管理組合から委託された事務の処理状況について、契約及び法令に従って報告を行う必要がある。」は、単独の記述としては法令上妥当な場合がありますが、本問で選ぶべき正答は（2）「管理事務の報告は、管理組合の運営に関係しないため、契約期間中一度も行う必要がない。」です。問題文の条件（管理委託契約における管理事務の報告に関する次の記述のうち、内容が正確でないものはどれか。…）と照らし、設問が問う論点に合う肢を選び直してください。;3:（3）「管理事務報告は、収支状況や業務の実施状況を管理組合が把握するために重要である。」は、単独の記述としては法令上妥当な場合がありますが、本問で選ぶべき正答は（2）「管理事務の報告は、管理組合の運営に関係しないため、契約期間中一度も行う必要がない。」です。問題文の条件（管理委託契約における管理事務の報告に関する次の記述のうち、内容が正確でないものはどれか。…）と照らし、設問が問う論点に合う肢を選び直してください。;4:（4）「管理業務主任者が管理事務報告に関与する制度は、管理組合への説明の適正を確保する趣旨を有する。,
34,single,会計,正解選択;会計;標準管理規約（単棟型）,管理組合の予算及び決算に関する次の記述のうち、内容が正確なものはどれか。,,,,,,収支予算案及び事業計画案は、総会で承認を受けることにより、管理組合の年度運営の基礎となる。,決算では、収入と支出を確認する必要はなく、理事長の口頭報告のみで常に足りる。,予算で定めた支出項目は、実際の必要性にかかわらず、必ず全額を支出しなければならない。,管理組合の会計資料は、組合員が管理状況を確認するための資料とはならない。,1,正解は1。選択肢1（正しい）　収支予算案及び事業計画案は、総会で承認を受け、管理組合の年度運営の基礎となる。本肢の記述は正当である。選択肢2（誤り）　決算では、収入・支出や財産状況を資料により明らかにし、監査や総会承認を経ることが重要である。口頭報告のみで常に足りるわけではない。選択肢3（誤り）　予算は支出の上限や計画を示すものであり、不要な支出まで必ず全額執行しなければならないわけではない。選択肢4（誤り）　会計資料は、組合員が管理組合の財務状況や管理状況を確認するための重要な資料である。,選択肢1（正しい）　収支予算案及び事業計画案は、総会で承認を受け、管理組合の年度運営の基礎となる。,選択肢1（正しい）　収支予算案及び事業計画案は、総会で承認を受け、管理組合の年度運営の基礎となる。,2:選択肢2（誤り） 決算では、収入・支出や財産状況を資料により明らかにし、監査や総会承認を経ることが重要である。;3:選択肢3（誤り） 予算は支出の上限や計画を示すものであり、不要な支出まで必ず全額執行しなければならないわけではない。;4:選択肢4（誤り） 会計資料は、組合員が管理組合の財務状況や管理状況を確認するための重要な資料である。,
35,single,建築基準法,正解選択;建築基準法,建築基準法上の避難施設等に関する次の記述のうち、内容が正確なものはどれか。,,,,,,共同住宅では、避難に関する規制は一切適用されない。,建築物の用途、規模、階数等に応じて、廊下、階段、出入口等の避難施設に関する規制が設けられることがある。,避難階段は、火災時の避難とは無関係であり、専ら日常清掃のために設置される。,建築基準法は、避難施設について地方公共団体が一切基準を定めることを禁止している。,2,正解は2。選択肢1（誤り）　共同住宅にも、用途、規模、階数等に応じて避難施設等に関する規制が適用されることがある。一切適用されないわけではない。選択肢2（正しい）　建築物の用途、規模、階数等に応じて、廊下、階段、出入口等の避難施設に関する規制が設けられている。本肢の記述は正当である。選択肢3（誤り）　避難階段は、火災時等の安全な避難に関係する施設である。日常清掃のためだけに設置されるものではない。選択肢4（誤り）　建築基準法は最低基準を定めるものであり、地方公共団体が条例により一定の付加的規制を設ける場合がある。,選択肢2（正しい）　建築物の用途、規模、階数等に応じて、廊下、階段、出入口等の避難施設に関する規制が設けられている。,選択肢2（正しい）　建築物の用途、規模、階数等に応じて、廊下、階段、出入口等の避難施設に関する規制が設けられている。,1:選択肢1（誤り） 共同住宅にも、用途、規模、階数等に応じて避難施設等に関する規制が適用されることがある。;3:（3）の内容は、正答（2）「建築物の用途、規模、階数等に応じて、廊下、階段、出入口等の避難施設に関する規制が設けられることがある。」が示す論点とずれています。;4:選択肢4（誤り） 建築基準法は最低基準を定めるものであり、地方公共団体が条例により一定の付加的規制を設ける場合がある。,
36,single,マンション建替え等円滑化法,誤り選択;マンション建替え等円滑化法,マンション建替え等円滑化法に関する次の記述のうち、内容が正確でないものはどれか。,,,,,,マンション建替組合は、建替え事業を円滑に進めるための法人である。,建替え事業では、権利変換計画など、区分所有者等の権利調整に関する手続が問題となる。,マンション建替え等円滑化法は、老朽化マンションの建替えには一切関係せず、戸建住宅だけを対象とする法律である。,耐震性不足のマンション等については、除却や敷地売却に関する制度が問題となる場合がある。,3,正解は3。選択肢1（正しい）　マンション建替組合は、マンション建替事業を実施するための法人であり、事業を円滑に進める役割を有する。本肢の記述は正当である。選択肢2（正しい）　建替え事業では、権利変換計画などにより、従前の権利を新たな建物の権利へ移行させる手続が問題となる。本肢の記述は正当である。選択肢3（誤り）　マンション建替え等円滑化法は、マンションの建替え等を円滑に進めるための法律であり、戸建住宅だけを対象とするものではない。選択肢4（正しい）　耐震性不足等のマンションでは、除却や敷地売却に関する制度が問題となる場合がある。本肢の記述は正当である。,正解は3。選択肢1（正しい）　マンション建替組合は、マンション建替事業を実施するための法人であり、事業を円滑に進める役割を有する。本肢の記述は正当である。選択肢2（正しい）　建替え事業では、権利変換計画などにより、従前の権利を新たな建物の権利へ移行させる手続が問題となる。本肢の記述は正当である。選択肢3（誤り）　マンション建替え等円滑化法は、マンションの建替,選択肢3（誤り）　マンション建替え等円滑化法は、マンションの建替え等を円滑に進めるための法律であり、戸建住宅だけを対象とするものではない。,1:（1）「マンション建替組合は、建替え事業を円滑に進めるための法人である。」は、単独の記述としては法令上妥当な場合がありますが、本問で選ぶべき正答は（3）「マンション建替え等円滑化法は、老朽化マンションの建替えには一切関係せず、戸建住宅だけを対象とする法律である。」です。問題文の条件（マンション建替え等円滑化法に関する次の記述のうち、内容が正確でないものはどれか。…）と照らし、設問が問う論点に合う肢を選び直してください。;2:（2）「建替え事業では、権利変換計画など、区分所有者等の権利調整に関する手続が問題となる。」は、単独の記述としては法令上妥当な場合がありますが、本問で選ぶべき正答は（3）「マンション建替え等円滑化法は、老朽化マンションの建替えには一切関係せず、戸建住宅だけを対象とする法律である。」です。問題文の条件（マンション建替え等円滑化法に関する次の記述のうち、内容が正確でないものはどれか。…）と照らし、設問が問う論点に合う肢を選び直してください。;4:（4）「耐震性不足のマンション等については、除却や敷地売却に関する制度が問題となる場合がある。」は、単独の記述としては法令上妥当な場合がありますが、本問で選ぶべき正答は（3）「マンション建替え等円滑化法は、老朽化マンションの建替えには一切関係せず、戸建住宅だけを対象とする法律である。」です。問題文の条件（マンション建替え等円滑化法に関する次の記述のうち、内容が正確でないものはどれか。…）と照らし、設問が問う論点に合う肢を選び直してください。,
37,single,長期修繕計画,正解選択;長期修繕計画,長期修繕計画に関する次の記述のうち、内容が正確なものはどれか。,,,,,,長期修繕計画は、新築時に一度作成すれば、その後は建物の劣化状況や工事費の変動にかかわらず見直す必要がない。,長期修繕計画は、管理費の日常的支出だけを対象とし、修繕積立金の額の検討には関係しない。,長期修繕計画では、将来の修繕工事の時期や概算費用を検討しない。,長期修繕計画は、将来見込まれる修繕工事の内容、時期、概算費用等を整理し、修繕積立金の検討にも活用される。,4,正解は4。選択肢1（誤り）　長期修繕計画は、建物の劣化状況、工事費の変動、法令・技術の変化等に応じて定期的に見直すことが重要である。選択肢2（誤り）　長期修繕計画は、計画修繕の内容や費用を見込み、修繕積立金の額の検討に活用される。日常支出だけを対象とするものではない。選択肢3（誤り）　長期修繕計画では、将来の修繕工事の時期や概算費用を検討する。選択肢4（正しい）　長期修繕計画は、将来見込まれる修繕工事の内容、時期、概算費用等を整理し、修繕積立金の水準検討にも活用される。本肢の記述は正当である。,選択肢4（正しい）　長期修繕計画は、将来見込まれる修繕工事の内容、時期、概算費用等を整理し、修繕積立金の水準検討にも活用される。,選択肢4（正しい）　長期修繕計画は、将来見込まれる修繕工事の内容、時期、概算費用等を整理し、修繕積立金の水準検討にも活用される。,1:選択肢1（誤り） 長期修繕計画は、建物の劣化状況、工事費の変動、法令・技術の変化等に応じて定期的に見直すことが重要である。;2:選択肢2（誤り） 長期修繕計画は、計画修繕の内容や費用を見込み、修繕積立金の額の検討に活用される。;3:正答の解説と、主体・手続・効果のいずれかが一致していません。 選択肢（3）「長期修繕計画では、将来の修繕工事の時期や概算費用を検討しない。」は本問の正答（4）とは異なるため不適です。,
38,single,長期修繕計画,誤り選択;長期修繕計画;建物・設備,大規模修繕工事に関する次の記述のうち、内容が正確でないものはどれか。,,,,,,大規模修繕工事では、建物診断や劣化調査の結果を踏まえて工事項目を検討することが重要である。,大規模修繕工事は、必ずすべての住戸内装を全面的に改装する工事であり、共用部分の修繕とは無関係である。,工事の実施にあたっては、施工会社の選定、工事監理、居住者への周知などが重要となる。,外壁補修、防水改修、鉄部塗装などは、大規模修繕工事の対象となることがある。,2,正解は2。選択肢1（正しい）　大規模修繕工事では、建物診断や劣化調査により劣化状況を把握し、必要な工事項目を検討することが重要である。本肢の記述は正当である。選択肢2（誤り）　大規模修繕工事は、主に共用部分の計画的な修繕を対象とする。すべての住戸内装を全面改装する工事であり共用部分と無関係とする本肢は誤っている。選択肢3（正しい）　施工会社の選定、工事監理、居住者への周知などは、大規模修繕工事を適切に進めるうえで重要である。本肢の記述は正当である。選択肢4（正しい）　外壁補修、防水改修、鉄部塗装などは、大規模修繕工事の対象となることがある。本肢の記述は正当である。,選択肢2（誤り）　大規模修繕工事は、主に共用部分の計画的な修繕を対象とする。,選択肢2（誤り）　大規模修繕工事は、主に共用部分の計画的な修繕を対象とする。,1:（1）「大規模修繕工事では、建物診断や劣化調査の結果を踏まえて工事項目を検討することが重要である。」は、単独の記述としては法令上妥当な場合がありますが、本問で選ぶべき正答は（2）「大規模修繕工事は、必ずすべての住戸内装を全面的に改装する工事であり、共用部分の修繕とは無関係である。」です。問題文の条件（大規模修繕工事に関する次の記述のうち、内容が正確でないものはどれか。…）と照らし、設問が問う論点に合う肢を選び直してください。;3:（3）「工事の実施にあたっては、施工会社の選定、工事監理、居住者への周知などが重要となる。」は、単独の記述としては法令上妥当な場合がありますが、本問で選ぶべき正答は（2）「大規模修繕工事は、必ずすべての住戸内装を全面的に改装する工事であり、共用部分の修繕とは無関係である。」です。問題文の条件（大規模修繕工事に関する次の記述のうち、内容が正確でないものはどれか。…）と照らし、設問が問う論点に合う肢を選び直してください。;4:（4）「外壁補修、防水改修、鉄部塗装などは、大規模修繕工事の対象となることがある。」は、単独の記述としては法令上妥当な場合がありますが、本問で選ぶべき正答は（2）「大規模修繕工事は、必ずすべての住戸内装を全面的に改装する工事であり、共用部分の修繕とは無関係である。」です。問題文の条件（大規模修繕工事に関する次の記述のうち、内容が正確でないものはどれか。…）と照らし、設問が問う論点に合う肢を選び直してください。,
39,single,建物・設備,正解選択;建物・設備,マンションの排水設備に関する次の記述のうち、内容が正確なものはどれか。,,,,,,排水管の詰まりや腐食は、漏水、悪臭、排水不良などの原因となることがある。,排水管は、建物内に設置されていても劣化することがなく、清掃や点検は一切不要である。,通気管は、排水設備とは無関係であり、給水ポンプを冷却するためだけに設置される。,雑排水管は、雨水だけを排水するための管であり、台所や浴室の排水とは関係しない。,1,正解は1。選択肢1（正しい）　排水管の詰まりや腐食は、漏水、悪臭、排水不良などの原因となることがある。本肢の記述は正当である。選択肢2（誤り）　排水管も経年により劣化し、詰まり等が生じることがあるため、清掃や点検が重要である。一切不要ではない。選択肢3（誤り）　通気管は、排水時の管内圧力を調整し、封水の破壊を防ぐなど排水設備に関係する。給水ポンプ冷却のためだけの設備ではない。選択肢4（誤り）　雑排水管は、台所、浴室、洗面所等からの排水に関係する。雨水だけを排水する管ではない。,選択肢1（正しい）　排水管の詰まりや腐食は、漏水、悪臭、排水不良などの原因となることがある。,選択肢1（正しい）　排水管の詰まりや腐食は、漏水、悪臭、排水不良などの原因となることがある。,2:選択肢2（誤り） 排水管も経年により劣化し、詰まり等が生じることがあるため、清掃や点検が重要である。;3:選択肢3（誤り） 通気管は、排水時の管内圧力を調整し、封水の破壊を防ぐなど排水設備に関係する。;4:正答の解説と、主体・手続・効果のいずれかが一致していません。 選択肢（4）「雑排水管は、雨水だけを排水するための管であり、台所や浴室の排水とは関係しない。」は本問の正答（1）とは異なるため不適です。,設備・維持保全は数値基準・点検周期・責任の所在がセットで出題されます。表や比較で整理し、他選択肢がどの要件（数値・主体・手続）とずれているかを確認してください。
40,single,建築基準法,誤り選択;建築基準法;建物・設備,エレベーター設備に関する次の記述のうち、建築基準法及び一般的な維持管理の考え方によれば、誤っているものはどれか。,,,,,,エレベーターは、安全に利用できるよう、定期的な点検や保守が重要である。,建築基準法上、昇降機については定期検査報告制度の対象となる場合がある。,地震時管制運転装置や停電時自動着床装置などは、安全性や閉じ込め防止に関係する設備である。,エレベーターは機械設備ではないため、設置後は摩耗や劣化が生じることはなく、保守契約を検討する必要もない。,4,正解は4。選択肢1（正しい）　エレベーターは多くの利用者が使用する設備であり、安全確保のため定期的な点検や保守が重要である。本肢の記述は正当である。選択肢2（正しい）　昇降機は、建築基準法上の定期検査報告制度の対象となる場合がある。本肢の記述は正当である。選択肢3（正しい）　地震時管制運転装置や停電時自動着床装置などは、地震・停電時の安全性や閉じ込め防止に関係する。本肢の記述は正当である。選択肢4（誤り）　エレベーターは機械設備であり、摩耗や劣化が生じるため、適切な保守管理が必要である。保守契約を検討する必要がないとする本肢は誤っている。,正解は4。選択肢1（正しい）　エレベーターは多くの利用者が使用する設備であり、安全確保のため定期的な点検や保守が重要である。本肢の記述は正当である。選択肢2（正しい）　昇降機は、建築基準法上の定期検査報告制度の対象となる場合がある。本肢の記述は正当である。選択肢3（正しい）　地震時管制運転装置や停電時自動着床装置などは、地震・停電時の安全性や閉じ込め防止に関,選択肢4（誤り）　エレベーターは機械設備であり、摩耗や劣化が生じるため、適切な保守管理が必要である。,1:（1）「エレベーターは、安全に利用できるよう、定期的な点検や保守が重要である。」は、単独の記述としては法令上妥当な場合がありますが、本問で選ぶべき正答は（4）「エレベーターは機械設備ではないため、設置後は摩耗や劣化が生じることはなく、保守契約を検討する必要もない。」です。問題文の条件（エレベーター設備に関する次の記述のうち、建築基準法及び一般的な維持管理の考え方によれば、誤ってい…）と照らし、設問が問う論点に合う肢を選び直してください。;2:（2）「建築基準法上、昇降機については定期検査報告制度の対象となる場合がある。」は、単独の記述としては法令上妥当な場合がありますが、本問で選ぶべき正答は（4）「エレベーターは機械設備ではないため、設置後は摩耗や劣化が生じることはなく、保守契約を検討する必要もない。」です。問題文の条件（エレベーター設備に関する次の記述のうち、建築基準法及び一般的な維持管理の考え方によれば、誤ってい…）と照らし、設問が問う論点に合う肢を選び直してください。;3:（3）「地震時管制運転装置や停電時自動着床装置などは、安全性や閉じ込め防止に関係する設備である。」は、単独の記述としては法令上妥当な場合がありますが、本問で選ぶべき正答は（4）「エレベーターは機械設備ではないため、設置後は摩耗や劣化が生じることはなく、保守契約を検討する必要もない。」です。問題文の条件（エレベーター設備に関する次の記述のうち、建築基準法及び一般的な維持管理の考え方によれば、誤ってい…）と照らし、設問が問う論点に合う肢を選び直してください。,
41,single,区分所有法,誤り選択;区分所有法,共用部分の変更に関する次の記述のうち、区分所有法の定めによれば、内容が正確でないものはどれか。,,,,,,共用部分の変更で、その形状又は効用の著しい変更を伴うものは、原則として区分所有者及び議決権の各4分の3以上の多数による集会決議を要する。,共用部分の変更は、どのような軽微なものであっても、必ず区分所有者全員の同意を得なければならない。,共用部分の変更が専有部分の使用に特別の影響を及ぼすべきときは、その専有部分の所有者の承諾を得なければならない。,形状又は効用の著しい変更を伴わない共用部分の変更は、普通決議で決することができる。,2,正解は2。選択肢1（正しい）　共用部分の変更で、その形状又は効用の著しい変更を伴うものは、原則として区分所有者及び議決権の各4分の3以上の多数による集会決議を要する（区分所有法第17条第1項）。本肢の記述は正当である。選択肢2（誤り）　形状又は効用の著しい変更を伴わない軽微変更は、普通決議で決することができる。すべて全員同意が必要となるわけではない。選択肢3（正しい）　共用部分の変更が専有部分の使用に特別の影響を及ぼすべきときは、その専有部分の所有者の承諾が必要である（同法第17条第2項）。本肢の記述は正当である。選択肢4（正しい）　軽微変更は、同法第18条により管理に関する事項として普通決議で決することができる。本肢の記述は正当である。,選択肢2（誤り）　形状又は効用の著しい変更を伴わない軽微変更は、普通決議で決することができる。,選択肢2（誤り）　形状又は効用の著しい変更を伴わない軽微変更は、普通決議で決することができる。,1:選択肢1（正しい）　共用部分の変更で、その形状又は効用の著しい変更を伴うものは、原則として区分所有者及び議決権の各4分の3以上の多数による集会決議を要する（区分所有法第17条第1項）。;3:選択肢3（正しい）　共用部分の変更が専有部分の使用に特別の影響を及ぼすべきときは、その専有部分の所有者の承諾が必要である（同法第17条第2項）。;4:選択肢4（正しい）　軽微変更は、同法第18条により管理に関する事項として普通決議で決することができる。,
42,single,区分所有法,正解選択;区分所有法,占有者に関する次の記述のうち、区分所有法の定めによれば、内容が正確なものはどれか。,,,,,,占有者は、区分所有者ではないため、建物又は敷地等の使用方法について区分所有者が規約で定めた事項を守る義務を一切負わない。,占有者は、どのような場合でも集会に出席して意見を述べることはできない。,占有者は、建物又は敷地等の使用方法について、区分所有者が規約又は集会決議により定めた事項を守らなければならない。,占有者が共同の利益に反する行為をしても、区分所有者はその行為の停止を請求することができない。,3,正解は3。選択肢1（誤り）　占有者は、建物又は敷地等の使用方法について、区分所有者が規約又は集会決議で定めた事項を守らなければならない（区分所有法第46条第2項）。一切義務を負わないわけではない。選択肢2（誤り）　占有者は、会議の目的たる事項について利害関係を有する場合、集会に出席して意見を述べることができる（同法第44条第1項）。選択肢3（正しい）　占有者にも、使用方法に関する規約・集会決議の遵守義務がある。本肢の記述は正当である。選択肢4（誤り）　占有者が共同の利益に反する行為をする場合にも、行為の停止等の請求が問題となる（同法第57条第4項）。請求できないわけではない。,正解は3。選択肢1（誤り）　占有者は、建物又は敷地等の使用方法について、区分所有者が規約又は集会決議で定めた事項を守らなければならない（区分所有法第46条第2項）。一切義務を負わないわけではない。選択肢2（誤り）　占有者は、会議の目的たる事項について利害関係を有する場合、集会に出席して意見を述べることができる（同法第44条第1項）。選択肢3（正しい）　占有者,選択肢1（誤り）　占有者は、建物又は敷地等の使用方法について、区分所有者が規約又は集会決議で定めた事項を守らなければならない（区分所有法第46条第2項）。 選択肢3（正しい）　占有者にも、使用方法に関する規約・集会決議の遵守義務がある。,1:選択肢1（誤り）　占有者は、建物又は敷地等の使用方法について、区分所有者が規約又は集会決議で定めた事項を守らなければならない（区分所有法第46条第2項）。;2:選択肢2（誤り）　占有者は、会議の目的たる事項について利害関係を有する場合、集会に出席して意見を述べることができる（同法第44条第1項）。;4:選択肢4（誤り）　占有者が共同の利益に反する行為をする場合にも、行為の停止等の請求が問題となる（同法第57条第4項）。,
43,single,区分所有法,誤り選択;区分所有法,規約及び集会議事録の保管・閲覧に関する次の記述のうち、区分所有法の定めによれば、誤っているものはどれか。,,,,,,規約は、管理者が保管しなければならない。ただし、管理者がないときは、建物を使用している区分所有者又はその代理人で規約又は集会決議で定めるものが保管する。,規約の保管者は、利害関係人から請求があったときは、正当な理由がある場合を除き、規約の閲覧を拒んではならない。,集会の議事については、議事録を作成しなければならない。,集会議事録は、作成後ただちに破棄してもよく、区分所有者や利害関係人に閲覧させる必要はない。,4,正解は4。選択肢1（正しい）　規約は管理者が保管し、管理者がないときは規約又は集会決議で定める区分所有者等が保管する（区分所有法第33条第1項）。本肢の記述は正当である。選択肢2（正しい）　規約の保管者は、利害関係人の請求があったときは、正当な理由がある場合を除き、閲覧を拒むことができない（同法第33条第2項）。本肢の記述は正当である。選択肢3（正しい）　集会の議事については議事録を作成しなければならない（同法第42条第1項）。本肢の記述は正当である。選択肢4（誤り）　議事録も保管・閲覧が問題となる重要書類である。作成後ただちに破棄し、閲覧も不要とする本肢は誤っている。,正解は4。選択肢1（正しい）　規約は管理者が保管し、管理者がないときは規約又は集会決議で定める区分所有者等が保管する（区分所有法第33条第1項）。本肢の記述は正当である。選択肢2（正しい）　規約の保管者は、利害関係人の請求があったときは、正当な理由がある場合を除き、閲覧を拒むことができない（同法第33条第2項）。本肢の記述は正当である。選択肢3（正しい）　集,選択肢4（誤り）　議事録も保管・閲覧が問題となる重要書類である。,1:選択肢1（正しい）　規約は管理者が保管し、管理者がないときは規約又は集会決議で定める区分所有者等が保管する（区分所有法第33条第1項）。;2:選択肢2（正しい）　規約の保管者は、利害関係人の請求があったときは、正当な理由がある場合を除き、閲覧を拒むことができない（同法第33条第2項）。;3:選択肢3（正しい）　集会の議事については議事録を作成しなければならない（同法第42条第1項）。,
44,single,区分所有法,いくつあるか;区分所有法,管理所有に関する次の記述のうち、区分所有法の定めによれば、正しいものはいくつあるか。ア 共用部分は、規約により管理者の所有とすることができる。イ 管理所有とされた共用部分についても、管理者はその目的に従って管理しなければならない。ウ 管理所有とされた共用部分は、管理者が自己の個人的利益のために自由に処分できる。エ 管理所有は、共用部分の管理を円滑にするために認められる制度である。,,,,,,一つ,二つ,三つ,四つ,3,正解は3（三つ）。ア、イ、エが正しい。ア（正しい）　共用部分は、規約により管理者の所有とすることができる（区分所有法第27条第1項）。本肢の記述は正当である。イ（正しい）　管理所有は管理のための制度であり、管理者は共用部分をその目的に従って管理しなければならない。本肢の記述は正当である。ウ（誤り）　管理所有とされたからといって、管理者が自己の個人的利益のために自由に処分できるわけではない。エ（正しい）　管理所有は、共用部分の管理を円滑にするために認められる制度である。本肢の記述は正当である。したがって、正しいものは三つである。,ア、イ、エが正しい。,正解は3（三つ）。ア、イ、エが正しい。ア（正しい）　共用部分は、規約により管理者の所有とすることができる（区分所有法第27条第1項）。本肢の記述は正当である。イ（正しい）　管理所有は管理のための制度であり、管理者は共用部分をその目的に従って管理しなければならない。本肢の記述は正当である。ウ（誤り）　管理所有とされたからといって、管理者が自己の個人的利益のために自由に処分できるわけではない。エ（正しい）　管理所有は、共用部分の管理を円滑にするために認められる制度である。本肢の記述は正当である。したがって、正しいものは三つである。,1:（1）の内容は、正答（3）「三つ」が示す論点とずれています。 選択肢（1）「一つ」は本問の正答（3）とは異なるため不適です。;2:（2）の内容は、正答（3）「三つ」が示す論点とずれています。 選択肢（2）「二つ」は本問の正答（3）とは異なるため不適です。;4:（4）の内容は、正答（3）「三つ」が示す論点とずれています。 選択肢（4）「四つ」は本問の正答（3）とは異なるため不適です。,
45,single,区分所有法,誤り選択;区分所有法,義務違反者に対する措置に関する次の記述のうち、区分所有法の定めによれば、内容が正確でないものはどれか。,,,,,,区分所有権及び敷地利用権の競売請求は、共同の利益に反する行為が一度でもあれば、常に集会決議なしで直ちに認められる。,共同の利益に反する行為の停止等の請求は、区分所有者全員又は管理者等が行うことができる場合がある。,専有部分の使用禁止請求は、共同生活上の障害が著しい場合に認められる厳しい措置である。,競売請求をするには、訴えをもってしなければならない。,1,正解は1。選択肢1（誤り）　競売請求は、共同生活上の障害が著しく、他の方法によっては障害を除去して共同生活の維持を図ることが困難である場合に、集会決議を経て訴えにより行う厳格な制度である。一度の行為だけで常に直ちに認められるわけではない。選択肢2（正しい）　共同の利益に反する行為の停止等の請求は、区分所有者全員又は管理者等が行うことができる場合がある（区分所有法第57条）。本肢の記述は正当である。選択肢3（正しい）　使用禁止請求は、共同生活上の障害が著しい場合に認められる厳しい措置である（同法第58条）。本肢の記述は正当である。選択肢4（正しい）　競売請求は、訴えをもってしなければならない（同法第59条第1項）。本肢の記述は正当である。,選択肢1（誤り）　競売請求は、共同生活上の障害が著しく、他の方法によっては障害を除去して共同生活の維持を図ることが困難である場合に、集会決議を経て訴えにより行う厳格な制度である。,選択肢1（誤り）　競売請求は、共同生活上の障害が著しく、他の方法によっては障害を除去して共同生活の維持を図ることが困難である場合に、集会決議を経て訴えにより行う厳格な制度である。,2:選択肢2（正しい）　共同の利益に反する行為の停止等の請求は、区分所有者全員又は管理者等が行うことができる場合がある（区分所有法第57条）。;3:選択肢3（正しい）　使用禁止請求は、共同生活上の障害が著しい場合に認められる厳しい措置である（同法第58条）。;4:選択肢4（正しい）　競売請求は、訴えをもってしなければならない（同法第59条第1項）。,
46,single,標準管理規約（単棟型）,正解選択;標準管理規約（単棟型）,標準管理規約（単棟型）における監事に関する次の記述のうち、内容が正確なものはどれか。,,,,,,監事は、理事長の指揮命令を受けて、理事長の業務執行を補助する役職である。,監事は、管理組合の業務の執行及び財産の状況を監査する。,監事は、理事会の議決権を当然に有し、理事と同じ立場で理事会決議に参加する。,監事は、総会において監査結果を報告する必要が一切ない。,2,正解は2。選択肢1（誤り）　監事は、理事長の補助者ではなく、管理組合の業務執行及び財産状況を監査する立場である。選択肢2（正しい）　標準管理規約では、監事は管理組合の業務の執行及び財産の状況を監査するものとされている。本肢の記述は正当である。選択肢3（誤り）　監事は理事ではなく、理事会の議決権を当然に有するものではない。選択肢4（誤り）　監事は監査結果を総会に報告するなど、組合員に対して監査の結果を示す役割を有する。報告不要ではない。,選択肢2（正しい）　標準管理規約では、監事は管理組合の業務の執行及び財産の状況を監査するものとされている。,選択肢2（正しい）　標準管理規約では、監事は管理組合の業務の執行及び財産の状況を監査するものとされている。,1:選択肢1（誤り） 監事は、理事長の補助者ではなく、管理組合の業務執行及び財産状況を監査する立場である。;3:（3）の内容は、正答（2）「監事は、管理組合の業務の執行及び財産の状況を監査する。」が示す論点とずれています。;4:選択肢4（誤り） 監事は監査結果を総会に報告するなど、組合員に対して監査の結果を示す役割を有する。,
47,single,標準管理規約（単棟型）,誤り選択;標準管理規約（単棟型）,標準管理規約（単棟型）における専有部分の貸与に関する次の記述のうち、内容が正確でないものはどれか。,,,,,,区分所有者が専有部分を第三者に貸与する場合、規約及び使用細則を遵守させることが重要である。,賃借人などの占有者も、建物の使用方法に関する規約や使用細則の遵守が問題となる。,区分所有者は、専有部分を賃貸した場合、その後は管理組合に対する管理費等の支払義務を当然に免れる。,専有部分の貸与にあたり、区分所有者は賃借人に対して管理組合のルールを説明しておくことが望ましい。,3,正解は3。選択肢1（正しい）　専有部分を第三者に貸与する場合、賃借人等にも規約・使用細則を守らせることが重要である。本肢の記述は正当である。選択肢2（正しい）　占有者も、建物の使用方法に関する規約や使用細則の遵守が問題となる。本肢の記述は正当である。選択肢3（誤り）　専有部分を賃貸しても、区分所有者である賃貸人が管理費等の支払義務を当然に免れるわけではない。選択肢4（正しい）　専有部分を貸与する際には、賃借人に管理組合のルールを説明し、遵守させることが望ましい。本肢の記述は正当である。,正解は3。選択肢1（正しい）　専有部分を第三者に貸与する場合、賃借人等にも規約・使用細則を守らせることが重要である。本肢の記述は正当である。選択肢2（正しい）　占有者も、建物の使用方法に関する規約や使用細則の遵守が問題となる。本肢の記述は正当である。選択肢3（誤り）　専有部分を賃貸しても、区分所有者である賃貸人が管理費等の支払義務を当然に免れるわけではない。,選択肢3（誤り）　専有部分を賃貸しても、区分所有者である賃貸人が管理費等の支払義務を当然に免れるわけではない。,1:（1）「区分所有者が専有部分を第三者に貸与する場合、規約及び使用細則を遵守させることが重要である。」は、単独の記述としては法令上妥当な場合がありますが、本問で選ぶべき正答は（3）「区分所有者は、専有部分を賃貸した場合、その後は管理組合に対する管理費等の支払義務を当然に免れる。」です。問題文の条件（標準管理規約（単棟型）における専有部分の貸与に関する次の記述のうち、内容が正確でないものはどれか…）と照らし、設問が問う論点に合う肢を選び直してください。;2:（2）「賃借人などの占有者も、建物の使用方法に関する規約や使用細則の遵守が問題となる。」は、単独の記述としては法令上妥当な場合がありますが、本問で選ぶべき正答は（3）「区分所有者は、専有部分を賃貸した場合、その後は管理組合に対する管理費等の支払義務を当然に免れる。」です。問題文の条件（標準管理規約（単棟型）における専有部分の貸与に関する次の記述のうち、内容が正確でないものはどれか…）と照らし、設問が問う論点に合う肢を選び直してください。;4:（4）「専有部分の貸与にあたり、区分所有者は賃借人に対して管理組合のルールを説明しておくことが望ましい。」は、単独の記述としては法令上妥当な場合がありますが、本問で選ぶべき正答は（3）「区分所有者は、専有部分を賃貸した場合、その後は管理組合に対する管理費等の支払義務を当然に免れる。」です。問題文の条件（標準管理規約（単棟型）における専有部分の貸与に関する次の記述のうち、内容が正確でないものはどれか…）と照らし、設問が問う論点に合う肢を選び直してください。,
48,single,標準管理規約（単棟型）,正解選択;標準管理規約（単棟型）,標準管理規約（単棟型）における駐車場使用に関する次の記述のうち、内容が正確なものはどれか。,,,,,,駐車場使用料は、必ず管理費会計に全額充当しなければならず、修繕積立金会計に充当することは一切できない。,駐車場の使用契約は、管理組合のルールとは無関係に、各区分所有者が自由に第三者と締結できる。,駐車場の空き区画がある場合、管理組合は規約や細則を定めずに、理事長の個人的判断だけで永続的な専用使用権を設定しなければならない。,駐車場の使用方法、使用料、契約条件等は、規約や使用細則、使用契約により明確にしておくことが望ましい。,4,正解は4。選択肢1（誤り）　駐車場使用料の会計処理は規約や会計方針に従って整理される。必ず管理費会計に全額充当し、修繕積立金会計には一切充当できないとまではいえない。選択肢2（誤り）　駐車場は共用部分又は敷地の使用に関係するため、管理組合の規約・細則・契約条件に従う必要がある。選択肢3（誤り）　駐車場使用は公平性や継続性が問題となるため、理事長の個人的判断だけで永続的な専用使用権を設定すべきものではない。選択肢4（正しい）　駐車場の使用方法、使用料、契約条件等は、規約、使用細則、使用契約により明確にしておくことが望ましい。本肢の記述は正当である。,選択肢4（正しい）　駐車場の使用方法、使用料、契約条件等は、規約、使用細則、使用契約により明確にしておくことが望ましい。,選択肢4（正しい）　駐車場の使用方法、使用料、契約条件等は、規約、使用細則、使用契約により明確にしておくことが望ましい。,1:正答の解説と、主体・手続・効果のいずれかが一致していません。 選択肢（1）「駐車場使用料は、必ず管理費会計に全額充当しなければならず、修繕積立金会計に充当することは一切できない。」は本問の正答（4）とは異なるため不適です。;2:選択肢2（誤り） 駐車場は共用部分又は敷地の使用に関係するため、管理組合の規約・細則・契約条件に従う必要がある。;3:選択肢3（誤り） 駐車場使用は公平性や継続性が問題となるため、理事長の個人的判断だけで永続的な専用使用権を設定すべきものではない。,
49,single,民法,正解選択;民法,時効に関する次の記述のうち、民法の定めによれば、内容が正確なものはどれか。,,,,,,債権は、原則として債権者が権利を行使することができることを知った時から5年間行使しないとき、時効によって消滅する。,時効の完成猶予や更新は、民法上いかなる場合にも認められない。,管理費等の請求権は、債権ではないため、時効の問題が生じることはない。,時効の利益は、時効完成前でも、あらかじめ放棄することができる。,1,正解は1。選択肢1（正しい）　債権は、原則として債権者が権利を行使できることを知った時から5年間行使しないとき、時効によって消滅する（民法第166条第1項第1号）。本肢の記述は正当である。選択肢2（誤り）　催告、裁判上の請求、承認等により、時効の完成猶予や更新が問題となる場合がある。一切認められないわけではない。選択肢3（誤り）　管理費等の請求権も債権として時効の問題が生じる。時効と無関係ではない。選択肢4（誤り）　時効の利益は、時効完成前にあらかじめ放棄することができない（同法第146条）。,選択肢1（正しい）　債権は、原則として債権者が権利を行使できることを知った時から5年間行使しないとき、時効によって消滅する（民法第166条第1項第1号）。,選択肢1（正しい）　債権は、原則として債権者が権利を行使できることを知った時から5年間行使しないとき、時効によって消滅する（民法第166条第1項第1号）。,2:選択肢2（誤り） 催告、裁判上の請求、承認等により、時効の完成猶予や更新が問題となる場合がある。;3:正答の解説と、主体・手続・効果のいずれかが一致していません。 選択肢（3）「管理費等の請求権は、債権ではないため、時効の問題が生じることはない。」は本問の正答（1）とは異なるため不適です。;4:選択肢4（誤り）　時効の利益は、時効完成前にあらかじめ放棄することができない（同法第146条）。,
50,single,民法,誤り選択;民法,委任に関する次の記述のうち、民法の定めによれば、誤っているものはどれか。,,,,,,受任者は、委任の本旨に従い、善良な管理者の注意をもって委任事務を処理する義務を負う。,受任者は、委任者から請求があっても、委任事務の処理状況を報告する義務を一切負わない。,委任者又は受任者は、原則としていつでも委任を解除することができる。,受任者は、委任事務を処理するにあたり受け取った金銭その他の物を委任者に引き渡す義務を負う場合がある。,2,正解は2。選択肢1（正しい）　受任者は、委任の本旨に従い、善良な管理者の注意をもって委任事務を処理する義務を負う（民法第644条）。本肢の記述は正当である。選択肢2（誤り）　受任者は、委任者の請求があるときは、いつでも委任事務の処理状況を報告しなければならない（同法第645条）。報告義務を一切負わないわけではない。選択肢3（正しい）　委任は、各当事者がいつでも解除することができるのが原則である（同法第651条第1項）。本肢の記述は正当である。選択肢4（正しい）　受任者は、委任事務処理により受け取った金銭その他の物を委任者に引き渡す義務を負う（同法第646条第1項）。本肢の記述は正当である。,選択肢2（誤り）　受任者は、委任者の請求があるときは、いつでも委任事務の処理状況を報告しなければならない（同法第645条）。,選択肢2（誤り）　受任者は、委任者の請求があるときは、いつでも委任事務の処理状況を報告しなければならない（同法第645条）。,1:選択肢1（正しい）　受任者は、委任の本旨に従い、善良な管理者の注意をもって委任事務を処理する義務を負う（民法第644条）。;3:選択肢3（正しい）　委任は、各当事者がいつでも解除することができるのが原則である（同法第651条第1項）。;4:選択肢4（正しい）　受任者は、委任事務処理により受け取った金銭その他の物を委任者に引き渡す義務を負う（同法第646条第1項）。,
51,single,民法,誤り選択;民法,請負契約に関する次の記述のうち、民法の定めによれば、内容が正確でないものはどれか。,,,,,,請負は、当事者の一方がある仕事を完成することを約し、相手方がその仕事の結果に対して報酬を支払うことを約する契約である。,大規模修繕工事の施工契約では、請負契約の性質が問題となることがある。,請負人は、仕事の完成を約するものではないため、仕事が未完成でも常に全額の報酬を請求できる。,仕事の目的物が契約の内容に適合しない場合、注文者は民法上の契約不適合に関する権利を行使できる場合がある。,3,正解は3。選択肢1（正しい）　請負は、仕事の完成と報酬の支払を内容とする契約である（民法第632条）。本肢の記述は正当である。選択肢2（正しい）　大規模修繕工事の施工契約では、請負契約としての権利義務が問題となることがある。本肢の記述は正当である。選択肢3（誤り）　請負は仕事の完成を目的とする契約であり、未完成でも常に全額報酬を請求できるわけではない。選択肢4（正しい）　仕事の目的物が契約内容に適合しない場合、注文者は追完請求、報酬減額請求、損害賠償請求、解除などを行使できる場合がある。本肢の記述は正当である。,正解は3。選択肢1（正しい）　請負は、仕事の完成と報酬の支払を内容とする契約である（民法第632条）。本肢の記述は正当である。選択肢2（正しい）　大規模修繕工事の施工契約では、請負契約としての権利義務が問題となることがある。本肢の記述は正当である。選択肢3（誤り）　請負は仕事の完成を目的とする契約であり、未完成でも常に全額報酬を請求できるわけではない。選択肢,選択肢3（誤り）　請負は仕事の完成を目的とする契約であり、未完成でも常に全額報酬を請求できるわけではない。,1:選択肢1（正しい）　請負は、仕事の完成と報酬の支払を内容とする契約である（民法第632条）。;2:（2）「大規模修繕工事の施工契約では、請負契約の性質が問題となることがある。」は、単独の記述としては法令上妥当な場合がありますが、本問で選ぶべき正答は（3）「請負人は、仕事の完成を約するものではないため、仕事が未完成でも常に全額の報酬を請求できる。」です。問題文の条件（請負契約に関する次の記述のうち、民法の定めによれば、内容が正確でないものはどれか。…）と照らし、設問が問う論点に合う肢を選び直してください。;4:（4）「仕事の目的物が契約の内容に適合しない場合、注文者は民法上の契約不適合に関する権利を行使できる場合がある。」は、単独の記述としては法令上妥当な場合がありますが、本問で選ぶべき正答は（3）「請負人は、仕事の完成を約するものではないため、仕事が未完成でも常に全額の報酬を請求できる。」です。問題文の条件（請負契約に関する次の記述のうち、民法の定めによれば、内容が正確でないものはどれか。…）と照らし、設問が問う論点に合う肢を選び直してください。,
52,single,マンション管理適正化法,誤り選択;マンション管理適正化法;5問免除,マンション管理士の登録等に関する次の記述のうち、マンション管理適正化法の定めによれば、内容が正確でないものはどれか。,,,,,,マンション管理士試験に合格した者は、登録を受けなくても当然にマンション管理士の名称を用いることができる。,マンション管理士は、マンション管理士の信用を傷つけるような行為をしてはならない。,マンション管理士は、正当な理由がなく、その業務に関して知り得た秘密を漏らしてはならない。,マンション管理士には、名称の使用や業務上知り得た秘密に関して一定の規律が設けられている。,1,正解は1。選択肢1（誤り）　マンション管理士の名称を用いるには、試験合格に加えて登録を受ける必要がある。合格だけで当然に名称を用いることができるわけではない。選択肢2（正しい）　マンション管理士には信用失墜行為の禁止が課されている。本肢の記述は正当である。選択肢3（正しい）　マンション管理士には、正当な理由なく業務上知り得た秘密を漏らしてはならない義務がある。本肢の記述は正当である。選択肢4（正しい）　マンション管理士には、名称使用、信用保持、秘密保持などに関する規律が設けられている。本肢の記述は正当である。,選択肢1（誤り）　マンション管理士の名称を用いるには、試験合格に加えて登録を受ける必要がある。,選択肢1（誤り）　マンション管理士の名称を用いるには、試験合格に加えて登録を受ける必要がある。,2:正答の解説と、主体・手続・効果のいずれかが一致していません。 選択肢（2）「マンション管理士は、マンション管理士の信用を傷つけるような行為をしてはならない。」は本問の正答（1）とは異なるため不適です。;3:（3）「マンション管理士は、正当な理由がなく、その業務に関して知り得た秘密を漏らしてはならない。;4:（4）「マンション管理士には、名称の使用や業務上知り得た秘密に関して一定の規律が設けられている。,
53,single,マンション管理適正化法,正解選択;マンション管理適正化法;5問免除,管理計画認定制度に関する次の記述のうち、マンション管理適正化法の考え方によれば、内容が正確なものはどれか。,,,,,,管理計画認定制度は、管理組合の管理計画とは無関係に、各区分所有者の専有部分の内装仕様だけを認定する制度である。,管理計画認定制度は、マンションの管理計画が一定の基準に適合する場合に、地方公共団体から認定を受けることができる制度である。,管理計画認定を受けると、以後は長期修繕計画や管理規約を一切見直す必要がなくなる。,管理計画認定制度は、管理組合ではなく、管理業者の売上高だけを審査する制度である。,2,正解は2。選択肢1（誤り）　管理計画認定制度は、管理組合によるマンション管理の計画に関する制度であり、専有部分の内装仕様だけを認定するものではない。選択肢2（正しい）　管理計画認定制度は、マンションの管理計画が一定の基準に適合する場合に、地方公共団体の認定を受けることができる制度である。本肢の記述は正当である。選択肢3（誤り）　認定を受けても、管理規約や長期修繕計画等を適切に維持・見直す必要がなくなるわけではない。選択肢4（誤り）　管理計画認定は、管理組合の管理計画に関する制度であり、管理業者の売上高だけを審査する制度ではない。,選択肢2（正しい）　管理計画認定制度は、マンションの管理計画が一定の基準に適合する場合に、地方公共団体の認定を受けることができる制度である。,選択肢2（正しい）　管理計画認定制度は、マンションの管理計画が一定の基準に適合する場合に、地方公共団体の認定を受けることができる制度である。,1:選択肢1（誤り） 管理計画認定制度は、管理組合によるマンション管理の計画に関する制度であり、専有部分の内装仕様だけを認定するものではない。;3:選択肢3（誤り） 認定を受けても、管理規約や長期修繕計画等を適切に維持・見直す必要がなくなるわけではない。;4:選択肢4（誤り） 管理計画認定は、管理組合の管理計画に関する制度であり、管理業者の売上高だけを審査する制度ではない。,
54,single,標準管理委託契約書,正解選択;標準管理委託契約書,管理委託契約における再委託に関する次の記述のうち、内容が正確なものはどれか。,,,,,,管理業者は、管理組合の承諾や契約上の定めにかかわらず、管理事務の全部を常に自由に再委託できる。,清掃業務や設備点検業務は、性質上いかなる場合でも専門業者に委託することが禁止される。,管理業者が一部業務を専門業者に委託する場合でも、管理組合との契約上の責任や報告体制を明確にしておくことが重要である。,再委託が行われる場合、管理組合は委託先や業務内容を確認する利益を一切有しない。,3,正解は3。選択肢1（誤り）　管理事務の再委託は、契約内容や法令上の制限を踏まえる必要がある。管理業者が全部を常に自由に再委託できるわけではない。選択肢2（誤り）　清掃業務や設備点検業務などは、専門業者への委託が行われることがある。いかなる場合でも禁止されるわけではない。選択肢3（正しい）　一部業務を専門業者に委託する場合でも、管理組合との契約上の責任、報告体制、委託範囲を明確にしておくことが重要である。本肢の記述は正当である。選択肢4（誤り）　管理組合は、管理事務がどのように実施されるかを確認する利益を有する。委託先や業務内容が一切無関係となるわけではない。,正解は3。選択肢1（誤り）　管理事務の再委託は、契約内容や法令上の制限を踏まえる必要がある。管理業者が全部を常に自由に再委託できるわけではない。選択肢2（誤り）　清掃業務や設備点検業務などは、専門業者への委託が行われることがある。いかなる場合でも禁止されるわけではない。選択肢3（正しい）　一部業務を専門業者に委託する場合でも、管理組合との契約上の責任、報告体,選択肢3（正しい）　一部業務を専門業者に委託する場合でも、管理組合との契約上の責任、報告体制、委託範囲を明確にしておくことが重要である。,1:選択肢1（誤り） 管理事務の再委託は、契約内容や法令上の制限を踏まえる必要がある。;2:選択肢2（誤り） 清掃業務や設備点検業務などは、専門業者への委託が行われることがある。;4:選択肢4（誤り） 管理組合は、管理事務がどのように実施されるかを確認する利益を有する。,
55,single,長期修繕計画,誤り選択;長期修繕計画;会計,修繕積立金の見直しに関する次の記述のうち、内容が正確でないものはどれか。,,,,,,修繕積立金は、長期修繕計画に基づく将来の修繕工事費を見込んで設定することが重要である。,物価上昇、工事費の変動、建物の劣化状況の変化に応じて、修繕積立金の額を見直す必要が生じることがある。,修繕積立金の不足は、大規模修繕工事の実施時期や工事内容に影響を及ぼすことがある。,修繕積立金は、一度決めた額を永久に変更してはならず、長期修繕計画の見直しとも無関係である。,4,正解は4。選択肢1（正しい）　修繕積立金は、長期修繕計画に基づき、将来の修繕工事費を見込んで設定することが重要である。本肢の記述は正当である。選択肢2（正しい）　物価や工事費の変動、劣化状況の変化により、修繕積立金の見直しが必要となることがある。本肢の記述は正当である。選択肢3（正しい）　修繕積立金が不足すると、大規模修繕工事の時期、範囲、資金調達に影響することがある。本肢の記述は正当である。選択肢4（誤り）　修繕積立金は、長期修繕計画の見直し等に応じて適切に見直すことが重要である。永久に変更してはならないわけではない。,正解は4。選択肢1（正しい）　修繕積立金は、長期修繕計画に基づき、将来の修繕工事費を見込んで設定することが重要である。本肢の記述は正当である。選択肢2（正しい）　物価や工事費の変動、劣化状況の変化により、修繕積立金の見直しが必要となることがある。本肢の記述は正当である。選択肢3（正しい）　修繕積立金が不足すると、大規模修繕工事の時期、範囲、資金調達に影響する,選択肢4（誤り）　修繕積立金は、長期修繕計画の見直し等に応じて適切に見直すことが重要である。,1:（1）「修繕積立金は、長期修繕計画に基づく将来の修繕工事費を見込んで設定することが重要である。」は、単独の記述としては法令上妥当な場合がありますが、本問で選ぶべき正答は（4）「修繕積立金は、一度決めた額を永久に変更してはならず、長期修繕計画の見直しとも無関係である。」です。問題文の条件（修繕積立金の見直しに関する次の記述のうち、内容が正確でないものはどれか。…）と照らし、設問が問う論点に合う肢を選び直してください。;2:（2）「物価上昇、工事費の変動、建物の劣化状況の変化に応じて、修繕積立金の額を見直す必要が生じることがある。」は、単独の記述としては法令上妥当な場合がありますが、本問で選ぶべき正答は（4）「修繕積立金は、一度決めた額を永久に変更してはならず、長期修繕計画の見直しとも無関係である。」です。問題文の条件（修繕積立金の見直しに関する次の記述のうち、内容が正確でないものはどれか。…）と照らし、設問が問う論点に合う肢を選び直してください。;3:（3）「修繕積立金の不足は、大規模修繕工事の実施時期や工事内容に影響を及ぼすことがある。」は、単独の記述としては法令上妥当な場合がありますが、本問で選ぶべき正答は（4）「修繕積立金は、一度決めた額を永久に変更してはならず、長期修繕計画の見直しとも無関係である。」です。問題文の条件（修繕積立金の見直しに関する次の記述のうち、内容が正確でないものはどれか。…）と照らし、設問が問う論点に合う肢を選び直してください。,
56,single,建物・設備,正解選択;建物・設備;長期修繕計画,外壁の劣化に関する次の記述のうち、内容が正確なものはどれか。,,,,,,タイルの浮きやひび割れは、落下事故や雨水浸入の原因となることがあるため、調査や補修の対象となる。,外壁タイルは、施工後は一切劣化しないため、打診調査や赤外線調査の対象となることはない。,シーリング材は、外壁の防水性に関係しないため、劣化しても修繕計画上考慮する必要がない。,外壁のひび割れは、建物の美観だけの問題であり、漏水や鉄筋腐食とは一切関係しない。,1,正解は1。選択肢1（正しい）　タイルの浮きやひび割れは、落下事故や雨水浸入の原因となることがあり、調査や補修の対象となる。本肢の記述は正当である。選択肢2（誤り）　外壁タイルも経年や施工状況により浮き・剥落が生じることがあり、打診調査や赤外線調査の対象となることがある。選択肢3（誤り）　シーリング材は、防水性や気密性に関係し、経年劣化するため、修繕計画上考慮する必要がある。選択肢4（誤り）　外壁のひび割れは、雨水浸入や鉄筋腐食に関係する場合がある。美観だけの問題とは限らない。,選択肢1（正しい）　タイルの浮きやひび割れは、落下事故や雨水浸入の原因となることがあり、調査や補修の対象となる。,選択肢1（正しい）　タイルの浮きやひび割れは、落下事故や雨水浸入の原因となることがあり、調査や補修の対象となる。,2:選択肢2（誤り） 外壁タイルも経年や施工状況により浮き・剥落が生じることがあり、打診調査や赤外線調査の対象となることがある。;3:選択肢3（誤り） シーリング材は、防水性や気密性に関係し、経年劣化するため、修繕計画上考慮する必要がある。;4:正答の解説と、主体・手続・効果のいずれかが一致していません。 選択肢（4）「外壁のひび割れは、建物の美観だけの問題であり、漏水や鉄筋腐食とは一切関係しない。」は本問の正答（1）とは異なるため不適です。,設備・維持保全は数値基準・点検周期・責任の所在がセットで出題されます。表や比較で整理し、他選択肢がどの要件（数値・主体・手続）とずれているかを確認してください。
57,single,建物・設備,誤り選択;建物・設備;長期修繕計画,屋上防水に関する次の記述のうち、内容が正確でないものはどれか。,,,,,,屋上防水層の劣化は、漏水の原因となることがある。,屋上防水は、雨水と無関係であるため、定期的な点検や改修の対象とする必要がない。,防水改修工事では、既存防水層の状態、下地、排水状況などを確認することが重要である。,ドレン周辺の詰まりや劣化は、滞水や漏水につながることがある。,2,正解は2。選択肢1（正しい）　屋上防水層が劣化すると、雨水が建物内部へ浸入し、漏水の原因となることがある。本肢の記述は正当である。選択肢2（誤り）　屋上防水は雨水浸入を防ぐ重要な機能を有し、定期的な点検や改修の対象となる。雨水と無関係ではない。選択肢3（正しい）　防水改修では、既存防水層、下地、排水状況などを確認したうえで工法を検討することが重要である。本肢の記述は正当である。選択肢4（正しい）　ドレン周辺の詰まりや劣化は、滞水や漏水につながることがある。本肢の記述は正当である。,選択肢2（誤り）　屋上防水は雨水浸入を防ぐ重要な機能を有し、定期的な点検や改修の対象となる。,選択肢2（誤り）　屋上防水は雨水浸入を防ぐ重要な機能を有し、定期的な点検や改修の対象となる。,1:（1）「屋上防水層の劣化は、漏水の原因となることがある。」は、単独の記述としては法令上妥当な場合がありますが、本問で選ぶべき正答は（2）「屋上防水は、雨水と無関係であるため、定期的な点検や改修の対象とする必要がない。」です。問題文の条件（屋上防水に関する次の記述のうち、内容が正確でないものはどれか。…）と照らし、設問が問う論点に合う肢を選び直してください。;3:（3）「防水改修工事では、既存防水層の状態、下地、排水状況などを確認することが重要である。」は、単独の記述としては法令上妥当な場合がありますが、本問で選ぶべき正答は（2）「屋上防水は、雨水と無関係であるため、定期的な点検や改修の対象とする必要がない。」です。問題文の条件（屋上防水に関する次の記述のうち、内容が正確でないものはどれか。…）と照らし、設問が問う論点に合う肢を選び直してください。;4:（4）の内容は、正答（2）「屋上防水は、雨水と無関係であるため、定期的な点検や改修の対象とする必要がない。」が示す論点とずれています。,設備・維持保全は数値基準・点検周期・責任の所在がセットで出題されます。表や比較で整理し、他選択肢がどの要件（数値・主体・手続）とずれているかを確認してください。
58,single,建物・設備,正解選択;建物・設備,電気設備に関する次の記述のうち、内容が正確なものはどれか。,,,,,,マンションの共用部分の照明設備は、管理組合の管理対象となることはない。,受変電設備は、電気の受電や変圧に関係しない設備であり、給水管の一種である。,非常用照明や誘導灯は、停電時や避難時の安全確保に関係する設備である。,電気設備は、経年劣化や容量不足が生じることがないため、更新計画の対象にする必要はない。,3,正解は3。選択肢1（誤り）　共用部分の照明設備は、管理組合の管理対象となることがある。本肢は誤っている。選択肢2（誤り）　受変電設備は、電気を受電し、必要な電圧に変換する設備である。給水管の一種ではない。選択肢3（正しい）　非常用照明や誘導灯は、停電時や避難時の安全確保に関係する設備である。本肢の記述は正当である。選択肢4（誤り）　電気設備も経年劣化や容量不足が問題となるため、点検や更新計画の対象となることがある。,選択肢3（正しい）　非常用照明や誘導灯は、停電時や避難時の安全確保に関係する設備である。,選択肢3（正しい）　非常用照明や誘導灯は、停電時や避難時の安全確保に関係する設備である。,1:正答の解説と、主体・手続・効果のいずれかが一致していません。 選択肢（1）「マンションの共用部分の照明設備は、管理組合の管理対象となることはない。」は本問の正答（3）とは異なるため不適です。;2:正答の解説と、主体・手続・効果のいずれかが一致していません。 選択肢（2）「受変電設備は、電気の受電や変圧に関係しない設備であり、給水管の一種である。」は本問の正答（3）とは異なるため不適です。;4:選択肢4（誤り） 電気設備も経年劣化や容量不足が問題となるため、点検や更新計画の対象となることがある。,設備・維持保全は数値基準・点検周期・責任の所在がセットで出題されます。表や比較で整理し、他選択肢がどの要件（数値・主体・手続）とずれているかを確認してください。
59,single,消防法,誤り選択;消防法,消防法上の防火管理に関する次の記述のうち、内容が正確でないものはどれか。,,,,,,一定規模以上の共同住宅であっても、防火管理者を選任する必要が生じることは一切ない。,防火管理は、火災予防、避難訓練、消防用設備等の維持管理などに関係する。,共同住宅の用途、規模、収容人員等によって、防火管理者の選任が問題となる場合がある。,消防計画は、火災時の通報、避難、初期消火等の体制を整理する役割を有する。,1,正解は1。選択肢1（誤り）　共同住宅でも、用途、規模、収容人員等に応じて防火管理者の選任が必要となる場合がある。一切ないとする本肢は誤っている。選択肢2（正しい）　防火管理は、火災予防、避難訓練、消防用設備等の維持管理などに関係する。本肢の記述は正当である。選択肢3（正しい）　共同住宅の用途、規模、収容人員等により、防火管理者の選任が問題となる場合がある。本肢の記述は正当である。選択肢4（正しい）　消防計画は、通報、避難、初期消火、訓練等の体制を整理する役割を有する。本肢の記述は正当である。,選択肢1（誤り）　共同住宅でも、用途、規模、収容人員等に応じて防火管理者の選任が必要となる場合がある。,選択肢1（誤り）　共同住宅でも、用途、規模、収容人員等に応じて防火管理者の選任が必要となる場合がある。,2:（2）「防火管理は、火災予防、避難訓練、消防用設備等の維持管理などに関係する。」は、単独の記述としては法令上妥当な場合がありますが、本問で選ぶべき正答は（1）「一定規模以上の共同住宅であっても、防火管理者を選任する必要が生じることは一切ない。」です。問題文の条件（消防法上の防火管理に関する次の記述のうち、内容が正確でないものはどれか。…）と照らし、設問が問う論点に合う肢を選び直してください。;3:（3）「共同住宅の用途、規模、収容人員等によって、防火管理者の選任が問題となる場合がある。」は、単独の記述としては法令上妥当な場合がありますが、本問で選ぶべき正答は（1）「一定規模以上の共同住宅であっても、防火管理者を選任する必要が生じることは一切ない。」です。問題文の条件（消防法上の防火管理に関する次の記述のうち、内容が正確でないものはどれか。…）と照らし、設問が問う論点に合う肢を選び直してください。;4:（4）「消防計画は、火災時の通報、避難、初期消火等の体制を整理する役割を有する。」は、単独の記述としては法令上妥当な場合がありますが、本問で選ぶべき正答は（1）「一定規模以上の共同住宅であっても、防火管理者を選任する必要が生じることは一切ない。」です。問題文の条件（消防法上の防火管理に関する次の記述のうち、内容が正確でないものはどれか。…）と照らし、設問が問う論点に合う肢を選び直してください。,
60,single,水道法,正解選択;水道法;建物・設備,水道法及び貯水槽水道の管理に関する次の記述のうち、内容が正確なものはどれか。,,,,,,受水槽を設置しているマンションでは、水質管理や清掃は水道事業者だけが行うため、設置者側の管理は一切不要である。,貯水槽水道では、受水槽の清掃、点検、水質管理などが衛生管理上重要となる。,受水槽は、飲料水を貯留する設備ではないため、劣化や汚染を考慮する必要がない。,給水設備の管理不良は、漏水には関係するが、衛生上の問題とは一切関係しない。,2,正解は2。選択肢1（誤り）　受水槽を設置する場合、設置者側にも受水槽の清掃や点検など衛生管理上の対応が求められる。水道事業者だけが管理すればよいわけではない。選択肢2（正しい）　貯水槽水道では、受水槽の清掃、点検、水質管理などが衛生管理上重要である。本肢の記述は正当である。選択肢3（誤り）　受水槽は飲料水を貯留する設備であり、劣化や汚染の防止が重要である。選択肢4（誤り）　給水設備の管理不良は、漏水だけでなく、水質汚染など衛生上の問題にも関係することがある。,選択肢2（正しい）　貯水槽水道では、受水槽の清掃、点検、水質管理などが衛生管理上重要である。,選択肢2（正しい）　貯水槽水道では、受水槽の清掃、点検、水質管理などが衛生管理上重要である。,1:選択肢1（誤り） 受水槽を設置する場合、設置者側にも受水槽の清掃や点検など衛生管理上の対応が求められる。;3:選択肢3（誤り） 受水槽は飲料水を貯留する設備であり、劣化や汚染の防止が重要である。;4:選択肢4（誤り） 給水設備の管理不良は、漏水だけでなく、水質汚染など衛生上の問題にも関係することがある。,
61,single,区分所有法,誤り選択;区分所有法,専有部分と共用部分の区別に関する次の記述のうち、区分所有法の定めによれば、内容が正確でないものはどれか。,,,,,,数個の専有部分に通ずる廊下又は階段室その他構造上区分所有者の全員又は一部の共用に供されるべき建物の部分は、共用部分とされる。,専有部分となるためには、構造上の独立性及び利用上の独立性を備える必要がある。,建物の構造上当然に共用部分となる部分であっても、規約により自由に専有部分とすることができる。,規約により共用部分とされた部分は、登記をしなければ第三者に対抗することができない場合がある。,3,正解は3。選択肢1（正しい）　数個の専有部分に通ずる廊下又は階段室など、構造上共用に供されるべき部分は法定共用部分である（区分所有法第4条第1項）。本肢の記述は正当である。選択肢2（正しい）　専有部分となるには、構造上区分され、独立して住居、店舗等の用途に供することができる部分である必要がある（同法第1条）。本肢の記述は正当である。選択肢3（誤り）　構造上当然に共用部分となる法定共用部分を、規約により自由に専有部分とすることはできない。選択肢4（正しい）　規約共用部分は、登記をしなければ第三者に対抗することができない（同法第4条第2項）。本肢の記述は正当である。,正解は3。選択肢1（正しい）　数個の専有部分に通ずる廊下又は階段室など、構造上共用に供されるべき部分は法定共用部分である（区分所有法第4条第1項）。本肢の記述は正当である。選択肢2（正しい）　専有部分となるには、構造上区分され、独立して住居、店舗等の用途に供することができる部分である必要がある（同法第1条）。本肢の記述は正当である。選択肢3（誤り）　構造上当,選択肢3（誤り）　構造上当然に共用部分となる法定共用部分を、規約により自由に専有部分とすることはできない。,1:選択肢1（正しい）　数個の専有部分に通ずる廊下又は階段室など、構造上共用に供されるべき部分は法定共用部分である（区分所有法第4条第1項）。;2:選択肢2（正しい）　専有部分となるには、構造上区分され、独立して住居、店舗等の用途に供することができる部分である必要がある（同法第1条）。;4:選択肢4（正しい）　規約共用部分は、登記をしなければ第三者に対抗することができない（同法第4条第2項）。,
62,single,区分所有法,正解選択;区分所有法;不動産登記法,敷地利用権に関する次の記述のうち、区分所有法及び不動産登記法の考え方によれば、内容が正確なものはどれか。,,,,,,敷地利用権は、常に所有権に限られ、地上権や賃借権が敷地利用権となることはない。,敷地利用権とは、区分所有者が専有部分を所有するために建物の敷地に対して有する権利をいう。,敷地権の登記がされた場合でも、専有部分と敷地権は常に別々に自由処分できる。,敷地利用権は、専有部分の所有とは無関係であり、分離処分禁止の問題は生じない。,2,正解は2。選択肢1（誤り）　敷地利用権には所有権のほか、地上権、賃借権などが含まれ得る。所有権に限られるわけではない。選択肢2（正しい）　敷地利用権は、区分所有者が専有部分を所有するために建物の敷地に対して有する権利である。本肢の記述は正当である。選択肢3（誤り）　敷地権の登記がされた場合、専有部分と敷地権の一体性が登記上も示され、分離処分が制限される。常に別々に自由処分できるわけではない。選択肢4（誤り）　敷地利用権は専有部分の所有と密接に関係し、分離処分禁止の問題が生じる。,選択肢2（正しい）　敷地利用権は、区分所有者が専有部分を所有するために建物の敷地に対して有する権利である。,選択肢2（正しい）　敷地利用権は、区分所有者が専有部分を所有するために建物の敷地に対して有する権利である。,1:正答の解説と、主体・手続・効果のいずれかが一致していません。 選択肢（1）「敷地利用権は、常に所有権に限られ、地上権や賃借権が敷地利用権となることはない。」は本問の正答（2）とは異なるため不適です。;3:選択肢3（誤り） 敷地権の登記がされた場合、専有部分と敷地権の一体性が登記上も示され、分離処分が制限される。;4:選択肢4（誤り） 敷地利用権は専有部分の所有と密接に関係し、分離処分禁止の問題が生じる。,
63,single,区分所有法,組合せ;区分所有法,集会の決議要件に関する次の記述のうち、区分所有法の定めによれば、正しいものの組合せはどれか。ア 規約の設定、変更又は廃止は、原則として区分所有者及び議決権の各4分の3以上の多数による。イ 管理者の選任は、常に区分所有者全員の同意を要する。ウ 建替え決議は、区分所有者及び議決権の各5分の4以上の多数による。エ 共用部分の管理に関する事項は、どのようなものでも必ず全員一致で決しなければならない。,,,,,,アとイ,アとウ,イとエ,ウとエ,2,正解は2（アとウ）。ア（正しい）　規約の設定、変更又は廃止は、原則として区分所有者及び議決権の各4分の3以上の多数による（区分所有法第31条第1項）。本肢の記述は正当である。イ（誤り）　管理者の選任は、規約に別段の定めがない限り、集会の普通決議で行うことができる。全員同意を要するわけではない。ウ（正しい）　建替え決議は、区分所有者及び議決権の各5分の4以上の多数による（同法第62条第1項）。本肢の記述は正当である。エ（誤り）　共用部分の管理に関する事項は、原則として集会の普通決議で決する。すべて全員一致が必要ではない。したがって、正しいものの組合せはアとウである。,正解は2（アとウ）。ア（正しい）　規約の設定、変更又は廃止は、原則として区分所有者及び議決権の各4分の3以上の多数による（区分所有法第31条第1項）。本肢の記述は正当である。イ（誤り）　管理者の選任は、規約に別段の定めがない限り、集会の普通決議で行うことができる。全員同意を要するわけではない。ウ（正しい）　建替え決議は、区分所有者及び議決権の各5分の4以上の,正解は2（アとウ）。ア（正しい）　規約の設定、変更又は廃止は、原則として区分所有者及び議決権の各4分の3以上の多数による（区分所有法第31条第1項）。本肢の記述は正当である。イ（誤り）　管理者の選任は、規約に別段の定めがない限り、集会の普通決議で行うことができる。全員同意を要するわけではない。ウ（正しい）　建替え決議は、区分所有者及び議決権の各5分の4以上の多数による（同法第62条第1項）。本肢の記述は正当である。エ（誤り）　共用部分の管理に関する事項は、原則として集会の普通決議で決する。すべて全員一致が必要ではない。したがって、正しいものの組合せはアとウである。,1:（1）「アとイ」は正答（2）「アとウ」と異なる組合せです。 ア：正しい　規約の設定、変更又は廃止は、原則として区分所有者及び議決権の各4分の3以上の多数による（区分所有法第31条第1項）。 イ：誤り　管理者の選任は、規約に別段の定めがない限り、集会の普通決議で行うことができる。;3:（3）「イとエ」は正答（2）「アとウ」と異なる組合せです。 イ：誤り　管理者の選任は、規約に別段の定めがない限り、集会の普通決議で行うことができる。 エ：誤り　共用部分の管理に関する事項は、原則として集会の普通決議で決する。;4:（4）「ウとエ」は正答（2）「アとウ」と異なる組合せです。 ウ：正しい　建替え決議は、区分所有者及び議決権の各5分の4以上の多数による（同法第62条第1項）。 エ：誤り　共用部分の管理に関する事項は、原則として集会の普通決議で決する。,
64,single,区分所有法,誤り選択;区分所有法,管理者の権限に関する次の記述のうち、区分所有法の定めによれば、誤っているものはどれか。,,,,,,管理者は、共用部分並びに建物の敷地及び附属施設を保存し、集会の決議を実行する権限を有する。,管理者は、規約で定めた行為をする権限を有する。,管理者は、その職務に関し、区分所有者を代理する。,管理者は、規約又は集会決議の有無にかかわらず、区分所有者の専有部分を自由に売却する権限を当然に有する。,4,正解は4。選択肢1（正しい）　管理者は、共用部分等を保存し、集会の決議を実行する権限を有する（区分所有法第26条第1項）。本肢の記述は正当である。選択肢2（正しい）　管理者は、規約で定めた行為をする権限を有する（同法第26条第1項）。本肢の記述は正当である。選択肢3（正しい）　管理者は、その職務に関し、区分所有者を代理する（同法第26条第2項）。本肢の記述は正当である。選択肢4（誤り）　管理者が区分所有者の専有部分を自由に売却する権限を当然に有するわけではない。専有部分の処分は区分所有者の権利に属する。,正解は4。選択肢1（正しい）　管理者は、共用部分等を保存し、集会の決議を実行する権限を有する（区分所有法第26条第1項）。本肢の記述は正当である。選択肢2（正しい）　管理者は、規約で定めた行為をする権限を有する（同法第26条第1項）。本肢の記述は正当である。選択肢3（正しい）　管理者は、その職務に関し、区分所有者を代理する（同法第26条第2項）。本肢の記述は,選択肢4（誤り）　管理者が区分所有者の専有部分を自由に売却する権限を当然に有するわけではない。,1:選択肢1（正しい）　管理者は、共用部分等を保存し、集会の決議を実行する権限を有する（区分所有法第26条第1項）。;2:選択肢2（正しい）　管理者は、規約で定めた行為をする権限を有する（同法第26条第1項）。;3:選択肢3（正しい）　管理者は、その職務に関し、区分所有者を代理する（同法第26条第2項）。,
65,single,標準管理規約（単棟型）,正解選択;標準管理規約（単棟型）,標準管理規約（単棟型）における管理組合の業務に関する次の記述のうち、内容が正確なものはどれか。,,,,,,管理組合は、敷地及び共用部分等の保安、保全、保守、清掃、消毒及びごみ処理などの業務を行う。,管理組合は、各区分所有者の専有部分内の家具の購入を必ず代行しなければならない。,管理組合は、共用部分の管理とは無関係であり、各住戸の売買価格を決定することだけを目的とする。,管理組合は、管理費等の徴収を行うことが一切できない。,1,正解は1。選択肢1（正しい）　標準管理規約では、管理組合の業務として、敷地及び共用部分等の保安、保全、保守、清掃、消毒、ごみ処理などが掲げられている。本肢の記述は正当である。選択肢2（誤り）　専有部分内の家具購入は、通常、各区分所有者の私的事項であり、管理組合が必ず代行すべき業務ではない。選択肢3（誤り）　管理組合は共用部分等の管理を目的とする団体であり、各住戸の売買価格を決定することだけを目的とするものではない。選択肢4（誤り）　管理組合は、管理に要する費用として管理費等を徴収する。徴収できないわけではない。,選択肢1（正しい）　標準管理規約では、管理組合の業務として、敷地及び共用部分等の保安、保全、保守、清掃、消毒、ごみ処理などが掲げられている。,選択肢1（正しい）　標準管理規約では、管理組合の業務として、敷地及び共用部分等の保安、保全、保守、清掃、消毒、ごみ処理などが掲げられている。,2:選択肢2（誤り）　専有部分内の家具購入は、通常、各区分所有者の私的事項であり、管理組合が必ず代行すべき業務ではない。;3:選択肢3（誤り） 管理組合は共用部分等の管理を目的とする団体であり、各住戸の売買価格を決定することだけを目的とするものではない。;4:正答の解説と、主体・手続・効果のいずれかが一致していません。 選択肢（4）「管理組合は、管理費等の徴収を行うことが一切できない。」は本問の正答（1）とは異なるため不適です。,
66,single,標準管理規約（単棟型）,誤り選択;標準管理規約（単棟型）,標準管理規約（単棟型）における議決権に関する次の記述のうち、内容が正確でないものはどれか。,,,,,,各組合員の議決権割合は、規約で定められる。,議決権は、いかなる場合でも各住戸1個としなければならず、専有部分の床面積割合を考慮することは一切できない。,組合員は、書面又は代理人によって議決権を行使できる場合がある。,総会決議では、組合員数と議決権数の双方が要件となる場合がある。,2,正解は2。選択肢1（正しい）　議決権割合は、規約により定められる。本肢の記述は正当である。選択肢2（誤り）　議決権割合は、専有部分の床面積割合などを基礎として定められることがある。常に各住戸1個でなければならないわけではない。選択肢3（正しい）　組合員は、書面又は代理人によって議決権を行使できる場合がある。本肢の記述は正当である。選択肢4（正しい）　総会決議では、組合員数と議決権数の双方が決議要件となる場合がある。本肢の記述は正当である。,選択肢2（誤り）　議決権割合は、専有部分の床面積割合などを基礎として定められることがある。,選択肢2（誤り）　議決権割合は、専有部分の床面積割合などを基礎として定められることがある。,1:（1）の内容は、正答（2）「議決権は、いかなる場合でも各住戸1個としなければならず、専有部分の床面積割合を考慮することは一切できない。」が示す論点とずれています。;3:（3）「組合員は、書面又は代理人によって議決権を行使できる場合がある。」は、単独の記述としては法令上妥当な場合がありますが、本問で選ぶべき正答は（2）「議決権は、いかなる場合でも各住戸1個としなければならず、専有部分の床面積割合を考慮することは一切できない。」です。問題文の条件（標準管理規約（単棟型）における議決権に関する次の記述のうち、内容が正確でないものはどれか。…）と照らし、設問が問う論点に合う肢を選び直してください。;4:（4）「総会決議では、組合員数と議決権数の双方が要件となる場合がある。」は、単独の記述としては法令上妥当な場合がありますが、本問で選ぶべき正答は（2）「議決権は、いかなる場合でも各住戸1個としなければならず、専有部分の床面積割合を考慮することは一切できない。」です。問題文の条件（標準管理規約（単棟型）における議決権に関する次の記述のうち、内容が正確でないものはどれか。…）と照らし、設問が問う論点に合う肢を選び直してください。,
67,single,標準管理規約（単棟型）,正解選択;標準管理規約（単棟型）,標準管理規約（単棟型）における管理費等の負担に関する次の記述のうち、内容が正確なものはどれか。,,,,,,管理費等は、共用部分の管理とは無関係であるため、組合員に負担させることはできない。,管理費等の負担割合は、必ず全組合員で同額としなければならず、規約で別段の定めをすることはできない。,管理費等は、規約に定めるところにより、各組合員が負担する。,管理費等の滞納があっても、管理組合は遅延損害金や督促費用を請求することは一切できない。,3,正解は3。選択肢1（誤り）　管理費等は、敷地及び共用部分等の管理に要する費用等に充てるため、組合員が負担するものである。選択肢2（誤り）　管理費等の負担割合は、規約により定められる。必ず全員同額でなければならないわけではない。選択肢3（正しい）　管理費等は、規約に定めるところにより、各組合員が負担する。本肢の記述は正当である。選択肢4（誤り）　滞納がある場合には、規約や法令に基づき、遅延損害金、督促費用、弁護士費用相当額等の請求が問題となる場合がある。一切できないわけではない。,選択肢3（正しい）　管理費等は、規約に定めるところにより、各組合員が負担する。,選択肢3（正しい）　管理費等は、規約に定めるところにより、各組合員が負担する。,1:選択肢1（誤り） 管理費等は、敷地及び共用部分等の管理に要する費用等に充てるため、組合員が負担するものである。;2:正答の解説と、主体・手続・効果のいずれかが一致していません。 選択肢（2）「管理費等の負担割合は、必ず全組合員で同額としなければならず、規約で別段の定めをすることはできない。」は本問の正答（3）とは異なるため不適です。;4:選択肢4（誤り） 滞納がある場合には、規約や法令に基づき、遅延損害金、督促費用、弁護士費用相当額等の請求が問題となる場合がある。,
68,single,不動産登記法,誤り選択;不動産登記法,不動産登記に関する次の記述のうち、不動産登記法の考え方によれば、内容が正確でないものはどれか。,,,,,,登記記録は、表題部と権利部に分かれることはなく、すべて口頭で管理される。,建物の表題部には、所在、家屋番号、種類、構造、床面積などが記録される。,権利部には、所有権や抵当権など権利に関する事項が記録される。,区分建物については、専有部分の建物の表示や敷地権に関する登記が問題となる。,1,正解は1。選択肢1（誤り）　登記記録は、表題部と権利部に分かれて構成される。すべて口頭で管理されるわけではない。選択肢2（正しい）　建物の表題部には、所在、家屋番号、種類、構造、床面積などの表示に関する事項が記録される。本肢の記述は正当である。選択肢3（正しい）　権利部には、所有権、抵当権など権利に関する事項が記録される。本肢の記述は正当である。選択肢4（正しい）　区分建物では、専有部分の表示や敷地権に関する登記が重要となる。本肢の記述は正当である。,選択肢1（誤り）　登記記録は、表題部と権利部に分かれて構成される。,選択肢1（誤り）　登記記録は、表題部と権利部に分かれて構成される。,2:（2）「建物の表題部には、所在、家屋番号、種類、構造、床面積などが記録される。」は、単独の記述としては法令上妥当な場合がありますが、本問で選ぶべき正答は（1）「登記記録は、表題部と権利部に分かれることはなく、すべて口頭で管理される。」です。問題文の条件（不動産登記に関する次の記述のうち、不動産登記法の考え方によれば、内容が正確でないものはどれか。…）と照らし、設問が問う論点に合う肢を選び直してください。;3:（3）の内容は、正答（1）「登記記録は、表題部と権利部に分かれることはなく、すべて口頭で管理される。」が示す論点とずれています。;4:（4）「区分建物については、専有部分の建物の表示や敷地権に関する登記が問題となる。」は、単独の記述としては法令上妥当な場合がありますが、本問で選ぶべき正答は（1）「登記記録は、表題部と権利部に分かれることはなく、すべて口頭で管理される。」です。問題文の条件（不動産登記に関する次の記述のうち、不動産登記法の考え方によれば、内容が正確でないものはどれか。…）と照らし、設問が問う論点に合う肢を選び直してください。,
69,single,民法,正解選択;民法,賃貸借契約に関する次の記述のうち、民法の定めによれば、内容が正確なものはどれか。,,,,,,賃借人は、賃貸人の承諾がなくても、常に自由に賃借権を譲渡し、又は賃借物を転貸することができる。,賃貸人は、賃借人に目的物を使用収益させる義務を負わない。,賃借物の修繕が必要となった場合でも、賃貸人が修繕義務を負うことは一切ない。,賃貸人は、賃借人に対し、目的物を使用及び収益させる義務を負う。,4,正解は4。選択肢1（誤り）　賃借人は、賃貸人の承諾を得なければ、賃借権を譲渡し、又は賃借物を転貸することができない（民法第612条第1項）。選択肢2（誤り）　賃貸人は、賃借人に目的物を使用及び収益させる義務を負う（同法第601条）。選択肢3（誤り）　賃貸人は、賃借物の使用及び収益に必要な修繕をする義務を負うのが原則である（同法第606条第1項）。一切負わないわけではない。選択肢4（正しい）　賃貸借は、賃貸人が目的物を使用収益させ、賃借人が賃料を支払う契約である。本肢の記述は正当である。,正解は4。選択肢1（誤り）　賃借人は、賃貸人の承諾を得なければ、賃借権を譲渡し、又は賃借物を転貸することができない（民法第612条第1項）。選択肢2（誤り）　賃貸人は、賃借人に目的物を使用及び収益させる義務を負う（同法第601条）。選択肢3（誤り）　賃貸人は、賃借物の使用及び収益に必要な修繕をする義務を負うのが原則である（同法第606条第1項）。一切負わない,選択肢4（正しい）　賃貸借は、賃貸人が目的物を使用収益させ、賃借人が賃料を支払う契約である。,1:選択肢1（誤り）　賃借人は、賃貸人の承諾を得なければ、賃借権を譲渡し、又は賃借物を転貸することができない（民法第612条第1項）。;2:選択肢2（誤り）　賃貸人は、賃借人に目的物を使用及び収益させる義務を負う（同法第601条）。;3:選択肢3（誤り）　賃貸人は、賃借物の使用及び収益に必要な修繕をする義務を負うのが原則である（同法第606条第1項）。,
70,single,民法,誤り選択;民法,相隣関係に関する次の記述のうち、民法の考え方によれば、誤っているものはどれか。,,,,,,土地の所有者は、隣地との利用調整に関して、民法上一定の制限を受けることがある。,相隣関係の規定は、隣接する土地の利用調整とは無関係であり、マンションの敷地管理を考えるうえでも一切参考にならない。,境界付近の工作物、通行、排水などについては、隣地との関係で問題となることがある。,土地所有権は絶対無制限ではなく、隣地所有者との関係で調整される場合がある。,2,正解は2。選択肢1（正しい）　土地の所有者は、隣地との関係で通行、排水、境界などについて民法上一定の制限を受けることがある。本肢の記述は正当である。選択肢2（誤り）　相隣関係の規定は、隣接する土地相互の利用調整に関するものであり、マンション敷地の管理や隣地対応を考えるうえでも参考となる場合がある。一切無関係ではない。選択肢3（正しい）　境界付近の工作物、通行、排水などは、隣地との関係で問題となることがある。本肢の記述は正当である。選択肢4（正しい）　土地所有権は絶対無制限ではなく、相隣関係等により調整される。本肢の記述は正当である。,選択肢2（誤り）　相隣関係の規定は、隣接する土地相互の利用調整に関するものであり、マンション敷地の管理や隣地対応を考えるうえでも参考となる場合がある。,選択肢2（誤り）　相隣関係の規定は、隣接する土地相互の利用調整に関するものであり、マンション敷地の管理や隣地対応を考えるうえでも参考となる場合がある。,1:（1）「土地の所有者は、隣地との利用調整に関して、民法上一定の制限を受けることがある。」は、単独の記述としては法令上妥当な場合がありますが、本問で選ぶべき正答は（2）「相隣関係の規定は、隣接する土地の利用調整とは無関係であり、マンションの敷地管理を考えるうえでも一切参考にならない。」です。問題文の条件（相隣関係に関する次の記述のうち、民法の考え方によれば、誤っているものはどれか。…）と照らし、設問が問う論点に合う肢を選び直してください。;3:（3）「境界付近の工作物、通行、排水などについては、隣地との関係で問題となることがある。」は、単独の記述としては法令上妥当な場合がありますが、本問で選ぶべき正答は（2）「相隣関係の規定は、隣接する土地の利用調整とは無関係であり、マンションの敷地管理を考えるうえでも一切参考にならない。」です。問題文の条件（相隣関係に関する次の記述のうち、民法の考え方によれば、誤っているものはどれか。…）と照らし、設問が問う論点に合う肢を選び直してください。;4:（4）の内容は、正答（2）「相隣関係の規定は、隣接する土地の利用調整とは無関係であり、マンションの敷地管理を考えるうえでも一切参考にならない…」が示す論点とずれています。,
71,single,マンション管理適正化法,誤り選択;マンション管理適正化法;5問免除,管理業務主任者に関する次の記述のうち、マンション管理適正化法の定めによれば、誤っているものはどれか。,,,,,,管理業務主任者は、管理受託契約に関する重要事項説明に関与する資格者である。,管理業務主任者は、管理事務に関する報告に関与する場合がある。,管理業務主任者証は、いかなる場合でも提示する必要がなく、口頭で氏名を告げれば足りる。,管理業務主任者は、マンション管理業者の業務の適正を確保するために設けられた資格者である。,3,正解は3。選択肢1（正しい）　管理業務主任者は、管理受託契約に関する重要事項説明に関与する資格者である。本肢の記述は正当である。選択肢2（正しい）　管理業務主任者は、管理事務報告に関与する場合がある。本肢の記述は正当である。選択肢3（誤り）　重要事項説明等においては、管理業務主任者証の提示が必要となる場合がある。いかなる場合でも提示不要ではない。選択肢4（正しい）　管理業務主任者制度は、マンション管理業者の業務の適正を確保する趣旨を有する。本肢の記述は正当である。,選択肢3（誤り）　重要事項説明等においては、管理業務主任者証の提示が必要となる場合がある。,選択肢3（誤り）　重要事項説明等においては、管理業務主任者証の提示が必要となる場合がある。,1:（1）「管理業務主任者は、管理受託契約に関する重要事項説明に関与する資格者である。」は、単独の記述としては法令上妥当な場合がありますが、本問で選ぶべき正答は（3）「管理業務主任者証は、いかなる場合でも提示する必要がなく、口頭で氏名を告げれば足りる。」です。問題文の条件（管理業務主任者に関する次の記述のうち、マンション管理適正化法の定めによれば、誤っているものはどれ…）と照らし、設問が問う論点に合う肢を選び直してください。;2:（2）の内容は、正答（3）「管理業務主任者証は、いかなる場合でも提示する必要がなく、口頭で氏名を告げれば足りる。」が示す論点とずれています。;4:（4）「管理業務主任者は、マンション管理業者の業務の適正を確保するために設けられた資格者である。,
72,single,税務,正解選択;税務;会計,管理組合の税務に関する次の記述のうち、一般的な税務の考え方によれば、内容が正確なものはどれか。,,,,,,管理組合は、どのような収入を得ても、税務上の課税関係が問題となることは一切ない。,管理組合が携帯電話基地局設置料など外部への収益事業に該当し得る収入を得る場合、法人税等の課税関係が問題となることがある。,管理費や修繕積立金は、組合員から徴収するものであるため、外部収入と同じく常に法人税の課税対象となる。,税務処理は管理組合の会計とは無関係であり、収入の性質を区別する必要はない。,2,正解は2。選択肢1（誤り）　管理組合であっても、収入の性質によっては税務上の課税関係が問題となる場合がある。一切ないわけではない。選択肢2（正しい）　携帯電話基地局設置料など外部からの収入については、収益事業に該当するか等により法人税等の課税関係が問題となることがある。本肢の記述は正当である。選択肢3（誤り）　組合員から徴収する管理費や修繕積立金は、通常、共同管理の費用負担として扱われる。外部収益と同じく常に法人税の課税対象となるわけではない。選択肢4（誤り）　税務処理では、収入の性質を区別して検討することが重要である。管理組合の会計と無関係ではない。,選択肢2（正しい）　携帯電話基地局設置料など外部からの収入については、収益事業に該当するか等により法人税等の課税関係が問題となることがある。,選択肢2（正しい）　携帯電話基地局設置料など外部からの収入については、収益事業に該当するか等により法人税等の課税関係が問題となることがある。,1:選択肢1（誤り） 管理組合であっても、収入の性質によっては税務上の課税関係が問題となる場合がある。;3:選択肢3（誤り） 組合員から徴収する管理費や修繕積立金は、通常、共同管理の費用負担として扱われる。;4:正答の解説と、主体・手続・効果のいずれかが一致していません。 選択肢（4）「税務処理は管理組合の会計とは無関係であり、収入の性質を区別する必要はない。」は本問の正答（2）とは異なるため不適です。,
73,single,保険,誤り選択;保険;管理組合実務,管理組合の保険に関する次の記述のうち、内容が正確でないものはどれか。,,,,,,マンション総合保険は、共用部分の火災、漏水、賠償責任などのリスクに備えるために活用されることがある。,保険契約の内容を検討する際には、補償範囲、免責事項、保険金額、自己負担額などを確認することが重要である。,施設賠償責任保険は、共用部分の管理不備等により第三者に損害を与えた場合の賠償リスクに関係することがある。,管理組合が保険に加入すれば、建物の点検、修繕、事故予防は一切不要となる。,4,正解は4。選択肢1（正しい）　マンション総合保険は、共用部分の火災、漏水、賠償責任などのリスクに備えるために活用される。本肢の記述は正当である。選択肢2（正しい）　保険契約では、補償範囲、免責事項、保険金額、自己負担額などを確認することが重要である。本肢の記述は正当である。選択肢3（正しい）　施設賠償責任保険は、共用部分の管理不備等による第三者への損害賠償リスクに関係する。本肢の記述は正当である。選択肢4（誤り）　保険は事故時の経済的損失に備えるものであり、点検、修繕、事故予防の必要性をなくすものではない。,正解は4。選択肢1（正しい）　マンション総合保険は、共用部分の火災、漏水、賠償責任などのリスクに備えるために活用される。本肢の記述は正当である。選択肢2（正しい）　保険契約では、補償範囲、免責事項、保険金額、自己負担額などを確認することが重要である。本肢の記述は正当である。選択肢3（正しい）　施設賠償責任保険は、共用部分の管理不備等による第三者への損害賠償リ,選択肢4（誤り）　保険は事故時の経済的損失に備えるものであり、点検、修繕、事故予防の必要性をなくすものではない。,1:（1）「マンション総合保険は、共用部分の火災、漏水、賠償責任などのリスクに備えるために活用されることがある。」は、単独の記述としては法令上妥当な場合がありますが、本問で選ぶべき正答は（4）「管理組合が保険に加入すれば、建物の点検、修繕、事故予防は一切不要となる。」です。問題文の条件（管理組合の保険に関する次の記述のうち、内容が正確でないものはどれか。…）と照らし、設問が問う論点に合う肢を選び直してください。;2:（2）「保険契約の内容を検討する際には、補償範囲、免責事項、保険金額、自己負担額などを確認することが重要である。」は、単独の記述としては法令上妥当な場合がありますが、本問で選ぶべき正答は（4）「管理組合が保険に加入すれば、建物の点検、修繕、事故予防は一切不要となる。」です。問題文の条件（管理組合の保険に関する次の記述のうち、内容が正確でないものはどれか。…）と照らし、設問が問う論点に合う肢を選び直してください。;3:（3）「施設賠償責任保険は、共用部分の管理不備等により第三者に損害を与えた場合の賠償リスクに関係することがある。」は、単独の記述としては法令上妥当な場合がありますが、本問で選ぶべき正答は（4）「管理組合が保険に加入すれば、建物の点検、修繕、事故予防は一切不要となる。」です。問題文の条件（管理組合の保険に関する次の記述のうち、内容が正確でないものはどれか。…）と照らし、設問が問う論点に合う肢を選び直してください。,
74,single,会計,正解選択;会計;管理組合実務,ペイオフと管理組合の資金管理に関する次の記述のうち、内容が正確なものはどれか。,,,,,,管理組合の預金については、金融機関破綻時の保護範囲や預金名義、預入先の分散などを確認することが資金管理上重要である。,管理組合の預金は、金額や預金種類にかかわらず、常に全額が無条件で保護される。,修繕積立金は長期にわたり多額となることがあるが、資金保全策を検討する必要は一切ない。,ペイオフ制度は、管理組合の資金管理とは完全に無関係である。,1,正解は1。選択肢1（正しい）　管理組合の預金については、金融機関破綻時の保護範囲、預金名義、預入先の分散などを確認することが資金管理上重要である。本肢の記述は正当である。選択肢2（誤り）　預金保険制度には保護対象や保護範囲があり、すべての預金が金額や種類にかかわらず常に全額保護されるわけではない。選択肢3（誤り）　修繕積立金は多額になることがあるため、資金保全策を検討する必要がある。選択肢4（誤り）　ペイオフ制度は、管理組合の預金管理や資金保全を考えるうえで関係する。完全に無関係ではない。,選択肢1（正しい）　管理組合の預金については、金融機関破綻時の保護範囲、預金名義、預入先の分散などを確認することが資金管理上重要である。,選択肢1（正しい）　管理組合の預金については、金融機関破綻時の保護範囲、預金名義、預入先の分散などを確認することが資金管理上重要である。,2:選択肢2（誤り） 預金保険制度には保護対象や保護範囲があり、すべての預金が金額や種類にかかわらず常に全額保護されるわけではない。;3:選択肢3（誤り） 修繕積立金は多額になることがあるため、資金保全策を検討する必要がある。;4:選択肢4（誤り） ペイオフ制度は、管理組合の預金管理や資金保全を考えるうえで関係する。,
75,single,建築基準法,誤り選択;建築基準法;建物・設備,建築設備の定期検査に関する次の記述のうち、建築基準法の考え方によれば、誤っているものはどれか。,,,,,,一定の建築設備については、定期的に検査し、特定行政庁に報告する制度が設けられている。,建築設備の定期検査は、建物の安全とは無関係であるため、法令上の制度として存在しない。,換気設備、排煙設備、非常用の照明装置などは、定期検査の対象となる場合がある。,定期検査報告制度は、建築物や設備の安全性を継続的に確認する趣旨を有する。,2,正解は2。選択肢1（正しい）　一定の建築設備については、定期的な検査及び報告制度が設けられている。本肢の記述は正当である。選択肢2（誤り）　建築設備の定期検査は、建物の安全性確保に関係する制度であり、法令上存在する。無関係で制度が存在しないとする本肢は誤っている。選択肢3（正しい）　換気設備、排煙設備、非常用の照明装置などは、用途・規模等に応じて定期検査の対象となる場合がある。本肢の記述は正当である。選択肢4（正しい）　定期検査報告制度は、建築物や設備の安全性を継続的に確認する趣旨を有する。本肢の記述は正当である。,選択肢2（誤り）　建築設備の定期検査は、建物の安全性確保に関係する制度であり、法令上存在する。,選択肢2（誤り）　建築設備の定期検査は、建物の安全性確保に関係する制度であり、法令上存在する。,1:（1）「一定の建築設備については、定期的に検査し、特定行政庁に報告する制度が設けられている。」は、単独の記述としては法令上妥当な場合がありますが、本問で選ぶべき正答は（2）「建築設備の定期検査は、建物の安全とは無関係であるため、法令上の制度として存在しない。」です。問題文の条件（建築設備の定期検査に関する次の記述のうち、建築基準法の考え方によれば、誤っているものはどれか。…）と照らし、設問が問う論点に合う肢を選び直してください。;3:（3）「換気設備、排煙設備、非常用の照明装置などは、定期検査の対象となる場合がある。」は、単独の記述としては法令上妥当な場合がありますが、本問で選ぶべき正答は（2）「建築設備の定期検査は、建物の安全とは無関係であるため、法令上の制度として存在しない。」です。問題文の条件（建築設備の定期検査に関する次の記述のうち、建築基準法の考え方によれば、誤っているものはどれか。…）と照らし、設問が問う論点に合う肢を選び直してください。;4:（4）「定期検査報告制度は、建築物や設備の安全性を継続的に確認する趣旨を有する。」は、単独の記述としては法令上妥当な場合がありますが、本問で選ぶべき正答は（2）「建築設備の定期検査は、建物の安全とは無関係であるため、法令上の制度として存在しない。」です。問題文の条件（建築設備の定期検査に関する次の記述のうち、建築基準法の考え方によれば、誤っているものはどれか。…）と照らし、設問が問う論点に合う肢を選び直してください。,
76,single,建物・設備,正解選択;建物・設備,換気設備に関する次の記述のうち、内容が正確なものはどれか。,,,,,,マンションでは、換気設備は居住環境や結露防止と無関係である。,機械換気設備は、設置後はフィルター清掃や点検が一切不要である。,換気設備は、室内空気環境の維持、湿気や臭気の排出、結露防止などに関係する。,換気方式には種類がなく、すべてのマンションで完全に同一の方式が採用される。,3,正解は3。選択肢1（誤り）　換気設備は、居住環境、湿気、臭気、結露防止などに関係する。無関係ではない。選択肢2（誤り）　機械換気設備は、フィルター清掃、点検、部品交換などの維持管理が必要となることがある。選択肢3（正しい）　換気設備は、室内空気環境の維持、湿気や臭気の排出、結露防止に関係する。本肢の記述は正当である。選択肢4（誤り）　換気方式には自然換気、機械換気、24時間換気などの違いがあり、建物により方式は異なる。,選択肢3（正しい）　換気設備は、室内空気環境の維持、湿気や臭気の排出、結露防止に関係する。,選択肢3（正しい）　換気設備は、室内空気環境の維持、湿気や臭気の排出、結露防止に関係する。,1:（1）の内容は、正答（3）「換気設備は、室内空気環境の維持、湿気や臭気の排出、結露防止などに関係する。」が示す論点とずれています。;2:選択肢2（誤り） 機械換気設備は、フィルター清掃、点検、部品交換などの維持管理が必要となることがある。;4:選択肢4（誤り） 換気方式には自然換気、機械換気、24時間換気などの違いがあり、建物により方式は異なる。,設備・維持保全は数値基準・点検周期・責任の所在がセットで出題されます。表や比較で整理し、他選択肢がどの要件（数値・主体・手続）とずれているかを確認してください。
77,single,長期修繕計画,誤り選択;長期修繕計画;建物・設備,劣化診断に関する次の記述のうち、内容が正確でないものはどれか。,,,,,,劣化診断は、修繕工事の必要性を判断する資料とはならず、実施しても長期修繕計画には一切反映できない。,劣化診断では、外壁、屋上防水、鉄部、給排水設備などの状態を確認することがある。,劣化診断の結果は、大規模修繕工事の範囲や時期を検討する際の参考となる。,目視調査、打診調査、機器を用いた調査など、診断対象に応じた方法が用いられることがある。,1,正解は1。選択肢1（誤り）　劣化診断は、修繕工事の必要性、範囲、時期を判断する重要な資料となり、長期修繕計画の見直しにも反映されることがある。一切反映できないわけではない。選択肢2（正しい）　劣化診断では、外壁、屋上防水、鉄部、給排水設備などの状態を確認することがある。本肢の記述は正当である。選択肢3（正しい）　診断結果は、大規模修繕工事の範囲や時期を検討する際の参考となる。本肢の記述は正当である。選択肢4（正しい）　劣化診断では、目視、打診、機器調査など、対象に応じた方法が用いられる。本肢の記述は正当である。,選択肢1（誤り）　劣化診断は、修繕工事の必要性、範囲、時期を判断する重要な資料となり、長期修繕計画の見直しにも反映されることがある。,選択肢1（誤り）　劣化診断は、修繕工事の必要性、範囲、時期を判断する重要な資料となり、長期修繕計画の見直しにも反映されることがある。,2:（2）「劣化診断では、外壁、屋上防水、鉄部、給排水設備などの状態を確認することがある。」は、単独の記述としては法令上妥当な場合がありますが、本問で選ぶべき正答は（1）「劣化診断は、修繕工事の必要性を判断する資料とはならず、実施しても長期修繕計画には一切反映できない。」です。問題文の条件（劣化診断に関する次の記述のうち、内容が正確でないものはどれか。…）と照らし、設問が問う論点に合う肢を選び直してください。;3:（3）「劣化診断の結果は、大規模修繕工事の範囲や時期を検討する際の参考となる。」は、単独の記述としては法令上妥当な場合がありますが、本問で選ぶべき正答は（1）「劣化診断は、修繕工事の必要性を判断する資料とはならず、実施しても長期修繕計画には一切反映できない。」です。問題文の条件（劣化診断に関する次の記述のうち、内容が正確でないものはどれか。…）と照らし、設問が問う論点に合う肢を選び直してください。;4:（4）「目視調査、打診調査、機器を用いた調査など、診断対象に応じた方法が用いられることがある。」は、単独の記述としては法令上妥当な場合がありますが、本問で選ぶべき正答は（1）「劣化診断は、修繕工事の必要性を判断する資料とはならず、実施しても長期修繕計画には一切反映できない。」です。問題文の条件（劣化診断に関する次の記述のうち、内容が正確でないものはどれか。…）と照らし、設問が問う論点に合う肢を選び直してください。,
78,single,建物・設備,正解選択;建物・設備;建築物石綿含有建材調査,アスベストに関する次の記述のうち、建物管理の考え方によれば、内容が正確なものはどれか。,,,,,,アスベストは、どの建物にも絶対に使用されていないため、調査や記録の確認は不要である。,アスベスト含有建材は、劣化や工事によって飛散するおそれがある場合でも、法令上の規制や安全対策とは無関係である。,マンションの改修工事では、アスベストの有無を確認する必要が生じることはない。,改修・解体工事を行う際には、アスベスト含有建材の有無を事前に確認し、必要な飛散防止措置等を検討することが重要である。,4,正解は4。選択肢1（誤り）　古い建物ではアスベスト含有建材が使用されている場合があるため、図面や調査結果の確認が重要となることがある。選択肢2（誤り）　アスベスト含有建材は、劣化や工事で飛散するおそれがある場合、法令上の規制や安全対策が問題となる。選択肢3（誤り）　改修工事では、アスベスト含有建材の有無を事前に確認する必要が生じることがある。選択肢4（正しい）　改修・解体工事にあたっては、アスベスト含有建材の有無を事前に確認し、必要な飛散防止措置等を検討することが重要である。本肢の記述は正当である。,正解は4。選択肢1（誤り）　古い建物ではアスベスト含有建材が使用されている場合があるため、図面や調査結果の確認が重要となることがある。選択肢2（誤り）　アスベスト含有建材は、劣化や工事で飛散するおそれがある場合、法令上の規制や安全対策が問題となる。選択肢3（誤り）　改修工事では、アスベスト含有建材の有無を事前に確認する必要が生じることがある。選択肢4（正しい,選択肢4（正しい）　改修・解体工事にあたっては、アスベスト含有建材の有無を事前に確認し、必要な飛散防止措置等を検討することが重要である。,1:選択肢1（誤り） 古い建物ではアスベスト含有建材が使用されている場合があるため、図面や調査結果の確認が重要となることがある。;2:選択肢2（誤り） アスベスト含有建材は、劣化や工事で飛散するおそれがある場合、法令上の規制や安全対策が問題となる。;3:選択肢3（誤り） 改修工事では、アスベスト含有建材の有無を事前に確認する必要が生じることがある。,設備・維持保全は数値基準・点検周期・責任の所在がセットで出題されます。表や比較で整理し、他選択肢がどの要件（数値・主体・手続）とずれているかを確認してください。
79,single,防犯指針,誤り選択;防犯指針;管理組合実務,マンションの防犯対策に関する次の記述のうち、内容が正確でないものはどれか。,,,,,,オートロック、防犯カメラ、照明、見通しの確保などは、防犯対策として検討されることがある。,防犯カメラを設置する場合には、設置目的、撮影範囲、録画データの管理ルールなどを明確にすることが望ましい。,防犯対策は、居住者のプライバシーや管理組合のルールと一切関係がないため、総会や理事会で検討する必要はない。,共用部分の防犯対策では、費用負担、維持管理、個人情報保護への配慮が問題となることがある。,3,正解は3。選択肢1（正しい）　オートロック、防犯カメラ、照明、見通しの確保などは、防犯対策として検討されることがある。本肢の記述は正当である。選択肢2（正しい）　防犯カメラ設置では、設置目的、撮影範囲、録画データの管理ルール等を明確にすることが望ましい。本肢の記述は正当である。選択肢3（誤り）　防犯対策は、居住者のプライバシー、費用負担、管理組合のルールと関係する。総会や理事会での検討が必要となる場合がある。選択肢4（正しい）　共用部分の防犯対策では、費用負担、維持管理、個人情報保護への配慮が問題となる。本肢の記述は正当である。,正解は3。選択肢1（正しい）　オートロック、防犯カメラ、照明、見通しの確保などは、防犯対策として検討されることがある。本肢の記述は正当である。選択肢2（正しい）　防犯カメラ設置では、設置目的、撮影範囲、録画データの管理ルール等を明確にすることが望ましい。本肢の記述は正当である。選択肢3（誤り）　防犯対策は、居住者のプライバシー、費用負担、管理組合のルールと関,選択肢3（誤り）　防犯対策は、居住者のプライバシー、費用負担、管理組合のルールと関係する。,1:（1）「オートロック、防犯カメラ、照明、見通しの確保などは、防犯対策として検討されることがある。」は、単独の記述としては法令上妥当な場合がありますが、本問で選ぶべき正答は（3）「防犯対策は、居住者のプライバシーや管理組合のルールと一切関係がないため、総会や理事会で検討する必要はない。」です。問題文の条件（マンションの防犯対策に関する次の記述のうち、内容が正確でないものはどれか。…）と照らし、設問が問う論点に合う肢を選び直してください。;2:（2）「防犯カメラを設置する場合には、設置目的、撮影範囲、録画データの管理ルールなどを明確にすることが望ましい。」は、単独の記述としては法令上妥当な場合がありますが、本問で選ぶべき正答は（3）「防犯対策は、居住者のプライバシーや管理組合のルールと一切関係がないため、総会や理事会で検討する必要はない。」です。問題文の条件（マンションの防犯対策に関する次の記述のうち、内容が正確でないものはどれか。…）と照らし、設問が問う論点に合う肢を選び直してください。;4:（4）「共用部分の防犯対策では、費用負担、維持管理、個人情報保護への配慮が問題となることがある。」は、単独の記述としては法令上妥当な場合がありますが、本問で選ぶべき正答は（3）「防犯対策は、居住者のプライバシーや管理組合のルールと一切関係がないため、総会や理事会で検討する必要はない。」です。問題文の条件（マンションの防犯対策に関する次の記述のうち、内容が正確でないものはどれか。…）と照らし、設問が問う論点に合う肢を選び直してください。,
80,single,管理組合実務,正解選択;管理組合実務;防災,災害対応と管理組合の実務に関する次の記述のうち、内容が正確なものはどれか。,,,,,,管理組合は、災害時の共用部分の被害確認や居住者への情報共有について、一切関与してはならない。,災害時に備えて、連絡体制、避難経路、防災備蓄、設備停止時の対応などを事前に検討しておくことが重要である。,防災訓練は、法律上常に禁止されており、管理組合が実施することはできない。,災害対応は各居住者の私的問題だけであり、共用部分や設備の復旧計画とは無関係である。,2,正解は2。選択肢1（誤り）　管理組合は、共用部分や設備の管理主体として、災害時の被害確認、復旧対応、情報共有に関与する必要が生じる場合がある。一切関与してはならないわけではない。選択肢2（正しい）　災害時に備えて、連絡体制、避難経路、防災備蓄、設備停止時の対応などを事前に検討しておくことが重要である。本肢の記述は正当である。選択肢3（誤り）　防災訓練は、災害時の対応力を高めるために実施されることがある。常に禁止されているわけではない。選択肢4（誤り）　災害対応は共用部分、設備、復旧計画、居住者支援など管理組合実務と関係する。私的問題だけではない。,選択肢2（正しい）　災害時に備えて、連絡体制、避難経路、防災備蓄、設備停止時の対応などを事前に検討しておくことが重要である。,選択肢2（正しい）　災害時に備えて、連絡体制、避難経路、防災備蓄、設備停止時の対応などを事前に検討しておくことが重要である。,1:選択肢1（誤り） 管理組合は、共用部分や設備の管理主体として、災害時の被害確認、復旧対応、情報共有に関与する必要が生じる場合がある。;3:正答の解説と、主体・手続・効果のいずれかが一致していません。 選択肢（3）「防災訓練は、法律上常に禁止されており、管理組合が実施することはできない。」は本問の正答（2）とは異なるため不適です。;4:選択肢4（誤り） 災害対応は共用部分、設備、復旧計画、居住者支援など管理組合実務と関係する。,
81,single,区分所有法,正解選択;区分所有法,区分所有者の団体に関する次の記述のうち、区分所有法の定めによれば、内容が正確なものはどれか。,,,,,,区分所有者は、全員で、建物並びにその敷地及び附属施設の管理を行うための団体を構成する。,管理組合は、法人化しなければ区分所有法上存在しない。,区分所有者の団体は、規約を設定したときに初めて成立する。,区分所有者の団体は、管理者を選任しなければ成立しない。,1,正解は1。選択肢1（正しい）　区分所有者は全員で管理のための団体を構成する（区分所有法第3条）。選択肢2（誤り）　法人化しなくても区分所有者の団体は成立する。選択肢3（誤り）　団体は法律上当然に構成され、規約設定が成立要件ではない。選択肢4（誤り）　管理者の選任も団体成立の要件ではない。,選択肢1（正しい）　区分所有者は全員で管理のための団体を構成する（区分所有法第3条）。,選択肢1（正しい）　区分所有者は全員で管理のための団体を構成する（区分所有法第3条）。,2:根拠の記述が異なります。解説では「団体を構成する（区分所有法」が根拠ですが、（2）は「法人化しなければ区分所有法」を根拠とする内容です。;3:（3）の内容は、正答（1）「区分所有者は、全員で、建物並びにその敷地及び附属施設の管理を行うための団体を構成する。」が示す論点とずれています。;4:（4）の内容は、正答（1）「区分所有者は、全員で、建物並びにその敷地及び附属施設の管理を行うための団体を構成する。」が示す論点とずれています。,
82,single,区分所有法,誤り選択;区分所有法,規約事項に関する次の記述のうち、区分所有法の定めによれば、誤っているものはどれか。,,,,,,建物又は敷地若しくは附属施設の管理又は使用に関する区分所有者相互間の事項は、規約で定めることができる。,規約は、区分所有者全員に効力を及ぼす。,規約は、特定承継人にも効力を及ぼす。,規約は、どのような内容であっても公序良俗や強行法規に反して有効である。,4,正解は4。選択肢1（正しい）　管理又は使用に関する相互間の事項は規約で定めることができる。選択肢2（正しい）　規約は区分所有者に効力を及ぼす。選択肢3（正しい）　規約は特定承継人にも効力を及ぼす（同法第46条）。選択肢4（誤り）　規約も強行法規や公序良俗に反する内容まで当然に有効となるわけではない。,選択肢4（誤り）　規約も強行法規や公序良俗に反する内容まで当然に有効となるわけではない。,選択肢4（誤り）　規約も強行法規や公序良俗に反する内容まで当然に有効となるわけではない。,1:（1）の内容は、正答（4）「規約は、どのような内容であっても公序良俗や強行法規に反して有効である。」が示す論点とずれています。;2:（2）の内容は、正答（4）「規約は、どのような内容であっても公序良俗や強行法規に反して有効である。」が示す論点とずれています。;3:（3）の内容は、正答（4）「規約は、どのような内容であっても公序良俗や強行法規に反して有効である。」が示す論点とずれています。,
83,single,区分所有法,誤り選択;区分所有法,先取特権に関する次の記述のうち、区分所有法の定めによれば、内容が正確でないものはどれか。,,,,,,区分所有者が負担すべき共用部分等の管理に要する費用について、他の区分所有者は債務者の区分所有権等に先取特権を有する場合がある。,区分所有法上の先取特権は、常に一般債権者に劣後し、優先弁済を受ける効力を一切有しない。,管理費等の滞納については、特定承継人への請求が問題となることがある。,先取特権の制度は、管理費等の確保に関係する。,2,正解は2。選択肢1（正しい）　区分所有法第7条は、管理費等に関する先取特権を定めている。選択肢2（誤り）　先取特権は優先弁済的効力を有する担保物権であり、一切優先しないわけではない。選択肢3（正しい）　区分所有法第8条により特定承継人への請求が問題となる。選択肢4（正しい）　先取特権は管理費等の確保に関係する制度である。,選択肢2（誤り）　先取特権は優先弁済的効力を有する担保物権であり、一切優先しないわけではない。,選択肢2（誤り）　先取特権は優先弁済的効力を有する担保物権であり、一切優先しないわけではない。,1:（1）の内容は、正答（2）「区分所有法上の先取特権は、常に一般債権者に劣後し、優先弁済を受ける効力を一切有しない。」が示す論点とずれています。;3:（3）の内容は、正答（2）「区分所有法上の先取特権は、常に一般債権者に劣後し、優先弁済を受ける効力を一切有しない。」が示す論点とずれています。;4:（4）の内容は、正答（2）「区分所有法上の先取特権は、常に一般債権者に劣後し、優先弁済を受ける効力を一切有しない。」が示す論点とずれています。,
84,single,区分所有法,組合せ;区分所有法,集会の招集通知に関する次の記述のうち、区分所有法の定めによれば、正しいものの組合せはどれか。ア 集会の招集通知は、会日より少なくとも1週間前に発しなければならないのが原則である。イ 招集通知期間は、規約で伸縮することができない。ウ 招集通知には、会議の目的たる事項を示さなければならない。エ 建替え決議を会議の目的とする場合でも、通常の管理事項と同じ通知内容で足りる。,,,,,,アとイ,アとウ,イとエ,ウとエ,2,正解は2（アとウ）。ア（正しい）　招集通知は原則として会日より少なくとも1週間前に発する。イ（誤り）　規約で通知期間を伸縮することができる。ウ（正しい）　招集通知には会議の目的たる事項を示す必要がある。エ（誤り）　建替え決議では、法定の詳しい通知事項が問題となる。,正解は2（アとウ）。ア（正しい）　招集通知は原則として会日より少なくとも1週間前に発する。イ（誤り）　規約で通知期間を伸縮することができる。ウ（正しい）　招集通知には会議の目的たる事項を示す必要がある。エ（誤り）　建替え決議では、法定の詳しい通知事項が問題となる。,正解は2（アとウ）。ア（正しい）　招集通知は原則として会日より少なくとも1週間前に発する。イ（誤り）　規約で通知期間を伸縮することができる。ウ（正しい）　招集通知には会議の目的たる事項を示す必要がある。エ（誤り）　建替え決議では、法定の詳しい通知事項が問題となる。,1:（1）「アとイ」は正答（2）「アとウ」と異なる組合せです。 ア：正しい　招集通知は原則として会日より少なくとも1週間前に発する。 イ：誤り　規約で通知期間を伸縮することができる。;3:（3）「イとエ」は正答（2）「アとウ」と異なる組合せです。 イ：誤り　規約で通知期間を伸縮することができる。 エ：誤り　建替え決議では、法定の詳しい通知事項が問題となる。;4:（4）「ウとエ」は正答（2）「アとウ」と異なる組合せです。 ウ：正しい　招集通知には会議の目的たる事項を示す必要がある。 エ：誤り　建替え決議では、法定の詳しい通知事項が問題となる。,
85,single,区分所有法,誤り選択;区分所有法,書面又は電磁的方法による決議に関する次の記述のうち、区分所有法の定めによれば、誤っているものはどれか。,,,,,,集会を開かない書面決議は、区分所有者の一部が反対していても、管理者の判断だけで常に成立する。,区分所有者全員の承諾があるときは、書面又は電磁的方法による決議が認められる場合がある。,書面決議は、集会による決議と同一の効力を有する場合がある。,電磁的方法の利用には、法令や規約上の要件を確認する必要がある。,1,正解は1。選択肢1（誤り）　書面又は電磁的方法による決議は、管理者の判断だけで常に成立するものではない。選択肢2（正しい）　区分所有者全員の承諾等を前提に認められる場合がある。選択肢3（正しい）　要件を満たせば集会決議と同一の効力を有する。選択肢4（正しい）　電磁的方法の利用では、法令・規約・承諾の要件確認が必要である。,選択肢1（誤り）　書面又は電磁的方法による決議は、管理者の判断だけで常に成立するものではない。,選択肢1（誤り）　書面又は電磁的方法による決議は、管理者の判断だけで常に成立するものではない。,2:（2）の内容は、正答（1）「集会を開かない書面決議は、区分所有者の一部が反対していても、管理者の判断だけで常に成立する。」が示す論点とずれています。;3:（3）の内容は、正答（1）「集会を開かない書面決議は、区分所有者の一部が反対していても、管理者の判断だけで常に成立する。」が示す論点とずれています。;4:（4）「電磁的方法の利用には、法令や規約上の要件を確認する必要がある。」は、単独の記述としては法令上妥当な場合がありますが、本問で選ぶべき正答は（1）「集会を開かない書面決議は、区分所有者の一部が反対していても、管理者の判断だけで常に成立する。」です。問題文の条件（書面又は電磁的方法による決議に関する次の記述のうち、区分所有法の定めによれば、誤っているものはど…）と照らし、設問が問う論点に合う肢を選び直してください。,
86,single,区分所有法,正解選択;区分所有法,一部共用部分に関する次の記述のうち、区分所有法の定めによれば、内容が正確なものはどれか。,,,,,,一部共用部分は、必ず区分所有者全員の単独所有となる。,一部共用部分の管理は、常に団地管理組合だけが行う。,一部共用部分の管理のうち、区分所有者全員の利害に関係しないものは、これを共用すべき区分所有者のみで行うのが原則である。,一部共用部分は、規約で全員の管理とすることが一切できない。,3,正解は3。選択肢1（誤り）　一部共用部分は一部の区分所有者の共用に供される部分であり、全員の単独所有ではない。選択肢2（誤り）　団地管理組合だけが常に管理するものではない。選択肢3（正しい）　全員の利害に関係しない管理は、一部共用者で行うのが原則である（区分所有法第16条）。選択肢4（誤り）　規約で全員の管理とすることができる場合がある。,選択肢3（正しい）　全員の利害に関係しない管理は、一部共用者で行うのが原則である（区分所有法第16条）。,選択肢3（正しい）　全員の利害に関係しない管理は、一部共用者で行うのが原則である（区分所有法第16条）。,1:選択肢1（誤り）　一部共用部分は一部の区分所有者の共用に供される部分であり、全員の単独所有ではない。;2:（2）の内容は、正答（3）「一部共用部分の管理のうち、区分所有者全員の利害に関係しないものは、これを共用すべき区分所有者のみで行うのが原則で…」が示す論点とずれています。;4:正答の解説と、主体・手続・効果のいずれかが一致していません。 選択肢（4）「一部共用部分は、規約で全員の管理とすることが一切できない。」は本問の正答（3）とは異なるため不適です。,
87,single,区分所有法,誤り選択;区分所有法,建物の価格の2分の1以下に相当する部分が滅失した場合の復旧に関する次の記述のうち、内容が正確でないものはどれか。,,,,,,各区分所有者は、滅失した共用部分を復旧することができる場合がある。,集会で復旧決議をすることもできる。,小規模滅失の場合でも、管理組合として復旧方法や費用負担を検討する必要がある。,小規模滅失の場合、区分所有者は一切復旧することができず、必ず建替え決議をしなければならない。,4,正解は4。選択肢1（正しい）　小規模滅失では各区分所有者による復旧が認められる場合がある。選択肢2（正しい）　集会で復旧について決議することもできる。選択肢3（正しい）　費用負担や復旧方法の検討が必要となる。選択肢4（誤り）　必ず建替え決議をしなければならないわけではない。,選択肢4（誤り）　必ず建替え決議をしなければならないわけではない。,選択肢4（誤り）　必ず建替え決議をしなければならないわけではない。,1:（1）の内容は、正答（4）「小規模滅失の場合、区分所有者は一切復旧することができず、必ず建替え決議をしなければならない。」が示す論点とずれています。;2:（2）の内容は、正答（4）「小規模滅失の場合、区分所有者は一切復旧することができず、必ず建替え決議をしなければならない。」が示す論点とずれています。;3:根拠の記述が異なります。解説では「費用負担や復旧方法」が根拠ですが、（3）は「管理組合として復旧方法」を根拠とする内容です。,
88,single,区分所有法,正解選択;区分所有法,管理組合法人の登記に関する次の記述のうち、区分所有法の定めによれば、正しいものはどれか。,,,,,,管理組合法人は、集会決議だけで成立し、登記は一切不要である。,管理組合法人は、主たる事務所の所在地において登記をすることにより成立する。,管理組合法人は、法人化しても名称中に管理組合法人という文字を用いる必要がない。,管理組合法人は、理事も監事も置くことができない。,2,正解は2。選択肢1（誤り）　管理組合法人は登記により成立する。選択肢2（正しい）　主たる事務所の所在地で登記することにより成立する（区分所有法第47条）。選択肢3（誤り）　名称中に管理組合法人という文字を用いる必要がある。選択肢4（誤り）　理事及び監事を置く必要がある。,選択肢2（正しい）　主たる事務所の所在地で登記することにより成立する（区分所有法第47条）。,選択肢2（正しい）　主たる事務所の所在地で登記することにより成立する（区分所有法第47条）。,1:正答の解説と、主体・手続・効果のいずれかが一致していません。 選択肢（1）「管理組合法人は、集会決議だけで成立し、登記は一切不要である。」は本問の正答（2）とは異なるため不適です。;3:正答の解説と、主体・手続・効果のいずれかが一致していません。 選択肢（3）「管理組合法人は、法人化しても名称中に管理組合法人という文字を用いる必要がない。」は本問の正答（2）とは異なるため不適です。;4:正答の解説と、主体・手続・効果のいずれかが一致していません。 選択肢（4）「管理組合法人は、理事も監事も置くことができない。」は本問の正答（2）とは異なるため不適です。,
89,single,区分所有法,誤り選択;区分所有法,団地建物所有者の集会に関する次の記述のうち、区分所有法の定めによれば、誤っているものはどれか。,,,,,,団地管理組合では、団地内の土地又は附属施設の管理に関し、団地建物所有者の集会が開かれることがある。,団地管理規約により、一定の建物の管理を団地管理組合の管理対象とすることができる場合がある。,団地管理組合がある場合、各棟の建物に関する集会や規約は常にすべて無効となる。,団地では、団地全体の管理事項と各棟固有の管理事項を区別する必要がある。,3,正解は3。選択肢1（正しい）　団地管理組合では団地建物所有者の集会が問題となる。選択肢2（正しい）　規約により一定の建物管理を団地管理組合の対象にできる場合がある。選択肢3（誤り）　団地管理組合の存在により各棟の管理関係が常にすべて無効となるわけではない。選択肢4（正しい）　団地全体と各棟固有の事項の区別が重要である。,選択肢3（誤り）　団地管理組合の存在により各棟の管理関係が常にすべて無効となるわけではない。,選択肢3（誤り）　団地管理組合の存在により各棟の管理関係が常にすべて無効となるわけではない。,1:（1）の内容は、正答（3）「団地管理組合がある場合、各棟の建物に関する集会や規約は常にすべて無効となる。」が示す論点とずれています。;2:（2）「団地管理規約により、一定の建物の管理を団地管理組合の管理対象とすることができる場合がある。」は、単独の記述としては法令上妥当な場合がありますが、本問で選ぶべき正答は（3）「団地管理組合がある場合、各棟の建物に関する集会や規約は常にすべて無効となる。」です。問題文の条件（団地建物所有者の集会に関する次の記述のうち、区分所有法の定めによれば、誤っているものはどれか。…）と照らし、設問が問う論点に合う肢を選び直してください。;4:（4）の内容は、正答（3）「団地管理組合がある場合、各棟の建物に関する集会や規約は常にすべて無効となる。」が示す論点とずれています。,
90,single,被災区分所有法,正解選択;被災区分所有法,被災マンションに関する次の記述のうち、被災区分所有法の考え方によれば、内容が正確なものはどれか。,,,,,,被災して区分所有建物が全部滅失した場合、敷地共有者等はどのような集会も開くことができない。,被災マンションの敷地については、管理や再建に関する特別な手続が一切用意されていない。,大規模災害後のマンション再建では、敷地共有者等の意思決定は常に全員一致でなければならない。,政令で定める災害により区分所有建物が滅失した場合、敷地共有者等の集会等に関する特別の制度が問題となる。,4,正解は4。選択肢1（誤り）　全部滅失後にも敷地共有者等の集会制度が問題となる。選択肢2（誤り）　被災マンションの再建等に関する特別制度がある。選択肢3（誤り）　常に全員一致を要するわけではなく、法定の決議制度が用意されている。選択肢4（正しい）　被災区分所有法により敷地共有者等の集会等が問題となる。,選択肢4（正しい）　被災区分所有法により敷地共有者等の集会等が問題となる。,選択肢4（正しい）　被災区分所有法により敷地共有者等の集会等が問題となる。,1:正答の解説と、主体・手続・効果のいずれかが一致していません。 選択肢（1）「被災して区分所有建物が全部滅失した場合、敷地共有者等はどのような集会も開くことができない。」は本問の正答（4）とは異なるため不適です。;2:正答の解説と、主体・手続・効果のいずれかが一致していません。 選択肢（2）「被災マンションの敷地については、管理や再建に関する特別な手続が一切用意されていない。」は本問の正答（4）とは異なるため不適です。;3:選択肢3（誤り） 常に全員一致を要するわけではなく、法定の決議制度が用意されている。,
91,single,標準管理規約（単棟型）,誤り選択;標準管理規約（単棟型）,標準管理規約（単棟型）における総会の議長に関する次の記述のうち、内容が正確でないものはどれか。,,,,,,通常総会では、理事長が議長となるのが標準的である。,議長は、総会の議事録を作成する必要がなく、議事の内容を記録しなくてもよい。,議長は、議事を整理し、総会の進行を行う。,議事録には、議事の経過の要領及びその結果などを記載することが重要である。,2,正解は2。選択肢1（正しい）　標準管理規約では通常総会の議長は理事長とされるのが通常である。選択肢2（誤り）　議事録作成は重要であり、議事内容を記録しなくてよいわけではない。選択肢3（正しい）　議長は総会の進行・議事整理を担う。選択肢4（正しい）　議事録には議事の経過の要領及び結果等を記載する。,選択肢2（誤り）　議事録作成は重要であり、議事内容を記録しなくてよいわけではない。,選択肢2（誤り）　議事録作成は重要であり、議事内容を記録しなくてよいわけではない。,1:（1）「通常総会では、理事長が議長となるのが標準的である。」は、単独の記述としては法令上妥当な場合がありますが、本問で選ぶべき正答は（2）「議長は、総会の議事録を作成する必要がなく、議事の内容を記録しなくてもよい。」です。問題文の条件（標準管理規約（単棟型）における総会の議長に関する次の記述のうち、内容が正確でないものはどれか。…）と照らし、設問が問う論点に合う肢を選び直してください。;3:（3）の内容は、正答（2）「議長は、総会の議事録を作成する必要がなく、議事の内容を記録しなくてもよい。」が示す論点とずれています。;4:（4）の内容は、正答（2）「議長は、総会の議事録を作成する必要がなく、議事の内容を記録しなくてもよい。」が示す論点とずれています。,
92,single,標準管理規約（単棟型）,正解選択;標準管理規約（単棟型）,標準管理規約（単棟型）における理事長の職務に関する次の記述のうち、内容が正確なものはどれか。,,,,,,理事長は、管理組合を代表し、その業務を統括する。,理事長は、総会決議を経ずに規約を自由に変更できる。,理事長は、監事の監査を受けることが一切ない。,理事長は、管理費等の収納状況を確認してはならない。,1,正解は1。選択肢1（正しい）　理事長は管理組合を代表し業務を統括する。選択肢2（誤り）　規約変更は総会の特別多数決議が必要となる。選択肢3（誤り）　監事は業務執行や財産状況を監査する。選択肢4（誤り）　管理費等の収納状況の把握は管理組合運営上重要である。,選択肢1（正しい）　理事長は管理組合を代表し業務を統括する。,選択肢1（正しい）　理事長は管理組合を代表し業務を統括する。,2:（2）の内容は、正答（1）「理事長は、管理組合を代表し、その業務を統括する。」が示す論点とずれています。;3:正答の解説と、主体・手続・効果のいずれかが一致していません。 選択肢（3）「理事長は、監事の監査を受けることが一切ない。」は本問の正答（1）とは異なるため不適です。;4:正答の解説と、主体・手続・効果のいずれかが一致していません。 選択肢（4）「理事長は、管理費等の収納状況を確認してはならない。」は本問の正答（1）とは異なるため不適です。,
93,single,標準管理規約（単棟型）,誤り選択;標準管理規約（単棟型）,標準管理規約（単棟型）における専有部分の用途に関する次の記述のうち、内容が正確でないものはどれか。,,,,,,住宅専用のマンションでは、専有部分の用途を住居として定めることがある。,専有部分の使用方法は、共同生活の秩序や他の居住者への影響と関係する。,規約に反する用途で専有部分を使用した場合、管理組合との間で問題となることがある。,専有部分であれば、規約や使用細則に反しても、周囲に迷惑を及ぼす用途に必ず自由に使用できる。,4,正解は4。選択肢1（正しい）　住宅専用として用途を定めることがある。選択肢2（正しい）　専有部分の使用も共同生活に影響する。選択肢3（正しい）　規約違反の用途使用は管理組合との紛争原因となる。選択肢4（誤り）　専有部分でも規約・細則や共同利益に反する使用が自由に許されるわけではない。,選択肢4（誤り）　専有部分でも規約・細則や共同利益に反する使用が自由に許されるわけではない。,選択肢4（誤り）　専有部分でも規約・細則や共同利益に反する使用が自由に許されるわけではない。,1:（1）の内容は、正答（4）「専有部分であれば、規約や使用細則に反しても、周囲に迷惑を及ぼす用途に必ず自由に使用できる。」が示す論点とずれています。;2:（2）の内容は、正答（4）「専有部分であれば、規約や使用細則に反しても、周囲に迷惑を及ぼす用途に必ず自由に使用できる。」が示す論点とずれています。;3:（3）の内容は、正答（4）「専有部分であれば、規約や使用細則に反しても、周囲に迷惑を及ぼす用途に必ず自由に使用できる。」が示す論点とずれています。,
94,single,標準管理規約（単棟型）,正解選択;標準管理規約（単棟型）,標準管理規約（単棟型）におけるペット飼育細則に関する次の記述のうち、内容が正確なものはどれか。,,,,,,ペット飼育は専有部分内だけの問題であるため、管理組合がルールを定めることは一切できない。,ペット飼育を認める場合、種類、頭数、共用部分での移動方法等を定める必要はない。,ペット飼育を認める場合でも、他の居住者への迷惑防止や共用部分の利用ルールを細則で定めることがある。,ペット飼育細則は、規約と矛盾する内容であっても常に優先する。,3,正解は3。選択肢1（誤り）　ペット飼育は共同生活や共用部分利用に影響するためルール化されることがある。選択肢2（誤り）　種類、頭数、移動方法、届出等を定めることがある。選択肢3（正しい）　迷惑防止や共用部分利用のルールを細則で定めることがある。選択肢4（誤り）　細則は規約に反することはできない。,選択肢3（正しい）　迷惑防止や共用部分利用のルールを細則で定めることがある。,選択肢3（正しい）　迷惑防止や共用部分利用のルールを細則で定めることがある。,1:選択肢1（誤り） ペット飼育は共同生活や共用部分利用に影響するためルール化されることがある。;2:正答の解説と、主体・手続・効果のいずれかが一致していません。 選択肢（2）「ペット飼育を認める場合、種類、頭数、共用部分での移動方法等を定める必要はない。」は本問の正答（3）とは異なるため不適です。;4:（4）の内容は、正答（3）「ペット飼育を認める場合でも、他の居住者への迷惑防止や共用部分の利用ルールを細則で定めることがある。」が示す論点とずれています。,
95,single,標準管理規約（単棟型）,誤り選択;標準管理規約（単棟型）,標準管理規約（単棟型）における帳票類の閲覧に関する次の記述のうち、誤っているものはどれか。,,,,,,組合員は、理由のいかんを問わず、管理組合の帳票類をすべて持ち帰り、原本を処分することができる。,会計帳簿や議事録などは、適切に保管する必要がある。,組合員から閲覧請求があった場合には、規約に従い適切に対応する必要がある。,個人情報や管理上の支障に配慮しつつ、閲覧手続を定めておくことが望ましい。,1,正解は1。選択肢1（誤り）　閲覧請求が認められる場合でも、原本を自由に持ち帰り処分できるわけではない。選択肢2（正しい）　帳票類や議事録の保管は重要である。選択肢3（正しい）　閲覧請求には規約・細則に従い対応する。選択肢4（正しい）　個人情報や管理上の支障への配慮も必要である。,選択肢1（誤り）　閲覧請求が認められる場合でも、原本を自由に持ち帰り処分できるわけではない。,選択肢1（誤り）　閲覧請求が認められる場合でも、原本を自由に持ち帰り処分できるわけではない。,2:（2）の内容は、正答（1）「組合員は、理由のいかんを問わず、管理組合の帳票類をすべて持ち帰り、原本を処分することができる。」が示す論点とずれています。;3:（3）の内容は、正答（1）「組合員は、理由のいかんを問わず、管理組合の帳票類をすべて持ち帰り、原本を処分することができる。」が示す論点とずれています。;4:（4）の内容は、正答（1）「組合員は、理由のいかんを問わず、管理組合の帳票類をすべて持ち帰り、原本を処分することができる。」が示す論点とずれています。,
96,single,標準管理規約（団地型）,正解選択;標準管理規約（団地型）,標準管理規約（団地型）に関する次の記述のうち、内容が正確なものはどれか。,,,,,,団地型規約では、団地全体の土地や附属施設の管理を考慮する必要はない。,団地内に複数棟がある場合でも、棟別の事情を考慮することは一切できない。,団地型規約は、単棟型規約と完全に同一であり、団地特有の規定は存在しない。,団地型規約では、団地全体の管理と棟別の管理との関係を整理することが重要である。,4,正解は4。選択肢1（誤り）　団地全体の土地・附属施設管理が重要となる。選択肢2（誤り）　棟別の事情や棟総会等が問題となることがある。選択肢3（誤り）　団地型には団地特有の規定がある。選択肢4（正しい）　団地全体と棟別管理の整理が重要である。,選択肢4（正しい）　団地全体と棟別管理の整理が重要である。,選択肢4（正しい）　団地全体と棟別管理の整理が重要である。,1:正答の解説と、主体・手続・効果のいずれかが一致していません。 選択肢（1）「団地型規約では、団地全体の土地や附属施設の管理を考慮する必要はない。」は本問の正答（4）とは異なるため不適です。;2:正答の解説と、主体・手続・効果のいずれかが一致していません。 選択肢（2）「団地内に複数棟がある場合でも、棟別の事情を考慮することは一切できない。」は本問の正答（4）とは異なるため不適です。;3:正答の解説と、主体・手続・効果のいずれかが一致していません。 選択肢（3）「団地型規約は、単棟型規約と完全に同一であり、団地特有の規定は存在しない。」は本問の正答（4）とは異なるため不適です。,
97,single,標準管理規約（複合用途型）,誤り選択;標準管理規約（複合用途型）,標準管理規約（複合用途型）に関する次の記述のうち、内容が正確でないものはどれか。,,,,,,住宅と店舗等が併存するマンションでは、用途ごとの利害調整が問題となることがある。,複合用途型では、住宅部分と店舗部分の利害が常に完全に一致するため、区分経理や部会を検討する必要は一切ない。,複合用途型では、用途に応じて管理費負担や使用ルールを整理することがある。,複合用途型規約は、単棟型とは異なる実態に応じた規定を置くことがある。,2,正解は2。選択肢1（正しい）　用途が異なると利害調整が問題となる。選択肢2（誤り）　住宅部分と店舗部分で利害が異なることがあり、区分経理や部会等が検討される場合がある。選択肢3（正しい）　負担や使用ルールを用途に応じて整理することがある。選択肢4（正しい）　複合用途型の実態に応じた規定が置かれる。,選択肢2（誤り）　住宅部分と店舗部分で利害が異なることがあり、区分経理や部会等が検討される場合がある。,選択肢2（誤り）　住宅部分と店舗部分で利害が異なることがあり、区分経理や部会等が検討される場合がある。,1:（1）の内容は、正答（2）「複合用途型では、住宅部分と店舗部分の利害が常に完全に一致するため、区分経理や部会を検討する必要は一切ない。」が示す論点とずれています。;3:（3）の内容は、正答（2）「複合用途型では、住宅部分と店舗部分の利害が常に完全に一致するため、区分経理や部会を検討する必要は一切ない。」が示す論点とずれています。;4:（4）の内容は、正答（2）「複合用途型では、住宅部分と店舗部分の利害が常に完全に一致するため、区分経理や部会を検討する必要は一切ない。」が示す論点とずれています。,
98,single,民法,正解選択;民法,意思表示に関する次の記述のうち、民法の定めによれば、内容が正確なものはどれか。,,,,,,詐欺による意思表示は、常に無効であり、取り消すという制度はない。,詐欺又は強迫による意思表示は、取り消すことができる。,錯誤による意思表示は、どのような軽微な錯誤でも必ず無効となる。,意思表示に関する規定は、管理組合の契約関係では一切問題とならない。,2,正解は2。選択肢1（誤り）　詐欺による意思表示は取り消すことができる。選択肢2（正しい）　詐欺又は強迫による意思表示は取り消すことができる（民法第96条）。選択肢3（誤り）　錯誤取消しには要件がある。軽微な錯誤で常に無効となるわけではない。選択肢4（誤り）　管理委託契約や工事請負契約などでも意思表示の問題が生じ得る。,選択肢2（正しい）　詐欺又は強迫による意思表示は取り消すことができる（民法第96条）。,選択肢2（正しい）　詐欺又は強迫による意思表示は取り消すことができる（民法第96条）。,1:正答の解説と、主体・手続・効果のいずれかが一致していません。 選択肢（1）「詐欺による意思表示は、常に無効であり、取り消すという制度はない。」は本問の正答（2）とは異なるため不適です。;3:正答の解説と、主体・手続・効果のいずれかが一致していません。 選択肢（3）「錯誤による意思表示は、どのような軽微な錯誤でも必ず無効となる。」は本問の正答（2）とは異なるため不適です。;4:正答の解説と、主体・手続・効果のいずれかが一致していません。 選択肢（4）「意思表示に関する規定は、管理組合の契約関係では一切問題とならない。」は本問の正答（2）とは異なるため不適です。,
99,single,民法,誤り選択;民法,債務不履行に関する次の記述のうち、民法の定めによれば、誤っているものはどれか。,,,,,,債務者が債務の本旨に従った履行をしない場合、債務不履行が問題となる。,債務不履行により損害が生じた場合、損害賠償請求が認められることがある。,契約解除には、催告や無催告解除の要件が問題となる。,債務不履行があっても、債権者は損害賠償請求や解除を一切することができない。,4,正解は4。選択肢1（正しい）　履行遅滞、履行不能、不完全履行などが問題となる。選択肢2（正しい）　要件を満たせば損害賠償請求が認められる。選択肢3（正しい）　解除には催告解除・無催告解除の要件がある。選択肢4（誤り）　債務不履行により損害賠償や解除が認められる場合がある。,選択肢4（誤り）　債務不履行により損害賠償や解除が認められる場合がある。,選択肢4（誤り）　債務不履行により損害賠償や解除が認められる場合がある。,1:正答の解説と、主体・手続・効果のいずれかが一致していません。 選択肢（1）「債務者が債務の本旨に従った履行をしない場合、債務不履行が問題となる。」は本問の正答（4）とは異なるため不適です。;2:（2）の内容は、正答（4）「債務不履行があっても、債権者は損害賠償請求や解除を一切することができない。」が示す論点とずれています。;3:（3）の内容は、正答（4）「債務不履行があっても、債権者は損害賠償請求や解除を一切することができない。」が示す論点とずれています。,
100,single,民法,正解選択;民法,不法行為に関する次の記述のうち、民法の定めによれば、内容が正確なものはどれか。,,,,,,故意又は過失によって他人の権利又は法律上保護される利益を侵害した者は、これによって生じた損害を賠償する責任を負う。,不法行為責任は、損害が発生していなくても常に成立する。,不法行為では、故意又は過失が問題となることはない。,共用部分の管理不備による事故では、不法行為責任や工作物責任が一切問題とならない。,1,正解は1。選択肢1（正しい）　民法第709条の基本的内容である。選択肢2（誤り）　損害の発生が必要である。選択肢3（誤り）　故意又は過失が原則として問題となる。選択肢4（誤り）　共用部分事故では不法行為責任や工作物責任が問題となることがある。,選択肢1（正しい）　民法第709条の基本的内容である。,選択肢1（正しい）　民法第709条の基本的内容である。,2:（2）の内容は、正答（1）「故意又は過失によって他人の権利又は法律上保護される利益を侵害した者は、これによって生じた損害を賠償する責任を負う…」が示す論点とずれています。;3:正答の解説と、主体・手続・効果のいずれかが一致していません。 選択肢（3）「不法行為では、故意又は過失が問題となることはない。」は本問の正答（1）とは異なるため不適です。;4:選択肢4（誤り） 共用部分事故では不法行為責任や工作物責任が問題となることがある。,
101,single,民法,誤り選択;民法,工作物責任に関する次の記述のうち、民法の定めによれば、誤っているものはどれか。,,,,,,土地の工作物の設置又は保存に瑕疵があることによって他人に損害を生じたときは、占有者又は所有者の責任が問題となる。,建物の外壁タイルが剥落して通行人に損害を与えた場合でも、工作物責任が問題となることは一切ない。,占有者が損害発生防止に必要な注意をしたときは、所有者が責任を負う場合がある。,マンションの共用部分の管理不備は、損害賠償責任につながることがある。,2,正解は2。選択肢1（正しい）　土地工作物責任は民法第717条で問題となる。選択肢2（誤り）　外壁タイル剥落事故では工作物責任が問題となることがある。選択肢3（正しい）　占有者が注意を尽くした場合、所有者が責任を負う場合がある。選択肢4（正しい）　共用部分の管理不備は責任問題につながる。,選択肢2（誤り）　外壁タイル剥落事故では工作物責任が問題となることがある。,選択肢2（誤り）　外壁タイル剥落事故では工作物責任が問題となることがある。,1:（1）の内容は、正答（2）「建物の外壁タイルが剥落して通行人に損害を与えた場合でも、工作物責任が問題となることは一切ない。」が示す論点とずれています。;3:（3）の内容は、正答（2）「建物の外壁タイルが剥落して通行人に損害を与えた場合でも、工作物責任が問題となることは一切ない。」が示す論点とずれています。;4:（4）の内容は、正答（2）「建物の外壁タイルが剥落して通行人に損害を与えた場合でも、工作物責任が問題となることは一切ない。」が示す論点とずれています。,
102,single,民法,正解選択;民法,抵当権の効力に関する次の記述のうち、民法の定めによれば、内容が正確なものはどれか。,,,,,,抵当権は、目的物の占有を抵当権者に移すことを成立要件とする。,抵当権は、被担保債権とは完全に独立し、債権が消滅しても常に存続する。,抵当権は、債務者又は第三者が占有を移転しないで債務の担保に供した不動産について優先弁済を受ける権利である。,抵当権は、不動産には設定できず、動産だけに設定できる。,3,正解は3。選択肢1（誤り）　抵当権は占有を移転しない担保物権である。選択肢2（誤り）　抵当権は被担保債権に従たる性質を有する。選択肢3（正しい）　民法第369条の抵当権の内容である。選択肢4（誤り）　抵当権は不動産等に設定される。,選択肢3（正しい）　民法第369条の抵当権の内容である。,選択肢3（正しい）　民法第369条の抵当権の内容である。,1:（1）の内容は、正答（3）「抵当権は、債務者又は第三者が占有を移転しないで債務の担保に供した不動産について優先弁済を受ける権利である。」が示す論点とずれています。;2:（2）の内容は、正答（3）「抵当権は、債務者又は第三者が占有を移転しないで債務の担保に供した不動産について優先弁済を受ける権利である。」が示す論点とずれています。;4:（4）の内容は、正答（3）「抵当権は、債務者又は第三者が占有を移転しないで債務の担保に供した不動産について優先弁済を受ける権利である。」が示す論点とずれています。,
103,single,不動産登記法,誤り選択;不動産登記法,区分建物の登記に関する次の記述のうち、不動産登記法の考え方によれば、内容が正確でないものはどれか。,,,,,,区分建物については、専有部分ごとの登記記録を作成することは一切できない。,区分建物の登記では、建物の名称、専有部分の家屋番号、床面積などが問題となる。,敷地権がある場合、敷地権の表示が登記されることがある。,区分建物の登記は、専有部分と敷地利用権の関係を公示する機能を有する。,1,正解は1。選択肢1（誤り）　区分建物では専有部分ごとの登記記録が作成される。選択肢2（正しい）　専有部分の表示に関する事項が登記される。選択肢3（正しい）　敷地権がある場合はその表示が問題となる。選択肢4（正しい）　登記は権利関係を公示する機能を有する。,選択肢1（誤り）　区分建物では専有部分ごとの登記記録が作成される。,選択肢1（誤り）　区分建物では専有部分ごとの登記記録が作成される。,2:（2）の内容は、正答（1）「区分建物については、専有部分ごとの登記記録を作成することは一切できない。」が示す論点とずれています。;3:（3）の内容は、正答（1）「区分建物については、専有部分ごとの登記記録を作成することは一切できない。」が示す論点とずれています。;4:（4）の内容は、正答（1）「区分建物については、専有部分ごとの登記記録を作成することは一切できない。」が示す論点とずれています。,
104,single,民法,いくつあるか;民法;管理組合実務,相続人不存在の場合に関する次の記述のうち、民法の考え方によれば、正しいものはいくつあるか。ア 相続人の存在が明らかでない場合、相続財産清算人の選任が問題となる。イ 相続財産から管理費等の債権回収を図る場合、法的手続の確認が必要となる。ウ 相続人が不明であれば、管理組合はどのような手続も一切とることができない。エ 空き住戸化した場合、連絡先や管理費滞納への対応が実務上問題となる。,,,,,,一つ,二つ,三つ,四つ,3,正解は3（三つ）。ア（正しい）　相続人不存在では相続財産清算人の選任が問題となる。イ（正しい）　債権回収には法的手続の確認が必要である。ウ（誤り）　相続財産清算人の選任申立てなど、検討し得る手続がある。エ（正しい）　空き住戸化、滞納、連絡不能は管理実務上重要である。,正解は3（三つ）。ア（正しい）　相続人不存在では相続財産清算人の選任が問題となる。イ（正しい）　債権回収には法的手続の確認が必要である。ウ（誤り）　相続財産清算人の選任申立てなど、検討し得る手続がある。エ（正しい）　空き住戸化、滞納、連絡不能は管理実務上重要である。,正解は3（三つ）。ア（正しい）　相続人不存在では相続財産清算人の選任が問題となる。イ（正しい）　債権回収には法的手続の確認が必要である。ウ（誤り）　相続財産清算人の選任申立てなど、検討し得る手続がある。エ（正しい）　空き住戸化、滞納、連絡不能は管理実務上重要である。,1:（1）「一つ」は、単独の記述としては法令上妥当な場合がありますが、本問で選ぶべき正答は（3）「三つ」です。問題文の条件（相続人不存在の場合に関する次の記述のうち、民法の考え方によれば、正しいものはいくつあるか。ア 相…）と照らし、設問が問う論点に合う肢を選び直してください。;2:（2）「二つ」は、単独の記述としては法令上妥当な場合がありますが、本問で選ぶべき正答は（3）「三つ」です。問題文の条件（相続人不存在の場合に関する次の記述のうち、民法の考え方によれば、正しいものはいくつあるか。ア 相…）と照らし、設問が問う論点に合う肢を選び直してください。;4:（4）「四つ」は、単独の記述としては法令上妥当な場合がありますが、本問で選ぶべき正答は（3）「三つ」です。問題文の条件（相続人不存在の場合に関する次の記述のうち、民法の考え方によれば、正しいものはいくつあるか。ア 相…）と照らし、設問が問う論点に合う肢を選び直してください。,
105,single,マンション管理適正化法,誤り選択;マンション管理適正化法;5問免除,マンション管理士の業務に関する次の記述のうち、マンション管理適正化法の定めによれば、誤っているものはどれか。,,,,,,マンション管理士は、専門的知識をもって管理組合等の相談に応じ、助言、指導その他の援助を行う。,マンション管理士は、管理組合の財産を当然に自己名義で自由に処分する権限を有する。,マンション管理士には、信用失墜行為の禁止が課されている。,マンション管理士には、秘密保持義務が課されている。,2,正解は2。選択肢1（正しい）　マンション管理士の業務内容である。選択肢2（誤り）　マンション管理士は助言等を行う資格者であり、管理組合財産を当然に自由処分する権限はない。選択肢3（正しい）　信用失墜行為は禁止される。選択肢4（正しい）　業務上知り得た秘密を漏らしてはならない。,選択肢2（誤り）　マンション管理士は助言等を行う資格者であり、管理組合財産を当然に自由処分する権限はない。,選択肢2（誤り）　マンション管理士は助言等を行う資格者であり、管理組合財産を当然に自由処分する権限はない。,1:（1）の内容は、正答（2）「マンション管理士は、管理組合の財産を当然に自己名義で自由に処分する権限を有する。」が示す論点とずれています。;3:（3）の内容は、正答（2）「マンション管理士は、管理組合の財産を当然に自己名義で自由に処分する権限を有する。」が示す論点とずれています。;4:（4）の内容は、正答（2）「マンション管理士は、管理組合の財産を当然に自己名義で自由に処分する権限を有する。」が示す論点とずれています。,
106,single,マンション管理適正化法,正解選択;マンション管理適正化法;5問免除,マンション管理業者の登録に関する次の記述のうち、マンション管理適正化法の定めによれば、内容が正確なものはどれか。,,,,,,マンション管理業を営もうとする者は、原則として国土交通大臣の登録を受けなければならない。,マンション管理業者の登録は、任意の屋号届出にすぎず、法的な意味はない。,登録を受けたマンション管理業者は、いかなる義務も負わない。,マンション管理業者は、管理受託契約に関し重要事項説明を行うことが一切ない。,1,正解は1。選択肢1（正しい）　マンション管理業を営むには登録が必要である。選択肢2（誤り）　登録制度には法的意味がある。選択肢3（誤り）　登録業者には重要事項説明、契約書面交付、分別管理等の規律がある。選択肢4（誤り）　管理受託契約では重要事項説明が問題となる。,選択肢1（正しい）　マンション管理業を営むには登録が必要である。,選択肢1（正しい）　マンション管理業を営むには登録が必要である。,2:正答の解説と、主体・手続・効果のいずれかが一致していません。 選択肢（2）「マンション管理業者の登録は、任意の屋号届出にすぎず、法的な意味はない。」は本問の正答（1）とは異なるため不適です。;3:選択肢3（誤り） 登録業者には重要事項説明、契約書面交付、分別管理等の規律がある。;4:正答の解説と、主体・手続・効果のいずれかが一致していません。 選択肢（4）「マンション管理業者は、管理受託契約に関し重要事項説明を行うことが一切ない。」は本問の正答（1）とは異なるため不適です。,
107,single,マンション管理適正化法,誤り選択;マンション管理適正化法;5問免除,管理業務主任者の設置に関する次の記述のうち、マンション管理適正化法の定めによれば、内容が正確でないものはどれか。,,,,,,マンション管理業者は、その事務所ごとに一定数の成年者である専任の管理業務主任者を置く必要がある。,管理業務主任者は、重要事項説明や管理事務報告に関与する。,管理業務主任者は、未成年者であっても常に専任の主任者として設置できる。,管理業務主任者制度は、管理事務の適正を確保するための制度である。,3,正解は3。選択肢1（正しい）　事務所ごとの専任管理業務主任者の設置が求められる。選択肢2（正しい）　重要事項説明等に関与する。選択肢3（誤り）　成年者である専任の管理業務主任者が必要とされる。選択肢4（正しい）　管理事務の適正確保を目的とする。,選択肢3（誤り）　成年者である専任の管理業務主任者が必要とされる。,選択肢3（誤り）　成年者である専任の管理業務主任者が必要とされる。,1:（1）の内容は、正答（3）「管理業務主任者は、未成年者であっても常に専任の主任者として設置できる。」が示す論点とずれています。;2:（2）の内容は、正答（3）「管理業務主任者は、未成年者であっても常に専任の主任者として設置できる。」が示す論点とずれています。;4:選択肢（4）「管理業務主任者制度は、管理事務の適正を確保するための制度である。,
108,single,マンション管理適正化法,正解選択;マンション管理適正化法;5問免除,管理受託契約書面に関する次の記述のうち、マンション管理適正化法の定めによれば、内容が正確なものはどれか。,,,,,,管理受託契約を締結しても、契約内容を記載した書面を交付する必要は一切ない。,契約書面には、管理事務の内容や委託業務費を記載する必要がない。,契約書面は、管理組合ではなく管理業者の内部資料としてだけ保管すれば足りる。,マンション管理業者は、管理受託契約を締結したときは、法定事項を記載した書面を管理組合の管理者等に交付しなければならない。,4,正解は4。選択肢1（誤り）　契約成立後の書面交付が問題となる。選択肢2（誤り）　管理事務の内容や委託業務費は重要な契約内容である。選択肢3（誤り）　管理組合側への交付が必要である。選択肢4（正しい）　法定事項を記載した書面交付義務がある。,選択肢4（正しい）　法定事項を記載した書面交付義務がある。,選択肢4（正しい）　法定事項を記載した書面交付義務がある。,1:正答の解説と、主体・手続・効果のいずれかが一致していません。 選択肢（1）「管理受託契約を締結しても、契約内容を記載した書面を交付する必要は一切ない。」は本問の正答（4）とは異なるため不適です。;2:正答の解説と、主体・手続・効果のいずれかが一致していません。 選択肢（2）「契約書面には、管理事務の内容や委託業務費を記載する必要がない。」は本問の正答（4）とは異なるため不適です。;3:（3）の内容は、正答（4）「マンション管理業者は、管理受託契約を締結したときは、法定事項を記載した書面を管理組合の管理者等に交付しなければな…」が示す論点とずれています。,
109,single,マンション管理適正化法,誤り選択;マンション管理適正化法;5問免除,マンション管理適正化推進計画に関する次の記述のうち、内容が正確でないものはどれか。,,,,,,マンション管理適正化推進計画は、各管理組合が自由に作る私的メモであり、地方公共団体の施策とは一切関係しない。,地方公共団体は、区域内のマンション管理の適正化を推進するための計画を作成することができる。,管理計画認定制度は、地方公共団体のマンション管理適正化施策と関係する。,マンションの管理水準の向上は、居住者だけでなく地域の住環境にも関係する。,1,正解は1。選択肢1（誤り）　推進計画は地方公共団体の施策と関係する制度である。選択肢2（正しい）　地方公共団体は管理適正化推進計画を作成できる。選択肢3（正しい）　管理計画認定制度とも関係する。選択肢4（正しい）　マンション管理は地域の住環境にも影響する。,選択肢1（誤り）　推進計画は地方公共団体の施策と関係する制度である。,選択肢1（誤り）　推進計画は地方公共団体の施策と関係する制度である。,2:選択肢（2）「地方公共団体は、区域内のマンション管理の適正化を推進するための計画を作成することができる。;3:選択肢（3）「管理計画認定制度は、地方公共団体のマンション管理適正化施策と関係する。;4:（4）の内容は、正答（1）「マンション管理適正化推進計画は、各管理組合が自由に作る私的メモであり、地方公共団体の施策とは一切関係しない。」が示す論点とずれています。,
110,single,標準管理委託契約書,正解選択;標準管理委託契約書;マンション管理適正化法,標準管理委託契約書における基幹事務に関する次の記述のうち、内容が正確なものはどれか。,,,,,,基幹事務には、管理組合の会計の収入及び支出の調定は含まれない。,基幹事務には、管理組合の会計の収入及び支出の調定、出納、マンションの維持又は修繕に関する企画又は実施の調整が含まれる。,基幹事務は、管理員が個人的に行う趣味活動を意味する。,基幹事務は、管理組合の管理とは無関係である。,2,正解は2。選択肢1（誤り）　収入及び支出の調定は基幹事務に含まれる。選択肢2（正しい）　会計、出納、維持修繕の企画又は実施の調整が基幹事務である。選択肢3（誤り）　趣味活動ではない。選択肢4（誤り）　管理組合の管理と密接に関係する。,選択肢2（正しい）　会計、出納、維持修繕の企画又は実施の調整が基幹事務である。,選択肢2（正しい）　会計、出納、維持修繕の企画又は実施の調整が基幹事務である。,1:正答の解説と、主体・手続・効果のいずれかが一致していません。 選択肢（1）「基幹事務には、管理組合の会計の収入及び支出の調定は含まれない。」は本問の正答（2）とは異なるため不適です。;3:（3）の内容は、正答（2）「基幹事務には、管理組合の会計の収入及び支出の調定、出納、マンションの維持又は修繕に関する企画又は実施の調整が含ま…」が示す論点とずれています。;4:（4）の内容は、正答（2）「基幹事務には、管理組合の会計の収入及び支出の調定、出納、マンションの維持又は修繕に関する企画又は実施の調整が含ま…」が示す論点とずれています。,
111,single,標準管理委託契約書,誤り選択;標準管理委託契約書;管理組合実務,管理業者への委託と理事会の責任に関する次の記述のうち、内容が正確でないものはどれか。,,,,,,管理業務を委託しても、理事会は管理業者の業務実施状況を確認することが重要である。,管理業者との契約内容は、委託範囲や費用を明確にする必要がある。,理事会は、管理業者からの報告を踏まえて必要な判断を行うことがある。,管理業者に委託した場合、理事会は管理組合運営について一切関与できなくなる。,4,正解は4。選択肢1（正しい）　委託後も業務実施状況の確認は重要である。選択肢2（正しい）　委託範囲や費用の明確化が必要である。選択肢3（正しい）　報告を踏まえ理事会が判断する場面がある。選択肢4（誤り）　委託しても理事会の役割が消滅するわけではない。,選択肢4（誤り）　委託しても理事会の役割が消滅するわけではない。,選択肢4（誤り）　委託しても理事会の役割が消滅するわけではない。,1:（1）の内容は、正答（4）「管理業者に委託した場合、理事会は管理組合運営について一切関与できなくなる。」が示す論点とずれています。;2:（2）の内容は、正答（4）「管理業者に委託した場合、理事会は管理組合運営について一切関与できなくなる。」が示す論点とずれています。;3:（3）の内容は、正答（4）「管理業者に委託した場合、理事会は管理組合運営について一切関与できなくなる。」が示す論点とずれています。,
112,single,会計,正解選択;会計,管理費会計と修繕積立金会計に関する次の記述のうち、内容が正確なものはどれか。,,,,,,管理費会計と修繕積立金会計は、目的が同じであるため、必ず混同して処理しなければならない。,修繕積立金は、日常清掃費を支払うためだけの会計である。,管理費会計と修繕積立金会計は、目的に応じて区分して経理することが重要である。,管理費会計には収入も支出も存在しない。,3,正解は3。選択肢1（誤り）　目的が異なるため区分経理が重要である。選択肢2（誤り）　修繕積立金は計画修繕等に備えるものである。選択肢3（正しい）　目的別に区分して経理することが重要である。選択肢4（誤り）　管理費会計にも収入・支出が存在する。,選択肢3（正しい）　目的別に区分して経理することが重要である。,選択肢3（正しい）　目的別に区分して経理することが重要である。,1:正答の解説と、主体・手続・効果のいずれかが一致していません。 選択肢（1）「管理費会計と修繕積立金会計は、目的が同じであるため、必ず混同して処理しなければならない。」は本問の正答（3）とは異なるため不適です。;2:（2）の内容は、正答（3）「管理費会計と修繕積立金会計は、目的に応じて区分して経理することが重要である。」が示す論点とずれています。;4:（4）「管理費会計には収入も支出も存在しない。」は、単独の記述としては法令上妥当な場合がありますが、本問で選ぶべき正答は（3）「管理費会計と修繕積立金会計は、目的に応じて区分して経理することが重要である。」です。問題文の条件（管理費会計と修繕積立金会計に関する次の記述のうち、内容が正確なものはどれか。…）と照らし、設問が問う論点に合う肢を選び直してください。,
113,single,会計,誤り選択;会計;民法;管理組合実務,滞納管理費等の督促に関する次の記述のうち、内容が正確でないものはどれか。,,,,,,管理費等の滞納が生じた場合でも、公平性の観点から一切督促してはならない。,滞納が長期化すると、管理組合の資金繰りや公平性に影響を及ぼすことがある。,督促、支払督促、訴訟、強制執行など、段階に応じた対応を検討することがある。,滞納対応では、時効管理や証拠書類の整備も重要である。,1,正解は1。選択肢1（誤り）　滞納には適切な督促・回収対応が必要である。選択肢2（正しい）　長期滞納は資金繰りや公平性に影響する。選択肢3（正しい）　段階に応じた法的手段を検討することがある。選択肢4（正しい）　時効管理や証拠整理が重要である。,選択肢1（誤り）　滞納には適切な督促・回収対応が必要である。,選択肢1（誤り）　滞納には適切な督促・回収対応が必要である。,2:（2）の内容は、正答（1）「管理費等の滞納が生じた場合でも、公平性の観点から一切督促してはならない。」が示す論点とずれています。;3:（3）の内容は、正答（1）「管理費等の滞納が生じた場合でも、公平性の観点から一切督促してはならない。」が示す論点とずれています。;4:（4）の内容は、正答（1）「管理費等の滞納が生じた場合でも、公平性の観点から一切督促してはならない。」が示す論点とずれています。,
114,single,会計,正解選択;会計;管理組合実務,管理組合の借入れに関する次の記述のうち、内容が正確なものはどれか。,,,,,,管理組合は、どのような場合でも借入れをすることが法律上絶対に禁止されている。,借入れをすれば、修繕積立金の見直しや返済計画を検討する必要はない。,借入金は、組合員と無関係の理事長個人の債務として必ず処理される。,大規模修繕工事等で資金が不足する場合、総会決議や返済計画を踏まえて借入れを検討することがある。,4,正解は4。選択肢1（誤り）　管理組合の借入れが常に絶対禁止されるわけではない。選択肢2（誤り）　返済計画や積立金見直しが重要である。選択肢3（誤り）　管理組合の借入れを理事長個人債務として必ず処理するわけではない。選択肢4（正しい）　資金不足時には総会決議や返済計画を踏まえ借入れを検討することがある。,選択肢4（正しい）　資金不足時には総会決議や返済計画を踏まえ借入れを検討することがある。,選択肢4（正しい）　資金不足時には総会決議や返済計画を踏まえ借入れを検討することがある。,1:（1）の内容は、正答（4）「大規模修繕工事等で資金が不足する場合、総会決議や返済計画を踏まえて借入れを検討することがある。」が示す論点とずれています。;2:正答の解説と、主体・手続・効果のいずれかが一致していません。 選択肢（2）「借入れをすれば、修繕積立金の見直しや返済計画を検討する必要はない。」は本問の正答（4）とは異なるため不適です。;3:選択肢3（誤り） 管理組合の借入れを理事長個人債務として必ず処理するわけではない。,
115,single,会計,誤り選択;会計;標準管理規約（単棟型）,監査と決算に関する次の記述のうち、標準管理規約及び会計実務の考え方によれば、誤っているものはどれか。,,,,,,監事は、管理組合の業務の執行及び財産の状況を監査する。,監査は形式的な儀式であり、預金残高、収支、未収金、契約書類などを確認する必要は一切ない。,決算報告は、組合員が管理組合の財務状況を把握するために重要である。,監査結果は、総会で報告されることがある。,2,正解は2。選択肢1（正しい）　監事の基本的職務である。選択肢2（誤り）　監査では預金残高、収支、未収金、契約書類等の確認が重要である。選択肢3（正しい）　決算報告は財務状況把握の資料となる。選択肢4（正しい）　監査結果は総会で報告される。,選択肢2（誤り）　監査では預金残高、収支、未収金、契約書類等の確認が重要である。,選択肢2（誤り）　監査では預金残高、収支、未収金、契約書類等の確認が重要である。,1:（1）の内容は、正答（2）「監査は形式的な儀式であり、預金残高、収支、未収金、契約書類などを確認する必要は一切ない。」が示す論点とずれています。;3:（3）の内容は、正答（2）「監査は形式的な儀式であり、預金残高、収支、未収金、契約書類などを確認する必要は一切ない。」が示す論点とずれています。;4:（4）「監査結果は、総会で報告されることがある。」は、単独の記述としては法令上妥当な場合がありますが、本問で選ぶべき正答は（2）「監査は形式的な儀式であり、預金残高、収支、未収金、契約書類などを確認する必要は一切ない。」です。問題文の条件（監査と決算に関する次の記述のうち、標準管理規約及び会計実務の考え方によれば、誤っているものはどれ…）と照らし、設問が問う論点に合う肢を選び直してください。,
116,single,都市計画法,正解選択;都市計画法,都市計画区域に関する次の記述のうち、都市計画法の定めによれば、内容が正確なものはどれか。,,,,,,都市計画区域は、一体の都市として総合的に整備、開発及び保全する必要がある区域として指定される。,都市計画区域内では、用途地域を定めることは絶対にできない。,市街化区域と市街化調整区域の区域区分は、全国すべての都市計画区域で必ず定めなければならない。,都市計画法は、建築物の敷地、構造及び設備の最低基準だけを定める法律である。,1,正解は1。選択肢1（正しい）　都市計画区域は一体の都市として整備等を図る区域である。選択肢2（誤り）　用途地域は都市計画区域内等で定められる。選択肢3（誤り）　区域区分はすべての都市計画区域で必ず定めるわけではない。選択肢4（誤り）　その説明は主に建築基準法の目的に関するもの。,選択肢1（正しい）　都市計画区域は一体の都市として整備等を図る区域である。,選択肢1（正しい）　都市計画区域は一体の都市として整備等を図る区域である。,2:正答の解説と、主体・手続・効果のいずれかが一致していません。 選択肢（2）「都市計画区域内では、用途地域を定めることは絶対にできない。」は本問の正答（1）とは異なるため不適です。;3:正答の解説と、主体・手続・効果のいずれかが一致していません。 選択肢（3）「市街化区域と市街化調整区域の区域区分は、全国すべての都市計画区域で必ず定めなければならない。」は本問の正答（1）とは異なるため不適です。;4:根拠の記述が異なります。解説では「その説明は主に建築基準法」が根拠ですが、（4）は「都市計画法」を根拠とする内容です。,
117,single,建築基準法,誤り選択;建築基準法,建蔽率及び容積率に関する次の記述のうち、建築基準法の考え方によれば、誤っているものはどれか。,,,,,,建蔽率は、建築面積の敷地面積に対する割合である。,容積率は、延べ面積の敷地面積に対する割合である。,容積率は、建築物の高さを敷地面積で割った割合である。,用途地域等に応じて建蔽率や容積率の制限が定められる。,3,正解は3。選択肢1（正しい）　建蔽率は建築面積の敷地面積に対する割合である。選択肢2（正しい）　容積率は延べ面積の敷地面積に対する割合である。選択肢3（誤り）　高さを敷地面積で割るものではない。選択肢4（正しい）　用途地域等に応じて制限が定められる。,選択肢3（誤り）　高さを敷地面積で割るものではない。,選択肢3（誤り）　高さを敷地面積で割るものではない。,1:（1）の内容は、正答（3）「容積率は、建築物の高さを敷地面積で割った割合である。」が示す論点とずれています。;2:（2）の内容は、正答（3）「容積率は、建築物の高さを敷地面積で割った割合である。」が示す論点とずれています。;4:（4）の内容は、正答（3）「容積率は、建築物の高さを敷地面積で割った割合である。」が示す論点とずれています。,
118,single,建築基準法,誤り選択;建築基準法,建築確認に関する次の記述のうち、建築基準法の考え方によれば、内容が正確でないものはどれか。,,,,,,建築確認は、建築計画が建築基準関係規定に適合するかを確認する手続である。,一定の建築物を建築しようとする場合、建築確認が必要となることがある。,確認済証の交付後であっても、工事完了時には完了検査が問題となる場合がある。,建築確認は、建築主の好みの外観色だけを審査する手続であり、法令適合性とは無関係である。,4,正解は4。選択肢1（正しい）　法令適合性を確認する手続である。選択肢2（正しい）　一定の建築行為では建築確認が必要となる。選択肢3（正しい）　完了検査が問題となる場合がある。選択肢4（誤り）　外観色だけを審査する手続ではなく、建築基準関係規定への適合性を確認する。,選択肢4（誤り）　外観色だけを審査する手続ではなく、建築基準関係規定への適合性を確認する。,選択肢4（誤り）　外観色だけを審査する手続ではなく、建築基準関係規定への適合性を確認する。,1:（1）の内容は、正答（4）「建築確認は、建築主の好みの外観色だけを審査する手続であり、法令適合性とは無関係である。」が示す論点とずれています。;2:（2）の内容は、正答（4）「建築確認は、建築主の好みの外観色だけを審査する手続であり、法令適合性とは無関係である。」が示す論点とずれています。;3:（3）の内容は、正答（4）「建築確認は、建築主の好みの外観色だけを審査する手続であり、法令適合性とは無関係である。」が示す論点とずれています。,
119,single,マンション建替え等円滑化法,正解選択;マンション建替え等円滑化法,マンション建替え等円滑化法における敷地売却制度に関する次の記述のうち、内容が正確なものはどれか。,,,,,,敷地売却制度は、耐震性不足等のマンションには一切関係しない。,一定の要件を満たすマンションでは、敷地売却決議に基づき、マンション及び敷地の売却を進める制度が問題となる。,敷地売却制度では、区分所有者の権利調整は一切不要である。,敷地売却制度は、戸建住宅の庭木だけを売却する制度である。,2,正解は2。選択肢1（誤り）　耐震性不足等のマンションで敷地売却制度が問題となる場合がある。選択肢2（正しい）　一定要件のもと敷地売却決議に基づく制度がある。選択肢3（誤り）　権利調整や手続が重要である。選択肢4（誤り）　戸建住宅の庭木売却制度ではない。,選択肢2（正しい）　一定要件のもと敷地売却決議に基づく制度がある。,選択肢2（正しい）　一定要件のもと敷地売却決議に基づく制度がある。,1:正答の解説と、主体・手続・効果のいずれかが一致していません。 選択肢（1）「敷地売却制度は、耐震性不足等のマンションには一切関係しない。」は本問の正答（2）とは異なるため不適です。;3:正答の解説と、主体・手続・効果のいずれかが一致していません。 選択肢（3）「敷地売却制度では、区分所有者の権利調整は一切不要である。」は本問の正答（2）とは異なるため不適です。;4:（4）の内容は、正答（2）「一定の要件を満たすマンションでは、敷地売却決議に基づき、マンション及び敷地の売却を進める制度が問題となる。」が示す論点とずれています。,
120,single,建物・設備,正解選択;建物・設備,鉄筋コンクリート造の劣化に関する次の記述のうち、内容が正確なものはどれか。,,,,,,鉄筋コンクリート造では、コンクリートの中性化や鉄筋腐食は一切発生しない。,ひび割れは、常に構造安全性に全く影響しないため、調査不要である。,中性化が進行し鉄筋が腐食すると、ひび割れや爆裂などの劣化につながることがある。,鉄筋コンクリート造は、竣工後永久に修繕不要である。,3,正解は3。選択肢1（誤り）　中性化や鉄筋腐食は経年劣化として問題となる。選択肢2（誤り）　ひび割れは原因・幅・深さ等を調査する必要がある。選択肢3（正しい）　中性化と鉄筋腐食はひび割れや爆裂につながることがある。選択肢4（誤り）　定期的な点検・修繕が必要である。,選択肢3（正しい）　中性化と鉄筋腐食はひび割れや爆裂につながることがある。,選択肢3（正しい）　中性化と鉄筋腐食はひび割れや爆裂につながることがある。,1:正答の解説と、主体・手続・効果のいずれかが一致していません。 選択肢（1）「鉄筋コンクリート造では、コンクリートの中性化や鉄筋腐食は一切発生しない。」は本問の正答（3）とは異なるため不適です。;2:正答の解説と、主体・手続・効果のいずれかが一致していません。 選択肢（2）「ひび割れは、常に構造安全性に全く影響しないため、調査不要である。」は本問の正答（3）とは異なるため不適です。;4:正答の解説と、主体・手続・効果のいずれかが一致していません。 選択肢（4）「鉄筋コンクリート造は、竣工後永久に修繕不要である。」は本問の正答（3）とは異なるため不適です。,設備・維持保全は数値基準・点検周期・責任の所在がセットで出題されます。表や比較で整理し、他選択肢がどの要件（数値・主体・手続）とずれているかを確認してください。
121,single,建物・設備,誤り選択;建物・設備;長期修繕計画,給水管の更生工事及び更新工事に関する次の記述のうち、内容が正確でないものはどれか。,,,,,,給水管の更生工事と更新工事は完全に同じ工事であり、既存管を残すか撤去するかを検討する必要はない。,更生工事は、既存管の内面を処理して延命を図る工法である。,更新工事は、既存管を新しい管に取り替える工事である。,工法選定では、管種、劣化状況、費用、工事中の生活影響を検討する必要がある。,1,正解は1。選択肢1（誤り）　更生と更新は異なる工法であり、既存管の扱い等を検討する。選択肢2（正しい）　更生工事は既存管内面の処理等により延命を図る。選択肢3（正しい）　更新工事は新しい管に取り替える。選択肢4（正しい）　劣化状況や生活影響等を総合的に検討する。,選択肢1（誤り）　更生と更新は異なる工法であり、既存管の扱い等を検討する。,選択肢1（誤り）　更生と更新は異なる工法であり、既存管の扱い等を検討する。,2:根拠の記述が異なります。解説では「更生と更新は異なる工法」が根拠ですが、（2）は「面を処理して延命を図る工法」を根拠とする内容です。;3:（3）の内容は、正答（1）「給水管の更生工事と更新工事は完全に同じ工事であり、既存管を残すか撤去するかを検討する必要はない。」が示す論点とずれています。;4:（4）の内容は、正答（1）「給水管の更生工事と更新工事は完全に同じ工事であり、既存管を残すか撤去するかを検討する必要はない。」が示す論点とずれています。,設備・維持保全は数値基準・点検周期・責任の所在がセットで出題されます。表や比較で整理し、他選択肢がどの要件（数値・主体・手続）とずれているかを確認してください。
122,single,建物・設備,正解選択;建物・設備,排水管清掃に関する次の記述のうち、内容が正確なものはどれか。,,,,,,排水管清掃は、排水不良や悪臭防止とは無関係である。,排水管は、日常使用しても油脂や汚れが付着することはない。,専有部分内の排水管が関係する場合でも、各住戸への周知や立入り調整は不要である。,定期的な排水管清掃は、詰まり、悪臭、漏水リスクの低減に役立つことがある。,4,正解は4。選択肢1（誤り）　排水管清掃は排水不良や悪臭防止に関係する。選択肢2（誤り）　油脂や汚れが付着し詰まりの原因となることがある。選択肢3（誤り）　住戸内作業では周知や立入り調整が重要である。選択肢4（正しい）　定期清掃は詰まり等のリスク低減に役立つ。,選択肢4（正しい）　定期清掃は詰まり等のリスク低減に役立つ。,選択肢4（正しい）　定期清掃は詰まり等のリスク低減に役立つ。,1:（1）の内容は、正答（4）「定期的な排水管清掃は、詰まり、悪臭、漏水リスクの低減に役立つことがある。」が示す論点とずれています。;2:正答の解説と、主体・手続・効果のいずれかが一致していません。 選択肢（2）「排水管は、日常使用しても油脂や汚れが付着することはない。」は本問の正答（4）とは異なるため不適です。;3:正答の解説と、主体・手続・効果のいずれかが一致していません。 選択肢（3）「専有部分内の排水管が関係する場合でも、各住戸への周知や立入り調整は不要である。」は本問の正答（4）とは異なるため不適です。,設備・維持保全は数値基準・点検周期・責任の所在がセットで出題されます。表や比較で整理し、他選択肢がどの要件（数値・主体・手続）とずれているかを確認してください。
123,single,消防法,誤り選択;消防法;建物・設備,消防用設備等の点検に関する次の記述のうち、消防法の考え方によれば、誤っているものはどれか。,,,,,,消防用設備等は、火災時に機能するよう定期的な点検が必要となる。,自動火災報知設備は、一度設置すれば、故障していても放置してよい。,点検結果については、建物用途等に応じて消防機関へ報告する必要がある場合がある。,避難器具、誘導灯、消火器なども、維持管理の対象となる。,2,正解は2。選択肢1（正しい）　消防用設備等は定期点検が重要である。選択肢2（誤り）　故障を放置してよいわけではない。選択肢3（正しい）　点検結果の報告が必要となる場合がある。選択肢4（正しい）　各種消防設備は維持管理対象となる。,選択肢2（誤り）　故障を放置してよいわけではない。,選択肢2（誤り）　故障を放置してよいわけではない。,1:（1）の内容は、正答（2）「自動火災報知設備は、一度設置すれば、故障していても放置してよい。」が示す論点とずれています。;3:（3）の内容は、正答（2）「自動火災報知設備は、一度設置すれば、故障していても放置してよい。」が示す論点とずれています。;4:（4）の内容は、正答（2）「自動火災報知設備は、一度設置すれば、故障していても放置してよい。」が示す論点とずれています。,
124,single,建物・設備,正解選択;建物・設備,昇降機の保守契約に関する次の記述のうち、内容が正確なものはどれか。,,,,,,エレベーターの保守契約では、点検範囲、部品交換の範囲、故障時対応、契約方式を確認することが重要である。,エレベーターは劣化しないため、保守契約の内容を確認する必要はない。,POG契約とフルメンテナンス契約は、費用負担や部品交換範囲に違いがない。,昇降機の保守は、居住者の安全とは無関係である。,1,正解は1。選択肢1（正しい）　保守契約の範囲や故障対応等の確認が重要である。選択肢2（誤り）　エレベーターも経年劣化する。選択肢3（誤り）　契約方式により部品交換範囲や費用負担が異なる。選択肢4（誤り）　昇降機保守は居住者の安全に直結する。,選択肢1（正しい）　保守契約の範囲や故障対応等の確認が重要である。,選択肢1（正しい）　保守契約の範囲や故障対応等の確認が重要である。,2:正答の解説と、主体・手続・効果のいずれかが一致していません。 選択肢（2）「エレベーターは劣化しないため、保守契約の内容を確認する必要はない。」は本問の正答（1）とは異なるため不適です。;3:正答の解説と、主体・手続・効果のいずれかが一致していません。 選択肢（3）「POG契約とフルメンテナンス契約は、費用負担や部品交換範囲に違いがない。」は本問の正答（1）とは異なるため不適です。;4:（4）の内容は、正答（1）「エレベーターの保守契約では、点検範囲、部品交換の範囲、故障時対応、契約方式を確認することが重要である。」が示す論点とずれています。,設備・維持保全は数値基準・点検周期・責任の所在がセットで出題されます。表や比較で整理し、他選択肢がどの要件（数値・主体・手続）とずれているかを確認してください。
125,single,建物・設備,誤り選択;建物・設備;長期修繕計画,機械式駐車場に関する次の記述のうち、内容が正確でないものはどれか。,,,,,,機械式駐車場は、定期点検や部品交換が必要となる設備である。,機械式駐車場の維持費や更新費は、長期修繕計画で考慮することが重要である。,機械式駐車場は、設置後永久に故障せず、利用台数の減少や維持費増加を検討する必要はない。,安全装置や操作方法の周知は、事故防止の観点から重要である。,3,正解は3。選択肢1（正しい）　機械設備であり定期点検や部品交換が必要である。選択肢2（正しい）　維持費・更新費は長期修繕計画で重要である。選択肢3（誤り）　故障、利用率低下、維持費増加が問題となることがある。選択肢4（正しい）　安全装置や操作周知は事故防止に重要である。,選択肢3（誤り）　故障、利用率低下、維持費増加が問題となることがある。,選択肢3（誤り）　故障、利用率低下、維持費増加が問題となることがある。,1:（1）の内容は、正答（3）「機械式駐車場は、設置後永久に故障せず、利用台数の減少や維持費増加を検討する必要はない。」が示す論点とずれています。;2:（2）の内容は、正答（3）「機械式駐車場は、設置後永久に故障せず、利用台数の減少や維持費増加を検討する必要はない。」が示す論点とずれています。;4:（4）の内容は、正答（3）「機械式駐車場は、設置後永久に故障せず、利用台数の減少や維持費増加を検討する必要はない。」が示す論点とずれています。,設備・維持保全は数値基準・点検周期・責任の所在がセットで出題されます。表や比較で整理し、他選択肢がどの要件（数値・主体・手続）とずれているかを確認してください。
126,single,建物・設備,正解選択;建物・設備;長期修繕計画,省エネルギー改修に関する次の記述のうち、内容が正確なものはどれか。,,,,,,LED照明化は、共用部分の電気使用量削減とは無関係である。,共用部分照明のLED化、断熱性能の改善、高効率設備の導入などは、省エネルギー改修として検討されることがある。,省エネルギー改修は、費用対効果や維持管理費に影響しないため、検討資料を作成する必要はない。,省エネルギー改修は、総会決議や予算とは常に無関係に理事長が個人的に実施できる。,2,正解は2。選択肢1（誤り）　LED化は電気使用量削減に関係する。選択肢2（正しい）　LED化、断熱改善、高効率設備導入等が検討される。選択肢3（誤り）　費用対効果や維持管理費の検討が重要である。選択肢4（誤り）　共用部分工事では総会決議や予算措置が問題となる。,選択肢2（正しい）　LED化、断熱改善、高効率設備導入等が検討される。,選択肢2（正しい）　LED化、断熱改善、高効率設備導入等が検討される。,1:（1）の内容は、正答（2）「共用部分照明のLED化、断熱性能の改善、高効率設備の導入などは、省エネルギー改修として検討されることがある。」が示す論点とずれています。;3:正答の解説と、主体・手続・効果のいずれかが一致していません。 選択肢（3）「省エネルギー改修は、費用対効果や維持管理費に影響しないため、検討資料を作成する必要はない。」は本問の正答（2）とは異なるため不適です。;4:（4）の内容は、正答（2）「共用部分照明のLED化、断熱性能の改善、高効率設備の導入などは、省エネルギー改修として検討されることがある。」が示す論点とずれています。,設備・維持保全は数値基準・点検周期・責任の所在がセットで出題されます。表や比較で整理し、他選択肢がどの要件（数値・主体・手続）とずれているかを確認してください。
127,single,建物・設備,誤り選択;建物・設備;耐震改修,耐震診断及び耐震改修に関する次の記述のうち、内容が正確でないものはどれか。,,,,,,耐震診断は、建物の耐震性能を把握するための資料とはならず、耐震改修の検討にも一切関係しない。,旧耐震基準で建築されたマンションでは、耐震性能の確認が課題となることがある。,耐震改修を行う場合、工法、費用、居住者への影響、合意形成が問題となる。,耐震診断の結果は、改修、建替え、敷地売却等の検討資料となることがある。,1,正解は1。選択肢1（誤り）　耐震診断は耐震性能把握と改修検討の重要資料である。選択肢2（正しい）　旧耐震基準の建物では耐震性確認が課題となる。選択肢3（正しい）　工法、費用、居住者影響、合意形成が重要である。選択肢4（正しい）　診断結果は改修・建替え等の検討資料となる。,選択肢1（誤り）　耐震診断は耐震性能把握と改修検討の重要資料である。,選択肢1（誤り）　耐震診断は耐震性能把握と改修検討の重要資料である。,2:（2）の内容は、正答（1）「耐震診断は、建物の耐震性能を把握するための資料とはならず、耐震改修の検討にも一切関係しない。」が示す論点とずれています。;3:（3）の内容は、正答（1）「耐震診断は、建物の耐震性能を把握するための資料とはならず、耐震改修の検討にも一切関係しない。」が示す論点とずれています。;4:（4）の内容は、正答（1）「耐震診断は、建物の耐震性能を把握するための資料とはならず、耐震改修の検討にも一切関係しない。」が示す論点とずれています。,設備・維持保全は数値基準・点検周期・責任の所在がセットで出題されます。表や比較で整理し、他選択肢がどの要件（数値・主体・手続）とずれているかを確認してください。
128,single,防犯指針,正解選択;防犯指針;個人情報保護,防犯カメラ映像の管理に関する次の記述のうち、内容が正確なものはどれか。,,,,,,防犯カメラ映像は、誰でも自由に閲覧・複製・公開してよい。,録画データの保存期間や閲覧権限を定める必要は一切ない。,防犯カメラ映像には個人情報やプライバシーに関わる情報が含まれるため、管理ルールを定めることが重要である。,防犯カメラは、防犯目的ではなく、管理組合役員の私的娯楽のために設置するものである。,3,正解は3。選択肢1（誤り）　映像の閲覧・複製・公開には慎重な管理が必要である。選択肢2（誤り）　保存期間や閲覧権限のルール化が重要である。選択肢3（正しい）　個人情報・プライバシー配慮が必要である。選択肢4（誤り）　防犯目的等の管理上必要な目的で設置を検討する。,選択肢3（正しい）　個人情報・プライバシー配慮が必要である。,選択肢3（正しい）　個人情報・プライバシー配慮が必要である。,1:（1）の内容は、正答（3）「防犯カメラ映像には個人情報やプライバシーに関わる情報が含まれるため、管理ルールを定めることが重要である。」が示す論点とずれています。;2:正答の解説と、主体・手続・効果のいずれかが一致していません。 選択肢（2）「録画データの保存期間や閲覧権限を定める必要は一切ない。」は本問の正答（3）とは異なるため不適です。;4:（4）の内容は、正答（3）「防犯カメラ映像には個人情報やプライバシーに関わる情報が含まれるため、管理ルールを定めることが重要である。」が示す論点とずれています。,
129,single,管理組合実務,誤り選択;管理組合実務;民法,空き住戸・所在不明区分所有者への対応に関する次の記述のうち、内容が正確でないものはどれか。,,,,,,所在不明者がいる場合、総会招集通知や管理費等の請求、緊急時対応が問題となることがある。,空き住戸では、漏水、換気不足、防犯、郵便物滞留などが管理上問題となることがある。,連絡先届出制度や緊急連絡先の整備は、管理実務上有用である。,所在不明区分所有者がいる場合、管理組合は管理費請求も総会運営も一切できなくなる。,4,正解は4。選択肢1（正しい）　通知、請求、緊急対応が問題となる。選択肢2（正しい）　空き住戸は漏水・防犯等のリスクがある。選択肢3（正しい）　連絡先整備は実務上有用である。選択肢4（誤り）　手続上の工夫や法的対応を検討でき、一切できなくなるわけではない。,選択肢4（誤り）　手続上の工夫や法的対応を検討でき、一切できなくなるわけではない。,選択肢4（誤り）　手続上の工夫や法的対応を検討でき、一切できなくなるわけではない。,1:（1）の内容は、正答（4）「所在不明区分所有者がいる場合、管理組合は管理費請求も総会運営も一切できなくなる。」が示す論点とずれています。;2:（2）の内容は、正答（4）「所在不明区分所有者がいる場合、管理組合は管理費請求も総会運営も一切できなくなる。」が示す論点とずれています。;3:（3）の内容は、正答（4）「所在不明区分所有者がいる場合、管理組合は管理費請求も総会運営も一切できなくなる。」が示す論点とずれています。,
130,single,管理組合実務,正解選択;管理組合実務,管理組合の合意形成に関する次の記述のうち、内容が正確なものはどれか。,,,,,,大規模修繕、規約改正、管理費等の改定では、資料提示、説明会、質疑応答などを通じた合意形成が重要である。,合意形成は、総会決議とは無関係であり、反対意見を聞く必要は一切ない。,理事会は、重要議案について組合員に資料を示さず、結論だけを突然決議させるのが常に望ましい。,管理組合では、多数決による決議があれば、少数者への説明や情報共有は不要である。,1,正解は1。選択肢1（正しい）　重要議案では資料提示や説明会等による合意形成が重要である。選択肢2（誤り）　総会決議の前提として説明や意見聴取が重要となる。選択肢3（誤り）　重要議案では事前資料や検討過程の透明性が望ましい。選択肢4（誤り）　多数決後も少数者への説明や情報共有は円滑な運営に資する。,選択肢1（正しい）　重要議案では資料提示や説明会等による合意形成が重要である。,選択肢1（正しい）　重要議案では資料提示や説明会等による合意形成が重要である。,2:正答の解説と、主体・手続・効果のいずれかが一致していません。 選択肢（2）「合意形成は、総会決議とは無関係であり、反対意見を聞く必要は一切ない。」は本問の正答（1）とは異なるため不適です。;3:（3）の内容は、正答（1）「大規模修繕、規約改正、管理費等の改定では、資料提示、説明会、質疑応答などを通じた合意形成が重要である。」が示す論点とずれています。;4:正答の解説と、主体・手続・効果のいずれかが一致していません。 選択肢（4）「管理組合では、多数決による決議があれば、少数者への説明や情報共有は不要である。」は本問の正答（1）とは異なるため不適です。,
131,single,区分所有法,正解選択;区分所有法,共用部分の保存行為に関する次の記述のうち、区分所有法の定めによれば、内容が正確なものはどれか。,,,,,,各共有者は、共用部分の保存行為をすることができる。,共用部分の保存行為は、常に建替え決議と同じ多数決を要する。,保存行為は、共用部分の現状を維持するための行為であり、必ず全員の書面同意がなければできない。,共用部分の保存行為は、管理者がいる場合でも一切行うことができない。,1,正解は1。選択肢1（正しい）　共用部分の保存行為は、各共有者が行うことができる。選択肢2（誤り）　保存行為に建替え決議の要件は不要である。選択肢3（誤り）　全員の書面同意が常に必要ではない。選択肢4（誤り）　管理者の有無により保存行為が一切禁止されるわけではない。,選択肢1（正しい）　共用部分の保存行為は、各共有者が行うことができる。,選択肢1（正しい）　共用部分の保存行為は、各共有者が行うことができる。,2:（2）の内容は、正答（1）「各共有者は、共用部分の保存行為をすることができる。」が示す論点とずれています。;3:正答の解説と、主体・手続・効果のいずれかが一致していません。 選択肢（3）「保存行為は、共用部分の現状を維持するための行為であり、必ず全員の書面同意がなければできない。」は本問の正答（1）とは異なるため不適です。;4:正答の解説と、主体・手続・効果のいずれかが一致していません。 選択肢（4）「共用部分の保存行為は、管理者がいる場合でも一切行うことができない。」は本問の正答（1）とは異なるため不適です。,
132,single,区分所有法,誤り選択;区分所有法,専有部分の使用に関する次の記述のうち、区分所有法及び判例の考え方によれば、誤っているものはどれか。,,,,,,専有部分の使用であっても、共同の利益に反する行為は禁止される。,規約により、専有部分の使用方法について一定の制限を設けることができる場合がある。,専有部分は完全な私有部分であるため、他の区分所有者にどのような迷惑を及ぼしても管理組合は一切関与できない。,専有部分の用途制限は、建物の性質や共同生活秩序との関係で問題となる。,3,正解は3。選択肢1（正しい）　専有部分でも共同利益に反する行為は問題となる。選択肢2（正しい）　規約により使用方法を定めることができる。選択肢3（誤り）　専有部分の使用でも共同利益に反すれば管理組合の対応が問題となる。選択肢4（正しい）　用途制限は共同生活秩序と関係する。,選択肢3（誤り）　専有部分の使用でも共同利益に反すれば管理組合の対応が問題となる。,選択肢3（誤り）　専有部分の使用でも共同利益に反すれば管理組合の対応が問題となる。,1:（1）の内容は、正答（3）「専有部分は完全な私有部分であるため、他の区分所有者にどのような迷惑を及ぼしても管理組合は一切関与できない。」が示す論点とずれています。;2:根拠の記述が異なります。解説では「規約により使用方法」が根拠ですが、（2）は「専有部分の使用方法」を根拠とする内容です。;4:（4）の内容は、正答（3）「専有部分は完全な私有部分であるため、他の区分所有者にどのような迷惑を及ぼしても管理組合は一切関与できない。」が示す論点とずれています。,
133,single,区分所有法,誤り選択;区分所有法,管理者の訴訟追行に関する次の記述のうち、区分所有法の定めによれば、内容が正確でないものはどれか。,,,,,,管理者は、規約又は集会の決議により、その職務に関し区分所有者のために原告となることができる。,管理者は、規約又は集会の決議により、その職務に関し区分所有者のために被告となることができる。,滞納管理費等の請求訴訟で、管理者の訴訟追行権が問題となることがある。,管理者は、規約又は集会決議がなくても、区分所有者の私的な離婚訴訟を当然に代理できる。,4,正解は4。選択肢1（正しい）　管理者は規約又は集会決議により原告となれる。選択肢2（正しい）　同様に被告となることもできる。選択肢3（正しい）　滞納管理費請求で実務上問題となる。選択肢4（誤り）　管理者の訴訟追行権は職務に関するもので、私的紛争を当然に代理するものではない。,選択肢4（誤り）　管理者の訴訟追行権は職務に関するもので、私的紛争を当然に代理するものではない。,選択肢4（誤り）　管理者の訴訟追行権は職務に関するもので、私的紛争を当然に代理するものではない。,1:（1）の内容は、正答（4）「管理者は、規約又は集会決議がなくても、区分所有者の私的な離婚訴訟を当然に代理できる。」が示す論点とずれています。;2:（2）の内容は、正答（4）「管理者は、規約又は集会決議がなくても、区分所有者の私的な離婚訴訟を当然に代理できる。」が示す論点とずれています。;3:（3）の内容は、正答（4）「管理者は、規約又は集会決議がなくても、区分所有者の私的な離婚訴訟を当然に代理できる。」が示す論点とずれています。,
134,single,区分所有法,組合せ;区分所有法,規約共用部分に関する次の記述のうち、区分所有法の定めによれば、正しいものの組合せはどれか。ア 本来専有部分となり得る部分でも、規約により共用部分とすることができる場合がある。イ 規約共用部分は、登記をしなくても常に第三者に対抗できる。ウ 管理員室や集会室は、規約共用部分として扱われることがある。エ 法定共用部分は、登記をしなければ第三者に対抗できない。,,,,,,アとイ,アとウ,イとエ,ウとエ,2,正解は2（アとウ）。ア（正しい）　本来専有部分となり得る部分を規約共用部分とすることがある。イ（誤り）　規約共用部分は登記しなければ第三者に対抗できない。ウ（正しい）　管理員室や集会室が規約共用部分となることがある。エ（誤り）　法定共用部分は性質上共用部分であり、規約共用部分の登記とは異なる。,正解は2（アとウ）。ア（正しい）　本来専有部分となり得る部分を規約共用部分とすることがある。イ（誤り）　規約共用部分は登記しなければ第三者に対抗できない。ウ（正しい）　管理員室や集会室が規約共用部分となることがある。エ（誤り）　法定共用部分は性質上共用部分であり、規約共用部分の登記とは異なる。,正解は2（アとウ）。ア（正しい）　本来専有部分となり得る部分を規約共用部分とすることがある。イ（誤り）　規約共用部分は登記しなければ第三者に対抗できない。ウ（正しい）　管理員室や集会室が規約共用部分となることがある。エ（誤り）　法定共用部分は性質上共用部分であり、規約共用部分の登記とは異なる。,1:（1）「アとイ」は正答（2）「アとウ」と異なる組合せです。 ア：正しい　本来専有部分となり得る部分を規約共用部分とすることがある。 イ：誤り　規約共用部分は登記しなければ第三者に対抗できない。;3:（3）「イとエ」は正答（2）「アとウ」と異なる組合せです。 イ：誤り　規約共用部分は登記しなければ第三者に対抗できない。 エ：誤り　法定共用部分は性質上共用部分であり、規約共用部分の登記とは異なる。;4:（4）「ウとエ」は正答（2）「アとウ」と異なる組合せです。 ウ：正しい　管理員室や集会室が規約共用部分となることがある。 エ：誤り　法定共用部分は性質上共用部分であり、規約共用部分の登記とは異なる。,
135,single,区分所有法,誤り選択;区分所有法,敷地及び附属施設の管理に関する次の記述のうち、区分所有法の定めによれば、誤っているものはどれか。,,,,,,建物の敷地及び附属施設は、区分所有者の団体による管理の対象となる。,建物の敷地は専有部分ではないため、管理組合が管理事項として扱うことは一切できない。,駐車場、通路、植栽などは、敷地又は附属施設として管理の対象となることがある。,敷地の使用方法については、規約や使用細則でルールを定めることがある。,2,正解は2。選択肢1（正しい）　敷地及び附属施設は管理対象となる。選択肢2（誤り）　敷地は管理組合の重要な管理対象である。選択肢3（正しい）　駐車場等は管理対象となることがある。選択肢4（正しい）　使用方法を規約・細則で定めることがある。,選択肢2（誤り）　敷地は管理組合の重要な管理対象である。,選択肢2（誤り）　敷地は管理組合の重要な管理対象である。,1:（1）の内容は、正答（2）「建物の敷地は専有部分ではないため、管理組合が管理事項として扱うことは一切できない。」が示す論点とずれています。;3:（3）の内容は、正答（2）「建物の敷地は専有部分ではないため、管理組合が管理事項として扱うことは一切できない。」が示す論点とずれています。;4:（4）の内容は、正答（2）「建物の敷地は専有部分ではないため、管理組合が管理事項として扱うことは一切できない。」が示す論点とずれています。,
136,single,区分所有法,正解選択;区分所有法,集会における議決権行使に関する次の記述のうち、区分所有法の定めによれば、内容が正確なものはどれか。,,,,,,区分所有者は、いかなる場合でも代理人により議決権を行使することができない。,書面による議決権行使は、区分所有法上まったく認められない。,区分所有者は、規約に別段の定めがない限り、書面又は代理人によって議決権を行使することができる。,議決権は、管理者だけが行使でき、区分所有者本人は行使できない。,3,正解は3。選択肢1（誤り）　代理人による議決権行使が認められる。選択肢2（誤り）　書面による議決権行使も認められる。選択肢3（正しい）　区分所有法第39条第2項の内容である。選択肢4（誤り）　議決権は区分所有者が有する。,選択肢3（正しい）　区分所有法第39条第2項の内容である。,選択肢3（正しい）　区分所有法第39条第2項の内容である。,1:正答の解説と、主体・手続・効果のいずれかが一致していません。 選択肢（1）「区分所有者は、いかなる場合でも代理人により議決権を行使することができない。」は本問の正答（3）とは異なるため不適です。;2:正答の解説と、主体・手続・効果のいずれかが一致していません。 選択肢（2）「書面による議決権行使は、区分所有法上まったく認められない。」は本問の正答（3）とは異なるため不適です。;4:正答の解説と、主体・手続・効果のいずれかが一致していません。 選択肢（4）「議決権は、管理者だけが行使でき、区分所有者本人は行使できない。」は本問の正答（3）とは異なるため不適です。,
137,single,区分所有法,いくつあるか;区分所有法,区分所有者の共同の利益に反する行為に関する次の記述のうち、正しいものはいくつあるか。ア 騒音、悪臭、危険物の持込みなどが共同利益違反として問題となることがある。イ 共同利益違反への対応には、行為停止請求、使用禁止請求、競売請求など段階的な制度がある。ウ 共同利益違反者が占有者である場合、区分所有法上の対応は一切できない。エ 競売請求は厳格な要件を満たす場合に認められる。,,,,,,一つ,二つ,三つ,四つ,3,正解は3（三つ）。ア（正しい）　騒音等は共同利益違反として問題となる。イ（正しい）　行為停止、使用禁止、競売請求等がある。ウ（誤り）　占有者にも行為停止等の請求が問題となる。エ（正しい）　競売請求は厳格な要件が必要である。,ア（正しい）　騒音等は共同利益違反として問題となる。,正解は3（三つ）。ア（正しい）　騒音等は共同利益違反として問題となる。イ（正しい）　行為停止、使用禁止、競売請求等がある。ウ（誤り）　占有者にも行為停止等の請求が問題となる。エ（正しい）　競売請求は厳格な要件が必要である。,1:（1）の内容は、正答（3）「三つ」が示す論点とずれています。 選択肢（1）「一つ」は本問の正答（3）とは異なるため不適です。;2:（2）の内容は、正答（3）「三つ」が示す論点とずれています。 選択肢（2）「二つ」は本問の正答（3）とは異なるため不適です。;4:（4）の内容は、正答（3）「三つ」が示す論点とずれています。 選択肢（4）「四つ」は本問の正答（3）とは異なるため不適です。,
138,single,区分所有法,誤り選択;区分所有法,共用部分の持分に関する次の記述のうち、区分所有法の定めによれば、誤っているものはどれか。,,,,,,共用部分の持分割合は、いかなる場合でも各区分所有者が自由に毎日変更できる。,共用部分の持分割合は、原則として各共有者の専有部分の床面積割合による。,規約で共用部分の持分割合について別段の定めをすることができる。,共用部分の持分は、原則として専有部分の処分に従う。,1,正解は1。選択肢1（誤り）　持分割合を各区分所有者が毎日自由に変更できるわけではない。選択肢2（正しい）　原則は専有部分の床面積割合である。選択肢3（正しい）　規約で別段の定めが可能である。選択肢4（正しい）　共用部分の持分は専有部分と一体的に扱われる。,選択肢1（誤り）　持分割合を各区分所有者が毎日自由に変更できるわけではない。,選択肢1（誤り）　持分割合を各区分所有者が毎日自由に変更できるわけではない。,2:（2）の内容は、正答（1）「共用部分の持分割合は、いかなる場合でも各区分所有者が自由に毎日変更できる。」が示す論点とずれています。;3:（3）の内容は、正答（1）「共用部分の持分割合は、いかなる場合でも各区分所有者が自由に毎日変更できる。」が示す論点とずれています。;4:（4）の内容は、正答（1）「共用部分の持分割合は、いかなる場合でも各区分所有者が自由に毎日変更できる。」が示す論点とずれています。,
139,single,区分所有法,正解選択;区分所有法,建替え決議後の売渡請求に関する次の記述のうち、区分所有法の考え方によれば、内容が正確なものはどれか。,,,,,,建替え決議に反対した者は、常に無償で権利を失う。,建替え参加者等は、建替えに参加しない旨を回答した区分所有者に対し、区分所有権等を時価で売り渡すべきことを請求できる場合がある。,売渡請求は、建替え決議がなくても理事長が自由に行える。,建替え決議に賛成した者に対してだけ、必ず売渡請求をしなければならない。,2,正解は2。選択肢1（誤り）　反対者が無償で権利を失うわけではない。選択肢2（正しい）　建替え不参加者への時価売渡請求制度がある。選択肢3（誤り）　建替え決議等の要件が必要である。選択肢4（誤り）　売渡請求は建替え不参加者に対する制度である。,選択肢2（正しい）　建替え不参加者への時価売渡請求制度がある。,選択肢2（正しい）　建替え不参加者への時価売渡請求制度がある。,1:（1）の内容は、正答（2）「建替え参加者等は、建替えに参加しない旨を回答した区分所有者に対し、区分所有権等を時価で売り渡すべきことを請求でき…」が示す論点とずれています。;3:（3）の内容は、正答（2）「建替え参加者等は、建替えに参加しない旨を回答した区分所有者に対し、区分所有権等を時価で売り渡すべきことを請求でき…」が示す論点とずれています。;4:正答の解説と、主体・手続・効果のいずれかが一致していません。 選択肢（4）「建替え決議に賛成した者に対してだけ、必ず売渡請求をしなければならない。」は本問の正答（2）とは異なるため不適です。,
140,single,区分所有法,誤り選択;区分所有法,管理組合法人の理事の代表権に関する次の記述のうち、区分所有法の定めによれば、誤っているものはどれか。,,,,,,管理組合法人には理事を置かなければならない。,理事が数人ある場合、規約又は集会決議で管理組合法人を代表すべき理事を定めることができる。,理事は、管理組合法人の事務を執行する。,管理組合法人の理事は、法人の代表や事務執行と一切関係がなく、名称だけの役職である。,4,正解は4。選択肢1（正しい）　管理組合法人には理事が必要である。選択肢2（正しい）　代表理事を定めることができる。選択肢3（正しい）　理事は法人の事務を執行する。選択肢4（誤り）　理事は代表・事務執行に関係する役職である。,選択肢4（誤り）　理事は代表・事務執行に関係する役職である。,選択肢4（誤り）　理事は代表・事務執行に関係する役職である。,1:正答の解説と、主体・手続・効果のいずれかが一致していません。 選択肢（1）「管理組合法人には理事を置かなければならない。」は本問の正答（4）とは異なるため不適です。;2:（2）の内容は、正答（4）「管理組合法人の理事は、法人の代表や事務執行と一切関係がなく、名称だけの役職である。」が示す論点とずれています。;3:（3）の内容は、正答（4）「管理組合法人の理事は、法人の代表や事務執行と一切関係がなく、名称だけの役職である。」が示す論点とずれています。,
141,single,標準管理規約（単棟型）,正解選択;標準管理規約（単棟型）,標準管理規約（単棟型）における総会決議事項に関する次の記述のうち、内容が正確なものはどれか。,,,,,,収支決算及び事業報告は、総会で報告・承認の対象となることはない。,規約の変更は、理事長が単独で口頭により行えば足りる。,大規模修繕工事の実施は、総会で検討されることが一切ない。,収支予算及び事業計画、収支決算及び事業報告、規約変更等は、総会決議事項となる。,4,正解は4。選択肢1（誤り）　決算・事業報告は総会で扱われる。選択肢2（誤り）　規約変更は総会の特別多数決議が必要である。選択肢3（誤り）　大規模修繕工事は総会で重要議案となる。選択肢4（正しい）　標準管理規約上の総会決議事項である。,選択肢4（正しい）　標準管理規約上の総会決議事項である。,選択肢4（正しい）　標準管理規約上の総会決議事項である。,1:正答の解説と、主体・手続・効果のいずれかが一致していません。 選択肢（1）「収支決算及び事業報告は、総会で報告・承認の対象となることはない。」は本問の正答（4）とは異なるため不適です。;2:（2）の内容は、正答（4）「収支予算及び事業計画、収支決算及び事業報告、規約変更等は、総会決議事項となる。」が示す論点とずれています。;3:正答の解説と、主体・手続・効果のいずれかが一致していません。 選択肢（3）「大規模修繕工事の実施は、総会で検討されることが一切ない。」は本問の正答（4）とは異なるため不適です。,
142,single,標準管理規約（単棟型）,誤り選択;標準管理規約（単棟型）,標準管理規約（単棟型）における理事会の成立・議決に関する次の記述のうち、誤っているものはどれか。,,,,,,理事会は、理事が1人も出席していなくても、管理会社の担当者だけで自由に決議できる。,理事会の成立には、規約に定める出席要件を満たす必要がある。,理事会の議決には、規約に定める多数決要件を満たす必要がある。,理事会は、総会に提出する議案を審議することがある。,1,正解は1。選択肢1（誤り）　理事会は理事で構成され、管理会社担当者だけで決議できない。選択肢2（正しい）　成立要件を満たす必要がある。選択肢3（正しい）　議決要件を満たす必要がある。選択肢4（正しい）　総会提出議案を審議することがある。,選択肢1（誤り）　理事会は理事で構成され、管理会社担当者だけで決議できない。,選択肢1（誤り）　理事会は理事で構成され、管理会社担当者だけで決議できない。,2:（2）の内容は、正答（1）「理事会は、理事が1人も出席していなくても、管理会社の担当者だけで自由に決議できる。」が示す論点とずれています。;3:（3）の内容は、正答（1）「理事会は、理事が1人も出席していなくても、管理会社の担当者だけで自由に決議できる。」が示す論点とずれています。;4:（4）の内容は、正答（1）「理事会は、理事が1人も出席していなくても、管理会社の担当者だけで自由に決議できる。」が示す論点とずれています。,
143,single,標準管理規約（単棟型）,正解選択;標準管理規約（単棟型）,標準管理規約（単棟型）における外部専門家の活用に関する次の記述のうち、内容が正確なものはどれか。,,,,,,外部専門家は、マンション管理に関してどのような場面でも一切活用できない。,管理不全の予防や専門性の補完のため、外部専門家を役員等として活用する方式が検討されることがある。,外部専門家を活用する場合、利益相反や責任範囲を確認する必要はない。,外部専門家は、管理組合の意思決定を常に個人的利益のために自由に行える。,2,正解は2。選択肢1（誤り）　外部専門家の活用が検討されることがある。選択肢2（正しい）　専門性補完等のため活用方式がある。選択肢3（誤り）　利益相反や責任範囲の確認が重要である。選択肢4（誤り）　管理組合の利益のため適正に職務を行う必要がある。,選択肢2（正しい）　専門性補完等のため活用方式がある。,選択肢2（正しい）　専門性補完等のため活用方式がある。,1:正答の解説と、主体・手続・効果のいずれかが一致していません。 選択肢（1）「外部専門家は、マンション管理に関してどのような場面でも一切活用できない。」は本問の正答（2）とは異なるため不適です。;3:正答の解説と、主体・手続・効果のいずれかが一致していません。 選択肢（3）「外部専門家を活用する場合、利益相反や責任範囲を確認する必要はない。」は本問の正答（2）とは異なるため不適です。;4:（4）の内容は、正答（2）「管理不全の予防や専門性の補完のため、外部専門家を役員等として活用する方式が検討されることがある。」が示す論点とずれています。,
144,single,標準管理規約（単棟型）,誤り選択;標準管理規約（単棟型）,標準管理規約（単棟型）における専用使用権に関する次の記述のうち、内容が正確でないものはどれか。,,,,,,バルコニーや専用庭などについて、特定の区分所有者に専用使用権が認められることがある。,専用使用部分であっても、共用部分として管理上の制約を受けることがある。,専用使用権がある部分は、専有部分となるため、管理組合は一切管理に関与できない。,専用使用部分の使用方法は、規約や使用細則で定められることがある。,3,正解は3。選択肢1（正しい）　バルコニー等に専用使用権が設定されることがある。選択肢2（正しい）　専用使用部分でも共用部分として制約を受ける。選択肢3（誤り）　専用使用権があっても当然に専有部分となるわけではない。選択肢4（正しい）　使用方法を規約・細則で定めることがある。,選択肢3（誤り）　専用使用権があっても当然に専有部分となるわけではない。,選択肢3（誤り）　専用使用権があっても当然に専有部分となるわけではない。,1:（1）の内容は、正答（3）「専用使用権がある部分は、専有部分となるため、管理組合は一切管理に関与できない。」が示す論点とずれています。;2:（2）の内容は、正答（3）「専用使用権がある部分は、専有部分となるため、管理組合は一切管理に関与できない。」が示す論点とずれています。;4:（4）の内容は、正答（3）「専用使用権がある部分は、専有部分となるため、管理組合は一切管理に関与できない。」が示す論点とずれています。,
145,single,標準管理規約（単棟型）,正解選択;標準管理規約（単棟型）;会計,標準管理規約（単棟型）における管理費等の改定に関する次の記述のうち、内容が正確なものはどれか。,,,,,,管理費等の改定は、収支状況、物価、委託費、修繕計画等を踏まえて総会で検討されることがある。,管理費等は一度定めたら永久に変更できない。,管理費等を改定する場合、組合員に資料を示す必要は一切ない。,管理費等の不足は、管理組合の運営に何の影響も与えない。,1,正解は1。選択肢1（正しい）　収支や支出増、修繕計画等を踏まえ改定を検討する。選択肢2（誤り）　必要に応じて改定できる。選択肢3（誤り）　説明資料の提示が合意形成上重要である。選択肢4（誤り）　不足は管理水準や修繕に影響する。,選択肢1（正しい）　収支や支出増、修繕計画等を踏まえ改定を検討する。,選択肢1（正しい）　収支や支出増、修繕計画等を踏まえ改定を検討する。,2:正答の解説と、主体・手続・効果のいずれかが一致していません。 選択肢（2）「管理費等は一度定めたら永久に変更できない。」は本問の正答（1）とは異なるため不適です。;3:正答の解説と、主体・手続・効果のいずれかが一致していません。 選択肢（3）「管理費等を改定する場合、組合員に資料を示す必要は一切ない。」は本問の正答（1）とは異なるため不適です。;4:正答の解説と、主体・手続・効果のいずれかが一致していません。 選択肢（4）「管理費等の不足は、管理組合の運営に何の影響も与えない。」は本問の正答（1）とは異なるため不適です。,
146,single,標準管理規約（単棟型）,誤り選択;標準管理規約（単棟型）,標準管理規約（単棟型）における暴力団排除条項に関する次の記述のうち、誤っているものはどれか。,,,,,,管理組合の共同生活秩序を維持する観点から、反社会的勢力の排除に関する規定が問題となる。,専有部分の譲渡や貸与に際して、暴力団員等への譲渡・貸与を制限する条項が設けられることがある。,暴力団排除条項は、居住者の安全や良好な住環境の維持と関係する。,暴力団排除条項は、共同生活秩序とは無関係であり、標準管理規約で検討されることは一切ない。,4,正解は4。選択肢1（正しい）　共同生活秩序維持の観点から重要である。選択肢2（正しい）　譲渡・貸与制限の条項が設けられることがある。選択肢3（正しい）　安全や住環境維持に関係する。選択肢4（誤り）　標準管理規約でも反社会的勢力排除が検討される。,選択肢4（誤り）　標準管理規約でも反社会的勢力排除が検討される。,選択肢4（誤り）　標準管理規約でも反社会的勢力排除が検討される。,1:（1）の内容は、正答（4）「暴力団排除条項は、共同生活秩序とは無関係であり、標準管理規約で検討されることは一切ない。」が示す論点とずれています。;2:（2）の内容は、正答（4）「暴力団排除条項は、共同生活秩序とは無関係であり、標準管理規約で検討されることは一切ない。」が示す論点とずれています。;3:（3）の内容は、正答（4）「暴力団排除条項は、共同生活秩序とは無関係であり、標準管理規約で検討されることは一切ない。」が示す論点とずれています。,
147,single,標準管理規約（単棟型）,誤り選択;標準管理規約（単棟型）;管理組合実務,標準管理規約（単棟型）における宅配ボックスに関する次の記述のうち、内容が正確でないものはどれか。,,,,,,宅配ボックスの設置や更新では、共用部分の変更、費用負担、利用ルールが問題となることがある。,宅配ボックスは、どのように設置しても共用部分に影響を与えることがないため、管理組合で検討する必要はない。,利用細則では、保管期間、禁止物、故障時対応などを定めることがある。,設置費や保守費は、管理組合の予算に影響することがある。,2,正解は2。選択肢1（正しい）　共用部分の変更や費用負担が問題となる。選択肢2（誤り）　共用部分への設置なら管理組合での検討が必要である。選択肢3（正しい）　利用ルールを細則で定めることがある。選択肢4（正しい）　設置・保守費は予算に影響する。,選択肢2（誤り）　共用部分への設置なら管理組合での検討が必要である。,選択肢2（誤り）　共用部分への設置なら管理組合での検討が必要である。,1:（1）の内容は、正答（2）「宅配ボックスは、どのように設置しても共用部分に影響を与えることがないため、管理組合で検討する必要はない。」が示す論点とずれています。;3:（3）の内容は、正答（2）「宅配ボックスは、どのように設置しても共用部分に影響を与えることがないため、管理組合で検討する必要はない。」が示す論点とずれています。;4:（4）の内容は、正答（2）「宅配ボックスは、どのように設置しても共用部分に影響を与えることがないため、管理組合で検討する必要はない。」が示す論点とずれています。,
148,single,民法,正解選択;民法,契約解除に関する次の記述のうち、民法の定めによれば、内容が正確なものはどれか。,,,,,,契約違反があっても、債権者はどのような場合でも契約を解除できない。,契約解除は、常に裁判所の判決がなければ意思表示できない。,債務者が履行しない場合、債権者は相当の期間を定めて履行を催告し、その期間内に履行がなければ解除できる場合がある。,契約解除をしても、原状回復や損害賠償の問題は一切生じない。,3,正解は3。選択肢1（誤り）　要件を満たせば解除できる。選択肢2（誤り）　解除は意思表示により行う。選択肢3（正しい）　催告解除の基本である。選択肢4（誤り）　解除後には原状回復や損害賠償が問題となる。,選択肢3（正しい）　催告解除の基本である。,選択肢3（正しい）　催告解除の基本である。,1:正答の解説と、主体・手続・効果のいずれかが一致していません。 選択肢（1）「契約違反があっても、債権者はどのような場合でも契約を解除できない。」は本問の正答（3）とは異なるため不適です。;2:正答の解説と、主体・手続・効果のいずれかが一致していません。 選択肢（2）「契約解除は、常に裁判所の判決がなければ意思表示できない。」は本問の正答（3）とは異なるため不適です。;4:正答の解説と、主体・手続・効果のいずれかが一致していません。 選択肢（4）「契約解除をしても、原状回復や損害賠償の問題は一切生じない。」は本問の正答（3）とは異なるため不適です。,
149,single,民法,誤り選択;民法,保証契約に関する次の記述のうち、民法の定めによれば、誤っているものはどれか。,,,,,,保証契約は、口頭で軽く約束すれば常に有効であり、書面又は電磁的記録は一切不要である。,保証契約は、書面でしなければ効力を生じない。,保証債務は、主たる債務に従たる性質を有する。,管理費等の支払に関して、第三者保証を利用する場合には保証契約の要件を確認する必要がある。,1,正解は1。選択肢1（誤り）　保証契約は書面又は電磁的記録が必要である。選択肢2（正しい）　民法上、保証契約は書面でしなければ効力を生じない。選択肢3（正しい）　保証債務は主債務に従たる。選択肢4（正しい）　管理費等でも保証契約の要件確認が必要である。,選択肢1（誤り）　保証契約は書面又は電磁的記録が必要である。,選択肢1（誤り）　保証契約は書面又は電磁的記録が必要である。,2:正答の解説と、主体・手続・効果のいずれかが一致していません。 選択肢（2）「保証契約は、書面でしなければ効力を生じない。」は本問の正答（1）とは異なるため不適です。;3:（3）の内容は、正答（1）「保証契約は、口頭で軽く約束すれば常に有効であり、書面又は電磁的記録は一切不要である。」が示す論点とずれています。;4:（4）の内容は、正答（1）「保証契約は、口頭で軽く約束すれば常に有効であり、書面又は電磁的記録は一切不要である。」が示す論点とずれています。,
150,single,民法,正解選択;民法,連帯債務に関する次の記述のうち、民法の定めによれば、内容が正確なものはどれか。,,,,,,連帯債務者は、各自が債務の全額について責任を負うことはない。,連帯債務では、債権者は各債務者に対して按分額しか請求できない。,連帯債務は、複数人がいる場合でも単独債務とまったく同じである。,連帯債務者の一人は、債権者に対し、債務の全部の履行をする義務を負う。,4,正解は4。選択肢1（誤り）　連帯債務者は全額について責任を負う。選択肢2（誤り）　債権者は各連帯債務者に全額請求できる。選択肢3（誤り）　複数債務者間の法律関係が問題となる。選択肢4（正しい）　連帯債務の基本的効果である。,選択肢4（正しい）　連帯債務の基本的効果である。,選択肢4（正しい）　連帯債務の基本的効果である。,1:正答の解説と、主体・手続・効果のいずれかが一致していません。 選択肢（1）「連帯債務者は、各自が債務の全額について責任を負うことはない。」は本問の正答（4）とは異なるため不適です。;2:正答の解説と、主体・手続・効果のいずれかが一致していません。 選択肢（2）「連帯債務では、債権者は各債務者に対して按分額しか請求できない。」は本問の正答（4）とは異なるため不適です。;3:（3）の内容は、正答（4）「連帯債務者の一人は、債権者に対し、債務の全部の履行をする義務を負う。」が示す論点とずれています。,
151,single,民法,誤り選択;民法,債権譲渡に関する次の記述のうち、民法の定めによれば、内容が正確でないものはどれか。,,,,,,債権は、性質が許さない場合を除き、譲り渡すことができる。,債権譲渡は、債務者に通知しなくても、常に債務者その他の第三者に対抗できる。,債権譲渡の対抗要件として、債務者への通知又は債務者の承諾が問題となる。,管理組合の債権管理でも、債権の帰属や対抗要件の確認が重要となることがある。,2,正解は2。選択肢1（正しい）　債権は原則として譲渡できる。選択肢2（誤り）　対抗要件を備えなければ債務者等に対抗できない。選択肢3（正しい）　通知又は承諾が対抗要件となる。選択肢4（正しい）　債権管理では帰属や対抗要件が重要である。,選択肢2（誤り）　対抗要件を備えなければ債務者等に対抗できない。,選択肢2（誤り）　対抗要件を備えなければ債務者等に対抗できない。,1:正答の解説と、主体・手続・効果のいずれかが一致していません。 選択肢（1）「債権は、性質が許さない場合を除き、譲り渡すことができる。」は本問の正答（2）とは異なるため不適です。;3:（3）の内容は、正答（2）「債権譲渡は、債務者に通知しなくても、常に債務者その他の第三者に対抗できる。」が示す論点とずれています。;4:（4）の内容は、正答（2）「債権譲渡は、債務者に通知しなくても、常に債務者その他の第三者に対抗できる。」が示す論点とずれています。,
152,single,借地借家法,正解選択;借地借家法,借地借家法上の定期建物賃貸借に関する次の記述のうち、内容が正確なものはどれか。,,,,,,定期建物賃貸借は、契約の更新がない建物賃貸借として、書面等による契約や事前説明など一定の要件が問題となる。,定期建物賃貸借は、普通建物賃貸借と同じく必ず法定更新される。,定期建物賃貸借では、期間満了による終了が一切認められない。,定期建物賃貸借は、建物賃貸借には利用できない制度である。,1,正解は1。選択肢1（正しい）　定期建物賃貸借では書面等や事前説明などの要件が重要である。選択肢2（誤り）　契約更新がない制度である。選択肢3（誤り）　要件を満たせば期間満了により終了する。選択肢4（誤り）　建物賃貸借に利用できる制度である。,選択肢1（正しい）　定期建物賃貸借では書面等や事前説明などの要件が重要である。,選択肢1（正しい）　定期建物賃貸借では書面等や事前説明などの要件が重要である。,2:（2）の内容は、正答（1）「定期建物賃貸借は、契約の更新がない建物賃貸借として、書面等による契約や事前説明など一定の要件が問題となる。」が示す論点とずれています。;3:正答の解説と、主体・手続・効果のいずれかが一致していません。 選択肢（3）「定期建物賃貸借では、期間満了による終了が一切認められない。」は本問の正答（1）とは異なるため不適です。;4:正答の解説と、主体・手続・効果のいずれかが一致していません。 選択肢（4）「定期建物賃貸借は、建物賃貸借には利用できない制度である。」は本問の正答（1）とは異なるため不適です。,
153,single,民法,誤り選択;民法;不動産登記法,不動産登記の対抗力に関する次の記述のうち、民法及び不動産登記法の考え方によれば、誤っているものはどれか。,,,,,,不動産物権変動は、原則として登記をしなければ第三者に対抗できない。,二重譲渡では、登記の先後が対抗関係で重要となることがある。,不動産の所有権を取得した者は、登記がなくても常にすべての第三者に対抗できる。,登記は、不動産の権利関係を公示する制度である。,3,正解は3。選択肢1（正しい）　民法第177条の原則である。選択肢2（正しい）　二重譲渡では登記の先後が重要となる。選択肢3（誤り）　登記がなければ対抗できない第三者がいる。選択肢4（正しい）　登記は権利関係を公示する制度である。,選択肢3（誤り）　登記がなければ対抗できない第三者がいる。,選択肢3（誤り）　登記がなければ対抗できない第三者がいる。,1:正答の解説と、主体・手続・効果のいずれかが一致していません。 選択肢（1）「不動産物権変動は、原則として登記をしなければ第三者に対抗できない。」は本問の正答（3）とは異なるため不適です。;2:（2）の内容は、正答（3）「不動産の所有権を取得した者は、登記がなくても常にすべての第三者に対抗できる。」が示す論点とずれています。;4:（4）の内容は、正答（3）「不動産の所有権を取得した者は、登記がなくても常にすべての第三者に対抗できる。」が示す論点とずれています。,
154,single,マンション管理適正化法,正解選択;マンション管理適正化法;5問免除,マンション管理士の名称使用制限に関する次の記述のうち、マンション管理適正化法の定めによれば、内容が正確なものはどれか。,,,,,,マンション管理士でない者も、自由にマンション管理士の名称を用いることができる。,マンション管理士でない者は、マンション管理士又はこれに紛らわしい名称を使用してはならない。,マンション管理士の名称使用には、登録制度は一切関係しない。,マンション管理士試験に不合格でも、実務経験があれば当然に名称を使用できる。,2,正解は2。選択肢1（誤り）　名称使用は制限される。選択肢2（正しい）　マンション管理士でない者の名称使用は禁止される。選択肢3（誤り）　登録制度が関係する。選択肢4（誤り）　不合格者が当然に名称使用できるわけではない。,選択肢2（正しい）　マンション管理士でない者の名称使用は禁止される。,選択肢2（正しい）　マンション管理士でない者の名称使用は禁止される。,1:（1）の内容は、正答（2）「マンション管理士でない者は、マンション管理士又はこれに紛らわしい名称を使用してはならない。」が示す論点とずれています。;3:（3）の内容は、正答（2）「マンション管理士でない者は、マンション管理士又はこれに紛らわしい名称を使用してはならない。」が示す論点とずれています。;4:（4）の内容は、正答（2）「マンション管理士でない者は、マンション管理士又はこれに紛らわしい名称を使用してはならない。」が示す論点とずれています。,
155,single,マンション管理適正化法,誤り選択;マンション管理適正化法;5問免除,重要事項説明書に関する次の記述のうち、マンション管理適正化法の考え方によれば、誤っているものはどれか。,,,,,,管理受託契約の締結前に、管理組合に契約内容を理解させるため重要事項説明が行われる。,重要事項説明書には、管理事務の内容や委託業務費など重要な事項が記載される。,管理業務主任者は、重要事項説明に関与する。,重要事項説明書は、契約内容の確認とは無関係であり、白紙で交付すれば常に足りる。,4,正解は4。選択肢1（正しい）　締結前の説明制度である。選択肢2（正しい）　管理事務の内容や費用等が重要事項である。選択肢3（正しい）　管理業務主任者が関与する。選択肢4（誤り）　白紙交付では説明書の役割を果たさない。,選択肢4（誤り）　白紙交付では説明書の役割を果たさない。,選択肢4（誤り）　白紙交付では説明書の役割を果たさない。,1:（1）の内容は、正答（4）「重要事項説明書は、契約内容の確認とは無関係であり、白紙で交付すれば常に足りる。」が示す論点とずれています。;2:（2）の内容は、正答（4）「重要事項説明書は、契約内容の確認とは無関係であり、白紙で交付すれば常に足りる。」が示す論点とずれています。;3:（3）の内容は、正答（4）「重要事項説明書は、契約内容の確認とは無関係であり、白紙で交付すれば常に足りる。」が示す論点とずれています。,
156,single,マンション管理適正化法,誤り選択;マンション管理適正化法;5問免除,管理業務主任者証に関する次の記述のうち、マンション管理適正化法の定めによれば、内容が正確でないものはどれか。,,,,,,管理業務主任者は、重要事項説明を行う際にも主任者証を提示する必要が一切ない。,管理業務主任者証は、管理業務主任者であることを示す重要な証明である。,重要事項説明の相手方に対して、管理業務主任者証の提示が必要となる場合がある。,主任者証の有効期間や更新については、法令上の手続が問題となる。,1,正解は1。選択肢1（誤り）　重要事項説明時には主任者証の提示が必要となる。選択肢2（正しい）　主任者証は資格者であることを示す。選択肢3（正しい）　説明相手方への提示が必要となる。選択肢4（正しい）　有効期間や更新手続がある。,選択肢1（誤り）　重要事項説明時には主任者証の提示が必要となる。,選択肢1（誤り）　重要事項説明時には主任者証の提示が必要となる。,2:（2）の内容は、正答（1）「管理業務主任者は、重要事項説明を行う際にも主任者証を提示する必要が一切ない。」が示す論点とずれています。;3:（3）の内容は、正答（1）「管理業務主任者は、重要事項説明を行う際にも主任者証を提示する必要が一切ない。」が示す論点とずれています。;4:（4）の内容は、正答（1）「管理業務主任者は、重要事項説明を行う際にも主任者証を提示する必要が一切ない。」が示す論点とずれています。,
157,single,マンション管理適正化法,正解選択;マンション管理適正化法;5問免除,財産の分別管理方式に関する次の記述のうち、マンション管理適正化法の考え方によれば、内容が正確なものはどれか。,,,,,,管理業者は、管理組合の資金を自己の運転資金として自由に流用できる。,分別管理は、管理組合の財産保全とは無関係である。,管理業者には、管理組合から受領した財産を適切に分別管理するための規制が設けられている。,収納口座や保管口座の管理方法は、重要事項説明と一切関係しない。,3,正解は3。選択肢1（誤り）　管理組合資金の自由流用は許されない。選択肢2（誤り）　分別管理は財産保全に関係する。選択肢3（正しい）　管理業者には分別管理規制がある。選択肢4（誤り）　口座管理方法は重要な説明事項となる。,選択肢3（正しい）　管理業者には分別管理規制がある。,選択肢3（正しい）　管理業者には分別管理規制がある。,1:（1）の内容は、正答（3）「管理業者には、管理組合から受領した財産を適切に分別管理するための規制が設けられている。」が示す論点とずれています。;2:（2）の内容は、正答（3）「管理業者には、管理組合から受領した財産を適切に分別管理するための規制が設けられている。」が示す論点とずれています。;4:根拠の記述が異なります。解説では「口座管理方法」が根拠ですが、（4）は「納口座や保管口座の管理方法」を根拠とする内容です。 正答の解説と、主体・手続・効果のいずれかが一致していません。,
158,single,マンション管理適正化法,誤り選択;マンション管理適正化法;5問免除,管理計画認定基準に関する次の記述のうち、内容が正確でないものはどれか。,,,,,,管理者等が定められていることは、管理計画認定で確認される事項となる。,管理計画認定では、長期修繕計画や修繕積立金の状況は一切確認されない。,集会が適切に開催されていることは、管理組合運営の健全性に関係する。,管理規約の整備や会計の区分経理は、管理水準の判断に関係する。,2,正解は2。選択肢1（正しい）　管理者等の設定は確認事項となる。選択肢2（誤り）　長期修繕計画や修繕積立金の状況も認定基準で重要である。選択肢3（正しい）　集会開催は運営の健全性に関係する。選択肢4（正しい）　規約整備や区分経理も重要である。,選択肢2（誤り）　長期修繕計画や修繕積立金の状況も認定基準で重要である。,選択肢2（誤り）　長期修繕計画や修繕積立金の状況も認定基準で重要である。,1:（1）の内容は、正答（2）「管理計画認定では、長期修繕計画や修繕積立金の状況は一切確認されない。」が示す論点とずれています。;3:（3）の内容は、正答（2）「管理計画認定では、長期修繕計画や修繕積立金の状況は一切確認されない。」が示す論点とずれています。;4:（4）の内容は、正答（2）「管理計画認定では、長期修繕計画や修繕積立金の状況は一切確認されない。」が示す論点とずれています。,
159,single,マンション管理適正化法,正解選択;マンション管理適正化法;5問免除,マンション管理適正化指針に関する次の記述のうち、内容が正確なものはどれか。,,,,,,管理組合は、マンションの管理の主体として、適正な管理に努めることが求められる。,マンション管理適正化指針は、管理組合の存在を否定するための指針である。,区分所有者は、管理組合の運営に関心を持つ必要が一切ない。,長期修繕計画は、マンション管理適正化とは無関係である。,1,正解は1。選択肢1（正しい）　管理組合は管理の主体として適正管理に努める。選択肢2（誤り）　管理組合の適正運営を促す指針である。選択肢3（誤り）　区分所有者の参加意識が重要である。選択肢4（誤り）　長期修繕計画は適正管理に深く関係する。,選択肢1（正しい）　管理組合は管理の主体として適正管理に努める。,選択肢1（正しい）　管理組合は管理の主体として適正管理に努める。,2:選択肢（2）「マンション管理適正化指針は、管理組合の存在を否定するための指針である。;3:正答の解説と、主体・手続・効果のいずれかが一致していません。 選択肢（3）「区分所有者は、管理組合の運営に関心を持つ必要が一切ない。」は本問の正答（1）とは異なるため不適です。;4:（4）の内容は、正答（1）「管理組合は、マンションの管理の主体として、適正な管理に努めることが求められる。」が示す論点とずれています。,
160,single,標準管理委託契約書,誤り選択;標準管理委託契約書,標準管理委託契約書における契約期間に関する次の記述のうち、内容が正確でないものはどれか。,,,,,,管理委託契約は、一度締結すれば、契約期間を定めることも更新手続を確認することも一切不要である。,契約期間は、管理組合と管理業者の権利義務を明確にする重要な事項である。,契約更新時には、委託業務費や業務内容の見直しが検討されることがある。,契約終了時の引継ぎや書類返還について確認しておくことが望ましい。,1,正解は1。選択肢1（誤り）　契約期間や更新手続の確認は重要である。選択肢2（正しい）　契約期間は重要な契約事項である。選択肢3（正しい）　更新時に費用や業務内容を見直すことがある。選択肢4（正しい）　終了時引継ぎや書類返還も重要である。,選択肢1（誤り）　契約期間や更新手続の確認は重要である。,選択肢1（誤り）　契約期間や更新手続の確認は重要である。,2:（2）の内容は、正答（1）「管理委託契約は、一度締結すれば、契約期間を定めることも更新手続を確認することも一切不要である。」が示す論点とずれています。;3:（3）の内容は、正答（1）「管理委託契約は、一度締結すれば、契約期間を定めることも更新手続を確認することも一切不要である。」が示す論点とずれています。;4:（4）の内容は、正答（1）「管理委託契約は、一度締結すれば、契約期間を定めることも更新手続を確認することも一切不要である。」が示す論点とずれています。,
161,single,標準管理委託契約書,正解選択;標準管理委託契約書,管理員業務に関する次の記述のうち、標準管理委託契約書の考え方によれば、内容が正確なものはどれか。,,,,,,管理員は、管理組合の総会決議を自由に取り消す権限を有する。,管理員業務には、受付、点検、立会い、報告連絡などが含まれることがある。,管理員は、組合員の私的な家事を無制限に代行するためだけに配置される。,管理員業務は、管理委託契約の仕様とは一切関係しない。,2,正解は2。選択肢1（誤り）　管理員に総会決議取消権限はない。選択肢2（正しい）　受付、点検、立会い、報告連絡などが業務となることがある。選択肢3（誤り）　私的家事代行が目的ではない。選択肢4（誤り）　業務内容は委託契約や仕様書で定められる。,選択肢2（正しい）　受付、点検、立会い、報告連絡などが業務となることがある。,選択肢2（正しい）　受付、点検、立会い、報告連絡などが業務となることがある。,1:（1）の内容は、正答（2）「管理員業務には、受付、点検、立会い、報告連絡などが含まれることがある。」が示す論点とずれています。;3:（3）の内容は、正答（2）「管理員業務には、受付、点検、立会い、報告連絡などが含まれることがある。」が示す論点とずれています。;4:正答の解説と、主体・手続・効果のいずれかが一致していません。 選択肢（4）「管理員業務は、管理委託契約の仕様とは一切関係しない。」は本問の正答（2）とは異なるため不適です。,
162,single,会計,誤り選択;会計,管理組合の予備費に関する次の記述のうち、会計実務の考え方によれば、誤っているものはどれか。,,,,,,予備費は、予算作成時に予見しにくい支出に備えるために計上されることがある。,予備費の使用については、理事会や総会への報告など、管理ルールを定めておくことが望ましい。,予備費は、理事長が個人的な旅行費用に自由に使うための費目である。,予備費を設けても、支出の必要性や証憑の確認は重要である。,3,正解は3。選択肢1（正しい）　予見しにくい支出への備えである。選択肢2（正しい）　使用ルールや報告が重要である。選択肢3（誤り）　理事長個人の私的支出に使う費目ではない。選択肢4（正しい）　必要性や証憑確認は重要である。,選択肢3（誤り）　理事長個人の私的支出に使う費目ではない。,選択肢3（誤り）　理事長個人の私的支出に使う費目ではない。,1:（1）の内容は、正答（3）「予備費は、理事長が個人的な旅行費用に自由に使うための費目である。」が示す論点とずれています。;2:（2）の内容は、正答（3）「予備費は、理事長が個人的な旅行費用に自由に使うための費目である。」が示す論点とずれています。;4:（4）の内容は、正答（3）「予備費は、理事長が個人的な旅行費用に自由に使うための費目である。」が示す論点とずれています。,
163,single,会計,正解選択;会計;長期修繕計画,修繕積立金の段階増額積立方式に関する次の記述のうち、内容が正確なものはどれか。,,,,,,段階増額積立方式では、将来の値上げ予定を組合員に説明する必要は一切ない。,段階増額積立方式は、初期の負担を抑える一方、将来の増額合意が不要になる制度である。,段階増額積立方式では、将来不足が生じても長期修繕計画の見直しは不要である。,段階増額積立方式では、将来の増額予定、合意形成、資金不足リスクを説明し、計画的に見直すことが重要である。,4,正解は4。選択肢1（誤り）　将来負担の説明が重要である。選択肢2（誤り）　将来の増額合意や見直しが課題となる。選択肢3（誤り）　不足が見込まれる場合は見直しが必要である。選択肢4（正しい）　増額予定とリスクを説明し計画的に見直すことが重要である。,選択肢4（正しい）　増額予定とリスクを説明し計画的に見直すことが重要である。,選択肢4（正しい）　増額予定とリスクを説明し計画的に見直すことが重要である。,1:正答の解説と、主体・手続・効果のいずれかが一致していません。 選択肢（1）「段階増額積立方式では、将来の値上げ予定を組合員に説明する必要は一切ない。」は本問の正答（4）とは異なるため不適です。;2:正答の解説と、主体・手続・効果のいずれかが一致していません。 選択肢（2）「段階増額積立方式は、初期の負担を抑える一方、将来の増額合意が不要になる制度である。」は本問の正答（4）とは異なるため不適です。;3:正答の解説と、主体・手続・効果のいずれかが一致していません。 選択肢（3）「段階増額積立方式では、将来不足が生じても長期修繕計画の見直しは不要である。」は本問の正答（4）とは異なるため不適です。,
164,single,建築基準法,誤り選択;建築基準法,建築協定に関する次の記述のうち、建築基準法の考え方によれば、内容が正確でないものはどれか。,,,,,,建築協定は、一定の区域内で建築物の敷地、位置、構造、用途等に関する基準を定める制度である。,建築協定は、建築物とは無関係な個人の趣味だけを強制する制度である。,建築協定は、良好な環境を維持増進するために活用されることがある。,マンション敷地周辺の建築制限を考える際、建築協定が問題となる場合がある。,2,正解は2。選択肢1（正しい）　建築物に関する基準を定める制度である。選択肢2（誤り）　個人の趣味だけを強制する制度ではない。選択肢3（正しい）　良好な環境維持のため活用されることがある。選択肢4（正しい）　周辺の建築制限として問題となることがある。,選択肢2（誤り）　個人の趣味だけを強制する制度ではない。,選択肢2（誤り）　個人の趣味だけを強制する制度ではない。,1:（1）の内容は、正答（2）「建築協定は、建築物とは無関係な個人の趣味だけを強制する制度である。」が示す論点とずれています。;3:（3）の内容は、正答（2）「建築協定は、建築物とは無関係な個人の趣味だけを強制する制度である。」が示す論点とずれています。;4:（4）の内容は、正答（2）「建築協定は、建築物とは無関係な個人の趣味だけを強制する制度である。」が示す論点とずれています。,
165,single,建築基準法,正解選択;建築基準法,防火地域及び準防火地域に関する次の記述のうち、建築基準法の考え方によれば、内容が正確なものはどれか。,,,,,,防火地域や準防火地域では、建築物の構造や防火措置について制限が設けられることがある。,防火地域では、火災予防に関する制限が一切ない。,準防火地域は、都市計画とは無関係に各住戸の家具配置だけを定める区域である。,防火地域内であっても、建築物の用途や規模に応じた規制を確認する必要はない。,1,正解は1。選択肢1（正しい）　構造や防火措置の制限がある。選択肢2（誤り）　火災拡大防止のための規制がある。選択肢3（誤り）　家具配置を定める区域ではない。選択肢4（誤り）　用途・規模に応じた規制確認が必要である。,選択肢1（正しい）　構造や防火措置の制限がある。,選択肢1（正しい）　構造や防火措置の制限がある。,2:正答の解説と、主体・手続・効果のいずれかが一致していません。 選択肢（2）「防火地域では、火災予防に関する制限が一切ない。」は本問の正答（1）とは異なるため不適です。;3:（3）の内容は、正答（1）「防火地域や準防火地域では、建築物の構造や防火措置について制限が設けられることがある。」が示す論点とずれています。;4:正答の解説と、主体・手続・効果のいずれかが一致していません。 選択肢（4）「防火地域内であっても、建築物の用途や規模に応じた規制を確認する必要はない。」は本問の正答（1）とは異なるため不適です。,
166,single,都市計画法,誤り選択;都市計画法,開発許可に関する次の記述のうち、都市計画法の考え方によれば、誤っているものはどれか。,,,,,,一定規模以上の開発行為を行う場合、開発許可が必要となることがある。,開発許可制度は、無秩序な市街化を防ぎ、公共施設整備等との調整を図る趣旨を有する。,市街化調整区域では、開発行為が厳しく制限される。,開発許可制度は、土地の造成や建築とは一切関係がなく、飲食店のメニューだけを規制する制度である。,4,正解は4。選択肢1（正しい）　一定の開発行為には許可が必要となる。選択肢2（正しい）　無秩序な市街化防止等を目的とする。選択肢3（正しい）　市街化調整区域では開発が制限される。選択肢4（誤り）　開発許可は土地造成や建築目的の開発行為と関係する。,選択肢4（誤り）　開発許可は土地造成や建築目的の開発行為と関係する。,選択肢4（誤り）　開発許可は土地造成や建築目的の開発行為と関係する。,1:（1）の内容は、正答（4）「開発許可制度は、土地の造成や建築とは一切関係がなく、飲食店のメニューだけを規制する制度である。」が示す論点とずれています。;2:（2）の内容は、正答（4）「開発許可制度は、土地の造成や建築とは一切関係がなく、飲食店のメニューだけを規制する制度である。」が示す論点とずれています。;3:（3）の内容は、正答（4）「開発許可制度は、土地の造成や建築とは一切関係がなく、飲食店のメニューだけを規制する制度である。」が示す論点とずれています。,
167,single,建築物省エネ法,正解選択;建築物省エネ法;建物・設備,建築物省エネ法に関する次の記述のうち、内容が正確なものはどれか。,,,,,,建築物省エネ法は、建築物のエネルギー消費性能とは無関係である。,共同住宅では、省エネルギー性能を考える必要は一切ない。,建築物の新築や増改築では、規模等に応じて省エネルギー基準への適合や届出等が問題となることがある。,省エネルギー性能は、共用部分の設備更新や長期修繕計画と一切関係しない。,3,正解は3。選択肢1（誤り）　建築物のエネルギー消費性能に関する法律である。選択肢2（誤り）　共同住宅でも省エネ性能が問題となる。選択肢3（正しい）　規模等に応じて適合義務や手続が問題となる。選択肢4（誤り）　設備更新や修繕計画にも関係する。,選択肢3（正しい）　規模等に応じて適合義務や手続が問題となる。,選択肢3（正しい）　規模等に応じて適合義務や手続が問題となる。,1:根拠の記述が異なります。解説では「ネルギー消費性能に関する法」が根拠ですが、（1）は「建築物省エネ法」を根拠とする内容です。;2:正答の解説と、主体・手続・効果のいずれかが一致していません。 選択肢（2）「共同住宅では、省エネルギー性能を考える必要は一切ない。」は本問の正答（3）とは異なるため不適です。;4:正答の解説と、主体・手続・効果のいずれかが一致していません。 選択肢（4）「省エネルギー性能は、共用部分の設備更新や長期修繕計画と一切関係しない。」は本問の正答（3）とは異なるため不適です。,
168,single,長期修繕計画,誤り選択;長期修繕計画,長期修繕計画の作成期間に関する次の記述のうち、内容が正確でないものはどれか。,,,,,,長期修繕計画は、翌月1か月分だけの清掃予定表を作成すれば足りる。,長期修繕計画では、将来の計画修繕工事を一定期間にわたり見込む。,長期修繕計画は、修繕積立金の必要額を検討する資料となる。,長期修繕計画は、定期的に見直すことが重要である。,1,正解は1。選択肢1（誤り）　長期修繕計画は長期の修繕工事を見込むもので、翌月の清掃予定表ではない。選択肢2（正しい）　将来工事を一定期間で見込む。選択肢3（正しい）　修繕積立金の検討資料となる。選択肢4（正しい）　定期的な見直しが重要である。,選択肢1（誤り）　長期修繕計画は長期の修繕工事を見込むもので、翌月の清掃予定表ではない。,選択肢1（誤り）　長期修繕計画は長期の修繕工事を見込むもので、翌月の清掃予定表ではない。,2:（2）の内容は、正答（1）「長期修繕計画は、翌月1か月分だけの清掃予定表を作成すれば足りる。」が示す論点とずれています。;3:（3）の内容は、正答（1）「長期修繕計画は、翌月1か月分だけの清掃予定表を作成すれば足りる。」が示す論点とずれています。;4:（4）の内容は、正答（1）「長期修繕計画は、翌月1か月分だけの清掃予定表を作成すれば足りる。」が示す論点とずれています。,
169,single,建物・設備,正解選択;建物・設備;長期修繕計画,鉄部塗装工事に関する次の記述のうち、内容が正確なものはどれか。,,,,,,鉄部は、雨水や湿気にさらされても腐食することはない。,鉄部塗装工事は、錆の発生や腐食を防ぎ、美観や耐久性を維持するために行われる。,鉄部塗装は、給水ポンプの電気契約だけを変更する工事である。,鉄部塗装工事は、長期修繕計画とは一切関係しない。,2,正解は2。選択肢1（誤り）　鉄部は錆や腐食が生じる。選択肢2（正しい）　錆防止、美観、耐久性維持のために行う。選択肢3（誤り）　電気契約変更工事ではない。選択肢4（誤り）　長期修繕計画で周期が検討される。,選択肢2（正しい）　錆防止、美観、耐久性維持のために行う。,選択肢2（正しい）　錆防止、美観、耐久性維持のために行う。,1:（1）の内容は、正答（2）「鉄部塗装工事は、錆の発生や腐食を防ぎ、美観や耐久性を維持するために行われる。」が示す論点とずれています。;3:（3）の内容は、正答（2）「鉄部塗装工事は、錆の発生や腐食を防ぎ、美観や耐久性を維持するために行われる。」が示す論点とずれています。;4:（4）の内容は、正答（2）「鉄部塗装工事は、錆の発生や腐食を防ぎ、美観や耐久性を維持するために行われる。」が示す論点とずれています。,設備・維持保全は数値基準・点検周期・責任の所在がセットで出題されます。表や比較で整理し、他選択肢がどの要件（数値・主体・手続）とずれているかを確認してください。
170,single,建物・設備,誤り選択;建物・設備;長期修繕計画,シーリング工事に関する次の記述のうち、内容が正確でないものはどれか。,,,,,,シーリング材は、外壁目地やサッシ周りなどの防水性に関係する。,シーリング材は、経年により硬化、ひび割れ、剥離などが生じることがある。,シーリング工事は、建物の防水とは無関係であり、劣化しても漏水の原因となることはない。,大規模修繕工事では、シーリングの打替えや増し打ちが検討されることがある。,3,正解は3。選択肢1（正しい）　シーリングは防水性に関係する。選択肢2（正しい）　硬化、ひび割れ、剥離が生じることがある。選択肢3（誤り）　劣化すると漏水原因となることがある。選択肢4（正しい）　大規模修繕で打替え等を検討する。,選択肢3（誤り）　劣化すると漏水原因となることがある。,選択肢3（誤り）　劣化すると漏水原因となることがある。,1:（1）の内容は、正答（3）「シーリング工事は、建物の防水とは無関係であり、劣化しても漏水の原因となることはない。」が示す論点とずれています。;2:（2）の内容は、正答（3）「シーリング工事は、建物の防水とは無関係であり、劣化しても漏水の原因となることはない。」が示す論点とずれています。;4:（4）の内容は、正答（3）「シーリング工事は、建物の防水とは無関係であり、劣化しても漏水の原因となることはない。」が示す論点とずれています。,設備・維持保全は数値基準・点検周期・責任の所在がセットで出題されます。表や比較で整理し、他選択肢がどの要件（数値・主体・手続）とずれているかを確認してください。
171,single,建物・設備,正解選択;建物・設備,給湯設備に関する次の記述のうち、内容が正確なものはどれか。,,,,,,給湯設備は、住戸内で使う設備であれば、共用配管やPS内設備と関係することはない。,給湯管は、経年劣化や漏水リスクを検討する必要がない。,給湯方式は、すべてのマンションで完全に同一であり、個別方式と中央方式の違いはない。,給湯設備では、給湯管の劣化、漏水、熱源機の更新、専有部分と共用部分の区分が問題となることがある。,4,正解は4。選択肢1（誤り）　共用配管やPS内設備が関係する場合がある。選択肢2（誤り）　給湯管も劣化や漏水リスクがある。選択肢3（誤り）　個別方式・中央方式などの違いがある。選択肢4（正しい）　劣化、漏水、更新、管理区分が問題となる。,選択肢4（正しい）　劣化、漏水、更新、管理区分が問題となる。,選択肢4（正しい）　劣化、漏水、更新、管理区分が問題となる。,1:正答の解説と、主体・手続・効果のいずれかが一致していません。 選択肢（1）「給湯設備は、住戸内で使う設備であれば、共用配管やPS内設備と関係することはない。」は本問の正答（4）とは異なるため不適です。;2:正答の解説と、主体・手続・効果のいずれかが一致していません。 選択肢（2）「給湯管は、経年劣化や漏水リスクを検討する必要がない。」は本問の正答（4）とは異なるため不適です。;3:正答の解説と、主体・手続・効果のいずれかが一致していません。 選択肢（3）「給湯方式は、すべてのマンションで完全に同一であり、個別方式と中央方式の違いはない。」は本問の正答（4）とは異なるため不適です。,設備・維持保全は数値基準・点検周期・責任の所在がセットで出題されます。表や比較で整理し、他選択肢がどの要件（数値・主体・手続）とずれているかを確認してください。
172,single,建築基準法,誤り選択;建築基準法;建物・設備,排煙設備に関する次の記述のうち、建築設備の考え方によれば、誤っているものはどれか。,,,,,,排煙設備は、火災時に煙を排出し、避難や消火活動を助ける役割を有する。,排煙設備は、火災や避難とは無関係であり、専ら植栽に水をまく設備である。,排煙設備は、定期検査や維持管理の対象となる場合がある。,排煙窓や排煙機が適切に作動するかを確認することは重要である。,2,正解は2。選択肢1（正しい）　煙排出により避難等を助ける。選択肢2（誤り）　散水設備ではなく、火災時の排煙に関係する。選択肢3（正しい）　定期検査や維持管理の対象となる場合がある。選択肢4（正しい）　作動確認が重要である。,選択肢2（誤り）　散水設備ではなく、火災時の排煙に関係する。,選択肢2（誤り）　散水設備ではなく、火災時の排煙に関係する。,1:（1）の内容は、正答（2）「排煙設備は、火災や避難とは無関係であり、専ら植栽に水をまく設備である。」が示す論点とずれています。;3:（3）の内容は、正答（2）「排煙設備は、火災や避難とは無関係であり、専ら植栽に水をまく設備である。」が示す論点とずれています。;4:（4）の内容は、正答（2）「排煙設備は、火災や避難とは無関係であり、専ら植栽に水をまく設備である。」が示す論点とずれています。,
173,single,建物・設備,正解選択;建物・設備;長期修繕計画,防水保証と工事監理に関する次の記述のうち、内容が正確なものはどれか。,,,,,,防水改修工事では、仕様、施工範囲、保証内容、工事監理体制を確認することが重要である。,防水保証があれば、施工不良の有無や保証対象を確認する必要は一切ない。,工事監理は、工事が設計図書等に従って行われているかを確認する業務とは無関係である。,保証書は、管理組合で保管する必要がなく、工事完了日に破棄するのが通常である。,1,正解は1。選択肢1（正しい）　仕様、範囲、保証、監理体制の確認が重要である。選択肢2（誤り）　保証対象や条件の確認が必要である。選択肢3（誤り）　工事監理は施工状況確認と関係する。選択肢4（誤り）　保証書は保管すべき重要書類である。,選択肢1（正しい）　仕様、範囲、保証、監理体制の確認が重要である。,選択肢1（正しい）　仕様、範囲、保証、監理体制の確認が重要である。,2:正答の解説と、主体・手続・効果のいずれかが一致していません。 選択肢（2）「防水保証があれば、施工不良の有無や保証対象を確認する必要は一切ない。」は本問の正答（1）とは異なるため不適です。;3:（3）の内容は、正答（1）「防水改修工事では、仕様、施工範囲、保証内容、工事監理体制を確認することが重要である。」が示す論点とずれています。;4:（4）の内容は、正答（1）「防水改修工事では、仕様、施工範囲、保証内容、工事監理体制を確認することが重要である。」が示す論点とずれています。,設備・維持保全は数値基準・点検周期・責任の所在がセットで出題されます。表や比較で整理し、他選択肢がどの要件（数値・主体・手続）とずれているかを確認してください。
174,single,長期修繕計画,誤り選択;長期修繕計画;管理組合実務,大規模修繕工事の施工会社選定に関する次の記述のうち、内容が正確でないものはどれか。,,,,,,施工会社選定では、見積金額だけでなく、実績、技術力、体制、保証内容などを確認することが重要である。,競争性や透明性を確保するため、複数社から見積りを取ることがある。,理事や専門委員と施工会社との利益相反に注意する必要がある。,施工会社は、理事長の親族企業であれば、見積内容や実績を確認せずに必ず選定しなければならない。,4,正解は4。選択肢1（正しい）　金額以外の要素も重要である。選択肢2（正しい）　複数見積りにより透明性を高める。選択肢3（正しい）　利益相反への注意が必要である。選択肢4（誤り）　親族企業だから必ず選定するものではなく、透明・公正な検討が必要である。,選択肢4（誤り）　親族企業だから必ず選定するものではなく、透明・公正な検討が必要である。,選択肢4（誤り）　親族企業だから必ず選定するものではなく、透明・公正な検討が必要である。,1:（1）の内容は、正答（4）「施工会社は、理事長の親族企業であれば、見積内容や実績を確認せずに必ず選定しなければならない。」が示す論点とずれています。;2:（2）の内容は、正答（4）「施工会社は、理事長の親族企業であれば、見積内容や実績を確認せずに必ず選定しなければならない。」が示す論点とずれています。;3:（3）の内容は、正答（4）「施工会社は、理事長の親族企業であれば、見積内容や実績を確認せずに必ず選定しなければならない。」が示す論点とずれています。,
175,single,建物・設備,正解選択;建物・設備;管理組合実務,マンションの植栽管理に関する次の記述のうち、内容が正確なものはどれか。,,,,,,植栽は共用部分の景観とは無関係であり、管理計画に含めることは一切ない。,樹木の剪定や害虫防除は、安全性や景観と無関係である。,植栽管理では、景観、日照、落葉、根上がり、害虫、防犯上の見通しなどを考慮することがある。,植栽は、すべて各区分所有者が自由に伐採できる。,3,正解は3。選択肢1（誤り）　植栽は共用部分の景観・管理に関係する。選択肢2（誤り）　剪定や防除は安全性や景観に関係する。選択肢3（正しい）　複数の観点から管理する必要がある。選択肢4（誤り）　共用部分の植栽を各自が自由に伐採できるわけではない。,選択肢3（正しい）　複数の観点から管理する必要がある。,選択肢3（正しい）　複数の観点から管理する必要がある。,1:正答の解説と、主体・手続・効果のいずれかが一致していません。 選択肢（1）「植栽は共用部分の景観とは無関係であり、管理計画に含めることは一切ない。」は本問の正答（3）とは異なるため不適です。;2:（2）の内容は、正答（3）「植栽管理では、景観、日照、落葉、根上がり、害虫、防犯上の見通しなどを考慮することがある。」が示す論点とずれています。;4:（4）の内容は、正答（3）「植栽管理では、景観、日照、落葉、根上がり、害虫、防犯上の見通しなどを考慮することがある。」が示す論点とずれています。,設備・維持保全は数値基準・点検周期・責任の所在がセットで出題されます。表や比較で整理し、他選択肢がどの要件（数値・主体・手続）とずれているかを確認してください。
176,single,建物・設備,誤り選択;建物・設備,インターホン設備の更新に関する次の記述のうち、内容が正確でないものはどれか。,,,,,,インターホン設備は、防犯、来訪者確認、非常通報等に関係することがある。,インターホン設備は、共用部分にも住戸内機にも関係しないため、管理組合で更新を検討する必要は一切ない。,更新工事では、専有部分内への立入り調整が必要となることがある。,システム更新では、既存配線、機器互換性、工事費、居住者説明が重要となる。,2,正解は2。選択肢1（正しい）　防犯や来訪者確認等に関係する。選択肢2（誤り）　共用設備・住戸内機が連動し、管理組合で検討することがある。選択肢3（正しい）　住戸内作業には立入り調整が必要となる。選択肢4（正しい）　配線、互換性、費用、説明が重要である。,選択肢2（誤り）　共用設備・住戸内機が連動し、管理組合で検討することがある。,選択肢2（誤り）　共用設備・住戸内機が連動し、管理組合で検討することがある。,1:（1）の内容は、正答（2）「インターホン設備は、共用部分にも住戸内機にも関係しないため、管理組合で更新を検討する必要は一切ない。」が示す論点とずれています。;3:（3）の内容は、正答（2）「インターホン設備は、共用部分にも住戸内機にも関係しないため、管理組合で更新を検討する必要は一切ない。」が示す論点とずれています。;4:（4）の内容は、正答（2）「インターホン設備は、共用部分にも住戸内機にも関係しないため、管理組合で更新を検討する必要は一切ない。」が示す論点とずれています。,設備・維持保全は数値基準・点検周期・責任の所在がセットで出題されます。表や比較で整理し、他選択肢がどの要件（数値・主体・手続）とずれているかを確認してください。
177,single,建物・設備,正解選択;建物・設備;管理組合実務,バリアフリー改修に関する次の記述のうち、内容が正確なものはどれか。,,,,,,共用部分の段差解消、手すり設置、スロープ設置などは、高齢者や障害者の利用しやすさを高めるために検討されることがある。,バリアフリー改修は、居住者の安全や利便性とは無関係である。,共用部分の改修であっても、費用負担や決議要件を確認する必要は一切ない。,バリアフリー改修は、建物の形状や敷地条件と無関係に必ず同じ工法で実施される。,1,正解は1。選択肢1（正しい）　段差解消等は利用しやすさ向上のため検討される。選択肢2（誤り）　安全・利便性に関係する。選択肢3（誤り）　費用負担や決議要件の確認が必要である。選択肢4（誤り）　建物条件に応じて工法を検討する。,選択肢1（正しい）　段差解消等は利用しやすさ向上のため検討される。,選択肢1（正しい）　段差解消等は利用しやすさ向上のため検討される。,2:（2）の内容は、正答（1）「共用部分の段差解消、手すり設置、スロープ設置などは、高齢者や障害者の利用しやすさを高めるために検討されることがあ…」が示す論点とずれています。;3:正答の解説と、主体・手続・効果のいずれかが一致していません。 選択肢（3）「共用部分の改修であっても、費用負担や決議要件を確認する必要は一切ない。」は本問の正答（1）とは異なるため不適です。;4:根拠の記述が異なります。解説では「建物条件に応じて工法」が根拠ですが、（4）は「条件と無関係に必ず同じ工法」を根拠とする内容です。,設備・維持保全は数値基準・点検周期・責任の所在がセットで出題されます。表や比較で整理し、他選択肢がどの要件（数値・主体・手続）とずれているかを確認してください。
178,single,管理組合実務,誤り選択;管理組合実務;防災,防災備蓄に関する次の記述のうち、内容が正確でないものはどれか。,,,,,,防災備蓄品には、水、簡易トイレ、発電機、救急用品などが含まれることがある。,備蓄品は、保管場所、数量、使用ルール、更新期限を管理することが重要である。,防災備蓄品は、一度購入すれば期限や保管状態を確認する必要がなく、永久に使用できる。,防災備蓄は、災害時の共助や初動対応に役立つことがある。,3,正解は3。選択肢1（正しい）　水、簡易トイレ等が備蓄対象となる。選択肢2（正しい）　保管場所や更新期限の管理が重要である。選択肢3（誤り）　期限や状態の確認・更新が必要である。選択肢4（正しい）　共助や初動対応に役立つ。,選択肢3（誤り）　期限や状態の確認・更新が必要である。,選択肢3（誤り）　期限や状態の確認・更新が必要である。,1:（1）の内容は、正答（3）「防災備蓄品は、一度購入すれば期限や保管状態を確認する必要がなく、永久に使用できる。」が示す論点とずれています。;2:（2）の内容は、正答（3）「防災備蓄品は、一度購入すれば期限や保管状態を確認する必要がなく、永久に使用できる。」が示す論点とずれています。;4:（4）の内容は、正答（3）「防災備蓄品は、一度購入すれば期限や保管状態を確認する必要がなく、永久に使用できる。」が示す論点とずれています。,
179,single,管理組合実務,正解選択;管理組合実務,管理組合の広報に関する次の記述のうち、内容が正確なものはどれか。,,,,,,理事会だよりや掲示板は、組合員への情報共有とは無関係である。,重要な工事や総会議案について、事前に周知する必要は一切ない。,管理組合の広報では、個人情報や名誉毀損への配慮は不要である。,理事会議事の概要、工事予定、注意喚起などを適切に周知することは、円滑な管理組合運営に役立つ。,4,正解は4。選択肢1（誤り）　情報共有に役立つ。選択肢2（誤り）　重要事項は事前周知が望ましい。選択肢3（誤り）　個人情報や名誉毀損への配慮が必要である。選択肢4（正しい）　適切な広報は円滑な運営に役立つ。,選択肢4（正しい）　適切な広報は円滑な運営に役立つ。,選択肢4（正しい）　適切な広報は円滑な運営に役立つ。,1:（1）の内容は、正答（4）「理事会議事の概要、工事予定、注意喚起などを適切に周知することは、円滑な管理組合運営に役立つ。」が示す論点とずれています。;2:正答の解説と、主体・手続・効果のいずれかが一致していません。 選択肢（2）「重要な工事や総会議案について、事前に周知する必要は一切ない。」は本問の正答（4）とは異なるため不適です。;3:正答の解説と、主体・手続・効果のいずれかが一致していません。 選択肢（3）「管理組合の広報では、個人情報や名誉毀損への配慮は不要である。」は本問の正答（4）とは異なるため不適です。,
180,single,管理組合実務,誤り選択;管理組合実務;区分所有法,マンション管理のデジタル化に関する次の記述のうち、内容が正確でないものはどれか。,,,,,,電子掲示板、オンライン会議、電子決議、クラウド保管は、どのような場合でも法令や規約を確認せず自由に導入できる。,デジタル化では、規約上の根拠、本人確認、セキュリティ、情報格差への配慮が重要である。,オンライン理事会や電子的な資料共有は、管理組合運営の効率化に役立つことがある。,電磁的方法を用いる場合、法令・規約・承諾手続を確認する必要がある。,1,正解は1。選択肢1（誤り）　デジタル化も法令・規約・承諾手続等の確認が必要である。選択肢2（正しい）　本人確認やセキュリティ、情報格差への配慮が重要である。選択肢3（正しい）　効率化に役立つ場合がある。選択肢4（正しい）　電磁的方法では法令・規約等の確認が必要である。,選択肢1（誤り）　デジタル化も法令・規約・承諾手続等の確認が必要である。,選択肢1（誤り）　デジタル化も法令・規約・承諾手続等の確認が必要である。,2:（2）の内容は、正答（1）「電子掲示板、オンライン会議、電子決議、クラウド保管は、どのような場合でも法令や規約を確認せず自由に導入できる。」が示す論点とずれています。;3:（3）の内容は、正答（1）「電子掲示板、オンライン会議、電子決議、クラウド保管は、どのような場合でも法令や規約を確認せず自由に導入できる。」が示す論点とずれています。;4:（4）の内容は、正答（1）「電子掲示板、オンライン会議、電子決議、クラウド保管は、どのような場合でも法令や規約を確認せず自由に導入できる。」が示す論点とずれています。,
181,single,区分所有法,正解選択;区分所有法,管理者の報告義務に関する次の記述のうち、区分所有法の定めによれば、内容が正確なものはどれか。,,,,,,管理者は、事務の報告を区分所有者に対して一切行う必要がない。,管理者は、集会において、毎年1回一定の時期に、その事務に関する報告をしなければならない。,管理者は、管理費等の収支を自己の私的収支として処理してよい。,管理者は、規約や集会決議に反しても常に自由に管理事務を行える。,2,正解は2。選択肢1（誤り）　管理者には事務報告義務がある。選択肢2（正しい）　管理者は集会で毎年1回一定の時期に事務報告をする必要がある。選択肢3（誤り）　管理組合の収支を私的収支として処理することはできない。選択肢4（誤り）　管理者は規約・集会決議に従って職務を行う。,選択肢2（正しい）　管理者は集会で毎年1回一定の時期に事務報告をする必要がある。,選択肢2（正しい）　管理者は集会で毎年1回一定の時期に事務報告をする必要がある。,1:正答の解説と、主体・手続・効果のいずれかが一致していません。 選択肢（1）「管理者は、事務の報告を区分所有者に対して一切行う必要がない。」は本問の正答（2）とは異なるため不適です。;3:（3）の内容は、正答（2）「管理者は、集会において、毎年1回一定の時期に、その事務に関する報告をしなければならない。」が示す論点とずれています。;4:（4）の内容は、正答（2）「管理者は、集会において、毎年1回一定の時期に、その事務に関する報告をしなければならない。」が示す論点とずれています。,
182,single,区分所有法,誤り選択;区分所有法,管理者の解任に関する次の記述のうち、区分所有法の定めによれば、誤っているものはどれか。,,,,,,管理者に不正な行為があっても、各区分所有者は裁判所に解任を請求することが一切できない。,管理者は、規約に別段の定めがない限り、集会の決議で解任できる。,管理者に不正な行為その他職務を行うに適しない事情があるときは、裁判所への解任請求が問題となる。,管理者の選任・解任は、管理組合運営の適正に関係する。,1,正解は1。選択肢1（誤り）　各区分所有者は、一定の場合に管理者の解任を裁判所に請求できる。選択肢2（正しい）　管理者は集会決議で解任できる。選択肢3（正しい）　不正行為等がある場合は裁判所への解任請求が問題となる。選択肢4（正しい）　管理者の適否は管理組合運営に影響する。,選択肢1（誤り）　各区分所有者は、一定の場合に管理者の解任を裁判所に請求できる。,選択肢1（誤り）　各区分所有者は、一定の場合に管理者の解任を裁判所に請求できる。,2:正答の解説と、主体・手続・効果のいずれかが一致していません。 選択肢（2）「管理者は、規約に別段の定めがない限り、集会の決議で解任できる。」は本問の正答（1）とは異なるため不適です。;3:正答の解説と、主体・手続・効果のいずれかが一致していません。 選択肢（3）「管理者に不正な行為その他職務を行うに適しない事情があるときは、裁判所への解任請求が問題となる。」は本問の正答（1）とは異なるため不適です。;4:（4）の内容は、正答（1）「管理者に不正な行為があっても、各区分所有者は裁判所に解任を請求することが一切できない。」が示す論点とずれています。,
183,single,区分所有法,誤り選択;区分所有法,規約の保管場所の掲示に関する次の記述のうち、区分所有法の定めによれば、内容が正確でないものはどれか。,,,,,,規約の保管場所は、建物内の見やすい場所に掲示しなければならない。,利害関係人は、正当な理由がない限り、規約の閲覧を請求できる。,規約は、作成後ただちに破棄することが義務付けられている。,規約の保管・閲覧制度は、管理関係の公示に役立つ。,3,正解は3。選択肢1（正しい）　規約の保管場所は見やすい場所に掲示する必要がある。選択肢2（正しい）　利害関係人からの閲覧請求に応じる必要がある場合がある。選択肢3（誤り）　規約は保管すべき重要書類であり、ただちに破棄するものではない。選択肢4（正しい）　保管・閲覧制度は関係者の確認に資する。,選択肢3（誤り）　規約は保管すべき重要書類であり、ただちに破棄するものではない。,選択肢3（誤り）　規約は保管すべき重要書類であり、ただちに破棄するものではない。,1:正答の解説と、主体・手続・効果のいずれかが一致していません。 選択肢（1）「規約の保管場所は、建物内の見やすい場所に掲示しなければならない。」は本問の正答（3）とは異なるため不適です。;2:正答の解説と、主体・手続・効果のいずれかが一致していません。 選択肢（2）「利害関係人は、正当な理由がない限り、規約の閲覧を請求できる。」は本問の正答（3）とは異なるため不適です。;4:（4）の内容は、正答（3）「規約は、作成後ただちに破棄することが義務付けられている。」が示す論点とずれています。,
184,single,区分所有法,組合せ;区分所有法,集会の議事録に関する次の記述のうち、区分所有法の定めによれば、正しいものの組合せはどれか。ア 集会の議事については、議事録を作成しなければならない。イ 議事録には、議事の経過の要領及びその結果を記載しなければならない。ウ 議事録は、作成者が一人で署名すれば足り、議長や出席区分所有者の関与は一切不要である。エ 議事録は、管理組合の意思決定を確認する重要な資料となる。,,,,,,アとウ,アとイとエ,イとウ,ウとエ,2,正解は2（アとイとエ）。ア（正しい）　集会議事録の作成が必要である。イ（正しい）　議事の経過の要領及び結果を記載する。ウ（誤り）　議長及び出席区分所有者の署名押印等が問題となる。エ（正しい）　議事録は意思決定を確認する重要資料である。,正解は2（アとイとエ）。ア（正しい）　集会議事録の作成が必要である。イ（正しい）　議事の経過の要領及び結果を記載する。ウ（誤り）　議長及び出席区分所有者の署名押印等が問題となる。エ（正しい）　議事録は意思決定を確認する重要資料である。,正解は2（アとイとエ）。ア（正しい）　集会議事録の作成が必要である。イ（正しい）　議事の経過の要領及び結果を記載する。ウ（誤り）　議長及び出席区分所有者の署名押印等が問題となる。エ（正しい）　議事録は意思決定を確認する重要資料である。,1:（1）「アとウ」は正答（2）「アとイとエ」と異なる組合せです。 ア：正しい　集会議事録の作成が必要である。 ウ：誤り　議長及び出席区分所有者の署名押印等が問題となる。;3:（3）「イとウ」は正答（2）「アとイとエ」と異なる組合せです。 イ：正しい　議事の経過の要領及び結果を記載する。 ウ：誤り　議長及び出席区分所有者の署名押印等が問題となる。;4:（4）「ウとエ」は正答（2）「アとイとエ」と異なる組合せです。 ウ：誤り　議長及び出席区分所有者の署名押印等が問題となる。 エ：正しい　議事録は意思決定を確認する重要資料である。,
185,single,区分所有法,誤り選択;区分所有法,管理所有者に関する次の記述のうち、区分所有法の定めによれば、誤っているものはどれか。,,,,,,管理所有者は、共用部分を管理するために所有する。,管理所有者は、共用部分をその目的に従って管理しなければならない。,管理所有者は、規約により定められることがある。,管理所有者は、共用部分を自己の私的な住居として自由に売却し、管理組合の利益を考慮する必要がない。,4,正解は4。選択肢1（正しい）　管理所有は管理のための制度である。選択肢2（正しい）　目的に従った管理が必要である。選択肢3（正しい）　規約で管理所有を定めることがある。選択肢4（誤り）　管理所有者は私的利益のため自由に処分できるわけではない。,選択肢4（誤り）　管理所有者は私的利益のため自由に処分できるわけではない。,選択肢4（誤り）　管理所有者は私的利益のため自由に処分できるわけではない。,1:（1）の内容は、正答（4）「管理所有者は、共用部分を自己の私的な住居として自由に売却し、管理組合の利益を考慮する必要がない。」が示す論点とずれています。;2:正答の解説と、主体・手続・効果のいずれかが一致していません。 選択肢（2）「管理所有者は、共用部分をその目的に従って管理しなければならない。」は本問の正答（4）とは異なるため不適です。;3:（3）の内容は、正答（4）「管理所有者は、共用部分を自己の私的な住居として自由に売却し、管理組合の利益を考慮する必要がない。」が示す論点とずれています。,
186,single,区分所有法,正解選択;区分所有法,敷地利用権の持分割合に関する次の記述のうち、区分所有法の考え方によれば、内容が正確なものはどれか。,,,,,,敷地利用権の割合は、規約で別段の定めをすることができる場合がある。,敷地利用権の割合は、常に各区分所有者の年齢で決まる。,敷地利用権は、専有部分の所有と全く関係しない。,敷地利用権の割合は、毎日理事長が自由に変更できる。,1,正解は1。選択肢1（正しい）　敷地利用権の割合について規約で別段の定めをすることができる場合がある。選択肢2（誤り）　年齢で決まるものではない。選択肢3（誤り）　専有部分所有と密接に関係する。選択肢4（誤り）　理事長が毎日自由に変更できるものではない。,選択肢1（正しい）　敷地利用権の割合について規約で別段の定めをすることができる場合がある。,選択肢1（正しい）　敷地利用権の割合について規約で別段の定めをすることができる場合がある。,2:（2）の内容は、正答（1）「敷地利用権の割合は、規約で別段の定めをすることができる場合がある。」が示す論点とずれています。;3:正答の解説と、主体・手続・効果のいずれかが一致していません。 選択肢（3）「敷地利用権は、専有部分の所有と全く関係しない。」は本問の正答（1）とは異なるため不適です。;4:（4）の内容は、正答（1）「敷地利用権の割合は、規約で別段の定めをすることができる場合がある。」が示す論点とずれています。,
187,single,区分所有法,誤り選択;区分所有法,一括建替え決議に関する次の記述のうち、区分所有法の団地規定の考え方によれば、内容が正確でないものはどれか。,,,,,,団地内の複数の区分所有建物を一括して建て替える場合、団地全体及び各棟の権利関係を考慮する必要がある。,団地内建物の一括建替えは、どのような場合でも理事長の単独判断だけで実施できる。,一括建替えでは、各棟の区分所有者の意思決定が問題となる。,団地の建替えでは、団地管理規約や敷地利用権の関係を確認する必要がある。,2,正解は2。選択肢1（正しい）　団地全体と各棟の権利関係の確認が必要である。選択肢2（誤り）　理事長単独で実施できるものではなく、法定決議等が必要である。選択肢3（正しい）　各棟の意思決定が重要となる。選択肢4（正しい）　規約や敷地利用権の確認が必要である。,選択肢2（誤り）　理事長単独で実施できるものではなく、法定決議等が必要である。,選択肢2（誤り）　理事長単独で実施できるものではなく、法定決議等が必要である。,1:（1）の内容は、正答（2）「団地内建物の一括建替えは、どのような場合でも理事長の単独判断だけで実施できる。」が示す論点とずれています。;3:（3）の内容は、正答（2）「団地内建物の一括建替えは、どのような場合でも理事長の単独判断だけで実施できる。」が示す論点とずれています。;4:（4）の内容は、正答（2）「団地内建物の一括建替えは、どのような場合でも理事長の単独判断だけで実施できる。」が示す論点とずれています。,
188,single,区分所有法,正解選択;区分所有法,復旧決議に関する次の記述のうち、区分所有法の定めによれば、内容が正確なものはどれか。,,,,,,建物の価格の2分の1を超える部分が滅失した場合でも、復旧決議は一切できない。,大規模滅失の復旧決議は、区分所有者及び議決権の各過半数で常に足りる。,建物の価格の2分の1を超える部分が滅失した場合、一定の多数による復旧決議が問題となる。,復旧決議が成立すると、反対者は常に無償で権利を失う。,3,正解は3。選択肢1（誤り）　大規模滅失でも復旧決議制度がある。選択肢2（誤り）　大規模滅失の復旧決議には特別多数が必要である。選択肢3（正しい）　一定の多数による復旧決議が問題となる。選択肢4（誤り）　反対者が常に無償で権利を失うわけではない。,選択肢3（正しい）　一定の多数による復旧決議が問題となる。,選択肢3（正しい）　一定の多数による復旧決議が問題となる。,1:正答の解説と、主体・手続・効果のいずれかが一致していません。 選択肢（1）「建物の価格の2分の1を超える部分が滅失した場合でも、復旧決議は一切できない。」は本問の正答（3）とは異なるため不適です。;2:（2）の内容は、正答（3）「建物の価格の2分の1を超える部分が滅失した場合、一定の多数による復旧決議が問題となる。」が示す論点とずれています。;4:（4）の内容は、正答（3）「建物の価格の2分の1を超える部分が滅失した場合、一定の多数による復旧決議が問題となる。」が示す論点とずれています。,
189,single,標準管理規約（単棟型）,正解選択;標準管理規約（単棟型）,標準管理規約における理事の忠実義務に関する次の記述のうち、内容が正確なものはどれか。,,,,,,理事は、管理組合ではなく自己の利益だけを優先して職務を行う義務を負う。,理事は、利益相反があっても常に開示せずに議決に参加しなければならない。,理事は、管理組合の業務を全く知らなくても、資料確認を拒否する義務がある。,理事は、法令、規約、総会決議等に従い、管理組合のため忠実に職務を行うことが求められる。,4,正解は4。選択肢1（誤り）　自己利益だけを優先するものではない。選択肢2（誤り）　利益相反への対応が重要である。選択肢3（誤り）　資料確認や業務把握が重要である。選択肢4（正しい）　理事には忠実な職務遂行が求められる。,選択肢4（正しい）　理事には忠実な職務遂行が求められる。,選択肢4（正しい）　理事には忠実な職務遂行が求められる。,1:（1）の内容は、正答（4）「理事は、法令、規約、総会決議等に従い、管理組合のため忠実に職務を行うことが求められる。」が示す論点とずれています。;2:正答の解説と、主体・手続・効果のいずれかが一致していません。 選択肢（2）「理事は、利益相反があっても常に開示せずに議決に参加しなければならない。」は本問の正答（4）とは異なるため不適です。;3:（3）の内容は、正答（4）「理事は、法令、規約、総会決議等に従い、管理組合のため忠実に職務を行うことが求められる。」が示す論点とずれています。,
190,single,標準管理規約（単棟型）,誤り選択;標準管理規約（単棟型）;区分所有法,管理規約の改正手続に関する次の記述のうち、標準管理規約及び区分所有法の考え方によれば、誤っているものはどれか。,,,,,,規約改正は、理事長が口頭で宣言すれば総会決議なしに効力を生じる。,規約改正には、区分所有法上の特別多数決議が必要となる。,改正案は、組合員に内容を示して検討できるようにすることが望ましい。,規約改正が一部の区分所有者に特別の影響を及ぼす場合、その承諾が問題となる。,1,正解は1。選択肢1（誤り）　規約改正には総会の特別多数決議が必要である。選択肢2（正しい）　区分所有法第31条の決議要件が問題となる。選択肢3（正しい）　改正案の事前提示が望ましい。選択肢4（正しい）　特別の影響がある場合は承諾が必要となる。,選択肢1（誤り）　規約改正には総会の特別多数決議が必要である。,選択肢1（誤り）　規約改正には総会の特別多数決議が必要である。,2:（2）の内容は、正答（1）「規約改正は、理事長が口頭で宣言すれば総会決議なしに効力を生じる。」が示す論点とずれています。;3:（3）の内容は、正答（1）「規約改正は、理事長が口頭で宣言すれば総会決議なしに効力を生じる。」が示す論点とずれています。;4:（4）の内容は、正答（1）「規約改正は、理事長が口頭で宣言すれば総会決議なしに効力を生じる。」が示す論点とずれています。,
191,single,標準管理規約（単棟型）,正解選択;標準管理規約（単棟型）;会計,管理組合の役員報酬に関する次の記述のうち、標準管理規約の考え方によれば、内容が正確なものはどれか。,,,,,,役員報酬は、管理組合の会計と無関係であり、予算に計上する必要はない。,役員報酬を支払う場合には、規約や総会決議、予算との関係を明確にすることが重要である。,役員報酬は、理事長が管理費口座から自由に無制限に引き出せる私的資金である。,役員報酬は、支払っても会計書類に記載してはならない。,2,正解は2。選択肢1（誤り）　役員報酬は管理組合会計に関係する。選択肢2（正しい）　規約、決議、予算との関係を明確にする必要がある。選択肢3（誤り）　私的資金ではない。選択肢4（誤り）　支出として適切に会計処理する。,選択肢2（正しい）　規約、決議、予算との関係を明確にする必要がある。,選択肢2（正しい）　規約、決議、予算との関係を明確にする必要がある。,1:正答の解説と、主体・手続・効果のいずれかが一致していません。 選択肢（1）「役員報酬は、管理組合の会計と無関係であり、予算に計上する必要はない。」は本問の正答（2）とは異なるため不適です。;3:（3）の内容は、正答（2）「役員報酬を支払う場合には、規約や総会決議、予算との関係を明確にすることが重要である。」が示す論点とずれています。;4:正答の解説と、主体・手続・効果のいずれかが一致していません。 選択肢（4）「役員報酬は、支払っても会計書類に記載してはならない。」は本問の正答（2）とは異なるため不適です。,
192,single,標準管理規約（単棟型）,誤り選択;標準管理規約（単棟型）,専門委員会に関する次の記述のうち、標準管理規約の考え方によれば、内容が正確でないものはどれか。,,,,,,大規模修繕工事など専門的検討が必要な事項について、専門委員会を設置することがある。,専門委員会は、理事会を補佐し、調査・検討結果を報告する役割を担うことがある。,専門委員会の権限や任期、構成員を明確にしておくことが望ましい。,専門委員会を設置すれば、総会や理事会の決議はすべて不要となり、委員会が規約を自由に変更できる。,4,正解は4。選択肢1（正しい）　大規模修繕等で専門委員会が設置されることがある。選択肢2（正しい）　理事会の補佐・報告が役割となる。選択肢3（正しい）　権限や任期等の明確化が望ましい。選択肢4（誤り）　専門委員会は総会・理事会の権限を当然に代替するものではない。,選択肢4（誤り）　専門委員会は総会・理事会の権限を当然に代替するものではない。,選択肢4（誤り）　専門委員会は総会・理事会の権限を当然に代替するものではない。,1:（1）の内容は、正答（4）「専門委員会を設置すれば、総会や理事会の決議はすべて不要となり、委員会が規約を自由に変更できる。」が示す論点とずれています。;2:（2）の内容は、正答（4）「専門委員会を設置すれば、総会や理事会の決議はすべて不要となり、委員会が規約を自由に変更できる。」が示す論点とずれています。;3:（3）の内容は、正答（4）「専門委員会を設置すれば、総会や理事会の決議はすべて不要となり、委員会が規約を自由に変更できる。」が示す論点とずれています。,
193,single,標準管理規約（単棟型）,正解選択;標準管理規約（単棟型）;区分所有法,総会の委任状に関する次の記述のうち、内容が正確なものはどれか。,,,,,,委任状を利用する場合、代理人の範囲、議決権行使の方法、本人確認などを規約や細則に従って適切に扱う必要がある。,委任状は、誰が偽造しても常に有効である。,委任状が提出されても、総会成立数や議決数には一切関係しない。,委任状は、総会議案と無関係な私的売買契約書としてのみ使用される。,1,正解は1。選択肢1（正しい）　委任状は規約・細則に従い適切に管理する必要がある。選択肢2（誤り）　偽造は当然に問題となる。選択肢3（誤り）　成立数や議決数に関係する。選択肢4（誤り）　総会の議決権行使に関する書面である。,選択肢1（正しい）　委任状は規約・細則に従い適切に管理する必要がある。,選択肢1（正しい）　委任状は規約・細則に従い適切に管理する必要がある。,2:（2）の内容は、正答（1）「委任状を利用する場合、代理人の範囲、議決権行使の方法、本人確認などを規約や細則に従って適切に扱う必要がある。」が示す論点とずれています。;3:正答の解説と、主体・手続・効果のいずれかが一致していません。 選択肢（3）「委任状が提出されても、総会成立数や議決数には一切関係しない。」は本問の正答（1）とは異なるため不適です。;4:正答の解説と、主体・手続・効果のいずれかが一致していません。 選択肢（4）「委任状は、総会議案と無関係な私的売買契約書としてのみ使用される。」は本問の正答（1）とは異なるため不適です。,
194,single,民法,誤り選択;民法,民法上の共有物の管理に関する次の記述のうち、内容が正確でないものはどれか。,,,,,,共有物の管理に関する事項は、原則として各共有者の持分の価格に従い、その過半数で決する。,共有物の管理事項は、常に共有者全員の同意を要し、過半数で決することは一切できない。,共有物の変更には、原則として共有者全員の同意が必要である。,共有物の保存行為は、各共有者がすることができる。,2,正解は2。選択肢1（正しい）　共有物の管理は持分価格の過半数で決するのが原則である。選択肢2（誤り）　管理事項が常に全員同意となるわけではない。選択肢3（正しい）　変更には原則として全員同意が必要である。選択肢4（正しい）　保存行為は各共有者ができる。,選択肢2（誤り）　管理事項が常に全員同意となるわけではない。,選択肢2（誤り）　管理事項が常に全員同意となるわけではない。,1:（1）の内容は、正答（2）「共有物の管理事項は、常に共有者全員の同意を要し、過半数で決することは一切できない。」が示す論点とずれています。;3:（3）の内容は、正答（2）「共有物の管理事項は、常に共有者全員の同意を要し、過半数で決することは一切できない。」が示す論点とずれています。;4:（4）の内容は、正答（2）「共有物の管理事項は、常に共有者全員の同意を要し、過半数で決することは一切できない。」が示す論点とずれています。,
195,single,民法,正解選択;民法,民法上の時効の援用に関する次の記述のうち、内容が正確なものはどれか。,,,,,,時効は、完成すれば裁判所が常に職権で適用し、当事者の援用は一切不要である。,時効の利益は、時効完成前でも自由に放棄できる。,時効の効力は、当事者が援用しなければ裁判所がこれによって裁判をすることができない。,管理費債権には、時効が一切適用されない。,3,正解は3。選択肢1（誤り）　時効は援用が必要である。選択肢2（誤り）　時効完成前の利益放棄はできない。選択肢3（正しい）　民法第145条の内容である。選択肢4（誤り）　管理費債権にも時効が問題となる。,選択肢3（正しい）　民法第145条の内容である。,選択肢3（正しい）　民法第145条の内容である。,1:正答の解説と、主体・手続・効果のいずれかが一致していません。 選択肢（1）「時効は、完成すれば裁判所が常に職権で適用し、当事者の援用は一切不要である。」は本問の正答（3）とは異なるため不適です。;2:（2）の内容は、正答（3）「時効の効力は、当事者が援用しなければ裁判所がこれによって裁判をすることができない。」が示す論点とずれています。;4:（4）「管理費債権には、時効が一切適用されない。」は、単独の記述としては法令上妥当な場合がありますが、本問で選ぶべき正答は（3）「時効の効力は、当事者が援用しなければ裁判所がこれによって裁判をすることができない。」です。問題文の条件（民法上の時効の援用に関する次の記述のうち、内容が正確なものはどれか。…）と照らし、設問が問う論点に合う肢を選び直してください。,
196,single,民法,誤り選択;民法,委任契約と請負契約の違いに関する次の記述のうち、民法の考え方によれば、誤っているものはどれか。,,,,,,委任は、法律行為又は事務処理を委託する契約である。,請負は、仕事の完成と報酬の支払を内容とする契約である。,管理委託契約や修繕工事契約では、契約類型に応じた義務内容を確認する必要がある。,委任と請負は完全に同じ契約であり、仕事完成義務や善管注意義務を区別する必要は一切ない。,4,正解は4。選択肢1（正しい）　委任は事務処理を委託する契約である。選択肢2（正しい）　請負は仕事の完成を目的とする。選択肢3（正しい）　契約類型に応じて義務内容を確認する。選択肢4（誤り）　委任と請負は異なる契約類型である。,選択肢4（誤り）　委任と請負は異なる契約類型である。,選択肢4（誤り）　委任と請負は異なる契約類型である。,1:（1）の内容は、正答（4）「委任と請負は完全に同じ契約であり、仕事完成義務や善管注意義務を区別する必要は一切ない。」が示す論点とずれています。;2:（2）の内容は、正答（4）「委任と請負は完全に同じ契約であり、仕事完成義務や善管注意義務を区別する必要は一切ない。」が示す論点とずれています。;3:（3）の内容は、正答（4）「委任と請負は完全に同じ契約であり、仕事完成義務や善管注意義務を区別する必要は一切ない。」が示す論点とずれています。,
197,single,民法,正解選択;民法,賃貸人たる地位の移転に関する次の記述のうち、民法の考え方によれば、内容が正確なものはどれか。,,,,,,賃貸不動産が譲渡された場合、賃貸人たる地位の移転や対抗要件が問題となることがある。,賃貸不動産が譲渡されても、賃貸人たる地位は法律上絶対に移転しない。,賃貸人たる地位の移転は、マンションの敷地賃貸借では一切問題とならない。,不動産の譲受人は、登記がなくても常に賃貸人たる地位をすべての者に対抗できる。,1,正解は1。選択肢1（正しい）　不動産賃貸借では賃貸人たる地位の移転や対抗が問題となる。選択肢2（誤り）　一定の場合に移転する。選択肢3（誤り）　敷地賃貸借でも問題となり得る。選択肢4（誤り）　対抗要件の確認が必要である。,選択肢1（正しい）　不動産賃貸借では賃貸人たる地位の移転や対抗が問題となる。,選択肢1（正しい）　不動産賃貸借では賃貸人たる地位の移転や対抗が問題となる。,2:正答の解説と、主体・手続・効果のいずれかが一致していません。 選択肢（2）「賃貸不動産が譲渡されても、賃貸人たる地位は法律上絶対に移転しない。」は本問の正答（1）とは異なるため不適です。;3:正答の解説と、主体・手続・効果のいずれかが一致していません。 選択肢（3）「賃貸人たる地位の移転は、マンションの敷地賃貸借では一切問題とならない。」は本問の正答（1）とは異なるため不適です。;4:（4）の内容は、正答（1）「賃貸不動産が譲渡された場合、賃貸人たる地位の移転や対抗要件が問題となることがある。」が示す論点とずれています。,
198,single,民法,誤り選択;民法;不動産登記法,根抵当権に関する次の記述のうち、民法及び登記実務の考え方によれば、内容が正確でないものはどれか。,,,,,,根抵当権は、一定の範囲に属する不特定の債権を極度額の限度で担保する。,根抵当権は、被担保債権の範囲や極度額を定める必要が一切ない。,根抵当権の設定は、不動産登記で公示される。,マンションの専有部分に担保権が設定されている場合、売買や競売で問題となることがある。,2,正解は2。選択肢1（正しい）　根抵当権は一定範囲の不特定債権を極度額で担保する。選択肢2（誤り）　被担保債権の範囲や極度額が重要である。選択肢3（正しい）　設定登記により公示される。選択肢4（正しい）　担保権は取引や競売で問題となる。,選択肢2（誤り）　被担保債権の範囲や極度額が重要である。,選択肢2（誤り）　被担保債権の範囲や極度額が重要である。,1:（1）の内容は、正答（2）「根抵当権は、被担保債権の範囲や極度額を定める必要が一切ない。」が示す論点とずれています。;3:（3）「根抵当権の設定は、不動産登記で公示される。」は、単独の記述としては法令上妥当な場合がありますが、本問で選ぶべき正答は（2）「根抵当権は、被担保債権の範囲や極度額を定める必要が一切ない。」です。問題文の条件（根抵当権に関する次の記述のうち、民法及び登記実務の考え方によれば、内容が正確でないものはどれか。…）と照らし、設問が問う論点に合う肢を選び直してください。;4:（4）の内容は、正答（2）「根抵当権は、被担保債権の範囲や極度額を定める必要が一切ない。」が示す論点とずれています。,
199,single,不動産登記法,正解選択;不動産登記法;民法,相続登記に関する次の記述のうち、不動産登記法の考え方によれば、内容が正確なものはどれか。,,,,,,区分所有者が死亡しても、相続登記は管理組合の連絡先把握と無関係である。,相続登記が未了でも、管理費請求先や議決権行使者の確認は常に簡単で問題にならない。,相続登記は、専有部分の権利関係の公示とは一切関係しない。,相続登記は、専有部分の権利者を明らかにし、管理費請求や総会通知の相手方確認にも関係することがある。,4,正解は4。選択肢1（誤り）　相続登記は連絡先・所有者確認に関係する。選択肢2（誤り）　未了の場合、請求先や議決権者確認が難しくなることがある。選択肢3（誤り）　権利関係の公示に関係する。選択肢4（正しい）　所有者確認や管理実務に関係する。,選択肢4（正しい）　所有者確認や管理実務に関係する。,選択肢4（正しい）　所有者確認や管理実務に関係する。,1:（1）の内容は、正答（4）「相続登記は、専有部分の権利者を明らかにし、管理費請求や総会通知の相手方確認にも関係することがある。」が示す論点とずれています。;2:正答の解説と、主体・手続・効果のいずれかが一致していません。 選択肢（2）「相続登記が未了でも、管理費請求先や議決権行使者の確認は常に簡単で問題にならない。」は本問の正答（4）とは異なるため不適です。;3:正答の解説と、主体・手続・効果のいずれかが一致していません。 選択肢（3）「相続登記は、専有部分の権利関係の公示とは一切関係しない。」は本問の正答（4）とは異なるため不適です。,
200,single,民法,誤り選択;民法,遺言に関する次の記述のうち、民法の定めによれば、誤っているものはどれか。,,,,,,遺言は、どのような方式でもよく、日付も署名も不要で常に有効である。,自筆証書遺言は、民法上の方式を満たす必要がある。,公正証書遺言は、公証人が関与する方式である。,区分所有者の死亡後、遺言の有無は専有部分の承継に影響することがある。,1,正解は1。選択肢1（誤り）　遺言には法定方式があり、方式違反は効力に影響する。選択肢2（正しい）　自筆証書遺言には方式要件がある。選択肢3（正しい）　公正証書遺言は公証人が関与する。選択肢4（正しい）　専有部分の承継に影響し得る。,選択肢1（誤り）　遺言には法定方式があり、方式違反は効力に影響する。,選択肢1（誤り）　遺言には法定方式があり、方式違反は効力に影響する。,2:（2）の内容は、正答（1）「遺言は、どのような方式でもよく、日付も署名も不要で常に有効である。」が示す論点とずれています。;3:（3）の内容は、正答（1）「遺言は、どのような方式でもよく、日付も署名も不要で常に有効である。」が示す論点とずれています。;4:（4）の内容は、正答（1）「遺言は、どのような方式でもよく、日付も署名も不要で常に有効である。」が示す論点とずれています。,
201,single,マンション管理適正化法,正解選択;マンション管理適正化法;5問免除,マンション管理業者の誇大広告等の禁止に関する次の記述のうち、マンション管理適正化法の考え方によれば、内容が正確なものはどれか。,,,,,,マンション管理業者は、管理事務の内容について事実と異なる表示を自由に行ってよい。,マンション管理業者は、業務に関し誇大広告等をしてはならない。,誇大広告の禁止は、管理組合の契約判断とは無関係である。,広告は契約前の情報であるため、法的規制の対象となることは一切ない。,2,正解は2。選択肢1（誤り）　事実と異なる表示は問題となる。選択肢2（正しい）　マンション管理業者には誇大広告等の禁止がある。選択肢3（誤り）　契約判断に影響するため規制される。選択肢4（誤り）　広告も法的規制の対象となる。,選択肢2（正しい）　マンション管理業者には誇大広告等の禁止がある。,選択肢2（正しい）　マンション管理業者には誇大広告等の禁止がある。,1:（1）の内容は、正答（2）「マンション管理業者は、業務に関し誇大広告等をしてはならない。」が示す論点とずれています。;3:（3）の内容は、正答（2）「マンション管理業者は、業務に関し誇大広告等をしてはならない。」が示す論点とずれています。;4:正答の解説と、主体・手続・効果のいずれかが一致していません。 選択肢（4）「広告は契約前の情報であるため、法的規制の対象となることは一切ない。」は本問の正答（2）とは異なるため不適です。,
202,single,マンション管理適正化法,誤り選択;マンション管理適正化法;5問免除,マンション管理業者の秘密保持に関する次の記述のうち、内容が正確でないものはどれか。,,,,,,マンション管理業者の役員や使用人は、業務上知り得た秘密を正当な理由なく漏らしてはならない。,管理費滞納情報や居住者情報は、取扱いに注意が必要である。,管理業者は、業務上知り得た居住者情報を広告目的で自由に外部販売できる。,秘密保持は、管理組合と管理業者の信頼関係に関係する。,3,正解は3。選択肢1（正しい）　秘密保持義務がある。選択肢2（正しい）　居住者情報等は慎重に扱う。選択肢3（誤り）　情報を自由に外部販売できるわけではない。選択肢4（正しい）　秘密保持は信頼関係に関係する。,選択肢3（誤り）　情報を自由に外部販売できるわけではない。,選択肢3（誤り）　情報を自由に外部販売できるわけではない。,1:選択肢（1）「マンション管理業者の役員や使用人は、業務上知り得た秘密を正当な理由なく漏らしてはならない。;2:（2）の内容は、正答（3）「管理業者は、業務上知り得た居住者情報を広告目的で自由に外部販売できる。」が示す論点とずれています。;4:（4）の内容は、正答（3）「管理業者は、業務上知り得た居住者情報を広告目的で自由に外部販売できる。」が示す論点とずれています。,
203,single,マンション管理適正化法,誤り選択;マンション管理適正化法;5問免除,管理業務主任者の登録消除等に関する次の記述のうち、マンション管理適正化法の考え方によれば、誤っているものはどれか。,,,,,,一定の欠格事由に該当する場合、管理業務主任者の登録ができないことがある。,不正な手段で登録を受けた場合、登録取消しが問題となることがある。,管理業務主任者には、登録や主任者証に関する制度が設けられている。,管理業務主任者は、登録後はどのような違反をしても登録取消しや処分の対象になることはない。,4,正解は4。選択肢1（正しい）　欠格事由がある。選択肢2（正しい）　不正登録は取消しが問題となる。選択肢3（正しい）　登録・主任者証制度がある。選択肢4（誤り）　違反内容により処分等の対象となる場合がある。,選択肢4（誤り）　違反内容により処分等の対象となる場合がある。,選択肢4（誤り）　違反内容により処分等の対象となる場合がある。,1:正答の解説と、主体・手続・効果のいずれかが一致していません。 選択肢（1）「一定の欠格事由に該当する場合、管理業務主任者の登録ができないことがある。」は本問の正答（4）とは異なるため不適です。;2:選択肢（2）「不正な手段で登録を受けた場合、登録取消しが問題となることがある。;3:（3）の内容は、正答（4）「管理業務主任者は、登録後はどのような違反をしても登録取消しや処分の対象になることはない。」が示す論点とずれています。,
204,single,マンション管理適正化法,正解選択;マンション管理適正化法;5問免除,マンション管理士の講習に関する次の記述のうち、マンション管理適正化法の考え方によれば、内容が正確なものはどれか。,,,,,,マンション管理士は、登録後も、法令改正等に対応するため、一定の講習制度が問題となることがある。,マンション管理士は、登録後一切知識を更新する必要がない。,マンション管理士の講習制度は、管理組合の相談対応の質とは無関係である。,講習は、必ず管理組合の総会で実施しなければならない。,1,正解は1。選択肢1（正しい）　マンション管理士には講習制度があり、登録後も知識の維持・更新が求められる。本肢の記述は正当である。選択肢2（誤り）　登録後も法改正等に応じた知識更新が重要である。本肢の記述は誤っている。選択肢3（誤り）　講習制度は、管理組合への相談対応の質にも関係する。本肢の記述は誤っている。選択肢4（誤り）　講習は管理組合の総会で実施しなければならないものではない。本肢の記述は誤っている。,選択肢1（正しい）　マンション管理士には講習制度があり、登録後も知識の維持・更新が求められる。,選択肢1（正しい）　マンション管理士には講習制度があり、登録後も知識の維持・更新が求められる。,2:正答の解説と、主体・手続・効果のいずれかが一致していません。 選択肢（2）「マンション管理士は、登録後一切知識を更新する必要がない。」は本問の正答（1）とは異なるため不適です。;3:（3）の内容は、正答（1）「マンション管理士は、登録後も、法令改正等に対応するため、一定の講習制度が問題となることがある。」が示す論点とずれています。;4:正答の解説と、主体・手続・効果のいずれかが一致していません。 選択肢（4）「講習は、必ず管理組合の総会で実施しなければならない。」は本問の正答（1）とは異なるため不適です。,
205,single,マンション管理適正化法,誤り選択;マンション管理適正化法;5問免除,管理業者への監督処分に関する次の記述のうち、マンション管理適正化法の考え方によれば、内容が正確でないものはどれか。,,,,,,マンション管理業者が法令に違反した場合、指示処分や業務停止処分等が問題となることがある。,マンション管理業者は、登録制度の対象であるが、違反しても行政上の監督を受けることは一切ない。,監督処分制度は、管理業務の適正を確保する趣旨を有する。,管理組合は、管理業者の法令遵守状況にも注意することが重要である。,2,正解は2。選択肢1（正しい）　違反時には監督処分が問題となる。選択肢2（誤り）　登録業者は行政上の監督を受ける。選択肢3（正しい）　制度趣旨は業務の適正確保である。選択肢4（正しい）　管理組合も業者の法令遵守に注意すべきである。,選択肢2（誤り）　登録業者は行政上の監督を受ける。,選択肢2（誤り）　登録業者は行政上の監督を受ける。,1:根拠の記述が異なります。解説では「管理組合も業者の法」が根拠ですが、（1）は「マンション管理業者が法」を根拠とする内容です。;3:（3）の内容は、正答（2）「マンション管理業者は、登録制度の対象であるが、違反しても行政上の監督を受けることは一切ない。」が示す論点とずれています。;4:根拠の記述が異なります。解説では「管理組合も業者の法」が根拠ですが、（4）は「管理業者の法」を根拠とする内容です。,
206,single,標準管理委託契約書,正解選択;標準管理委託契約書;マンション管理適正化法,管理委託契約の更新に関する次の記述のうち、内容が正確なものはどれか。,,,,,,管理委託契約は、満了後も何の手続もなく永久に同一条件で続くことが法律上保証されている。,更新時には、業務内容や委託費を確認する必要がない。,更新時には、重要事項説明、契約条件、業務実績、費用の妥当性を確認することが重要である。,管理委託契約は、総会決議とは常に無関係である。,3,正解は3。選択肢1（誤り）　契約期間満了や更新手続の確認が必要である。選択肢2（誤り）　業務内容や費用の確認が重要である。選択肢3（正しい）　更新時は説明・条件・実績・費用を確認する。選択肢4（誤り）　管理委託契約の締結・更新は総会決議事項となることがある。,選択肢3（正しい）　更新時は説明・条件・実績・費用を確認する。,選択肢3（正しい）　更新時は説明・条件・実績・費用を確認する。,1:（1）の内容は、正答（3）「更新時には、重要事項説明、契約条件、業務実績、費用の妥当性を確認することが重要である。」が示す論点とずれています。;2:正答の解説と、主体・手続・効果のいずれかが一致していません。 選択肢（2）「更新時には、業務内容や委託費を確認する必要がない。」は本問の正答（3）とは異なるため不適です。;4:（4）の内容は、正答（3）「更新時には、重要事項説明、契約条件、業務実績、費用の妥当性を確認することが重要である。」が示す論点とずれています。,
207,single,標準管理委託契約書,誤り選択;標準管理委託契約書;管理組合実務,清掃業務仕様書に関する次の記述のうち、内容が正確でないものはどれか。,,,,,,清掃業務仕様書は、清掃範囲や頻度を定める必要がなく、白紙で十分である。,清掃範囲、作業頻度、使用資材、報告方法は、清掃品質に関係する。,仕様が曖昧な場合、管理組合と管理業者の認識違いが生じることがある。,清掃業務の見直しでは、費用と品質のバランスを検討することが重要である。,1,正解は1。選択肢1（誤り）　仕様書では範囲や頻度を明確にする必要がある。選択肢2（正しい）　仕様内容は清掃品質に関係する。選択肢3（正しい）　曖昧な仕様は認識違いを生む。選択肢4（正しい）　費用と品質のバランスが重要である。,選択肢1（誤り）　仕様書では範囲や頻度を明確にする必要がある。,選択肢1（誤り）　仕様書では範囲や頻度を明確にする必要がある。,2:（2）の内容は、正答（1）「清掃業務仕様書は、清掃範囲や頻度を定める必要がなく、白紙で十分である。」が示す論点とずれています。;3:（3）の内容は、正答（1）「清掃業務仕様書は、清掃範囲や頻度を定める必要がなく、白紙で十分である。」が示す論点とずれています。;4:（4）の内容は、正答（1）「清掃業務仕様書は、清掃範囲や頻度を定める必要がなく、白紙で十分である。」が示す論点とずれています。,
208,single,標準管理委託契約書,正解選択;標準管理委託契約書;建物・設備,設備点検業務の委託に関する次の記述のうち、内容が正確なものはどれか。,,,,,,設備点検は、資格や専門性と無関係であり、誰でも無制限に実施できる。,点検結果報告書は、管理組合で確認する必要がない。,設備点検で異常が報告されても、修繕や追加調査を検討してはならない。,設備点検業務では、点検対象、頻度、資格要件、報告内容、異常時対応を確認することが重要である。,4,正解は4。選択肢1（誤り）　設備により資格や専門性が問題となる。選択肢2（誤り）　報告書の確認が重要である。選択肢3（誤り）　異常時は修繕や追加調査を検討する。選択肢4（正しい）　対象、頻度、資格、報告、異常時対応の確認が重要である。,選択肢4（正しい）　対象、頻度、資格、報告、異常時対応の確認が重要である。,選択肢4（正しい）　対象、頻度、資格、報告、異常時対応の確認が重要である。,1:（1）の内容は、正答（4）「設備点検業務では、点検対象、頻度、資格要件、報告内容、異常時対応を確認することが重要である。」が示す論点とずれています。;2:正答の解説と、主体・手続・効果のいずれかが一致していません。 選択肢（2）「点検結果報告書は、管理組合で確認する必要がない。」は本問の正答（4）とは異なるため不適です。;3:正答の解説と、主体・手続・効果のいずれかが一致していません。 選択肢（3）「設備点検で異常が報告されても、修繕や追加調査を検討してはならない。」は本問の正答（4）とは異なるため不適です。,
209,single,税務,誤り選択;税務;会計,管理組合の収益事業に関する次の記述のうち、税務の考え方によれば、誤っているものはどれか。,,,,,,外部駐車場貸しや携帯基地局収入などは、収益事業該当性が問題となることがある。,管理組合が得る外部収入は、どのような内容でも税務上検討する必要が一切ない。,収益事業に該当する場合、法人税等の申告が必要となることがある。,管理費や修繕積立金と外部収入は、性質を区別して検討することが重要である。,2,正解は2。選択肢1（正しい）　外部収入は収益事業該当性が問題となる。選択肢2（誤り）　外部収入には税務検討が必要な場合がある。選択肢3（正しい）　該当する場合は申告が必要となる。選択肢4（正しい）　収入の性質区分が重要である。,選択肢2（誤り）　外部収入には税務検討が必要な場合がある。,選択肢2（誤り）　外部収入には税務検討が必要な場合がある。,1:（1）の内容は、正答（2）「管理組合が得る外部収入は、どのような内容でも税務上検討する必要が一切ない。」が示す論点とずれています。;3:（3）の内容は、正答（2）「管理組合が得る外部収入は、どのような内容でも税務上検討する必要が一切ない。」が示す論点とずれています。;4:（4）の内容は、正答（2）「管理組合が得る外部収入は、どのような内容でも税務上検討する必要が一切ない。」が示す論点とずれています。,
210,single,税務,正解選択;税務;会計,消費税と管理組合に関する次の記述のうち、一般的な税務の考え方によれば、内容が正確なものはどれか。,,,,,,管理組合が外部に駐車場を貸し付けるなど対価性のある取引を行う場合、消費税の課税関係が問題となることがある。,管理組合には、消費税の課税関係が絶対に発生しない。,消費税は、管理委託契約や工事請負契約の支払額とは一切関係しない。,課税売上があっても、帳簿や請求書の管理は不要である。,1,正解は1。選択肢1（正しい）　対価性のある外部取引では消費税が問題となることがある。選択肢2（誤り）　絶対に発生しないわけではない。選択肢3（誤り）　委託費や工事費には消費税が関係する。選択肢4（誤り）　帳簿・請求書管理が重要である。,選択肢1（正しい）　対価性のある外部取引では消費税が問題となることがある。,選択肢1（正しい）　対価性のある外部取引では消費税が問題となることがある。,2:「発生しない」と断定していますが、解説では過失相殺等を踏まえ賠償がゼロとは限らない趣旨です。 正答の解説と、主体・手続・効果のいずれかが一致していません。;3:正答の解説と、主体・手続・効果のいずれかが一致していません。 選択肢（3）「消費税は、管理委託契約や工事請負契約の支払額とは一切関係しない。」は本問の正答（1）とは異なるため不適です。;4:正答の解説と、主体・手続・効果のいずれかが一致していません。 選択肢（4）「課税売上があっても、帳簿や請求書の管理は不要である。」は本問の正答（1）とは異なるため不適です。,
211,single,会計,誤り選択;会計;管理組合実務,管理組合の予算超過に関する次の記述のうち、会計実務の考え方によれば、内容が正確でないものはどれか。,,,,,,予算を超える支出が見込まれる場合、理事会や総会で対応を検討する必要がある。,緊急修繕などやむを得ない支出では、事後報告や承認が問題となることがある。,予算管理は、管理費等の適切な使用を確保するために重要である。,予算超過があっても、理事長が理由を説明せず私的に支出してよく、会計書類に記録してはならない。,4,正解は4。選択肢1（正しい）　予算超過時は組合内で対応検討が必要である。選択肢2（正しい）　緊急支出では事後報告等が問題となる。選択肢3（正しい）　予算管理は資金の適正使用に重要である。選択肢4（誤り）　私的支出や不記録は許されない。,選択肢4（誤り）　私的支出や不記録は許されない。,選択肢4（誤り）　私的支出や不記録は許されない。,1:（1）の内容は、正答（4）「予算超過があっても、理事長が理由を説明せず私的に支出してよく、会計書類に記録してはならない。」が示す論点とずれています。;2:正答の解説と、主体・手続・効果のいずれかが一致していません。 選択肢（2）「緊急修繕などやむを得ない支出では、事後報告や承認が問題となることがある。」は本問の正答（4）とは異なるため不適です。;3:（3）の内容は、正答（4）「予算超過があっても、理事長が理由を説明せず私的に支出してよく、会計書類に記録してはならない。」が示す論点とずれています。,
212,single,会計,正解選択;会計;管理組合実務,管理組合の銀行印・通帳管理に関する次の記述のうち、内容が正確なものはどれか。,,,,,,銀行印と通帳は、同一人物が私物として保管し、理事会に報告しないのが望ましい。,銀行印、通帳、キャッシュカード等は、内部統制の観点から保管者や使用手続を明確にすることが重要である。,預金口座の管理は会計監査と無関係である。,管理組合の資金は、役員個人の生活費と混同してよい。,2,正解は2。選択肢1（誤り）　牽制が働く管理体制が重要である。選択肢2（正しい）　保管者や使用手続を明確にする。選択肢3（誤り）　預金管理は会計監査の重要項目である。選択肢4（誤り）　組合資金と個人資金を混同してはならない。,選択肢2（正しい）　保管者や使用手続を明確にする。,選択肢2（正しい）　保管者や使用手続を明確にする。,1:正答の解説と、主体・手続・効果のいずれかが一致していません。 選択肢（1）「銀行印と通帳は、同一人物が私物として保管し、理事会に報告しないのが望ましい。」は本問の正答（2）とは異なるため不適です。;3:（3）「預金口座の管理は会計監査と無関係である。」は、単独の記述としては法令上妥当な場合がありますが、本問で選ぶべき正答は（2）「銀行印、通帳、キャッシュカード等は、内部統制の観点から保管者や使用手続を明確にすることが重要である。」です。問題文の条件（管理組合の銀行印・通帳管理に関する次の記述のうち、内容が正確なものはどれか。…）と照らし、設問が問う論点に合う肢を選び直してください。;4:（4）の内容は、正答（2）「銀行印、通帳、キャッシュカード等は、内部統制の観点から保管者や使用手続を明確にすることが重要である。」が示す論点とずれています。,
213,single,長期修繕計画,誤り選択;長期修繕計画;建物・設備,劣化診断の発注に関する次の記述のうち、内容が正確でないものはどれか。,,,,,,劣化診断は、調査範囲や方法を定めず、診断者の私的感想だけを提出させれば足りる。,劣化診断では、外壁、防水、鉄部、給排水設備など対象範囲を明確にすることが重要である。,調査方法には、目視、打診、赤外線調査、抜管調査などがある。,診断結果は、修繕工事の範囲や時期、予算検討に活用される。,1,正解は1。選択肢1（誤り）　調査範囲・方法を明確にし、客観的な診断が必要である。選択肢2（正しい）　対象範囲の明確化が重要である。選択肢3（正しい）　対象に応じた調査方法がある。選択肢4（正しい）　修繕計画や予算検討に活用される。,選択肢1（誤り）　調査範囲・方法を明確にし、客観的な診断が必要である。,選択肢1（誤り）　調査範囲・方法を明確にし、客観的な診断が必要である。,2:（2）の内容は、正答（1）「劣化診断は、調査範囲や方法を定めず、診断者の私的感想だけを提出させれば足りる。」が示す論点とずれています。;3:（3）の内容は、正答（1）「劣化診断は、調査範囲や方法を定めず、診断者の私的感想だけを提出させれば足りる。」が示す論点とずれています。;4:（4）の内容は、正答（1）「劣化診断は、調査範囲や方法を定めず、診断者の私的感想だけを提出させれば足りる。」が示す論点とずれています。,
214,single,建物・設備,正解選択;建物・設備,外壁タイルの剥落対策に関する次の記述のうち、内容が正確なものはどれか。,,,,,,外壁タイルの浮きは、美観だけの問題であり、落下事故とは一切関係しない。,タイルの浮きや剥離は、調査せず放置することが常に最善である。,外壁タイルの浮きや剥離は、落下事故防止のため、調査・補修を検討する必要がある。,タイル剥落対策は、管理組合の安全配慮と無関係である。,3,正解は3。選択肢1（誤り）　落下事故につながるおそれがある。選択肢2（誤り）　放置せず調査・補修を検討する。選択肢3（正しい）　安全確保のため調査・補修が重要である。選択肢4（誤り）　管理組合の安全配慮に関係する。,選択肢3（正しい）　安全確保のため調査・補修が重要である。,選択肢3（正しい）　安全確保のため調査・補修が重要である。,1:正答の解説と、主体・手続・効果のいずれかが一致していません。 選択肢（1）「外壁タイルの浮きは、美観だけの問題であり、落下事故とは一切関係しない。」は本問の正答（3）とは異なるため不適です。;2:（2）の内容は、正答（3）「外壁タイルの浮きや剥離は、落下事故防止のため、調査・補修を検討する必要がある。」が示す論点とずれています。;4:（4）の内容は、正答（3）「外壁タイルの浮きや剥離は、落下事故防止のため、調査・補修を検討する必要がある。」が示す論点とずれています。,設備・維持保全は数値基準・点検周期・責任の所在がセットで出題されます。表や比較で整理し、他選択肢がどの要件（数値・主体・手続）とずれているかを確認してください。
215,single,建物・設備,誤り選択;建物・設備;長期修繕計画,屋上ドレンに関する次の記述のうち、内容が正確でないものはどれか。,,,,,,屋上ドレンは、屋上にたまった雨水を排水するための設備である。,ドレンが詰まっても、滞水や漏水につながることは絶対にない。,ドレン周辺は、落葉や土砂の堆積により詰まりが生じることがある。,屋上防水の点検では、ドレン周辺の状態確認も重要である。,2,正解は2。選択肢1（正しい）　屋上排水のための設備である。選択肢2（誤り）　詰まりは滞水や漏水につながる。選択肢3（正しい）　落葉や土砂で詰まることがある。選択肢4（正しい）　防水点検ではドレン周辺も確認する。,選択肢2（誤り）　詰まりは滞水や漏水につながる。,選択肢2（誤り）　詰まりは滞水や漏水につながる。,1:（1）の内容は、正答（2）「ドレンが詰まっても、滞水や漏水につながることは絶対にない。」が示す論点とずれています。;3:（3）の内容は、正答（2）「ドレンが詰まっても、滞水や漏水につながることは絶対にない。」が示す論点とずれています。;4:（4）の内容は、正答（2）「ドレンが詰まっても、滞水や漏水につながることは絶対にない。」が示す論点とずれています。,設備・維持保全は数値基準・点検周期・責任の所在がセットで出題されます。表や比較で整理し、他選択肢がどの要件（数値・主体・手続）とずれているかを確認してください。
216,single,建物・設備,正解選択;建物・設備,給水方式の変更に関する次の記述のうち、内容が正確なものはどれか。,,,,,,受水槽方式から直結給水方式への変更は、設備条件や水道事業者との協議と無関係に必ず実施できる。,給水方式の変更では、工事費や断水、受水槽撤去、ポンプ更新を検討する必要はない。,直結給水方式にすれば、以後給水設備の維持管理は一切不要となる。,給水方式の変更では、水圧、管径、既存設備、工事費、維持管理、居住者への影響を総合的に検討する必要がある。,4,正解は4。選択肢1（誤り）　設備条件や水道事業者との協議が必要である。選択肢2（誤り）　工事費や断水等の検討が必要である。選択肢3（誤り）　維持管理が不要になるわけではない。選択肢4（正しい）　条件と影響を総合的に検討する。,選択肢4（正しい）　条件と影響を総合的に検討する。,選択肢4（正しい）　条件と影響を総合的に検討する。,1:（1）の内容は、正答（4）「給水方式の変更では、水圧、管径、既存設備、工事費、維持管理、居住者への影響を総合的に検討する必要がある。」が示す論点とずれています。;2:正答の解説と、主体・手続・効果のいずれかが一致していません。 選択肢（2）「給水方式の変更では、工事費や断水、受水槽撤去、ポンプ更新を検討する必要はない。」は本問の正答（4）とは異なるため不適です。;3:正答の解説と、主体・手続・効果のいずれかが一致していません。 選択肢（3）「直結給水方式にすれば、以後給水設備の維持管理は一切不要となる。」は本問の正答（4）とは異なるため不適です。,設備・維持保全は数値基準・点検周期・責任の所在がセットで出題されます。表や比較で整理し、他選択肢がどの要件（数値・主体・手続）とずれているかを確認してください。
217,single,建物・設備,誤り選択;建物・設備;消防法,非常用発電設備に関する次の記述のうち、内容が正確でないものはどれか。,,,,,,非常用発電設備は、停電時に防災設備等へ電源を供給するために設置されることがある。,燃料、バッテリー、始動試験などの維持管理が重要である。,非常用発電設備は、設置後永久に点検不要であり、燃料劣化も起こらない。,法令上の点検や報告が必要となる場合がある。,3,正解は3。選択肢1（正しい）　停電時の電源確保に関係する。選択肢2（正しい）　燃料や始動確認が重要である。選択肢3（誤り）　点検や燃料管理が必要である。選択肢4（正しい）　法定点検等が必要となる場合がある。,選択肢3（誤り）　点検や燃料管理が必要である。,選択肢3（誤り）　点検や燃料管理が必要である。,1:（1）の内容は、正答（3）「非常用発電設備は、設置後永久に点検不要であり、燃料劣化も起こらない。」が示す論点とずれています。;2:（2）の内容は、正答（3）「非常用発電設備は、設置後永久に点検不要であり、燃料劣化も起こらない。」が示す論点とずれています。;4:（4）の内容は、正答（3）「非常用発電設備は、設置後永久に点検不要であり、燃料劣化も起こらない。」が示す論点とずれています。,設備・維持保全は数値基準・点検周期・責任の所在がセットで出題されます。表や比較で整理し、他選択肢がどの要件（数値・主体・手続）とずれているかを確認してください。
218,single,建物・設備,正解選択;建物・設備,雨水排水設備に関する次の記述のうち、内容が正確なものはどれか。,,,,,,雨水排水設備では、樋、排水管、側溝、桝などの詰まりや破損を点検することが重要である。,雨水排水設備は、建物の漏水や敷地内冠水とは一切関係しない。,雨水桝は、清掃や点検の対象となることがない。,雨水排水は、常に住戸内の台所排水と同一管で処理しなければならない。,1,正解は1。選択肢1（正しい）　詰まりや破損の点検が重要である。選択肢2（誤り）　漏水や冠水に関係する。選択肢3（誤り）　桝の清掃・点検が必要となる。選択肢4（誤り）　雨水と雑排水の系統は区別されるのが通常である。,選択肢1（正しい）　詰まりや破損の点検が重要である。,選択肢1（正しい）　詰まりや破損の点検が重要である。,2:正答の解説と、主体・手続・効果のいずれかが一致していません。 選択肢（2）「雨水排水設備は、建物の漏水や敷地内冠水とは一切関係しない。」は本問の正答（1）とは異なるため不適です。;3:正答の解説と、主体・手続・効果のいずれかが一致していません。 選択肢（3）「雨水桝は、清掃や点検の対象となることがない。」は本問の正答（1）とは異なるため不適です。;4:正答の解説と、主体・手続・効果のいずれかが一致していません。 選択肢（4）「雨水排水は、常に住戸内の台所排水と同一管で処理しなければならない。」は本問の正答（1）とは異なるため不適です。,設備・維持保全は数値基準・点検周期・責任の所在がセットで出題されます。表や比較で整理し、他選択肢がどの要件（数値・主体・手続）とずれているかを確認してください。
219,single,建物・設備,誤り選択;建物・設備;長期修繕計画,共用廊下の床仕上げに関する次の記述のうち、内容が正確でないものはどれか。,,,,,,共用廊下の床は、滑りにくさ、防水性、耐久性、清掃性を考慮する必要がある。,長尺シートの劣化やめくれは、転倒事故の原因となることがある。,床仕上げ改修では、排水勾配や下地状態を確認することが重要である。,共用廊下の床仕上げは、居住者の安全と無関係であり、どれほど破損しても放置しなければならない。,4,正解は4。選択肢1（正しい）　安全性や維持管理性を考慮する。選択肢2（正しい）　めくれ等は転倒リスクとなる。選択肢3（正しい）　下地や排水勾配の確認が重要である。選択肢4（誤り）　安全に関係し、必要に応じ補修する。,選択肢4（誤り）　安全に関係し、必要に応じ補修する。,選択肢4（誤り）　安全に関係し、必要に応じ補修する。,1:（1）の内容は、正答（4）「共用廊下の床仕上げは、居住者の安全と無関係であり、どれほど破損しても放置しなければならない。」が示す論点とずれています。;2:（2）の内容は、正答（4）「共用廊下の床仕上げは、居住者の安全と無関係であり、どれほど破損しても放置しなければならない。」が示す論点とずれています。;3:（3）の内容は、正答（4）「共用廊下の床仕上げは、居住者の安全と無関係であり、どれほど破損しても放置しなければならない。」が示す論点とずれています。,設備・維持保全は数値基準・点検周期・責任の所在がセットで出題されます。表や比較で整理し、他選択肢がどの要件（数値・主体・手続）とずれているかを確認してください。
220,single,消防法,正解選択;消防法;防災,消防訓練に関する次の記述のうち、内容が正確なものはどれか。,,,,,,消防訓練は、火災時の通報、避難、初期消火の確認に役立つことがある。,共同住宅では、消防訓練を実施することが常に法律で禁止されている。,消防訓練は、居住者の防災意識とは無関係である。,訓練を行う場合でも、消防計画や防火管理者とは一切関係しない。,1,正解は1。選択肢1（正しい）　消防訓練は通報・避難・初期消火の確認に役立つ。選択肢2（誤り）　実施が常に禁止されているわけではない。選択肢3（誤り）　防災意識向上に関係する。選択肢4（誤り）　消防計画や防火管理と関係する。,選択肢1（正しい）　消防訓練は通報・避難・初期消火の確認に役立つ。,選択肢1（正しい）　消防訓練は通報・避難・初期消火の確認に役立つ。,2:（2）の内容は、正答（1）「消防訓練は、火災時の通報、避難、初期消火の確認に役立つことがある。」が示す論点とずれています。;3:（3）の内容は、正答（1）「消防訓練は、火災時の通報、避難、初期消火の確認に役立つことがある。」が示す論点とずれています。;4:正答の解説と、主体・手続・効果のいずれかが一致していません。 選択肢（4）「訓練を行う場合でも、消防計画や防火管理者とは一切関係しない。」は本問の正答（1）とは異なるため不適です。,
221,single,建築基準法,誤り選択;建築基準法,建築基準法上の定期報告制度に関する次の記述のうち、内容が正確でないものはどれか。,,,,,,定期報告制度は、建築物や設備の安全性と無関係であり、存在しない制度である。,一定の建築物、建築設備、防火設備、昇降機等は定期報告の対象となる場合がある。,定期報告では、専門資格者による調査・検査が行われることがある。,報告対象や時期は、建物の用途、規模、所在地の条例等を確認する必要がある。,1,正解は1。選択肢1（誤り）　定期報告制度は建築物等の安全性確保に関係する。選択肢2（正しい）　一定の建築物等が対象となる。選択肢3（正しい）　資格者による調査・検査が行われる。選択肢4（正しい）　対象や時期は条例等も確認する。,選択肢1（誤り）　定期報告制度は建築物等の安全性確保に関係する。,選択肢1（誤り）　定期報告制度は建築物等の安全性確保に関係する。,2:（2）の内容は、正答（1）「定期報告制度は、建築物や設備の安全性と無関係であり、存在しない制度である。」が示す論点とずれています。;3:（3）の内容は、正答（1）「定期報告制度は、建築物や設備の安全性と無関係であり、存在しない制度である。」が示す論点とずれています。;4:（4）の内容は、正答（1）「定期報告制度は、建築物や設備の安全性と無関係であり、存在しない制度である。」が示す論点とずれています。,
222,single,都市計画法,正解選択;都市計画法;建築基準法,用途地域とマンション建設に関する次の記述のうち、都市計画法及び建築基準法の考え方によれば、内容が正確なものはどれか。,,,,,,用途地域は、建築物の用途制限とは無関係である。,第一種低層住居専用地域では、どのような高層マンションも無制限に建築できる。,用途地域ごとに、建築できる建築物の用途や建蔽率、容積率等の制限が異なる。,用途地域は、都市計画区域外でしか定めることができない。,3,正解は3。選択肢1（誤り）　用途地域は用途制限と関係する。選択肢2（誤り）　低層住居専用地域には高さ等の制限がある。選択肢3（正しい）　用途地域に応じて用途・建蔽率・容積率等が異なる。選択肢4（誤り）　都市計画区域内等で定められる。,選択肢3（正しい）　用途地域に応じて用途・建蔽率・容積率等が異なる。,選択肢3（正しい）　用途地域に応じて用途・建蔽率・容積率等が異なる。,1:（1）の内容は、正答（3）「用途地域ごとに、建築できる建築物の用途や建蔽率、容積率等の制限が異なる。」が示す論点とずれています。;2:（2）の内容は、正答（3）「用途地域ごとに、建築できる建築物の用途や建蔽率、容積率等の制限が異なる。」が示す論点とずれています。;4:正答の解説と、主体・手続・効果のいずれかが一致していません。 選択肢（4）「用途地域は、都市計画区域外でしか定めることができない。」は本問の正答（3）とは異なるため不適です。,
223,single,建築基準法,誤り選択;建築基準法,道路斜線制限に関する次の記述のうち、建築基準法の考え方によれば、誤っているものはどれか。,,,,,,道路斜線制限は、道路の採光、通風、圧迫感の緩和などに関係する。,道路斜線制限は、道路に面する建築物の高さとは一切関係しない。,マンションの増築や建替えでは、斜線制限を確認する必要がある。,斜線制限は、用途地域や道路幅員等に応じて検討される。,2,正解は2。選択肢1（正しい）　道路環境の確保に関係する。選択肢2（誤り）　道路に面する建築物の高さ制限である。選択肢3（正しい）　増築・建替えで確認が必要である。選択肢4（正しい）　用途地域や道路幅員等を踏まえる。,選択肢2（誤り）　道路に面する建築物の高さ制限である。,選択肢2（誤り）　道路に面する建築物の高さ制限である。,1:（1）の内容は、正答（2）「道路斜線制限は、道路に面する建築物の高さとは一切関係しない。」が示す論点とずれています。;3:（3）の内容は、正答（2）「道路斜線制限は、道路に面する建築物の高さとは一切関係しない。」が示す論点とずれています。;4:（4）の内容は、正答（2）「道路斜線制限は、道路に面する建築物の高さとは一切関係しない。」が示す論点とずれています。,
224,single,景観法,正解選択;景観法;建築法令,景観法とマンション改修に関する次の記述のうち、内容が正確なものはどれか。,,,,,,景観計画区域内では、外壁色の変更や大規模修繕工事について届出等が必要となる場合がある。,景観法は、マンションの外観改修と常に一切関係しない。,景観計画区域では、管理組合は外壁色を自由に変更でき、行政手続は絶対に不要である。,景観法は、給水管の水圧だけを規制する法律である。,1,正解は1。選択肢1（正しい）　外観変更で届出等が必要となる場合がある。選択肢2（誤り）　外観改修に関係することがある。選択肢3（誤り）　区域や内容によって手続が必要となる。選択肢4（誤り）　給水管水圧だけを規制する法律ではない。,選択肢1（正しい）　外観変更で届出等が必要となる場合がある。,選択肢1（正しい）　外観変更で届出等が必要となる場合がある。,2:根拠の記述が異なります。解説では「給水管水圧だけを規制する法」が根拠ですが、（2）は「景観法」を根拠とする内容です。 正答の解説と、主体・手続・効果のいずれかが一致していません。;3:正答の解説と、主体・手続・効果のいずれかが一致していません。 選択肢（3）「景観計画区域では、管理組合は外壁色を自由に変更でき、行政手続は絶対に不要である。」は本問の正答（1）とは異なるため不適です。;4:根拠の記述が異なります。解説では「給水管水圧だけを規制する法」が根拠ですが、（4）は「景観法」を根拠とする内容です。,
225,single,浄化槽法,誤り選択;浄化槽法;建物・設備,浄化槽設備に関する次の記述のうち、内容が正確でないものはどれか。,,,,,,浄化槽を設置しているマンションでは、保守点検、清掃、法定検査が必要となる。,浄化槽の管理不良は、悪臭や水質汚濁の原因となることがある。,下水道接続地域かどうかにより、排水処理設備の管理内容が異なる。,浄化槽は、設置後は永久に点検不要で、法定検査の対象となることはない。,4,正解は4。選択肢1（正しい）　保守点検、清掃、法定検査が必要である。選択肢2（正しい）　管理不良は悪臭や水質汚濁につながる。選択肢3（正しい）　下水道接続状況で管理内容が異なる。選択肢4（誤り）　点検や検査が必要となる。,選択肢4（誤り）　点検や検査が必要となる。,選択肢4（誤り）　点検や検査が必要となる。,1:（1）の内容は、正答（4）「浄化槽は、設置後は永久に点検不要で、法定検査の対象となることはない。」が示す論点とずれています。;2:（2）の内容は、正答（4）「浄化槽は、設置後は永久に点検不要で、法定検査の対象となることはない。」が示す論点とずれています。;3:（3）の内容は、正答（4）「浄化槽は、設置後は永久に点検不要で、法定検査の対象となることはない。」が示す論点とずれています。,
226,single,建築基準法,正解選択;建築基準法;建物・設備,避雷設備に関する次の記述のうち、内容が正確なものはどれか。,,,,,,避雷設備は、建物への落雷被害の軽減に関係する設備である。,避雷設備は、エレベーターのかご内照明の色を変えるためだけの設備である。,避雷設備は、どのような高さの建物にも絶対に設置してはならない。,避雷設備は、設置しても点検や接地抵抗の確認とは無関係である。,1,正解は1。選択肢1（正しい）　避雷設備は落雷被害軽減に関係する。選択肢2（誤り）　照明色変更の設備ではない。選択肢3（誤り）　一定の建築物で設置が必要となる場合がある。選択肢4（誤り）　点検や接地の確認が重要である。,選択肢1（正しい）　避雷設備は落雷被害軽減に関係する。,選択肢1（正しい）　避雷設備は落雷被害軽減に関係する。,2:（2）の内容は、正答（1）「避雷設備は、建物への落雷被害の軽減に関係する設備である。」が示す論点とずれています。;3:正答の解説と、主体・手続・効果のいずれかが一致していません。 選択肢（3）「避雷設備は、どのような高さの建物にも絶対に設置してはならない。」は本問の正答（1）とは異なるため不適です。;4:（4）の内容は、正答（1）「避雷設備は、建物への落雷被害の軽減に関係する設備である。」が示す論点とずれています。,
227,single,建物・設備,誤り選択;建物・設備;防犯指針,防犯灯・共用灯に関する次の記述のうち、内容が正確でないものはどれか。,,,,,,共用灯は、夜間の安全や防犯とは一切関係しないため、故障しても放置しなければならない。,共用灯の照度や配置は、歩行安全や防犯に関係する。,LED化により、電気料金や交換頻度の低減が期待できる場合がある。,共用灯の更新では、初期費用、ランニングコスト、明るさ、色温度を検討することがある。,1,正解は1。選択肢1（誤り）　共用灯は安全・防犯に関係し、故障時は対応が必要である。選択肢2（正しい）　照度や配置は安全性に影響する。選択肢3（正しい）　LED化で省エネ効果が期待できる。選択肢4（正しい）　費用や明るさ等を検討する。,選択肢1（誤り）　共用灯は安全・防犯に関係し、故障時は対応が必要である。,選択肢1（誤り）　共用灯は安全・防犯に関係し、故障時は対応が必要である。,2:（2）の内容は、正答（1）「共用灯は、夜間の安全や防犯とは一切関係しないため、故障しても放置しなければならない。」が示す論点とずれています。;3:（3）の内容は、正答（1）「共用灯は、夜間の安全や防犯とは一切関係しないため、故障しても放置しなければならない。」が示す論点とずれています。;4:（4）の内容は、正答（1）「共用灯は、夜間の安全や防犯とは一切関係しないため、故障しても放置しなければならない。」が示す論点とずれています。,設備・維持保全は数値基準・点検周期・責任の所在がセットで出題されます。表や比較で整理し、他選択肢がどの要件（数値・主体・手続）とずれているかを確認してください。
228,single,個人情報保護,正解選択;個人情報保護;管理組合実務,管理組合の個人情報管理に関する次の記述のうち、内容が正確なものはどれか。,,,,,,居住者名簿や緊急連絡先は、誰でも自由に閲覧・持ち出し・公開できる。,個人情報の利用目的や保管方法を定める必要は一切ない。,防犯カメラ映像や滞納情報は、個人情報保護と無関係である。,管理組合は、居住者名簿、緊急連絡先、防犯カメラ映像等を適切に管理し、利用目的や閲覧権限を明確にすることが重要である。,4,正解は4。選択肢1（誤り）　自由な公開・持ち出しは問題となる。選択肢2（誤り）　利用目的や保管方法の明確化が重要である。選択肢3（誤り）　映像や滞納情報も個人情報性が問題となる。選択肢4（正しい）　適切な管理と権限設定が重要である。,選択肢4（正しい）　適切な管理と権限設定が重要である。,選択肢4（正しい）　適切な管理と権限設定が重要である。,1:（1）の内容は、正答（4）「管理組合は、居住者名簿、緊急連絡先、防犯カメラ映像等を適切に管理し、利用目的や閲覧権限を明確にすることが重要であ…」が示す論点とずれています。;2:正答の解説と、主体・手続・効果のいずれかが一致していません。 選択肢（2）「個人情報の利用目的や保管方法を定める必要は一切ない。」は本問の正答（4）とは異なるため不適です。;3:（3）の内容は、正答（4）「管理組合は、居住者名簿、緊急連絡先、防犯カメラ映像等を適切に管理し、利用目的や閲覧権限を明確にすることが重要であ…」が示す論点とずれています。,
229,single,防災,誤り選択;防災;個人情報保護,管理組合の災害時安否確認に関する次の記述のうち、内容が正確でないものはどれか。,,,,,,災害時の安否確認では、事前に連絡方法や支援が必要な居住者への対応を検討しておくことが重要である。,安否確認は、個人情報やプライバシーとは一切関係しないため、名簿を誰でも自由に外部公開してよい。,災害時要支援者への対応では、本人同意や情報管理に配慮する必要がある。,防災訓練や居住者名簿の整備は、災害時対応に役立つことがある。,2,正解は2。選択肢1（正しい）　連絡方法や支援体制の検討が重要である。選択肢2（誤り）　安否確認でも個人情報・プライバシー配慮が必要である。選択肢3（正しい）　本人同意や情報管理に注意する。選択肢4（正しい）　訓練や名簿整備は災害対応に役立つ。,選択肢2（誤り）　安否確認でも個人情報・プライバシー配慮が必要である。,選択肢2（誤り）　安否確認でも個人情報・プライバシー配慮が必要である。,1:（1）の内容は、正答（2）「安否確認は、個人情報やプライバシーとは一切関係しないため、名簿を誰でも自由に外部公開してよい。」が示す論点とずれています。;3:（3）の内容は、正答（2）「安否確認は、個人情報やプライバシーとは一切関係しないため、名簿を誰でも自由に外部公開してよい。」が示す論点とずれています。;4:（4）の内容は、正答（2）「安否確認は、個人情報やプライバシーとは一切関係しないため、名簿を誰でも自由に外部公開してよい。」が示す論点とずれています。,
230,single,管理組合実務,正解選択;管理組合実務;マンション管理適正化法,管理不全マンションへの対応に関する次の記述のうち、内容が正確なものはどれか。,,,,,,役員のなり手不足、総会未開催、修繕積立金不足、長期修繕計画未整備は、管理不全につながる要因となることがある。,管理不全は、建物の劣化や居住環境とは一切関係しない。,管理不全マンションでは、外部専門家や地方公共団体の支援を検討してはならない。,管理不全は、管理組合が存在する限り絶対に発生しない。,1,正解は1。選択肢1（正しい）　運営不全や資金不足は管理不全の要因となる。選択肢2（誤り）　建物劣化や住環境に影響する。選択肢3（誤り）　外部専門家や行政支援を検討することがある。選択肢4（誤り）　管理組合があっても管理不全は起こり得る。,選択肢1（正しい）　運営不全や資金不足は管理不全の要因となる。,選択肢1（正しい）　運営不全や資金不足は管理不全の要因となる。,2:正答の解説と、主体・手続・効果のいずれかが一致していません。 選択肢（2）「管理不全は、建物の劣化や居住環境とは一切関係しない。」は本問の正答（1）とは異なるため不適です。;3:正答の解説と、主体・手続・効果のいずれかが一致していません。 選択肢（3）「管理不全マンションでは、外部専門家や地方公共団体の支援を検討してはならない。」は本問の正答（1）とは異なるため不適です。;4:正答の解説と、主体・手続・効果のいずれかが一致していません。 選択肢（4）「管理不全は、管理組合が存在する限り絶対に発生しない。」は本問の正答（1）とは異なるため不適です。,
231,single,区分所有法,正解選択;区分所有法,区分所有者の団体に関する次の記述のうち、区分所有法の定めによれば、内容が正確なものはどれか。,,,,,,区分所有者の団体は、管理組合法人として登記しなければ一切成立しない。,区分所有者は、全員で、建物並びにその敷地及び附属施設の管理を行うための団体を構成する。,区分所有者の団体は、規約を設定した日から初めて成立する。,区分所有者の団体は、管理者を選任しなければ法律上存在しない。,2,正解は2。選択肢1（誤り）　法人化は団体成立の要件ではない。本肢の記述は誤りである。選択肢2（正しい）　区分所有者は法律上当然に管理のための団体を構成する。本肢の記述は正当である。選択肢3（誤り）　規約設定前でも区分所有者の団体は構成される。本肢の記述は誤りである。選択肢4（誤り）　管理者選任は団体成立の要件ではない。本肢の記述は誤りである。,選択肢2（正しい）　区分所有者は法律上当然に管理のための団体を構成する。,選択肢2（正しい）　区分所有者は法律上当然に管理のための団体を構成する。,1:根拠の記述が異なります。解説では「区分所有者は法」が根拠ですが、（1）は「管理組合法」を根拠とする内容です。 正答の解説と、主体・手続・効果のいずれかが一致していません。;3:（3）の内容は、正答（2）「区分所有者は、全員で、建物並びにその敷地及び附属施設の管理を行うための団体を構成する。」が示す論点とずれています。;4:根拠の記述が異なります。解説では「区分所有者は法」が根拠ですが、（4）は「管理者を選任しなければ法」を根拠とする内容です。 正答の解説と、主体・手続・効果のいずれかが一致していません。,
232,single,区分所有法,誤り選択;区分所有法,共用部分に関する次の記述のうち、区分所有法の定めによれば、内容が正確でないものはどれか。,,,,,,共用部分の持分割合は、原則として各共有者の有する専有部分の床面積の割合による。,各共有者は、共用部分を自己の持分割合に応じた面積だけしか使用できない。,各共有者は、共用部分の全部について、その用方に従って使用することができる。,数個の専有部分に通ずる廊下や階段室など、構造上共用に供されるべき部分は共用部分である。,2,正解は2。選択肢1（正しい）　共用部分の持分割合は専有部分の床面積割合を原則とする。本肢の記述は正当である。選択肢2（誤り）　各共有者は共用部分全体を用方に従って使用できる。本肢の記述は誤りである。選択肢3（正しい）　共用部分は持分に応じた物理的区画だけを使うものではない。本肢の記述は正当である。選択肢4（正しい）　廊下や階段室などは法定共用部分となる。本肢の記述は正当である。,選択肢2（誤り）　各共有者は共用部分全体を用方に従って使用できる。,選択肢2（誤り）　各共有者は共用部分全体を用方に従って使用できる。,1:（1）の内容は、正答（2）「各共有者は、共用部分を自己の持分割合に応じた面積だけしか使用できない。」が示す論点とずれています。;3:（3）の内容は、正答（2）「各共有者は、共用部分を自己の持分割合に応じた面積だけしか使用できない。」が示す論点とずれています。;4:（4）の内容は、正答（2）「各共有者は、共用部分を自己の持分割合に応じた面積だけしか使用できない。」が示す論点とずれています。,
233,single,区分所有法,正解選択;区分所有法,規約に関する次の記述のうち、区分所有法の定めによれば、内容が正確なものはどれか。,,,,,,規約には、強行法規や公序良俗に反する内容であっても常に有効に定めることができる。,規約は、理事長が口頭で宣言すれば、総会決議なしに自由に変更できる。,規約は、区分所有者には効力を及ぼすが、特定承継人には一切効力を及ぼさない。,建物又は敷地等の管理又は使用に関する区分所有者相互間の事項は、規約で定めることができる。,4,正解は4。選択肢1（誤り）　規約も強行法規等に反する内容まで有効となるわけではない。本肢の記述は誤りである。選択肢2（誤り）　規約変更には集会の特別多数決議が必要である。本肢の記述は誤りである。選択肢3（誤り）　規約は特定承継人にも効力を及ぼす。本肢の記述は誤りである。選択肢4（正しい）　管理又は使用に関する相互間事項は規約事項となる。本肢の記述は正当である。,選択肢4（正しい）　管理又は使用に関する相互間事項は規約事項となる。,選択肢4（正しい）　管理又は使用に関する相互間事項は規約事項となる。,1:（1）の内容は、正答（4）「建物又は敷地等の管理又は使用に関する区分所有者相互間の事項は、規約で定めることができる。」が示す論点とずれています。;2:（2）の内容は、正答（4）「建物又は敷地等の管理又は使用に関する区分所有者相互間の事項は、規約で定めることができる。」が示す論点とずれています。;3:正答の解説と、主体・手続・効果のいずれかが一致していません。 選択肢（3）「規約は、区分所有者には効力を及ぼすが、特定承継人には一切効力を及ぼさない。」は本問の正答（4）とは異なるため不適です。,
234,single,区分所有法,誤り選択;区分所有法,集会に関する次の記述のうち、区分所有法の定めによれば、内容が正確でないものはどれか。,,,,,,管理者は、少なくとも毎年1回集会を招集しなければならない。,集会の招集通知には、会議の目的たる事項を示さなければならない。,区分所有者は、規約に別段の定めがない限り、書面又は代理人によって議決権を行使することができる。,集会では、あらかじめ通知した事項以外についても常に自由に決議できる。,4,正解は4。選択肢1（正しい）　管理者には年1回以上の集会招集義務がある。本肢の記述は正当である。選択肢2（正しい）　招集通知では会議目的を示す必要がある。本肢の記述は正当である。選択肢3（正しい）　書面又は代理人による議決権行使が認められる。本肢の記述は正当である。選択肢4（誤り）　集会は原則として通知事項について決議する。本肢の記述は誤りである。,選択肢4（誤り）　集会は原則として通知事項について決議する。,選択肢4（誤り）　集会は原則として通知事項について決議する。,1:正答の解説と、主体・手続・効果のいずれかが一致していません。 選択肢（1）「管理者は、少なくとも毎年1回集会を招集しなければならない。」は本問の正答（4）とは異なるため不適です。;2:正答の解説と、主体・手続・効果のいずれかが一致していません。 選択肢（2）「集会の招集通知には、会議の目的たる事項を示さなければならない。」は本問の正答（4）とは異なるため不適です。;3:正答の解説と、主体・手続・効果のいずれかが一致していません。 選択肢（3）「区分所有者は、規約に別段の定めがない限り、書面又は代理人によって議決権を行使することができる。」は本問の正答（4）とは異なるため不適です。,
235,single,区分所有法,正解選択;区分所有法,管理者に関する次の記述のうち、区分所有法の定めによれば、内容が正確なものはどれか。,,,,,,管理者は、区分所有者の専有部分を自己の判断だけで自由に売却できる。,管理者は、その職務に関し、区分所有者を代理する。,管理者に不正行為があっても、各区分所有者は裁判所に解任を請求できない。,管理者は、必ず区分所有者本人でなければならず、外部の者を選任することはできない。,2,正解は2。選択肢1（誤り）　管理者に専有部分の自由処分権はない。本肢の記述は誤りである。選択肢2（正しい）　管理者には職務に関する代理権がある。本肢の記述は正当である。選択肢3（誤り）　不正行為等がある場合、各区分所有者は解任請求できる。本肢の記述は誤りである。選択肢4（誤り）　管理者は区分所有者に限られない。本肢の記述は誤りである。,選択肢2（正しい）　管理者には職務に関する代理権がある。,選択肢2（正しい）　管理者には職務に関する代理権がある。,1:（1）の内容は、正答（2）「管理者は、その職務に関し、区分所有者を代理する。」が示す論点とずれています。;3:正答の解説と、主体・手続・効果のいずれかが一致していません。 選択肢（3）「管理者に不正行為があっても、各区分所有者は裁判所に解任を請求できない。」は本問の正答（2）とは異なるため不適です。;4:正答の解説と、主体・手続・効果のいずれかが一致していません。 選択肢（4）「管理者は、必ず区分所有者本人でなければならず、外部の者を選任することはできない。」は本問の正答（2）とは異なるため不適です。,
236,single,区分所有法,誤り選択;区分所有法,共同の利益に反する行為をする者に対する措置に関する次の記述のうち、区分所有法の定めによれば、内容が正確でないものはどれか。,,,,,,競売請求は、共同生活上の障害が著しく、他の方法では障害を除去することが困難な場合に認められる厳しい措置である。,使用禁止請求は、管理者が個人的に嫌いな区分所有者に対して常に自由に行える。,共同の利益に反する行為をする区分所有者に対しては、その行為の停止等を請求できる場合がある。,専有部分の使用禁止請求をするには、集会の決議を経て訴えを提起する必要がある。,2,正解は2。選択肢1（正しい）　競売請求には厳格な要件がある。本肢の記述は正当である。選択肢2（誤り）　使用禁止請求には法定要件と集会決議が必要である。本肢の記述は誤りである。選択肢3（正しい）　行為停止等請求の制度がある。本肢の記述は正当である。選択肢4（正しい）　使用禁止請求には集会決議と訴えが必要である。本肢の記述は正当である。,選択肢2（誤り）　使用禁止請求には法定要件と集会決議が必要である。,選択肢2（誤り）　使用禁止請求には法定要件と集会決議が必要である。,1:根拠の記述が異なります。解説では「使用禁止請求には法」が根拠ですが、（1）は「他の方法」を根拠とする内容です。;3:（3）の内容は、正答（2）「使用禁止請求は、管理者が個人的に嫌いな区分所有者に対して常に自由に行える。」が示す論点とずれています。;4:（4）の内容は、正答（2）「使用禁止請求は、管理者が個人的に嫌いな区分所有者に対して常に自由に行える。」が示す論点とずれています。,
237,single,区分所有法,正解選択;区分所有法,復旧又は建替えに関する次の記述のうち、区分所有法の定めによれば、内容が正確なものはどれか。,,,,,,建替え決議は、区分所有者1人の単独判断で成立する。,建替え決議に反対した区分所有者は、常に無償で権利を失う。,建物が一部滅失した場合、復旧決議や建替え決議を検討することは一切できない。,建替え決議は、区分所有者及び議決権の各5分の4以上の多数により行う。,4,正解は4。選択肢1（誤り）　建替え決議には特別多数が必要である。本肢の記述は誤りである。選択肢2（誤り）　反対者が無償で権利を失うわけではない。本肢の記述は誤りである。選択肢3（誤り）　滅失の程度に応じて復旧や建替えの制度が問題となる。本肢の記述は誤りである。選択肢4（正しい）　建替え決議には各5分の4以上の多数が必要である。本肢の記述は正当である。,選択肢4（正しい）　建替え決議には各5分の4以上の多数が必要である。,選択肢4（正しい）　建替え決議には各5分の4以上の多数が必要である。,1:（1）の内容は、正答（4）「建替え決議は、区分所有者及び議決権の各5分の4以上の多数により行う。」が示す論点とずれています。;2:（2）の内容は、正答（4）「建替え決議は、区分所有者及び議決権の各5分の4以上の多数により行う。」が示す論点とずれています。;3:正答の解説と、主体・手続・効果のいずれかが一致していません。 選択肢（3）「建物が一部滅失した場合、復旧決議や建替え決議を検討することは一切できない。」は本問の正答（4）とは異なるため不適です。,
238,single,区分所有法,誤り選択;区分所有法,団地に関する次の記述のうち、区分所有法の定めによれば、内容が正確でないものはどれか。,,,,,,団地では、団地全体の管理事項と各棟固有の管理事項を区別する必要がある。,団地管理規約により、一定の建物の管理を団地管理組合の対象にできる場合がある。,一団地内の土地又は附属施設が数棟の建物の所有者の共有に属する場合、団地建物所有者は全員で団地管理組合を構成する。,団地内の一括建替えは、理事長の単独判断だけで常に実施できる。,4,正解は4。選択肢1（正しい）　団地全体と各棟の管理を区別することが重要である。本肢の記述は正当である。選択肢2（正しい）　団地規約により建物管理を対象にできる場合がある。本肢の記述は正当である。選択肢3（正しい）　団地管理組合は団地建物所有者全員で構成される。本肢の記述は正当である。選択肢4（誤り）　一括建替えには法定の決議・手続が必要である。本肢の記述は誤りである。,選択肢4（誤り）　一括建替えには法定の決議・手続が必要である。,選択肢4（誤り）　一括建替えには法定の決議・手続が必要である。,1:（1）の内容は、正答（4）「団地内の一括建替えは、理事長の単独判断だけで常に実施できる。」が示す論点とずれています。;2:（2）の内容は、正答（4）「団地内の一括建替えは、理事長の単独判断だけで常に実施できる。」が示す論点とずれています。;3:（3）の内容は、正答（4）「団地内の一括建替えは、理事長の単独判断だけで常に実施できる。」が示す論点とずれています。,
239,single,標準管理規約（単棟型）,組合せ;標準管理規約（単棟型）,標準管理規約（単棟型）における総会に関する次の記述のうち、正しいものの組合せはどれか。ア 議事録は、総会の議事の経過の要領及びその結果を記録する重要な資料である。イ 総会議事録は、作成しても直ちに破棄し、組合員に一切見せてはならない。ウ 通常総会は、毎年1回、新会計年度開始後一定期間内に招集するものとされる。エ 総会は、管理会社の担当者だけが出席すれば、組合員が一人も関与しなくても自由に決議できる。,,,,,,アとイ,アとウ,イとエ,ウとエ,2,正解は2（アとウ）。ア（正しい）　総会議事録は意思決定を示す重要資料である。イ（誤り）　議事録は保管・閲覧の対象となる重要書類である。ウ（正しい）　通常総会は毎年1回招集される。エ（誤り）　総会は組合員の意思決定機関である。したがって、正しいものの組合せはアとウである。,正解は2（アとウ）。ア（正しい）　総会議事録は意思決定を示す重要資料である。イ（誤り）　議事録は保管・閲覧の対象となる重要書類である。ウ（正しい）　通常総会は毎年1回招集される。エ（誤り）　総会は組合員の意思決定機関である。したがって、正しいものの組合せはアとウである。,正解は2（アとウ）。ア（正しい）　総会議事録は意思決定を示す重要資料である。イ（誤り）　議事録は保管・閲覧の対象となる重要書類である。ウ（正しい）　通常総会は毎年1回招集される。エ（誤り）　総会は組合員の意思決定機関である。したがって、正しいものの組合せはアとウである。,1:（1）「アとイ」は正答（2）「アとウ」と異なる組合せです。 ア：正しい　総会議事録は意思決定を示す重要資料である。 イ：誤り　議事録は保管・閲覧の対象となる重要書類である。;3:（3）「イとエ」は正答（2）「アとウ」と異なる組合せです。 イ：誤り　議事録は保管・閲覧の対象となる重要書類である。 エ：誤り　総会は組合員の意思決定機関である。;4:（4）「ウとエ」は正答（2）「アとウ」と異なる組合せです。 ウ：正しい　通常総会は毎年1回招集される。 エ：誤り　総会は組合員の意思決定機関である。,
240,single,標準管理規約（単棟型）,誤り選択;標準管理規約（単棟型）,標準管理規約（単棟型）における理事会又は役員に関する次の記述のうち、内容が正確でないものはどれか。,,,,,,理事長は、管理組合を代表し、その業務を統括する。,監事は、理事会の議決権を当然に有し、理事と同じ立場で決議に参加する。,監事は、管理組合の業務の執行及び財産の状況を監査する。,理事会は、総会に提出する議案を審議することがある。,2,正解は2。選択肢1（正しい）　理事長は管理組合の代表者である。本肢の記述は正当である。選択肢2（誤り）　監事は理事ではなく、当然に議決権を有するわけではない。本肢の記述は誤りである。選択肢3（正しい）　監事は業務執行と財産状況を監査する。本肢の記述は正当である。選択肢4（正しい）　理事会は総会提出議案を検討する。本肢の記述は正当である。,選択肢2（誤り）　監事は理事ではなく、当然に議決権を有するわけではない。,選択肢2（誤り）　監事は理事ではなく、当然に議決権を有するわけではない。,1:（1）の内容は、正答（2）「監事は、理事会の議決権を当然に有し、理事と同じ立場で決議に参加する。」が示す論点とずれています。;3:（3）の内容は、正答（2）「監事は、理事会の議決権を当然に有し、理事と同じ立場で決議に参加する。」が示す論点とずれています。;4:（4）の内容は、正答（2）「監事は、理事会の議決権を当然に有し、理事と同じ立場で決議に参加する。」が示す論点とずれています。,
241,single,標準管理規約（単棟型）,正解選択;標準管理規約（単棟型）,標準管理規約（単棟型）における管理費等に関する次の記述のうち、内容が正確なものはどれか。,,,,,,修繕積立金は、日常清掃費だけに使うための会計である。,管理費等は一度定めたら、どれほど不足しても永久に変更できない。,管理費等は、共用部分の管理と無関係であるため、組合員に負担させることはできない。,管理費会計と修繕積立金会計は、目的に応じて区分して経理することが重要である。,4,正解は4。選択肢1（誤り）　修繕積立金は計画修繕等に備える資金である。本肢の記述は誤りである。選択肢2（誤り）　必要に応じて改定を検討できる。本肢の記述は誤りである。選択肢3（誤り）　管理費等は共用部分等の管理費用として徴収される。本肢の記述は誤りである。選択肢4（正しい）　管理費と修繕積立金は区分経理が重要である。本肢の記述は正当である。,選択肢4（正しい）　管理費と修繕積立金は区分経理が重要である。,選択肢4（正しい）　管理費と修繕積立金は区分経理が重要である。,1:（1）の内容は、正答（4）「管理費会計と修繕積立金会計は、目的に応じて区分して経理することが重要である。」が示す論点とずれています。;2:正答の解説と、主体・手続・効果のいずれかが一致していません。 選択肢（2）「管理費等は一度定めたら、どれほど不足しても永久に変更できない。」は本問の正答（4）とは異なるため不適です。;3:正答の解説と、主体・手続・効果のいずれかが一致していません。 選択肢（3）「管理費等は、共用部分の管理と無関係であるため、組合員に負担させることはできない。」は本問の正答（4）とは異なるため不適です。,
242,single,標準管理規約（単棟型）,誤り選択;標準管理規約（単棟型）,標準管理規約（単棟型）における専用使用又は専有部分の使用に関する次の記述のうち、内容が正確でないものはどれか。,,,,,,専有部分を貸与する場合、賃借人等に規約及び使用細則を遵守させることが重要である。,バルコニーや専用庭などについて、特定の区分所有者に専用使用権が認められることがある。,専有部分の修繕等が共用部分や他の住戸に影響するおそれがある場合、理事長への申請や承認が求められることがある。,専有部分を賃貸すると、区分所有者は管理費等の支払義務を当然に免れる。,4,正解は4。選択肢1（正しい）　占有者にも規約・細則の遵守が問題となる。本肢の記述は正当である。選択肢2（正しい）　バルコニー等には専用使用権が認められることがある。本肢の記述は正当である。選択肢3（正しい）　専有部分工事でも管理組合の手続が必要となる場合がある。本肢の記述は正当である。選択肢4（誤り）　賃貸しても区分所有者の管理費等負担は当然には消えない。本肢の記述は誤りである。,選択肢4（誤り）　賃貸しても区分所有者の管理費等負担は当然には消えない。,選択肢4（誤り）　賃貸しても区分所有者の管理費等負担は当然には消えない。,1:（1）の内容は、正答（4）「専有部分を賃貸すると、区分所有者は管理費等の支払義務を当然に免れる。」が示す論点とずれています。;2:（2）の内容は、正答（4）「専有部分を賃貸すると、区分所有者は管理費等の支払義務を当然に免れる。」が示す論点とずれています。;3:（3）の内容は、正答（4）「専有部分を賃貸すると、区分所有者は管理費等の支払義務を当然に免れる。」が示す論点とずれています。,
243,single,標準管理規約（団地型）,正解選択;標準管理規約（団地型）,標準管理規約（団地型）に関する次の記述のうち、内容が正確なものはどれか。,,,,,,団地型規約は単棟型規約と完全に同一であり、団地特有の規定は存在しない。,団地型規約では、団地全体の管理と棟別の管理との関係を整理することが重要である。,団地型規約では、団地全体の土地や附属施設の管理を考慮する必要がない。,団地内に複数棟があっても、棟別の事情を考慮することは一切できない。,2,正解は2。選択肢1（誤り）　団地型には団地特有の規定がある。本肢の記述は誤りである。選択肢2（正しい）　団地全体と棟別管理の整理が重要である。本肢の記述は正当である。選択肢3（誤り）　団地の土地や附属施設管理が重要である。本肢の記述は誤りである。選択肢4（誤り）　棟別の事情を考慮する場面がある。本肢の記述は誤りである。,選択肢2（正しい）　団地全体と棟別管理の整理が重要である。,選択肢2（正しい）　団地全体と棟別管理の整理が重要である。,1:正答の解説と、主体・手続・効果のいずれかが一致していません。 選択肢（1）「団地型規約は単棟型規約と完全に同一であり、団地特有の規定は存在しない。」は本問の正答（2）とは異なるため不適です。;3:正答の解説と、主体・手続・効果のいずれかが一致していません。 選択肢（3）「団地型規約では、団地全体の土地や附属施設の管理を考慮する必要がない。」は本問の正答（2）とは異なるため不適です。;4:正答の解説と、主体・手続・効果のいずれかが一致していません。 選択肢（4）「団地内に複数棟があっても、棟別の事情を考慮することは一切できない。」は本問の正答（2）とは異なるため不適です。,
244,single,標準管理規約（複合用途型）,誤り選択;標準管理規約（複合用途型）,標準管理規約（複合用途型）に関する次の記述のうち、内容が正確でないものはどれか。,,,,,,複合用途型では、用途に応じて管理費負担や使用ルールを整理することがある。,複合用途型規約は、店舗の営業音や営業時間などとは一切関係しない。,複合用途型規約では、住宅部分と店舗部分の区分経理や部会が問題となることがある。,住宅と店舗等が併存するマンションでは、用途ごとの利害調整が問題となることがある。,2,正解は2。選択肢1（正しい）　用途に応じた負担やルール整理が必要となる。本肢の記述は正当である。選択肢2（誤り）　店舗の使用態様は共同生活に影響する場合がある。本肢の記述は誤りである。選択肢3（正しい）　用途別の区分経理や部会が検討される。本肢の記述は正当である。選択肢4（正しい）　複合用途型では用途ごとの利害調整が重要である。本肢の記述は正当である。,選択肢2（誤り）　店舗の使用態様は共同生活に影響する場合がある。,選択肢2（誤り）　店舗の使用態様は共同生活に影響する場合がある。,1:（1）の内容は、正答（2）「複合用途型規約は、店舗の営業音や営業時間などとは一切関係しない。」が示す論点とずれています。;3:（3）の内容は、正答（2）「複合用途型規約は、店舗の営業音や営業時間などとは一切関係しない。」が示す論点とずれています。;4:（4）の内容は、正答（2）「複合用途型規約は、店舗の営業音や営業時間などとは一切関係しない。」が示す論点とずれています。,
245,single,民法,正解選択;民法,共有に関する次の記述のうち、民法の定めによれば、内容が正確なものはどれか。,,,,,,共有物の管理事項は、常に全員一致でなければ決められず、持分価格の過半数で決することはない。,共有物の保存行為は、常に共有者全員の同意がなければできない。,共有者は、自分の持分割合に相当する面積以外を一切使用できない。,共有物の変更には、原則として他の共有者全員の同意が必要である。,4,正解は4。選択肢1（誤り）　管理事項は持分価格の過半数で決するのが原則である。本肢の記述は誤りである。選択肢2（誤り）　保存行為は各共有者が行える。本肢の記述は誤りである。選択肢3（誤り）　共有物全部について持分に応じた使用ができる。本肢の記述は誤りである。選択肢4（正しい）　変更には原則として全員同意が必要である。本肢の記述は正当である。,選択肢4（正しい）　変更には原則として全員同意が必要である。,選択肢4（正しい）　変更には原則として全員同意が必要である。,1:正答の解説と、主体・手続・効果のいずれかが一致していません。 選択肢（1）「共有物の管理事項は、常に全員一致でなければ決められず、持分価格の過半数で決することはない。」は本問の正答（4）とは異なるため不適です。;2:正答の解説と、主体・手続・効果のいずれかが一致していません。 選択肢（2）「共有物の保存行為は、常に共有者全員の同意がなければできない。」は本問の正答（4）とは異なるため不適です。;3:正答の解説と、主体・手続・効果のいずれかが一致していません。 選択肢（3）「共有者は、自分の持分割合に相当する面積以外を一切使用できない。」は本問の正答（4）とは異なるため不適です。,
246,single,民法,誤り選択;民法,契約不適合責任に関する次の記述のうち、民法の定めによれば、内容が正確でないものはどれか。,,,,,,目的物が契約の内容に適合しない場合、買主は履行の追完を請求できる場合がある。,契約不適合がある場合、代金減額請求、損害賠償請求、解除が問題となることがある。,請負の仕事の目的物が契約内容に適合しない場合にも、契約不適合責任が問題となることがある。,契約不適合があっても、買主は追完請求も代金減額請求も一切できない。,4,正解は4。選択肢1（正しい）　契約不適合では追完請求が認められる場合がある。本肢の記述は正当である。選択肢2（正しい）　契約不適合では複数の救済手段がある。本肢の記述は正当である。選択肢3（正しい）　工事請負でも契約不適合が問題となる。本肢の記述は正当である。選択肢4（誤り）　契約不適合では追完請求等が認められる場合がある。本肢の記述は誤りである。,選択肢4（誤り）　契約不適合では追完請求等が認められる場合がある。,選択肢4（誤り）　契約不適合では追完請求等が認められる場合がある。,1:正答の解説と、主体・手続・効果のいずれかが一致していません。 選択肢（1）「目的物が契約の内容に適合しない場合、買主は履行の追完を請求できる場合がある。」は本問の正答（4）とは異なるため不適です。;2:（2）の内容は、正答（4）「契約不適合があっても、買主は追完請求も代金減額請求も一切できない。」が示す論点とずれています。;3:正答の解説と、主体・手続・効果のいずれかが一致していません。 選択肢（3）「請負の仕事の目的物が契約内容に適合しない場合にも、契約不適合責任が問題となることがある。」は本問の正答（4）とは異なるため不適です。,
247,single,民法,正解選択;民法,賃貸借に関する次の記述のうち、民法又は借地借家法の定めによれば、内容が正確なものはどれか。,,,,,,賃貸人は、賃借人に目的物を使用収益させる義務を一切負わない。,賃借人は、賃貸人の承諾を得なければ、賃借権を譲渡し、又は賃借物を転貸することができない。,建物賃貸借では、賃貸人の更新拒絶に正当事由が問題となることはない。,賃借人は、賃貸人の承諾なしに常に自由に転貸できる。,2,正解は2。選択肢1（誤り）　賃貸人は使用収益させる義務を負う。本肢の記述は誤りである。選択肢2（正しい）　無断譲渡・転貸は原則として認められない。本肢の記述は正当である。選択肢3（誤り）　建物賃貸借では更新拒絶の正当事由が問題となる。本肢の記述は誤りである。選択肢4（誤り）　転貸には賃貸人の承諾が必要である。本肢の記述は誤りである。,選択肢2（正しい）　無断譲渡・転貸は原則として認められない。,選択肢2（正しい）　無断譲渡・転貸は原則として認められない。,1:正答の解説と、主体・手続・効果のいずれかが一致していません。 選択肢（1）「賃貸人は、賃借人に目的物を使用収益させる義務を一切負わない。」は本問の正答（2）とは異なるため不適です。;3:正答の解説と、主体・手続・効果のいずれかが一致していません。 選択肢（3）「建物賃貸借では、賃貸人の更新拒絶に正当事由が問題となることはない。」は本問の正答（2）とは異なるため不適です。;4:（4）の内容は、正答（2）「賃借人は、賃貸人の承諾を得なければ、賃借権を譲渡し、又は賃借物を転貸することができない。」が示す論点とずれています。,
248,single,民法,いくつあるか;民法,不法行為又は工作物責任に関する次の記述のうち、民法の定めによれば、正しいものはいくつあるか。ア 外壁タイルの剥落事故では、工作物責任が問題となることがある。イ 故意又は過失によって他人の権利又は法律上保護される利益を侵害した者は、損害賠償責任を負う。ウ 共用部分の管理不備による事故は、損害賠償責任と常に無関係である。エ 土地の工作物の設置又は保存に瑕疵がある場合、占有者又は所有者の責任が問題となる。,,,,,,一つ,二つ,三つ,四つ,3,正解は3（三つ）。ア（正しい）　建物外壁の事故では工作物責任が問題となり得る。イ（正しい）　不法行為責任の基本である。ウ（誤り）　共用部分の管理不備は責任問題につながる。エ（正しい）　土地工作物責任が問題となる。したがって、正しいものは三つである。,正解は3（三つ）。ア（正しい）　建物外壁の事故では工作物責任が問題となり得る。イ（正しい）　不法行為責任の基本である。ウ（誤り）　共用部分の管理不備は責任問題につながる。エ（正しい）　土地工作物責任が問題となる。したがって、正しいものは三つである。,正解は3（三つ）。ア（正しい）　建物外壁の事故では工作物責任が問題となり得る。イ（正しい）　不法行為責任の基本である。ウ（誤り）　共用部分の管理不備は責任問題につながる。エ（正しい）　土地工作物責任が問題となる。したがって、正しいものは三つである。,1:（1）「一つ」は、単独の記述としては法令上妥当な場合がありますが、本問で選ぶべき正答は（3）「三つ」です。問題文の条件（不法行為又は工作物責任に関する次の記述のうち、民法の定めによれば、正しいものはいくつあるか。ア …）と照らし、設問が問う論点に合う肢を選び直してください。;2:（2）「二つ」は、単独の記述としては法令上妥当な場合がありますが、本問で選ぶべき正答は（3）「三つ」です。問題文の条件（不法行為又は工作物責任に関する次の記述のうち、民法の定めによれば、正しいものはいくつあるか。ア …）と照らし、設問が問う論点に合う肢を選び直してください。;4:（4）「四つ」は、単独の記述としては法令上妥当な場合がありますが、本問で選ぶべき正答は（3）「三つ」です。問題文の条件（不法行為又は工作物責任に関する次の記述のうち、民法の定めによれば、正しいものはいくつあるか。ア …）と照らし、設問が問う論点に合う肢を選び直してください。,
249,single,民法,誤り選択;民法;不動産登記法,不動産登記に関する次の記述のうち、民法及び不動産登記法の考え方によれば、内容が正確でないものはどれか。,,,,,,不動産に関する物権の得喪及び変更は、原則として登記をしなければ第三者に対抗することができない。,区分建物では、専有部分の表示や敷地権に関する登記が問題となる。,不動産を取得した者は、登記がなくても常にすべての第三者に対抗できる。,相続登記は、専有部分の権利者を明らかにし、管理費請求や総会通知の相手方確認にも関係することがある。,3,正解は3。選択肢1（正しい）　不動産物権変動は登記が対抗要件となる。本肢の記述は正当である。選択肢2（正しい）　区分建物では敷地権登記等が重要である。本肢の記述は正当である。選択肢3（誤り）　登記がなければ対抗できない第三者がいる。本肢の記述は誤りである。選択肢4（正しい）　相続登記は管理実務にも影響する。本肢の記述は正当である。,選択肢3（誤り）　登記がなければ対抗できない第三者がいる。,選択肢3（誤り）　登記がなければ対抗できない第三者がいる。,1:正答の解説と、主体・手続・効果のいずれかが一致していません。 選択肢（1）「不動産に関する物権の得喪及び変更は、原則として登記をしなければ第三者に対抗することができない。」は本問の正答（3）とは異なるため不適です。;2:（2）の内容は、正答（3）「不動産を取得した者は、登記がなくても常にすべての第三者に対抗できる。」が示す論点とずれています。;4:（4）の内容は、正答（3）「不動産を取得した者は、登記がなくても常にすべての第三者に対抗できる。」が示す論点とずれています。,
250,single,マンション管理適正化法,誤り選択;マンション管理適正化法;5問免除,マンション管理士に関する次の記述のうち、マンション管理適正化法の定めによれば、内容が正確でないものはどれか。,,,,,,マンション管理士には、信用失墜行為の禁止が課されている。,マンション管理士には、業務上知り得た秘密を正当な理由なく漏らしてはならない義務がある。,マンション管理士は、専門的知識をもって管理組合等の相談に応じ、助言、指導その他の援助を行う。,マンション管理士は、管理組合の財産を当然に自己名義で自由に処分できる。,4,正解は4。選択肢1（正しい）　マンション管理士には信用保持義務がある。本肢の記述は正当である。選択肢2（正しい）　マンション管理士には秘密保持義務がある。本肢の記述は正当である。選択肢3（正しい）　マンション管理士の業務内容である。本肢の記述は正当である。選択肢4（誤り）　マンション管理士は助言等を行う資格者であり、財産処分権限を当然には有しない。本肢の記述は誤りである。,選択肢4（誤り）　マンション管理士は助言等を行う資格者であり、財産処分権限を当然には有しない。,選択肢4（誤り）　マンション管理士は助言等を行う資格者であり、財産処分権限を当然には有しない。,1:（1）の内容は、正答（4）「マンション管理士は、管理組合の財産を当然に自己名義で自由に処分できる。」が示す論点とずれています。;2:選択肢（2）「マンション管理士には、業務上知り得た秘密を正当な理由なく漏らしてはならない義務がある。;3:（3）の内容は、正答（4）「マンション管理士は、管理組合の財産を当然に自己名義で自由に処分できる。」が示す論点とずれています。,
251,single,マンション管理適正化法,正解選択;マンション管理適正化法;5問免除,マンション管理業者に関する次の記述のうち、マンション管理適正化法の定めによれば、内容が正確なものはどれか。,,,,,,重要事項説明書は、白紙で交付すれば常に足りる。,マンション管理業者には、管理組合の財産を適切に分別管理するための規制が設けられている。,マンション管理業者は、登録を受けなくても常に自由に管理業を営むことができる。,マンション管理業者は、管理組合の資金を自己の運転資金として自由に流用できる。,2,正解は2。選択肢1（誤り）　法定事項を記載して説明する必要がある。本肢の記述は誤りである。選択肢2（正しい）　分別管理規制がある。本肢の記述は正当である。選択肢3（誤り）　マンション管理業には登録が必要である。本肢の記述は誤りである。選択肢4（誤り）　管理組合財産は分別管理が必要である。本肢の記述は誤りである。,選択肢2（正しい）　分別管理規制がある。,選択肢2（正しい）　分別管理規制がある。,1:（1）の内容は、正答（2）「マンション管理業者には、管理組合の財産を適切に分別管理するための規制が設けられている。」が示す論点とずれています。;3:（3）の内容は、正答（2）「マンション管理業者には、管理組合の財産を適切に分別管理するための規制が設けられている。」が示す論点とずれています。;4:（4）の内容は、正答（2）「マンション管理業者には、管理組合の財産を適切に分別管理するための規制が設けられている。」が示す論点とずれています。,
252,single,マンション管理適正化法,誤り選択;マンション管理適正化法;5問免除,管理業務主任者に関する次の記述のうち、マンション管理適正化法の定めによれば、内容が正確でないものはどれか。,,,,,,管理業務主任者は、管理受託契約に関する重要事項説明に関与する資格者である。,管理業務主任者証は、重要事項説明時にも提示する必要が一切ない。,マンション管理業者は、事務所ごとに一定数の成年者である専任の管理業務主任者を置く必要がある。,管理業務主任者は、重要事項説明を行う際に管理業務主任者証を提示する必要がある。,2,正解は2。選択肢1（正しい）　管理業務主任者は重要事項説明に関与する。本肢の記述は正当である。選択肢2（誤り）　主任者証の提示が必要である。本肢の記述は誤りである。選択肢3（正しい）　事務所ごとの専任主任者設置が必要である。本肢の記述は正当である。選択肢4（正しい）　重要事項説明時の主任者証提示が必要である。本肢の記述は正当である。,選択肢2（誤り）　主任者証の提示が必要である。,選択肢2（誤り）　主任者証の提示が必要である。,1:（1）の内容は、正答（2）「管理業務主任者証は、重要事項説明時にも提示する必要が一切ない。」が示す論点とずれています。;3:（3）の内容は、正答（2）「管理業務主任者証は、重要事項説明時にも提示する必要が一切ない。」が示す論点とずれています。;4:（4）の内容は、正答（2）「管理業務主任者証は、重要事項説明時にも提示する必要が一切ない。」が示す論点とずれています。,
253,single,マンション管理適正化法,正解選択;マンション管理適正化法;5問免除,管理計画認定制度に関する次の記述のうち、マンション管理適正化法の考え方によれば、内容が正確なものはどれか。,,,,,,管理計画認定を受ければ、以後長期修繕計画を一切見直す必要がなくなる。,管理計画認定では、修繕積立金や長期修繕計画は一切確認されない。,管理計画認定は、各住戸の壁紙の色だけを認定する制度である。,長期修繕計画や修繕積立金の状況は、管理計画認定で重要な確認事項となる。,4,正解は4。選択肢1（誤り）　認定後も継続的な管理・見直しが必要である。本肢の記述は誤りである。選択肢2（誤り）　修繕積立金や長期修繕計画は重要な確認事項である。本肢の記述は誤りである。選択肢3（誤り）　管理組合の管理計画を認定する制度である。本肢の記述は誤りである。選択肢4（正しい）　修繕計画・積立金は認定基準で重要である。本肢の記述は正当である。,選択肢4（正しい）　修繕計画・積立金は認定基準で重要である。,選択肢4（正しい）　修繕計画・積立金は認定基準で重要である。,1:（1）の内容は、正答（4）「長期修繕計画や修繕積立金の状況は、管理計画認定で重要な確認事項となる。」が示す論点とずれています。;2:正答の解説と、主体・手続・効果のいずれかが一致していません。 選択肢（2）「管理計画認定では、修繕積立金や長期修繕計画は一切確認されない。」は本問の正答（4）とは異なるため不適です。;3:（3）の内容は、正答（4）「長期修繕計画や修繕積立金の状況は、管理計画認定で重要な確認事項となる。」が示す論点とずれています。,
254,single,標準管理委託契約書,誤り選択;標準管理委託契約書,マンション標準管理委託契約書に関する次の記述のうち、内容が正確でないものはどれか。,,,,,,契約更新時には、業務内容、委託費、業務実績、重要事項説明を確認することが重要である。,管理委託契約では、管理事務の内容、委託業務費、契約期間などを明確に定めることが重要である。,管理業者が一部業務を専門業者に委託する場合でも、責任や報告体制を明確にしておくことが重要である。,管理業者に委託した場合、理事会は管理組合運営に一切関与できなくなる。,4,正解は4。選択肢1（正しい）　更新時には条件確認が重要である。本肢の記述は正当である。選択肢2（正しい）　契約内容の明確化が重要である。本肢の記述は正当である。選択肢3（正しい）　再委託時も責任と報告体制が重要である。本肢の記述は正当である。選択肢4（誤り）　委託後も理事会の役割は残る。本肢の記述は誤りである。,選択肢4（誤り）　委託後も理事会の役割は残る。,選択肢4（誤り）　委託後も理事会の役割は残る。,1:（1）の内容は、正答（4）「管理業者に委託した場合、理事会は管理組合運営に一切関与できなくなる。」が示す論点とずれています。;2:（2）の内容は、正答（4）「管理業者に委託した場合、理事会は管理組合運営に一切関与できなくなる。」が示す論点とずれています。;3:（3）の内容は、正答（4）「管理業者に委託した場合、理事会は管理組合運営に一切関与できなくなる。」が示す論点とずれています。,
255,single,会計,正解選択;会計,管理組合の会計に関する次の記述のうち、一般的な会計処理の考え方によれば、内容が正確なものはどれか。,,,,,,預金残高が合っていれば、収支計算書や貸借対照表を作成する必要は一切ない。,未収管理費が発生した場合には、未収金として把握し、滞納状況を管理することが重要である。,管理組合の資金は、役員個人の生活費と自由に混同してよい。,予備費は、理事長の個人的な旅行費用に自由に使うための費目である。,2,正解は2。選択肢1（誤り）　収支状況や財産状態を明らかにする資料が必要である。本肢の記述は誤りである。選択肢2（正しい）　未収金管理は重要である。本肢の記述は正当である。選択肢3（誤り）　組合資金と個人資金を混同してはならない。本肢の記述は誤りである。選択肢4（誤り）　予備費は私的支出に使う費目ではない。本肢の記述は誤りである。,選択肢2（正しい）　未収金管理は重要である。,選択肢2（正しい）　未収金管理は重要である。,1:正答の解説と、主体・手続・効果のいずれかが一致していません。 選択肢（1）「預金残高が合っていれば、収支計算書や貸借対照表を作成する必要は一切ない。」は本問の正答（2）とは異なるため不適です。;3:（3）の内容は、正答（2）「未収管理費が発生した場合には、未収金として把握し、滞納状況を管理することが重要である。」が示す論点とずれています。;4:（4）の内容は、正答（2）「未収管理費が発生した場合には、未収金として把握し、滞納状況を管理することが重要である。」が示す論点とずれています。,
256,single,税務,誤り選択;税務;会計,管理組合の税務に関する次の記述のうち、一般的な税務の考え方によれば、内容が正確でないものはどれか。,,,,,,管理組合が外部に駐車場を貸し付けるなど対価性のある取引を行う場合、消費税の課税関係が問題となることがある。,管理組合には、消費税の課税関係が絶対に発生しない。,組合員から徴収する管理費や修繕積立金と外部収入は、性質を区別して検討することが重要である。,携帯電話基地局設置料など外部からの収入については、収益事業に該当するか等により法人税等の課税関係が問題となることがある。,2,正解は2。選択肢1（正しい）　外部取引では消費税が問題となる場合がある。本肢の記述は正当である。選択肢2（誤り）　取引内容によって消費税が問題となる。本肢の記述は誤りである。選択肢3（正しい）　内部負担金と外部収入を区別することが重要である。本肢の記述は正当である。選択肢4（正しい）　外部収入は収益事業該当性が問題となる。本肢の記述は正当である。,選択肢2（誤り）　取引内容によって消費税が問題となる。,選択肢2（誤り）　取引内容によって消費税が問題となる。,1:（1）の内容は、正答（2）「管理組合には、消費税の課税関係が絶対に発生しない。」が示す論点とずれています。;3:（3）の内容は、正答（2）「管理組合には、消費税の課税関係が絶対に発生しない。」が示す論点とずれています。;4:（4）の内容は、正答（2）「管理組合には、消費税の課税関係が絶対に発生しない。」が示す論点とずれています。,
257,single,建築基準法,正解選択;建築基準法,建築基準法に関する次の記述のうち、内容が正確なものはどれか。,,,,,,建蔽率は、建築物の高さを敷地面積で割った割合である。,建築基準法は、最高級の内装デザインだけを定める法律である。,建築確認は、建築主の好みの外観色だけを審査する手続である。,防火地域や準防火地域では、建築物の構造や防火措置について制限が設けられることがある。,4,正解は4。選択肢1（誤り）　建蔽率は建築面積の敷地面積に対する割合である。本肢の記述は誤りである。選択肢2（誤り）　建築基準法は敷地・構造・設備・用途等の最低基準を定める。本肢の記述は誤りである。選択肢3（誤り）　建築確認は建築基準関係規定への適合を確認する。本肢の記述は誤りである。選択肢4（正しい）　防火地域等では防火上の制限がある。本肢の記述は正当である。,選択肢4（正しい）　防火地域等では防火上の制限がある。,選択肢4（正しい）　防火地域等では防火上の制限がある。,1:（1）の内容は、正答（4）「防火地域や準防火地域では、建築物の構造や防火措置について制限が設けられることがある。」が示す論点とずれています。;2:根拠の記述が異なります。解説では「建築基準法」が根拠ですが、（2）は「内装デザインだけを定める法」を根拠とする内容です。;3:（3）の内容は、正答（4）「防火地域や準防火地域では、建築物の構造や防火措置について制限が設けられることがある。」が示す論点とずれています。,
258,single,都市計画法,誤り選択;都市計画法;建築基準法,都市計画法又は建築基準法に関する次の記述のうち、内容が正確でないものはどれか。,,,,,,市街化区域は、すでに市街地を形成している区域及びおおむね10年以内に優先的かつ計画的に市街化を図るべき区域である。,市街化調整区域は、市街化を抑制すべき区域である。,用途地域ごとに、建築できる建築物の用途や建蔽率、容積率等の制限が異なる。,市街化調整区域は、市街化を積極的に促進する区域である。,4,正解は4。選択肢1（正しい）　市街化区域の定義である。本肢の記述は正当である。選択肢2（正しい）　市街化調整区域は市街化抑制区域である。本肢の記述は正当である。選択肢3（正しい）　用途地域に応じて建築制限が異なる。本肢の記述は正当である。選択肢4（誤り）　市街化調整区域は市街化を抑制すべき区域である。本肢の記述は誤りである。,選択肢4（誤り）　市街化調整区域は市街化を抑制すべき区域である。,選択肢4（誤り）　市街化調整区域は市街化を抑制すべき区域である。,1:（1）の内容は、正答（4）「市街化調整区域は、市街化を積極的に促進する区域である。」が示す論点とずれています。;2:（2）の内容は、正答（4）「市街化調整区域は、市街化を積極的に促進する区域である。」が示す論点とずれています。;3:（3）の内容は、正答（4）「市街化調整区域は、市街化を積極的に促進する区域である。」が示す論点とずれています。,
259,single,マンション建替え等円滑化法,組合せ;マンション建替え等円滑化法,マンション建替え等円滑化法に関する次の記述のうち、正しいものの組合せはどれか。ア 建替え事業では、権利変換計画など区分所有者等の権利調整に関する手続が問題となる。イ 建替え事業では、区分所有者等の権利調整は一切不要である。ウ 耐震性不足等のマンションでは、除却や敷地売却に関する制度が問題となる場合がある。エ マンション建替組合は、建替え事業とは無関係の任意サークルである。,,,,,,アとイ,アとウ,イとエ,ウとエ,2,正解は2（アとウ）。ア（正しい）　権利変換計画が重要である。イ（誤り）　権利調整手続が重要である。ウ（正しい）　耐震性不足等では敷地売却制度等が問題となる。エ（誤り）　建替組合は建替事業の実施主体である。したがって、正しいものの組合せはアとウである。,正解は2（アとウ）。ア（正しい）　権利変換計画が重要である。イ（誤り）　権利調整手続が重要である。ウ（正しい）　耐震性不足等では敷地売却制度等が問題となる。エ（誤り）　建替組合は建替事業の実施主体である。したがって、正しいものの組合せはアとウである。,正解は2（アとウ）。ア（正しい）　権利変換計画が重要である。イ（誤り）　権利調整手続が重要である。ウ（正しい）　耐震性不足等では敷地売却制度等が問題となる。エ（誤り）　建替組合は建替事業の実施主体である。したがって、正しいものの組合せはアとウである。,1:（1）「アとイ」は正答（2）「アとウ」と異なる組合せです。 ア：正しい　権利変換計画が重要である。 イ：誤り　権利調整手続が重要である。;3:（3）「イとエ」は正答（2）「アとウ」と異なる組合せです。 イ：誤り　権利調整手続が重要である。 エ：誤り　建替組合は建替事業の実施主体である。;4:（4）「ウとエ」は正答（2）「アとウ」と異なる組合せです。 ウ：正しい　耐震性不足等では敷地売却制度等が問題となる。 エ：誤り　建替組合は建替事業の実施主体である。,
260,single,建物・設備,誤り選択;建物・設備,マンションの給排水設備に関する次の記述のうち、内容が正確でないものはどれか。,,,,,,貯水槽水道では、受水槽の清掃、点検、水質管理などが衛生管理上重要となる。,受水槽は飲料水を貯留する設備ではないため、汚染を考慮する必要がない。,受水槽方式では、水道本管から受水槽に水を受け、ポンプ等により各住戸へ給水する。,排水管の詰まりや腐食は、漏水、悪臭、排水不良などの原因となることがある。,2,正解は2。選択肢1（正しい）　受水槽の衛生管理が重要である。本肢の記述は正当である。選択肢2（誤り）　受水槽は飲料水の衛生管理が重要である。本肢の記述は誤りである。選択肢3（正しい）　受水槽方式の基本である。本肢の記述は正当である。選択肢4（正しい）　排水管劣化は漏水等につながる。本肢の記述は正当である。,選択肢2（誤り）　受水槽は飲料水の衛生管理が重要である。,選択肢2（誤り）　受水槽は飲料水の衛生管理が重要である。,1:（1）の内容は、正答（2）「受水槽は飲料水を貯留する設備ではないため、汚染を考慮する必要がない。」が示す論点とずれています。;3:（3）の内容は、正答（2）「受水槽は飲料水を貯留する設備ではないため、汚染を考慮する必要がない。」が示す論点とずれています。;4:（4）の内容は、正答（2）「受水槽は飲料水を貯留する設備ではないため、汚染を考慮する必要がない。」が示す論点とずれています。,設備・維持保全は数値基準・点検周期・責任の所在がセットで出題されます。表や比較で整理し、他選択肢がどの要件（数値・主体・手続）とずれているかを確認してください。
261,single,建物・設備,正解選択;建物・設備,マンションの電気設備、消防用設備又は昇降機に関する次の記述のうち、内容が正確なものはどれか。,,,,,,自動火災報知設備は、一度設置すれば点検も故障対応も不要である。,エレベーターは機械設備ではないため、摩耗や劣化が生じることはない。,誘導灯は、避難方向を示す設備ではなく、給水ポンプの作動状況だけを表示する設備である。,消防用設備等は、設置後も定期的な点検及び報告が必要となる場合がある。,4,正解は4。選択肢1（誤り）　消防用設備等は維持管理が必要である。本肢の記述は誤りである。選択肢2（誤り）　エレベーターは機械設備であり保守が必要である。本肢の記述は誤りである。選択肢3（誤り）　誘導灯は避難誘導に関係する設備である。本肢の記述は誤りである。選択肢4（正しい）　消防用設備等は定期点検・報告が必要となる。本肢の記述は正当である。,選択肢4（正しい）　消防用設備等は定期点検・報告が必要となる。,選択肢4（正しい）　消防用設備等は定期点検・報告が必要となる。,1:正答の解説と、主体・手続・効果のいずれかが一致していません。 選択肢（1）「自動火災報知設備は、一度設置すれば点検も故障対応も不要である。」は本問の正答（4）とは異なるため不適です。;2:正答の解説と、主体・手続・効果のいずれかが一致していません。 選択肢（2）「エレベーターは機械設備ではないため、摩耗や劣化が生じることはない。」は本問の正答（4）とは異なるため不適です。;3:（3）の内容は、正答（4）「消防用設備等は、設置後も定期的な点検及び報告が必要となる場合がある。」が示す論点とずれています。,設備・維持保全は数値基準・点検周期・責任の所在がセットで出題されます。表や比較で整理し、他選択肢がどの要件（数値・主体・手続）とずれているかを確認してください。
262,single,建物・設備,誤り選択;建物・設備;長期修繕計画,外壁又は防水に関する次の記述のうち、内容が正確でないものはどれか。,,,,,,屋上防水層の劣化は、漏水の原因となることがある。,シーリング材は、外壁目地やサッシ周りなどの防水性に関係する。,タイルの浮きやひび割れは、落下事故や雨水浸入の原因となることがある。,屋上防水は雨水と無関係であり、点検や改修の対象とする必要がない。,4,正解は4。選択肢1（正しい）　屋上防水劣化は漏水原因となる。本肢の記述は正当である。選択肢2（正しい）　シーリングは防水性に関係する。本肢の記述は正当である。選択肢3（正しい）　外壁劣化は落下や漏水につながる。本肢の記述は正当である。選択肢4（誤り）　屋上防水は雨水浸入防止に重要である。本肢の記述は誤りである。,選択肢4（誤り）　屋上防水は雨水浸入防止に重要である。,選択肢4（誤り）　屋上防水は雨水浸入防止に重要である。,1:（1）の内容は、正答（4）「屋上防水は雨水と無関係であり、点検や改修の対象とする必要がない。」が示す論点とずれています。;2:（2）の内容は、正答（4）「屋上防水は雨水と無関係であり、点検や改修の対象とする必要がない。」が示す論点とずれています。;3:（3）の内容は、正答（4）「屋上防水は雨水と無関係であり、点検や改修の対象とする必要がない。」が示す論点とずれています。,設備・維持保全は数値基準・点検周期・責任の所在がセットで出題されます。表や比較で整理し、他選択肢がどの要件（数値・主体・手続）とずれているかを確認してください。
263,single,長期修繕計画,正解選択;長期修繕計画,長期修繕計画に関する次の記述のうち、内容が正確なものはどれか。,,,,,,長期修繕計画は、修繕積立金の額の検討とは一切関係しない。,長期修繕計画は、建物の劣化状況や工事費の変動に応じて定期的に見直すことが重要である。,長期修繕計画は、新築時に一度作成すれば、以後永久に見直してはならない。,長期修繕計画は、翌月1か月分の清掃予定表を作成すれば足りる。,2,正解は2。選択肢1（誤り）　修繕積立金の検討と密接に関係する。本肢の記述は誤りである。選択肢2（正しい）　定期的な見直しが必要である。本肢の記述は正当である。選択肢3（誤り）　長期修繕計画は定期的に見直すことが重要である。本肢の記述は誤りである。選択肢4（誤り）　長期修繕計画は長期の修繕工事を見込むものである。本肢の記述は誤りである。,選択肢2（正しい）　定期的な見直しが必要である。,選択肢2（正しい）　定期的な見直しが必要である。,1:正答の解説と、主体・手続・効果のいずれかが一致していません。 選択肢（1）「長期修繕計画は、修繕積立金の額の検討とは一切関係しない。」は本問の正答（2）とは異なるため不適です。;3:正答の解説と、主体・手続・効果のいずれかが一致していません。 選択肢（3）「長期修繕計画は、新築時に一度作成すれば、以後永久に見直してはならない。」は本問の正答（2）とは異なるため不適です。;4:（4）の内容は、正答（2）「長期修繕計画は、建物の劣化状況や工事費の変動に応じて定期的に見直すことが重要である。」が示す論点とずれています。,
264,single,管理組合実務,誤り選択;管理組合実務;防災,管理組合の実務又は防災対応に関する次の記述のうち、内容が正確でないものはどれか。,,,,,,災害時に備えて、連絡体制、避難経路、防災備蓄、設備停止時の対応などを事前に検討しておくことが重要である。,防災備蓄品は、一度購入すれば期限や保管状態を確認する必要がなく、永久に使用できる。,居住者名簿、緊急連絡先、防犯カメラ映像等は、利用目的や閲覧権限を明確にして適切に管理することが重要である。,役員のなり手不足、総会未開催、修繕積立金不足は、管理不全につながる要因となることがある。,2,正解は2。選択肢1（正しい）　防災対応では事前準備が重要である。本肢の記述は正当である。選択肢2（誤り）　防災備蓄品は期限や状態の確認が必要である。本肢の記述は誤りである。選択肢3（正しい）　個人情報の適切な管理が重要である。本肢の記述は正当である。選択肢4（正しい）　管理不全の要因となり得る。本肢の記述は正当である。,選択肢2（誤り）　防災備蓄品は期限や状態の確認が必要である。,選択肢2（誤り）　防災備蓄品は期限や状態の確認が必要である。,1:（1）の内容は、正答（2）「防災備蓄品は、一度購入すれば期限や保管状態を確認する必要がなく、永久に使用できる。」が示す論点とずれています。;3:（3）の内容は、正答（2）「防災備蓄品は、一度購入すれば期限や保管状態を確認する必要がなく、永久に使用できる。」が示す論点とずれています。;4:（4）の内容は、正答（2）「防災備蓄品は、一度購入すれば期限や保管状態を確認する必要がなく、永久に使用できる。」が示す論点とずれています。,
265,single,区分所有法,正解選択;区分所有法,区分所有者の団体に関する次の記述のうち、区分所有法の定めによれば、内容が正確なものはどれか。,,,,,,区分所有者の団体は、規約を設定した日から初めて成立する。,区分所有者の団体は、管理者を選任しなければ法律上存在しない。,区分所有者の団体は、管理組合法人として登記しなければ一切成立しない。,区分所有者の団体は、規約や管理者の有無にかかわらず、区分所有関係の成立により構成される。,4,正解は4。選択肢1（誤り）　規約設定前でも区分所有者の団体は構成される。本肢の記述は誤りである。選択肢2（誤り）　管理者選任は団体成立の要件ではない。本肢の記述は誤りである。選択肢3（誤り）　法人化は団体成立の要件ではない。本肢の記述は誤りである。選択肢4（正しい）　団体の構成は規約設定や管理者選任を成立要件としない。本肢の記述は正当である。,選択肢4（正しい）　団体の構成は規約設定や管理者選任を成立要件としない。,選択肢4（正しい）　団体の構成は規約設定や管理者選任を成立要件としない。,1:（1）の内容は、正答（4）「区分所有者の団体は、規約や管理者の有無にかかわらず、区分所有関係の成立により構成される。」が示す論点とずれています。;2:正答の解説と、主体・手続・効果のいずれかが一致していません。 選択肢（2）「区分所有者の団体は、管理者を選任しなければ法律上存在しない。」は本問の正答（4）とは異なるため不適です。;3:正答の解説と、主体・手続・効果のいずれかが一致していません。 選択肢（3）「区分所有者の団体は、管理組合法人として登記しなければ一切成立しない。」は本問の正答（4）とは異なるため不適です。,
266,single,区分所有法,誤り選択;区分所有法,共用部分に関する次の記述のうち、区分所有法の定めによれば、内容が正確でないものはどれか。,,,,,,各共有者は、共用部分の全部について、その用方に従って使用することができる。,数個の専有部分に通ずる廊下や階段室など、構造上共用に供されるべき部分は共用部分である。,共用部分の持分割合は、原則として各共有者の有する専有部分の床面積の割合による。,法定共用部分は、規約により自由に専有部分へ変更することができる。,4,正解は4。選択肢1（正しい）　共用部分は持分に応じた物理的区画だけを使うものではない。本肢の記述は正当である。選択肢2（正しい）　廊下や階段室などは法定共用部分となる。本肢の記述は正当である。選択肢3（正しい）　共用部分の持分割合は専有部分の床面積割合を原則とする。本肢の記述は正当である。選択肢4（誤り）　構造上当然の共用部分を自由に専有部分化することはできない。本肢の記述は誤りである。,選択肢4（誤り）　構造上当然の共用部分を自由に専有部分化することはできない。,選択肢4（誤り）　構造上当然の共用部分を自由に専有部分化することはできない。,1:（1）の内容は、正答（4）「法定共用部分は、規約により自由に専有部分へ変更することができる。」が示す論点とずれています。;2:（2）の内容は、正答（4）「法定共用部分は、規約により自由に専有部分へ変更することができる。」が示す論点とずれています。;3:（3）の内容は、正答（4）「法定共用部分は、規約により自由に専有部分へ変更することができる。」が示す論点とずれています。,
267,single,区分所有法,正解選択;区分所有法,規約に関する次の記述のうち、区分所有法の定めによれば、内容が正確なものはどれか。,,,,,,規約は、理事長が口頭で宣言すれば、総会決議なしに自由に変更できる。,規約の設定、変更又は廃止は、原則として区分所有者及び議決権の各4分の3以上の多数による集会決議を要する。,規約は、区分所有者には効力を及ぼすが、特定承継人には一切効力を及ぼさない。,規約には、強行法規や公序良俗に反する内容であっても常に有効に定めることができる。,2,正解は2。選択肢1（誤り）　規約変更には集会の特別多数決議が必要である。本肢の記述は誤りである。選択肢2（正しい）　規約の設定等には特別多数決議が必要である。本肢の記述は正当である。選択肢3（誤り）　規約は特定承継人にも効力を及ぼす。本肢の記述は誤りである。選択肢4（誤り）　規約も強行法規等に反する内容まで有効となるわけではない。本肢の記述は誤りである。,選択肢2（正しい）　規約の設定等には特別多数決議が必要である。,選択肢2（正しい）　規約の設定等には特別多数決議が必要である。,1:（1）の内容は、正答（2）「規約の設定、変更又は廃止は、原則として区分所有者及び議決権の各4分の3以上の多数による集会決議を要する。」が示す論点とずれています。;3:正答の解説と、主体・手続・効果のいずれかが一致していません。 選択肢（3）「規約は、区分所有者には効力を及ぼすが、特定承継人には一切効力を及ぼさない。」は本問の正答（2）とは異なるため不適です。;4:（4）の内容は、正答（2）「規約の設定、変更又は廃止は、原則として区分所有者及び議決権の各4分の3以上の多数による集会決議を要する。」が示す論点とずれています。,
268,single,区分所有法,いくつあるか;区分所有法,集会に関する次の記述のうち、区分所有法の定めによれば、正しいものはいくつあるか。ア 集会の招集通知には、会議の目的たる事項を示さなければならない。イ 区分所有者は、規約に別段の定めがない限り、書面又は代理人によって議決権を行使することができる。ウ 集会の招集通知は、どのような議案でも会日の1時間前に口頭で告げれば足りる。エ 管理者は、少なくとも毎年1回集会を招集しなければならない。,,,,,,一つ,二つ,三つ,四つ,3,正解は3（三つ）。ア（正しい）　招集通知では会議目的を示す必要がある。イ（正しい）　書面又は代理人による議決権行使が認められる。ウ（誤り）　招集通知には法定・規約上の期間や方法が問題となる。エ（正しい）　管理者には年1回以上の集会招集義務がある。したがって、正しいものは三つである。,ア（正しい）　招集通知では会議目的を示す必要がある。,正解は3（三つ）。ア（正しい）　招集通知では会議目的を示す必要がある。イ（正しい）　書面又は代理人による議決権行使が認められる。ウ（誤り）　招集通知には法定・規約上の期間や方法が問題となる。エ（正しい）　管理者には年1回以上の集会招集義務がある。したがって、正しいものは三つである。,1:（1）の内容は、正答（3）「三つ」が示す論点とずれています。 選択肢（1）「一つ」は本問の正答（3）とは異なるため不適です。;2:（2）の内容は、正答（3）「三つ」が示す論点とずれています。 選択肢（2）「二つ」は本問の正答（3）とは異なるため不適です。;4:（4）の内容は、正答（3）「三つ」が示す論点とずれています。 選択肢（4）「四つ」は本問の正答（3）とは異なるため不適です。,
269,single,区分所有法,誤り選択;区分所有法,管理者に関する次の記述のうち、区分所有法の定めによれば、内容が正確でないものはどれか。,,,,,,管理者は、集会において、毎年1回一定の時期に、その事務に関する報告をしなければならない。,管理者は、規約に別段の定めがない限り、集会の決議によって選任し、又は解任することができる。,管理者に不正行為があっても、各区分所有者は裁判所に解任を請求できない。,管理者は、その職務に関し、区分所有者を代理する。,3,正解は3。選択肢1（正しい）　管理者には事務報告義務がある。本肢の記述は正当である。選択肢2（正しい）　管理者は集会決議で選任・解任できる。本肢の記述は正当である。選択肢3（誤り）　不正行為等がある場合、各区分所有者は解任請求できる。本肢の記述は誤りである。選択肢4（正しい）　管理者には職務に関する代理権がある。本肢の記述は正当である。,選択肢3（誤り）　不正行為等がある場合、各区分所有者は解任請求できる。,選択肢3（誤り）　不正行為等がある場合、各区分所有者は解任請求できる。,1:正答の解説と、主体・手続・効果のいずれかが一致していません。 選択肢（1）「管理者は、集会において、毎年1回一定の時期に、その事務に関する報告をしなければならない。」は本問の正答（3）とは異なるため不適です。;2:正答の解説と、主体・手続・効果のいずれかが一致していません。 選択肢（2）「管理者は、規約に別段の定めがない限り、集会の決議によって選任し、又は解任することができる。」は本問の正答（3）とは異なるため不適です。;4:（4）の内容は、正答（3）「管理者に不正行為があっても、各区分所有者は裁判所に解任を請求できない。」が示す論点とずれています。,
270,single,区分所有法,誤り選択;区分所有法,共同の利益に反する行為をする者に対する措置に関する次の記述のうち、区分所有法の定めによれば、内容が正確でないものはどれか。,,,,,,共同の利益に反する行為をする区分所有者に対しては、その行為の停止等を請求できる場合がある。,専有部分の使用禁止請求をするには、集会の決議を経て訴えを提起する必要がある。,競売請求は、共同生活上の障害が著しく、他の方法では障害を除去することが困難な場合に認められる厳しい措置である。,共同利益違反が一度でもあれば、集会決議なしに直ちに競売請求が認められる。,4,正解は4。選択肢1（正しい）　行為停止等請求の制度がある。本肢の記述は正当である。選択肢2（正しい）　使用禁止請求には集会決議と訴えが必要である。本肢の記述は正当である。選択肢3（正しい）　競売請求には厳格な要件がある。本肢の記述は正当である。選択肢4（誤り）　競売請求には厳格な要件と手続がある。本肢の記述は誤りである。,選択肢4（誤り）　競売請求には厳格な要件と手続がある。,選択肢4（誤り）　競売請求には厳格な要件と手続がある。,1:（1）の内容は、正答（4）「共同利益違反が一度でもあれば、集会決議なしに直ちに競売請求が認められる。」が示す論点とずれています。;2:（2）の内容は、正答（4）「共同利益違反が一度でもあれば、集会決議なしに直ちに競売請求が認められる。」が示す論点とずれています。;3:（3）の内容は、正答（4）「共同利益違反が一度でもあれば、集会決議なしに直ちに競売請求が認められる。」が示す論点とずれています。,
271,single,区分所有法,正解選択;区分所有法,復旧又は建替えに関する次の記述のうち、区分所有法の定めによれば、内容が正確なものはどれか。,,,,,,建替え決議に反対した区分所有者は、常に無償で権利を失う。,大規模滅失の場合、復旧決議について特別の決議要件が問題となる。,建物が一部滅失した場合、復旧決議や建替え決議を検討することは一切できない。,建替え決議は、区分所有者1人の単独判断で成立する。,2,正解は2。選択肢1（誤り）　反対者が無償で権利を失うわけではない。本肢の記述は誤りである。選択肢2（正しい）　建物価格の2分の1を超える滅失では復旧決議の制度がある。本肢の記述は正当である。選択肢3（誤り）　滅失の程度に応じて復旧や建替えの制度が問題となる。本肢の記述は誤りである。選択肢4（誤り）　建替え決議には特別多数が必要である。本肢の記述は誤りである。,選択肢2（正しい）　建物価格の2分の1を超える滅失では復旧決議の制度がある。,選択肢2（正しい）　建物価格の2分の1を超える滅失では復旧決議の制度がある。,1:（1）の内容は、正答（2）「大規模滅失の場合、復旧決議について特別の決議要件が問題となる。」が示す論点とずれています。;3:正答の解説と、主体・手続・効果のいずれかが一致していません。 選択肢（3）「建物が一部滅失した場合、復旧決議や建替え決議を検討することは一切できない。」は本問の正答（2）とは異なるため不適です。;4:（4）の内容は、正答（2）「大規模滅失の場合、復旧決議について特別の決議要件が問題となる。」が示す論点とずれています。,
272,single,区分所有法,誤り選択;区分所有法,団地に関する次の記述のうち、区分所有法の定めによれば、内容が正確でないものはどれか。,,,,,,団地管理規約により、一定の建物の管理を団地管理組合の対象にできる場合がある。,団地管理組合では、土地や附属施設の管理を一切行うことができない。,一団地内の土地又は附属施設が数棟の建物の所有者の共有に属する場合、団地建物所有者は全員で団地管理組合を構成する。,団地では、団地全体の管理事項と各棟固有の管理事項を区別する必要がある。,2,正解は2。選択肢1（正しい）　団地規約により建物管理を対象にできる場合がある。本肢の記述は正当である。選択肢2（誤り）　団地の土地や附属施設は管理対象となる。本肢の記述は誤りである。選択肢3（正しい）　団地管理組合は団地建物所有者全員で構成される。本肢の記述は正当である。選択肢4（正しい）　団地全体と各棟の管理を区別することが重要である。本肢の記述は正当である。,選択肢2（誤り）　団地の土地や附属施設は管理対象となる。,選択肢2（誤り）　団地の土地や附属施設は管理対象となる。,1:（1）の内容は、正答（2）「団地管理組合では、土地や附属施設の管理を一切行うことができない。」が示す論点とずれています。;3:（3）の内容は、正答（2）「団地管理組合では、土地や附属施設の管理を一切行うことができない。」が示す論点とずれています。;4:（4）の内容は、正答（2）「団地管理組合では、土地や附属施設の管理を一切行うことができない。」が示す論点とずれています。,
273,single,標準管理規約（単棟型）,正解選択;標準管理規約（単棟型）,標準管理規約（単棟型）における総会に関する次の記述のうち、内容が正確なものはどれか。,,,,,,総会は、管理会社の担当者だけが出席すれば、組合員が一人も関与しなくても自由に決議できる。,通常総会では、決算や事業報告を一切扱ってはならない。,総会議事録は、作成しても直ちに破棄し、組合員に一切見せてはならない。,通常総会は、毎年1回、新会計年度開始後一定期間内に招集するものとされる。,4,正解は4。選択肢1（誤り）　総会は組合員の意思決定機関である。本肢の記述は誤りである。選択肢2（誤り）　決算や事業報告は通常総会の重要事項である。本肢の記述は誤りである。選択肢3（誤り）　議事録は保管・閲覧の対象となる重要書類である。本肢の記述は誤りである。選択肢4（正しい）　通常総会は毎年1回招集される。本肢の記述は正当である。,選択肢4（正しい）　通常総会は毎年1回招集される。,選択肢4（正しい）　通常総会は毎年1回招集される。,1:（1）の内容は、正答（4）「通常総会は、毎年1回、新会計年度開始後一定期間内に招集するものとされる。」が示す論点とずれています。;2:正答の解説と、主体・手続・効果のいずれかが一致していません。 選択肢（2）「通常総会では、決算や事業報告を一切扱ってはならない。」は本問の正答（4）とは異なるため不適です。;3:正答の解説と、主体・手続・効果のいずれかが一致していません。 選択肢（3）「総会議事録は、作成しても直ちに破棄し、組合員に一切見せてはならない。」は本問の正答（4）とは異なるため不適です。,
274,single,標準管理規約（単棟型）,誤り選択;標準管理規約（単棟型）,標準管理規約（単棟型）における理事会又は役員に関する次の記述のうち、内容が正確でないものはどれか。,,,,,,監事は、管理組合の業務の執行及び財産の状況を監査する。,理事会は、総会に提出する議案を審議することがある。,理事長は、管理組合を代表し、その業務を統括する。,理事長は、総会決議なしに規約を自由に変更できる。,4,正解は4。選択肢1（正しい）　監事は業務執行と財産状況を監査する。本肢の記述は正当である。選択肢2（正しい）　理事会は総会提出議案を検討する。本肢の記述は正当である。選択肢3（正しい）　理事長は管理組合の代表者である。本肢の記述は正当である。選択肢4（誤り）　規約変更は総会の特別多数決議を要する。本肢の記述は誤りである。,選択肢4（誤り）　規約変更は総会の特別多数決議を要する。,選択肢4（誤り）　規約変更は総会の特別多数決議を要する。,1:（1）の内容は、正答（4）「理事長は、総会決議なしに規約を自由に変更できる。」が示す論点とずれています。;2:（2）の内容は、正答（4）「理事長は、総会決議なしに規約を自由に変更できる。」が示す論点とずれています。;3:（3）の内容は、正答（4）「理事長は、総会決議なしに規約を自由に変更できる。」が示す論点とずれています。,
275,single,標準管理規約（単棟型）,正解選択;標準管理規約（単棟型）,標準管理規約（単棟型）における管理費等に関する次の記述のうち、内容が正確なものはどれか。,,,,,,管理費等は一度定めたら、どれほど不足しても永久に変更できない。,管理費等の改定は、収支状況、物価、委託費、修繕計画等を踏まえて検討されることがある。,管理費等は、共用部分の管理と無関係であるため、組合員に負担させることはできない。,修繕積立金は、日常清掃費だけに使うための会計である。,2,正解は2。選択肢1（誤り）　必要に応じて改定を検討できる。本肢の記述は誤りである。選択肢2（正しい）　管理費等は必要に応じて見直される。本肢の記述は正当である。選択肢3（誤り）　管理費等は共用部分等の管理費用として徴収される。本肢の記述は誤りである。選択肢4（誤り）　修繕積立金は計画修繕等に備える資金である。本肢の記述は誤りである。,選択肢2（正しい）　管理費等は必要に応じて見直される。,選択肢2（正しい）　管理費等は必要に応じて見直される。,1:正答の解説と、主体・手続・効果のいずれかが一致していません。 選択肢（1）「管理費等は一度定めたら、どれほど不足しても永久に変更できない。」は本問の正答（2）とは異なるため不適です。;3:正答の解説と、主体・手続・効果のいずれかが一致していません。 選択肢（3）「管理費等は、共用部分の管理と無関係であるため、組合員に負担させることはできない。」は本問の正答（2）とは異なるため不適です。;4:（4）の内容は、正答（2）「管理費等の改定は、収支状況、物価、委託費、修繕計画等を踏まえて検討されることがある。」が示す論点とずれています。,
276,single,標準管理規約（単棟型）,誤り選択;標準管理規約（単棟型）,標準管理規約（単棟型）における専用使用又は専有部分の使用に関する次の記述のうち、内容が正確でないものはどれか。,,,,,,バルコニーや専用庭などについて、特定の区分所有者に専用使用権が認められることがある。,専用使用権がある部分は、当然に専有部分となり、管理組合は一切関与できない。,専有部分の修繕等が共用部分や他の住戸に影響するおそれがある場合、理事長への申請や承認が求められることがある。,専有部分を貸与する場合、賃借人等に規約及び使用細則を遵守させることが重要である。,2,正解は2。選択肢1（正しい）　バルコニー等には専用使用権が認められることがある。本肢の記述は正当である。選択肢2（誤り）　専用使用部分でも共用部分として管理上の制約を受けることがある。本肢の記述は誤りである。選択肢3（正しい）　専有部分工事でも管理組合の手続が必要となる場合がある。本肢の記述は正当である。選択肢4（正しい）　占有者にも規約・細則の遵守が問題となる。本肢の記述は正当である。,選択肢2（誤り）　専用使用部分でも共用部分として管理上の制約を受けることがある。,選択肢2（誤り）　専用使用部分でも共用部分として管理上の制約を受けることがある。,1:（1）の内容は、正答（2）「専用使用権がある部分は、当然に専有部分となり、管理組合は一切関与できない。」が示す論点とずれています。;3:（3）の内容は、正答（2）「専用使用権がある部分は、当然に専有部分となり、管理組合は一切関与できない。」が示す論点とずれています。;4:（4）の内容は、正答（2）「専用使用権がある部分は、当然に専有部分となり、管理組合は一切関与できない。」が示す論点とずれています。,
277,single,標準管理規約（団地型）,正解選択;標準管理規約（団地型）,標準管理規約（団地型）に関する次の記述のうち、内容が正確なものはどれか。,,,,,,団地型規約では、団地全体の土地や附属施設の管理を考慮する必要がない。,団地内に複数棟があっても、棟別の事情を考慮することは一切できない。,団地型規約は単棟型規約と完全に同一であり、団地特有の規定は存在しない。,団地内に複数棟がある場合、棟別の事情や棟総会が問題となることがある。,4,正解は4。選択肢1（誤り）　団地の土地や附属施設管理が重要である。本肢の記述は誤りである。選択肢2（誤り）　棟別の事情を考慮する場面がある。本肢の記述は誤りである。選択肢3（誤り）　団地型には団地特有の規定がある。本肢の記述は誤りである。選択肢4（正しい）　複数棟では棟別管理が問題となる。本肢の記述は正当である。,選択肢4（正しい）　複数棟では棟別管理が問題となる。,選択肢4（正しい）　複数棟では棟別管理が問題となる。,1:正答の解説と、主体・手続・効果のいずれかが一致していません。 選択肢（1）「団地型規約では、団地全体の土地や附属施設の管理を考慮する必要がない。」は本問の正答（4）とは異なるため不適です。;2:正答の解説と、主体・手続・効果のいずれかが一致していません。 選択肢（2）「団地内に複数棟があっても、棟別の事情を考慮することは一切できない。」は本問の正答（4）とは異なるため不適です。;3:正答の解説と、主体・手続・効果のいずれかが一致していません。 選択肢（3）「団地型規約は単棟型規約と完全に同一であり、団地特有の規定は存在しない。」は本問の正答（4）とは異なるため不適です。,
278,single,標準管理規約（複合用途型）,誤り選択;標準管理規約（複合用途型）,標準管理規約（複合用途型）に関する次の記述のうち、内容が正確でないものはどれか。,,,,,,複合用途型規約では、住宅部分と店舗部分の区分経理や部会が問題となることがある。,住宅と店舗等が併存するマンションでは、用途ごとの利害調整が問題となることがある。,複合用途型では、用途に応じて管理費負担や使用ルールを整理することがある。,複合用途型では、用途に応じた管理費負担を定めることが一切できない。,4,正解は4。選択肢1（正しい）　用途別の区分経理や部会が検討される。本肢の記述は正当である。選択肢2（正しい）　複合用途型では用途ごとの利害調整が重要である。本肢の記述は正当である。選択肢3（正しい）　用途に応じた負担やルール整理が必要となる。本肢の記述は正当である。選択肢4（誤り）　用途に応じた負担整理が検討される。本肢の記述は誤りである。,選択肢4（誤り）　用途に応じた負担整理が検討される。,選択肢4（誤り）　用途に応じた負担整理が検討される。,1:（1）の内容は、正答（4）「複合用途型では、用途に応じた管理費負担を定めることが一切できない。」が示す論点とずれています。;2:（2）の内容は、正答（4）「複合用途型では、用途に応じた管理費負担を定めることが一切できない。」が示す論点とずれています。;3:（3）の内容は、正答（4）「複合用途型では、用途に応じた管理費負担を定めることが一切できない。」が示す論点とずれています。,
279,single,民法,組合せ;民法,共有に関する次の記述のうち、民法の定めによれば、正しいものの組合せはどれか。ア 各共有者は、共有物の全部について、その持分に応じた使用をすることができる。イ 共有物の保存行為は、常に共有者全員の同意がなければできない。ウ 共有物の保存行為は、各共有者がすることができる。エ 共有者は、自分の持分割合に相当する面積以外を一切使用できない。,,,,,,アとイ,アとウ,イとエ,ウとエ,2,正解は2（アとウ）。ア（正しい）　共有者は共有物全部を持分に応じて使用できる。イ（誤り）　保存行為は各共有者が行える。ウ（正しい）　保存行為は各共有者が単独でできる。エ（誤り）　共有物全部について持分に応じた使用ができる。したがって、正しいものの組合せはアとウである。,正解は2（アとウ）。ア（正しい）　共有者は共有物全部を持分に応じて使用できる。イ（誤り）　保存行為は各共有者が行える。ウ（正しい）　保存行為は各共有者が単独でできる。エ（誤り）　共有物全部について持分に応じた使用ができる。したがって、正しいものの組合せはアとウである。,正解は2（アとウ）。ア（正しい）　共有者は共有物全部を持分に応じて使用できる。イ（誤り）　保存行為は各共有者が行える。ウ（正しい）　保存行為は各共有者が単独でできる。エ（誤り）　共有物全部について持分に応じた使用ができる。したがって、正しいものの組合せはアとウである。,1:（1）「アとイ」は正答（2）「アとウ」と異なる組合せです。 ア：正しい　共有者は共有物全部を持分に応じて使用できる。 イ：誤り　保存行為は各共有者が行える。;3:（3）「イとエ」は正答（2）「アとウ」と異なる組合せです。 イ：誤り　保存行為は各共有者が行える。 エ：誤り　共有物全部について持分に応じた使用ができる。;4:（4）「ウとエ」は正答（2）「アとウ」と異なる組合せです。 ウ：正しい　保存行為は各共有者が単独でできる。 エ：誤り　共有物全部について持分に応じた使用ができる。,
280,single,民法,誤り選択;民法,契約不適合責任に関する次の記述のうち、民法の定めによれば、内容が正確でないものはどれか。,,,,,,契約不適合がある場合、代金減額請求、損害賠償請求、解除が問題となることがある。,売主に過失がなければ、買主は契約不適合に関するいかなる権利も常に行使できない。,請負の仕事の目的物が契約内容に適合しない場合にも、契約不適合責任が問題となることがある。,目的物が契約の内容に適合しない場合、買主は履行の追完を請求できる場合がある。,2,正解は2。選択肢1（正しい）　契約不適合では複数の救済手段がある。本肢の記述は正当である。選択肢2（誤り）　追完請求や代金減額請求は過失の有無だけで排除されない。本肢の記述は誤りである。選択肢3（正しい）　工事請負でも契約不適合が問題となる。本肢の記述は正当である。選択肢4（正しい）　契約不適合では追完請求が認められる場合がある。本肢の記述は正当である。,選択肢2（誤り）　追完請求や代金減額請求は過失の有無だけで排除されない。,選択肢2（誤り）　追完請求や代金減額請求は過失の有無だけで排除されない。,1:（1）の内容は、正答（2）「売主に過失がなければ、買主は契約不適合に関するいかなる権利も常に行使できない。」が示す論点とずれています。;3:正答の解説と、主体・手続・効果のいずれかが一致していません。 選択肢（3）「請負の仕事の目的物が契約内容に適合しない場合にも、契約不適合責任が問題となることがある。」は本問の正答（2）とは異なるため不適です。;4:正答の解説と、主体・手続・効果のいずれかが一致していません。 選択肢（4）「目的物が契約の内容に適合しない場合、買主は履行の追完を請求できる場合がある。」は本問の正答（2）とは異なるため不適です。,
281,single,民法,正解選択;民法,賃貸借に関する次の記述のうち、民法又は借地借家法の定めによれば、内容が正確なものはどれか。,,,,,,建物賃貸借では、賃貸人の更新拒絶に正当事由が問題となることはない。,賃借人は、賃貸人の承諾なしに常に自由に転貸できる。,賃貸人は、賃借人に目的物を使用収益させる義務を一切負わない。,建物の賃借権は、建物の引渡しを受けていれば、その後建物について物権を取得した者に対抗できる場合がある。,4,正解は4。選択肢1（誤り）　建物賃貸借では更新拒絶の正当事由が問題となる。本肢の記述は誤りである。選択肢2（誤り）　転貸には賃貸人の承諾が必要である。本肢の記述は誤りである。選択肢3（誤り）　賃貸人は使用収益させる義務を負う。本肢の記述は誤りである。選択肢4（正しい）　建物賃借権の対抗力が問題となる。本肢の記述は正当である。,選択肢4（正しい）　建物賃借権の対抗力が問題となる。,選択肢4（正しい）　建物賃借権の対抗力が問題となる。,1:正答の解説と、主体・手続・効果のいずれかが一致していません。 選択肢（1）「建物賃貸借では、賃貸人の更新拒絶に正当事由が問題となることはない。」は本問の正答（4）とは異なるため不適です。;2:（2）の内容は、正答（4）「建物の賃借権は、建物の引渡しを受けていれば、その後建物について物権を取得した者に対抗できる場合がある。」が示す論点とずれています。;3:正答の解説と、主体・手続・効果のいずれかが一致していません。 選択肢（3）「賃貸人は、賃借人に目的物を使用収益させる義務を一切負わない。」は本問の正答（4）とは異なるため不適です。,
282,single,民法,誤り選択;民法,不法行為又は工作物責任に関する次の記述のうち、民法の定めによれば、内容が正確でないものはどれか。,,,,,,故意又は過失によって他人の権利又は法律上保護される利益を侵害した者は、損害賠償責任を負う。,土地の工作物の設置又は保存に瑕疵がある場合、占有者又は所有者の責任が問題となる。,外壁タイルの剥落事故では、工作物責任が問題となることがある。,建物外壁が落下して通行人に損害を与えても、工作物責任は一切問題とならない。,4,正解は4。選択肢1（正しい）　不法行為責任の基本である。本肢の記述は正当である。選択肢2（正しい）　土地工作物責任が問題となる。本肢の記述は正当である。選択肢3（正しい）　建物外壁の事故では工作物責任が問題となり得る。本肢の記述は正当である。選択肢4（誤り）　外壁落下では工作物責任が問題となる。本肢の記述は誤りである。,選択肢4（誤り）　外壁落下では工作物責任が問題となる。,選択肢4（誤り）　外壁落下では工作物責任が問題となる。,1:（1）の内容は、正答（4）「建物外壁が落下して通行人に損害を与えても、工作物責任は一切問題とならない。」が示す論点とずれています。;2:（2）の内容は、正答（4）「建物外壁が落下して通行人に損害を与えても、工作物責任は一切問題とならない。」が示す論点とずれています。;3:（3）の内容は、正答（4）「建物外壁が落下して通行人に損害を与えても、工作物責任は一切問題とならない。」が示す論点とずれています。,
283,single,民法,正解選択;民法;不動産登記法,不動産登記に関する次の記述のうち、民法及び不動産登記法の考え方によれば、内容が正確なものはどれか。,,,,,,区分建物については、専有部分ごとの登記記録を作成することは一切できない。,区分建物では、専有部分の表示や敷地権に関する登記が問題となる。,敷地権の登記がされた場合でも、専有部分と敷地権は常に別々に自由処分できる。,不動産を取得した者は、登記がなくても常にすべての第三者に対抗できる。,2,正解は2。選択肢1（誤り）　区分建物では専有部分ごとの登記がある。本肢の記述は誤りである。選択肢2（正しい）　区分建物では敷地権登記等が重要である。本肢の記述は正当である。選択肢3（誤り）　敷地権登記がある場合、分離処分が制限される。本肢の記述は誤りである。選択肢4（誤り）　登記がなければ対抗できない第三者がいる。本肢の記述は誤りである。,選択肢2（正しい）　区分建物では敷地権登記等が重要である。,選択肢2（正しい）　区分建物では敷地権登記等が重要である。,1:正答の解説と、主体・手続・効果のいずれかが一致していません。 選択肢（1）「区分建物については、専有部分ごとの登記記録を作成することは一切できない。」は本問の正答（2）とは異なるため不適です。;3:（3）の内容は、正答（2）「区分建物では、専有部分の表示や敷地権に関する登記が問題となる。」が示す論点とずれています。;4:（4）の内容は、正答（2）「区分建物では、専有部分の表示や敷地権に関する登記が問題となる。」が示す論点とずれています。,
284,single,マンション管理適正化法,誤り選択;マンション管理適正化法;5問免除,マンション管理士に関する次の記述のうち、マンション管理適正化法の定めによれば、内容が正確でないものはどれか。,,,,,,マンション管理士には、業務上知り得た秘密を正当な理由なく漏らしてはならない義務がある。,マンション管理士でない者も、マンション管理士の名称を自由に使用できる。,マンション管理士は、専門的知識をもって管理組合等の相談に応じ、助言、指導その他の援助を行う。,マンション管理士には、信用失墜行為の禁止が課されている。,2,正解は2。選択肢1（正しい）　マンション管理士には秘密保持義務がある。本肢の記述は正当である。選択肢2（誤り）　マンション管理士でない者の名称使用は制限される。本肢の記述は誤りである。選択肢3（正しい）　マンション管理士の業務内容である。本肢の記述は正当である。選択肢4（正しい）　マンション管理士には信用保持義務がある。本肢の記述は正当である。,選択肢2（誤り）　マンション管理士でない者の名称使用は制限される。,選択肢2（誤り）　マンション管理士でない者の名称使用は制限される。,1:選択肢（1）「マンション管理士には、業務上知り得た秘密を正当な理由なく漏らしてはならない義務がある。;3:（3）の内容は、正答（2）「マンション管理士でない者も、マンション管理士の名称を自由に使用できる。」が示す論点とずれています。;4:（4）の内容は、正答（2）「マンション管理士でない者も、マンション管理士の名称を自由に使用できる。」が示す論点とずれています。,
285,single,マンション管理適正化法,正解選択;マンション管理適正化法;5問免除,マンション管理業者に関する次の記述のうち、マンション管理適正化法の定めによれば、内容が正確なものはどれか。,,,,,,マンション管理業者は、登録を受けなくても常に自由に管理業を営むことができる。,マンション管理業者は、管理組合の資金を自己の運転資金として自由に流用できる。,重要事項説明書は、白紙で交付すれば常に足りる。,マンション管理業を営もうとする者は、原則として国土交通大臣の登録を受けなければならない。,4,正解は4。選択肢1（誤り）　マンション管理業には登録が必要である。本肢の記述は誤りである。選択肢2（誤り）　管理組合財産は分別管理が必要である。本肢の記述は誤りである。選択肢3（誤り）　法定事項を記載して説明する必要がある。本肢の記述は誤りである。選択肢4（正しい）　マンション管理業者には登録制度がある。本肢の記述は正当である。,選択肢4（正しい）　マンション管理業者には登録制度がある。,選択肢4（正しい）　マンション管理業者には登録制度がある。,1:（1）の内容は、正答（4）「マンション管理業を営もうとする者は、原則として国土交通大臣の登録を受けなければならない。」が示す論点とずれています。;2:（2）の内容は、正答（4）「マンション管理業を営もうとする者は、原則として国土交通大臣の登録を受けなければならない。」が示す論点とずれています。;3:（3）の内容は、正答（4）「マンション管理業を営もうとする者は、原則として国土交通大臣の登録を受けなければならない。」が示す論点とずれています。,
286,single,マンション管理適正化法,誤り選択;マンション管理適正化法;5問免除,管理業務主任者に関する次の記述のうち、マンション管理適正化法の定めによれば、内容が正確でないものはどれか。,,,,,,マンション管理業者は、事務所ごとに一定数の成年者である専任の管理業務主任者を置く必要がある。,管理業務主任者は、重要事項説明を行う際に管理業務主任者証を提示する必要がある。,管理業務主任者は、管理受託契約に関する重要事項説明に関与する資格者である。,管理業務主任者は、未成年者でも常に専任の主任者として設置できる。,4,正解は4。選択肢1（正しい）　事務所ごとの専任主任者設置が必要である。本肢の記述は正当である。選択肢2（正しい）　重要事項説明時の主任者証提示が必要である。本肢の記述は正当である。選択肢3（正しい）　管理業務主任者は重要事項説明に関与する。本肢の記述は正当である。選択肢4（誤り）　成年者である専任主任者が必要である。本肢の記述は誤りである。,選択肢4（誤り）　成年者である専任主任者が必要である。,選択肢4（誤り）　成年者である専任主任者が必要である。,1:（1）の内容は、正答（4）「管理業務主任者は、未成年者でも常に専任の主任者として設置できる。」が示す論点とずれています。;2:（2）の内容は、正答（4）「管理業務主任者は、未成年者でも常に専任の主任者として設置できる。」が示す論点とずれています。;3:（3）の内容は、正答（4）「管理業務主任者は、未成年者でも常に専任の主任者として設置できる。」が示す論点とずれています。,
287,single,マンション管理適正化法,正解選択;マンション管理適正化法;5問免除,管理計画認定制度に関する次の記述のうち、マンション管理適正化法の考え方によれば、内容が正確なものはどれか。,,,,,,管理計画認定では、修繕積立金や長期修繕計画は一切確認されない。,管理規約の整備や集会の開催状況は、管理水準の判断に関係する。,管理計画認定は、各住戸の壁紙の色だけを認定する制度である。,管理計画認定を受ければ、以後長期修繕計画を一切見直す必要がなくなる。,2,正解は2。選択肢1（誤り）　修繕積立金や長期修繕計画は重要な確認事項である。本肢の記述は誤りである。選択肢2（正しい）　規約整備や集会開催は管理水準に関係する。本肢の記述は正当である。選択肢3（誤り）　管理組合の管理計画を認定する制度である。本肢の記述は誤りである。選択肢4（誤り）　認定後も継続的な管理・見直しが必要である。本肢の記述は誤りである。,選択肢2（正しい）　規約整備や集会開催は管理水準に関係する。,選択肢2（正しい）　規約整備や集会開催は管理水準に関係する。,1:正答の解説と、主体・手続・効果のいずれかが一致していません。 選択肢（1）「管理計画認定では、修繕積立金や長期修繕計画は一切確認されない。」は本問の正答（2）とは異なるため不適です。;3:（3）の内容は、正答（2）「管理規約の整備や集会の開催状況は、管理水準の判断に関係する。」が示す論点とずれています。;4:（4）の内容は、正答（2）「管理規約の整備や集会の開催状況は、管理水準の判断に関係する。」が示す論点とずれています。,
288,single,標準管理委託契約書,いくつあるか;標準管理委託契約書,マンション標準管理委託契約書に関する次の記述のうち、正しいものはいくつあるか。ア 管理委託契約では、管理事務の内容、委託業務費、契約期間などを明確に定めることが重要である。イ 管理業者が一部業務を専門業者に委託する場合でも、責任や報告体制を明確にしておくことが重要である。ウ 管理業者は、契約で定めがなくても、総会決議を自由に代替できる。エ 契約更新時には、業務内容、委託費、業務実績、重要事項説明を確認することが重要である。,,,,,,一つ,二つ,三つ,四つ,3,正解は3（三つ）。ア（正しい）　契約内容の明確化が重要である。イ（正しい）　再委託時も責任と報告体制が重要である。ウ（誤り）　管理業者は管理組合の意思決定機関ではない。エ（正しい）　更新時には条件確認が重要である。したがって、正しいものは三つである。,正解は3（三つ）。ア（正しい）　契約内容の明確化が重要である。イ（正しい）　再委託時も責任と報告体制が重要である。ウ（誤り）　管理業者は管理組合の意思決定機関ではない。エ（正しい）　更新時には条件確認が重要である。したがって、正しいものは三つである。,正解は3（三つ）。ア（正しい）　契約内容の明確化が重要である。イ（正しい）　再委託時も責任と報告体制が重要である。ウ（誤り）　管理業者は管理組合の意思決定機関ではない。エ（正しい）　更新時には条件確認が重要である。したがって、正しいものは三つである。,1:（1）「一つ」は、単独の記述としては法令上妥当な場合がありますが、本問で選ぶべき正答は（3）「三つ」です。問題文の条件（マンション標準管理委託契約書に関する次の記述のうち、正しいものはいくつあるか。ア 管理委託契約で…）と照らし、設問が問う論点に合う肢を選び直してください。;2:（2）「二つ」は、単独の記述としては法令上妥当な場合がありますが、本問で選ぶべき正答は（3）「三つ」です。問題文の条件（マンション標準管理委託契約書に関する次の記述のうち、正しいものはいくつあるか。ア 管理委託契約で…）と照らし、設問が問う論点に合う肢を選び直してください。;4:（4）「四つ」は、単独の記述としては法令上妥当な場合がありますが、本問で選ぶべき正答は（3）「三つ」です。問題文の条件（マンション標準管理委託契約書に関する次の記述のうち、正しいものはいくつあるか。ア 管理委託契約で…）と照らし、設問が問う論点に合う肢を選び直してください。,
289,single,会計,誤り選択;会計,管理組合の会計に関する次の記述のうち、一般的な会計処理の考え方によれば、内容が正確でないものはどれか。,,,,,,収支予算案及び事業計画案は、総会で承認を受け、年度運営の基礎となる。,銀行印、通帳、キャッシュカード等は、内部統制の観点から保管者や使用手続を明確にすることが重要である。,管理組合の資金は、役員個人の生活費と自由に混同してよい。,未収管理費が発生した場合には、未収金として把握し、滞納状況を管理することが重要である。,3,正解は3。選択肢1（正しい）　予算と事業計画は年度運営の基礎である。本肢の記述は正当である。選択肢2（正しい）　資金管理では内部統制が重要である。本肢の記述は正当である。選択肢3（誤り）　組合資金と個人資金を混同してはならない。本肢の記述は誤りである。選択肢4（正しい）　未収金管理は重要である。本肢の記述は正当である。,選択肢3（誤り）　組合資金と個人資金を混同してはならない。,選択肢3（誤り）　組合資金と個人資金を混同してはならない。,1:（1）の内容は、正答（3）「管理組合の資金は、役員個人の生活費と自由に混同してよい。」が示す論点とずれています。;2:（2）の内容は、正答（3）「管理組合の資金は、役員個人の生活費と自由に混同してよい。」が示す論点とずれています。;4:（4）の内容は、正答（3）「管理組合の資金は、役員個人の生活費と自由に混同してよい。」が示す論点とずれています。,
290,single,税務,誤り選択;税務;会計,管理組合の税務に関する次の記述のうち、一般的な税務の考え方によれば、内容が正確でないものはどれか。,,,,,,組合員から徴収する管理費や修繕積立金と外部収入は、性質を区別して検討することが重要である。,携帯電話基地局設置料など外部からの収入については、収益事業に該当するか等により法人税等の課税関係が問題となることがある。,管理組合が外部に駐車場を貸し付けるなど対価性のある取引を行う場合、消費税の課税関係が問題となることがある。,税務処理では、収入の性質を区別する必要がない。,4,正解は4。選択肢1（正しい）　内部負担金と外部収入を区別することが重要である。本肢の記述は正当である。選択肢2（正しい）　外部収入は収益事業該当性が問題となる。本肢の記述は正当である。選択肢3（正しい）　外部取引では消費税が問題となる場合がある。本肢の記述は正当である。選択肢4（誤り）　収入の性質を区別して検討することが重要である。本肢の記述は誤りである。,選択肢4（誤り）　収入の性質を区別して検討することが重要である。,選択肢4（誤り）　収入の性質を区別して検討することが重要である。,1:（1）の内容は、正答（4）「税務処理では、収入の性質を区別する必要がない。」が示す論点とずれています。;2:（2）の内容は、正答（4）「税務処理では、収入の性質を区別する必要がない。」が示す論点とずれています。;3:（3）の内容は、正答（4）「税務処理では、収入の性質を区別する必要がない。」が示す論点とずれています。,
291,single,建築基準法,正解選択;建築基準法,建築基準法に関する次の記述のうち、内容が正確なものはどれか。,,,,,,建築基準法は、最高級の内装デザインだけを定める法律である。,建築基準法は、建築物の敷地、構造、設備及び用途に関する最低の基準を定める。,建築確認は、建築主の好みの外観色だけを審査する手続である。,建蔽率は、建築物の高さを敷地面積で割った割合である。,2,正解は2。選択肢1（誤り）　建築基準法は敷地・構造・設備・用途等の最低基準を定める。本肢の記述は誤りである。選択肢2（正しい）　建築基準法は最低基準を定める法律である。本肢の記述は正当である。選択肢3（誤り）　建築確認は建築基準関係規定への適合を確認する。本肢の記述は誤りである。選択肢4（誤り）　建蔽率は建築面積の敷地面積に対する割合である。本肢の記述は誤りである。,選択肢2（正しい）　建築基準法は最低基準を定める法律である。,選択肢2（正しい）　建築基準法は最低基準を定める法律である。,1:根拠の記述が異なります。解説では「建築基準法」が根拠ですが、（1）は「内装デザインだけを定める法」を根拠とする内容です。;3:（3）の内容は、正答（2）「建築基準法は、建築物の敷地、構造、設備及び用途に関する最低の基準を定める。」が示す論点とずれています。;4:（4）の内容は、正答（2）「建築基準法は、建築物の敷地、構造、設備及び用途に関する最低の基準を定める。」が示す論点とずれています。,
292,single,都市計画法,誤り選択;都市計画法;建築基準法,都市計画法又は建築基準法に関する次の記述のうち、内容が正確でないものはどれか。,,,,,,市街化調整区域は、市街化を抑制すべき区域である。,用途地域は、建築物の用途制限とは一切関係しない。,用途地域ごとに、建築できる建築物の用途や建蔽率、容積率等の制限が異なる。,市街化区域は、すでに市街地を形成している区域及びおおむね10年以内に優先的かつ計画的に市街化を図るべき区域である。,2,正解は2。選択肢1（正しい）　市街化調整区域は市街化抑制区域である。本肢の記述は正当である。選択肢2（誤り）　用途地域は用途制限に関係する。本肢の記述は誤りである。選択肢3（正しい）　用途地域に応じて建築制限が異なる。本肢の記述は正当である。選択肢4（正しい）　市街化区域の定義である。本肢の記述は正当である。,選択肢2（誤り）　用途地域は用途制限に関係する。,選択肢2（誤り）　用途地域は用途制限に関係する。,1:（1）の内容は、正答（2）「用途地域は、建築物の用途制限とは一切関係しない。」が示す論点とずれています。;3:（3）の内容は、正答（2）「用途地域は、建築物の用途制限とは一切関係しない。」が示す論点とずれています。;4:（4）の内容は、正答（2）「用途地域は、建築物の用途制限とは一切関係しない。」が示す論点とずれています。,
293,single,マンション建替え等円滑化法,正解選択;マンション建替え等円滑化法,マンション建替え等円滑化法に関する次の記述のうち、内容が正確なものはどれか。,,,,,,マンション建替組合は、建替え事業とは無関係の任意サークルである。,マンション建替え等円滑化法は、戸建住宅の庭木だけを売却する制度である。,建替え事業では、区分所有者等の権利調整は一切不要である。,耐震性不足等のマンションでは、除却や敷地売却に関する制度が問題となる場合がある。,4,正解は4。選択肢1（誤り）　建替組合は建替事業の実施主体である。本肢の記述は誤りである。選択肢2（誤り）　マンションの建替え等を円滑に進めるための法律である。本肢の記述は誤りである。選択肢3（誤り）　権利調整手続が重要である。本肢の記述は誤りである。選択肢4（正しい）　耐震性不足等では敷地売却制度等が問題となる。本肢の記述は正当である。,選択肢4（正しい）　耐震性不足等では敷地売却制度等が問題となる。,選択肢4（正しい）　耐震性不足等では敷地売却制度等が問題となる。,1:（1）の内容は、正答（4）「耐震性不足等のマンションでは、除却や敷地売却に関する制度が問題となる場合がある。」が示す論点とずれています。;2:根拠の記述が異なります。解説では「え等を円滑に進めるための法」が根拠ですが、（2）は「マンション建替え等円滑化法」を根拠とする内容です。;3:正答の解説と、主体・手続・効果のいずれかが一致していません。 選択肢（3）「建替え事業では、区分所有者等の権利調整は一切不要である。」は本問の正答（4）とは異なるため不適です。,
294,single,建物・設備,誤り選択;建物・設備,マンションの給排水設備に関する次の記述のうち、内容が正確でないものはどれか。,,,,,,受水槽方式では、水道本管から受水槽に水を受け、ポンプ等により各住戸へ給水する。,排水管の詰まりや腐食は、漏水、悪臭、排水不良などの原因となることがある。,貯水槽水道では、受水槽の清掃、点検、水質管理などが衛生管理上重要となる。,直結給水方式では、必ず受水槽を設置しなければならない。,4,正解は4。選択肢1（正しい）　受水槽方式の基本である。本肢の記述は正当である。選択肢2（正しい）　排水管劣化は漏水等につながる。本肢の記述は正当である。選択肢3（正しい）　受水槽の衛生管理が重要である。本肢の記述は正当である。選択肢4（誤り）　直結給水方式では受水槽を置かない方式がある。本肢の記述は誤りである。,選択肢4（誤り）　直結給水方式では受水槽を置かない方式がある。,選択肢4（誤り）　直結給水方式では受水槽を置かない方式がある。,1:（1）の内容は、正答（4）「直結給水方式では、必ず受水槽を設置しなければならない。」が示す論点とずれています。;2:（2）の内容は、正答（4）「直結給水方式では、必ず受水槽を設置しなければならない。」が示す論点とずれています。;3:（3）の内容は、正答（4）「直結給水方式では、必ず受水槽を設置しなければならない。」が示す論点とずれています。,設備・維持保全は数値基準・点検周期・責任の所在がセットで出題されます。表や比較で整理し、他選択肢がどの要件（数値・主体・手続）とずれているかを確認してください。
295,single,建物・設備,正解選択;建物・設備,マンションの電気設備、消防用設備又は昇降機に関する次の記述のうち、内容が正確なものはどれか。,,,,,,エレベーターは機械設備ではないため、摩耗や劣化が生じることはない。,エレベーターは、安全に利用できるよう、定期的な点検や保守が重要である。,誘導灯は、避難方向を示す設備ではなく、給水ポンプの作動状況だけを表示する設備である。,自動火災報知設備は、一度設置すれば点検も故障対応も不要である。,2,正解は2。選択肢1（誤り）　エレベーターは機械設備であり保守が必要である。本肢の記述は誤りである。選択肢2（正しい）　昇降機の保守点検は安全に関係する。本肢の記述は正当である。選択肢3（誤り）　誘導灯は避難誘導に関係する設備である。本肢の記述は誤りである。選択肢4（誤り）　消防用設備等は維持管理が必要である。本肢の記述は誤りである。,選択肢2（正しい）　昇降機の保守点検は安全に関係する。,選択肢2（正しい）　昇降機の保守点検は安全に関係する。,1:正答の解説と、主体・手続・効果のいずれかが一致していません。 選択肢（1）「エレベーターは機械設備ではないため、摩耗や劣化が生じることはない。」は本問の正答（2）とは異なるため不適です。;3:（3）の内容は、正答（2）「エレベーターは、安全に利用できるよう、定期的な点検や保守が重要である。」が示す論点とずれています。;4:正答の解説と、主体・手続・効果のいずれかが一致していません。 選択肢（4）「自動火災報知設備は、一度設置すれば点検も故障対応も不要である。」は本問の正答（2）とは異なるため不適です。,設備・維持保全は数値基準・点検周期・責任の所在がセットで出題されます。表や比較で整理し、他選択肢がどの要件（数値・主体・手続）とずれているかを確認してください。
296,single,建物・設備,誤り選択;建物・設備;長期修繕計画,外壁又は防水に関する次の記述のうち、内容が正確でないものはどれか。,,,,,,シーリング材は、外壁目地やサッシ周りなどの防水性に関係する。,シーリング工事は建物の防水とは無関係であり、劣化しても漏水原因にならない。,タイルの浮きやひび割れは、落下事故や雨水浸入の原因となることがある。,屋上防水層の劣化は、漏水の原因となることがある。,2,正解は2。選択肢1（正しい）　シーリングは防水性に関係する。本肢の記述は正当である。選択肢2（誤り）　シーリング劣化は漏水原因となる。本肢の記述は誤りである。選択肢3（正しい）　外壁劣化は落下や漏水につながる。本肢の記述は正当である。選択肢4（正しい）　屋上防水劣化は漏水原因となる。本肢の記述は正当である。,選択肢2（誤り）　シーリング劣化は漏水原因となる。,選択肢2（誤り）　シーリング劣化は漏水原因となる。,1:（1）の内容は、正答（2）「シーリング工事は建物の防水とは無関係であり、劣化しても漏水原因にならない。」が示す論点とずれています。;3:（3）の内容は、正答（2）「シーリング工事は建物の防水とは無関係であり、劣化しても漏水原因にならない。」が示す論点とずれています。;4:（4）の内容は、正答（2）「シーリング工事は建物の防水とは無関係であり、劣化しても漏水原因にならない。」が示す論点とずれています。,設備・維持保全は数値基準・点検周期・責任の所在がセットで出題されます。表や比較で整理し、他選択肢がどの要件（数値・主体・手続）とずれているかを確認してください。
297,single,長期修繕計画,正解選択;長期修繕計画,長期修繕計画に関する次の記述のうち、内容が正確なものはどれか。,,,,,,長期修繕計画は、新築時に一度作成すれば、以後永久に見直してはならない。,長期修繕計画は、翌月1か月分の清掃予定表を作成すれば足りる。,長期修繕計画は、修繕積立金の額の検討とは一切関係しない。,長期修繕計画は、将来見込まれる修繕工事の内容、時期、概算費用等を整理するものである。,4,正解は4。選択肢1（誤り）　長期修繕計画は定期的に見直すことが重要である。本肢の記述は誤りである。選択肢2（誤り）　長期修繕計画は長期の修繕工事を見込むものである。本肢の記述は誤りである。選択肢3（誤り）　修繕積立金の検討と密接に関係する。本肢の記述は誤りである。選択肢4（正しい）　長期修繕計画は将来工事を整理する計画である。本肢の記述は正当である。,選択肢4（正しい）　長期修繕計画は将来工事を整理する計画である。,選択肢4（正しい）　長期修繕計画は将来工事を整理する計画である。,1:正答の解説と、主体・手続・効果のいずれかが一致していません。 選択肢（1）「長期修繕計画は、新築時に一度作成すれば、以後永久に見直してはならない。」は本問の正答（4）とは異なるため不適です。;2:（2）の内容は、正答（4）「長期修繕計画は、将来見込まれる修繕工事の内容、時期、概算費用等を整理するものである。」が示す論点とずれています。;3:正答の解説と、主体・手続・効果のいずれかが一致していません。 選択肢（3）「長期修繕計画は、修繕積立金の額の検討とは一切関係しない。」は本問の正答（4）とは異なるため不適です。,
298,single,管理組合実務,誤り選択;管理組合実務;防災,管理組合の実務又は防災対応に関する次の記述のうち、内容が正確でないものはどれか。,,,,,,居住者名簿、緊急連絡先、防犯カメラ映像等は、利用目的や閲覧権限を明確にして適切に管理することが重要である。,役員のなり手不足、総会未開催、修繕積立金不足は、管理不全につながる要因となることがある。,災害時に備えて、連絡体制、避難経路、防災備蓄、設備停止時の対応などを事前に検討しておくことが重要である。,居住者名簿は、誰でも自由に持ち出し、外部公開してよい。,4,正解は4。選択肢1（正しい）　個人情報の適切な管理が重要である。本肢の記述は正当である。選択肢2（正しい）　管理不全の要因となり得る。本肢の記述は正当である。選択肢3（正しい）　防災対応では事前準備が重要である。本肢の記述は正当である。選択肢4（誤り）　個人情報は適切に管理する必要がある。本肢の記述は誤りである。,選択肢4（誤り）　個人情報は適切に管理する必要がある。,選択肢4（誤り）　個人情報は適切に管理する必要がある。,1:（1）の内容は、正答（4）「居住者名簿は、誰でも自由に持ち出し、外部公開してよい。」が示す論点とずれています。;2:（2）の内容は、正答（4）「居住者名簿は、誰でも自由に持ち出し、外部公開してよい。」が示す論点とずれています。;3:（3）の内容は、正答（4）「居住者名簿は、誰でも自由に持ち出し、外部公開してよい。」が示す論点とずれています。,
299,single,区分所有法,組合せ;区分所有法,区分所有者の団体に関する次の記述のうち、区分所有法の定めによれば、正しいものの組合せはどれか。ア 管理組合は、共用部分、敷地及び附属施設の管理を目的とする団体である。イ 区分所有者の団体は、管理者を選任しなければ法律上存在しない。ウ 区分所有者は、全員で、建物並びにその敷地及び附属施設の管理を行うための団体を構成する。エ 区分所有者の団体は、管理組合法人として登記しなければ一切成立しない。,,,,,,アとイ,アとウ,イとエ,ウとエ,2,正解は2（アとウ）。ア（正しい）　管理組合は共同管理のための団体である。イ（誤り）　管理者選任は団体成立の要件ではない。ウ（正しい）　区分所有者は法律上当然に管理のための団体を構成する。エ（誤り）　法人化は団体成立の要件ではない。したがって、正しいものの組合せはアとウである。,正解は2（アとウ）。ア（正しい）　管理組合は共同管理のための団体である。イ（誤り）　管理者選任は団体成立の要件ではない。ウ（正しい）　区分所有者は法律上当然に管理のための団体を構成する。エ（誤り）　法人化は団体成立の要件ではない。したがって、正しいものの組合せはアとウである。,正解は2（アとウ）。ア（正しい）　管理組合は共同管理のための団体である。イ（誤り）　管理者選任は団体成立の要件ではない。ウ（正しい）　区分所有者は法律上当然に管理のための団体を構成する。エ（誤り）　法人化は団体成立の要件ではない。したがって、正しいものの組合せはアとウである。,1:（1）「アとイ」は正答（2）「アとウ」と異なる組合せです。 ア：正しい　管理組合は共同管理のための団体である。 イ：誤り　管理者選任は団体成立の要件ではない。;3:（3）「イとエ」は正答（2）「アとウ」と異なる組合せです。 イ：誤り　管理者選任は団体成立の要件ではない。 エ：誤り　法人化は団体成立の要件ではない。;4:（4）「ウとエ」は正答（2）「アとウ」と異なる組合せです。 ウ：正しい　区分所有者は法律上当然に管理のための団体を構成する。 エ：誤り　法人化は団体成立の要件ではない。,
300,single,区分所有法,誤り選択;区分所有法,共用部分に関する次の記述のうち、区分所有法の定めによれば、内容が正確でないものはどれか。,,,,,,数個の専有部分に通ずる廊下や階段室など、構造上共用に供されるべき部分は共用部分である。,共用部分は、すべて特定の区分所有者1人の単独所有としなければならない。,共用部分の持分割合は、原則として各共有者の有する専有部分の床面積の割合による。,各共有者は、共用部分の全部について、その用方に従って使用することができる。,2,正解は2。選択肢1（正しい）　廊下や階段室などは法定共用部分となる。本肢の記述は正当である。選択肢2（誤り）　共用部分は原則として区分所有者の共有である。本肢の記述は誤りである。選択肢3（正しい）　共用部分の持分割合は専有部分の床面積割合を原則とする。本肢の記述は正当である。選択肢4（正しい）　共用部分は持分に応じた物理的区画だけを使うものではない。本肢の記述は正当である。,選択肢2（誤り）　共用部分は原則として区分所有者の共有である。,選択肢2（誤り）　共用部分は原則として区分所有者の共有である。,1:（1）の内容は、正答（2）「共用部分は、すべて特定の区分所有者1人の単独所有としなければならない。」が示す論点とずれています。;3:（3）の内容は、正答（2）「共用部分は、すべて特定の区分所有者1人の単独所有としなければならない。」が示す論点とずれています。;4:（4）の内容は、正答（2）「共用部分は、すべて特定の区分所有者1人の単独所有としなければならない。」が示す論点とずれています。,
301,single,区分所有法,正解選択;区分所有法,規約に関する次の記述のうち、区分所有法の定めによれば、内容が正確なものはどれか。,,,,,,規約は、区分所有者には効力を及ぼすが、特定承継人には一切効力を及ぼさない。,規約には、強行法規や公序良俗に反する内容であっても常に有効に定めることができる。,規約は、理事長が口頭で宣言すれば、総会決議なしに自由に変更できる。,規約の変更が一部の区分所有者の権利に特別の影響を及ぼすべきときは、その承諾を得なければならない。,4,正解は4。選択肢1（誤り）　規約は特定承継人にも効力を及ぼす。本肢の記述は誤りである。選択肢2（誤り）　規約も強行法規等に反する内容まで有効となるわけではない。本肢の記述は誤りである。選択肢3（誤り）　規約変更には集会の特別多数決議が必要である。本肢の記述は誤りである。選択肢4（正しい）　特別の影響がある場合は対象者の承諾が必要である。本肢の記述は正当である。,選択肢4（正しい）　特別の影響がある場合は対象者の承諾が必要である。,選択肢4（正しい）　特別の影響がある場合は対象者の承諾が必要である。,1:正答の解説と、主体・手続・効果のいずれかが一致していません。 選択肢（1）「規約は、区分所有者には効力を及ぼすが、特定承継人には一切効力を及ぼさない。」は本問の正答（4）とは異なるため不適です。;2:（2）の内容は、正答（4）「規約の変更が一部の区分所有者の権利に特別の影響を及ぼすべきときは、その承諾を得なければならない。」が示す論点とずれています。;3:（3）の内容は、正答（4）「規約の変更が一部の区分所有者の権利に特別の影響を及ぼすべきときは、その承諾を得なければならない。」が示す論点とずれています。,
302,single,区分所有法,誤り選択;区分所有法,集会に関する次の記述のうち、区分所有法の定めによれば、内容が正確でないものはどれか。,,,,,,区分所有者は、規約に別段の定めがない限り、書面又は代理人によって議決権を行使することができる。,管理者は、少なくとも毎年1回集会を招集しなければならない。,集会の招集通知には、会議の目的たる事項を示さなければならない。,議事録は、集会終了後ただちに破棄しなければならない。,4,正解は4。選択肢1（正しい）　書面又は代理人による議決権行使が認められる。本肢の記述は正当である。選択肢2（正しい）　管理者には年1回以上の集会招集義務がある。本肢の記述は正当である。選択肢3（正しい）　招集通知では会議目的を示す必要がある。本肢の記述は正当である。選択肢4（誤り）　議事録は作成・保管されるべき重要書類である。本肢の記述は誤りである。,選択肢4（誤り）　議事録は作成・保管されるべき重要書類である。,選択肢4（誤り）　議事録は作成・保管されるべき重要書類である。,1:正答の解説と、主体・手続・効果のいずれかが一致していません。 選択肢（1）「区分所有者は、規約に別段の定めがない限り、書面又は代理人によって議決権を行使することができる。」は本問の正答（4）とは異なるため不適です。;2:正答の解説と、主体・手続・効果のいずれかが一致していません。 選択肢（2）「管理者は、少なくとも毎年1回集会を招集しなければならない。」は本問の正答（4）とは異なるため不適です。;3:正答の解説と、主体・手続・効果のいずれかが一致していません。 選択肢（3）「集会の招集通知には、会議の目的たる事項を示さなければならない。」は本問の正答（4）とは異なるため不適です。,
303,single,区分所有法,正解選択;区分所有法,管理者に関する次の記述のうち、区分所有法の定めによれば、内容が正確なものはどれか。,,,,,,管理者は、必ず区分所有者本人でなければならず、外部の者を選任することはできない。,管理者は、規約に別段の定めがない限り、集会の決議によって選任し、又は解任することができる。,管理者は、区分所有者の専有部分を自己の判断だけで自由に売却できる。,管理者に不正行為があっても、各区分所有者は裁判所に解任を請求できない。,2,正解は2。選択肢1（誤り）　管理者は区分所有者に限られない。本肢の記述は誤りである。選択肢2（正しい）　管理者は集会決議で選任・解任できる。本肢の記述は正当である。選択肢3（誤り）　管理者に専有部分の自由処分権はない。本肢の記述は誤りである。選択肢4（誤り）　不正行為等がある場合、各区分所有者は解任請求できる。本肢の記述は誤りである。,選択肢2（正しい）　管理者は集会決議で選任・解任できる。,選択肢2（正しい）　管理者は集会決議で選任・解任できる。,1:正答の解説と、主体・手続・効果のいずれかが一致していません。 選択肢（1）「管理者は、必ず区分所有者本人でなければならず、外部の者を選任することはできない。」は本問の正答（2）とは異なるため不適です。;3:（3）の内容は、正答（2）「管理者は、規約に別段の定めがない限り、集会の決議によって選任し、又は解任することができる。」が示す論点とずれています。;4:正答の解説と、主体・手続・効果のいずれかが一致していません。 選択肢（4）「管理者に不正行為があっても、各区分所有者は裁判所に解任を請求できない。」は本問の正答（2）とは異なるため不適です。,
304,single,区分所有法,誤り選択;区分所有法,共同の利益に反する行為をする者に対する措置に関する次の記述のうち、区分所有法の定めによれば、内容が正確でないものはどれか。,,,,,,専有部分の使用禁止請求をするには、集会の決議を経て訴えを提起する必要がある。,占有者が共同利益に反する行為をしても、区分所有法上の対応は一切できない。,競売請求は、共同生活上の障害が著しく、他の方法では障害を除去することが困難な場合に認められる厳しい措置である。,共同の利益に反する行為をする区分所有者に対しては、その行為の停止等を請求できる場合がある。,2,正解は2。選択肢1（正しい）　使用禁止請求には集会決議と訴えが必要である。本肢の記述は正当である。選択肢2（誤り）　占有者に対しても行為停止等が問題となる。本肢の記述は誤りである。選択肢3（正しい）　競売請求には厳格な要件がある。本肢の記述は正当である。選択肢4（正しい）　行為停止等請求の制度がある。本肢の記述は正当である。,選択肢2（誤り）　占有者に対しても行為停止等が問題となる。,選択肢2（誤り）　占有者に対しても行為停止等が問題となる。,1:（1）の内容は、正答（2）「占有者が共同利益に反する行為をしても、区分所有法上の対応は一切できない。」が示す論点とずれています。;3:（3）の内容は、正答（2）「占有者が共同利益に反する行為をしても、区分所有法上の対応は一切できない。」が示す論点とずれています。;4:（4）の内容は、正答（2）「占有者が共同利益に反する行為をしても、区分所有法上の対応は一切できない。」が示す論点とずれています。,
305,single,区分所有法,正解選択;区分所有法,復旧又は建替えに関する次の記述のうち、区分所有法の定めによれば、内容が正確なものはどれか。,,,,,,建物が一部滅失した場合、復旧決議や建替え決議を検討することは一切できない。,建替え決議は、区分所有者1人の単独判断で成立する。,建替え決議に反対した区分所有者は、常に無償で権利を失う。,建替え決議後、建替えに参加しない者に対する売渡請求が問題となる場合がある。,4,正解は4。選択肢1（誤り）　滅失の程度に応じて復旧や建替えの制度が問題となる。本肢の記述は誤りである。選択肢2（誤り）　建替え決議には特別多数が必要である。本肢の記述は誤りである。選択肢3（誤り）　反対者が無償で権利を失うわけではない。本肢の記述は誤りである。選択肢4（正しい）　建替え不参加者への売渡請求制度がある。本肢の記述は正当である。,選択肢4（正しい）　建替え不参加者への売渡請求制度がある。,選択肢4（正しい）　建替え不参加者への売渡請求制度がある。,1:正答の解説と、主体・手続・効果のいずれかが一致していません。 選択肢（1）「建物が一部滅失した場合、復旧決議や建替え決議を検討することは一切できない。」は本問の正答（4）とは異なるため不適です。;2:（2）の内容は、正答（4）「建替え決議後、建替えに参加しない者に対する売渡請求が問題となる場合がある。」が示す論点とずれています。;3:（3）の内容は、正答（4）「建替え決議後、建替えに参加しない者に対する売渡請求が問題となる場合がある。」が示す論点とずれています。,
306,single,区分所有法,誤り選択;区分所有法,団地に関する次の記述のうち、区分所有法の定めによれば、内容が正確でないものはどれか。,,,,,,一団地内の土地又は附属施設が数棟の建物の所有者の共有に属する場合、団地建物所有者は全員で団地管理組合を構成する。,団地では、団地全体の管理事項と各棟固有の管理事項を区別する必要がある。,団地管理規約により、一定の建物の管理を団地管理組合の対象にできる場合がある。,団地管理組合が成立すると、各棟の管理関係は常にすべて消滅する。,4,正解は4。選択肢1（正しい）　団地管理組合は団地建物所有者全員で構成される。本肢の記述は正当である。選択肢2（正しい）　団地全体と各棟の管理を区別することが重要である。本肢の記述は正当である。選択肢3（正しい）　団地規約により建物管理を対象にできる場合がある。本肢の記述は正当である。選択肢4（誤り）　団地全体の管理と各棟管理は区別される。本肢の記述は誤りである。,選択肢4（誤り）　団地全体の管理と各棟管理は区別される。,選択肢4（誤り）　団地全体の管理と各棟管理は区別される。,1:（1）の内容は、正答（4）「団地管理組合が成立すると、各棟の管理関係は常にすべて消滅する。」が示す論点とずれています。;2:（2）の内容は、正答（4）「団地管理組合が成立すると、各棟の管理関係は常にすべて消滅する。」が示す論点とずれています。;3:（3）の内容は、正答（4）「団地管理組合が成立すると、各棟の管理関係は常にすべて消滅する。」が示す論点とずれています。,
307,single,標準管理規約（単棟型）,正解選択;標準管理規約（単棟型）,標準管理規約（単棟型）における総会に関する次の記述のうち、内容が正確なものはどれか。,,,,,,通常総会では、決算や事業報告を一切扱ってはならない。,収支決算及び事業報告、収支予算及び事業計画は、総会で扱われる重要事項である。,総会議事録は、作成しても直ちに破棄し、組合員に一切見せてはならない。,総会は、管理会社の担当者だけが出席すれば、組合員が一人も関与しなくても自由に決議できる。,2,正解は2。選択肢1（誤り）　決算や事業報告は通常総会の重要事項である。本肢の記述は誤りである。選択肢2（正しい）　決算・予算等は総会の重要議案である。本肢の記述は正当である。選択肢3（誤り）　議事録は保管・閲覧の対象となる重要書類である。本肢の記述は誤りである。選択肢4（誤り）　総会は組合員の意思決定機関である。本肢の記述は誤りである。,選択肢2（正しい）　決算・予算等は総会の重要議案である。,選択肢2（正しい）　決算・予算等は総会の重要議案である。,1:正答の解説と、主体・手続・効果のいずれかが一致していません。 選択肢（1）「通常総会では、決算や事業報告を一切扱ってはならない。」は本問の正答（2）とは異なるため不適です。;3:正答の解説と、主体・手続・効果のいずれかが一致していません。 選択肢（3）「総会議事録は、作成しても直ちに破棄し、組合員に一切見せてはならない。」は本問の正答（2）とは異なるため不適です。;4:（4）の内容は、正答（2）「収支決算及び事業報告、収支予算及び事業計画は、総会で扱われる重要事項である。」が示す論点とずれています。,
308,single,標準管理規約（単棟型）,いくつあるか;標準管理規約（単棟型）,標準管理規約（単棟型）における理事会又は役員に関する次の記述のうち、正しいものはいくつあるか。ア 理事会は、総会に提出する議案を審議することがある。イ 理事長は、管理組合を代表し、その業務を統括する。ウ 理事会は、理事が一人も出席しなくても、管理会社だけで決議できる。エ 監事は、管理組合の業務の執行及び財産の状況を監査する。,,,,,,一つ,二つ,三つ,四つ,3,正解は3（三つ）。ア（正しい）　理事会は総会提出議案を検討する。イ（正しい）　理事長は管理組合の代表者である。ウ（誤り）　理事会は理事により構成される。エ（正しい）　監事は業務執行と財産状況を監査する。したがって、正しいものは三つである。,正解は3（三つ）。ア（正しい）　理事会は総会提出議案を検討する。イ（正しい）　理事長は管理組合の代表者である。ウ（誤り）　理事会は理事により構成される。エ（正しい）　監事は業務執行と財産状況を監査する。したがって、正しいものは三つである。,正解は3（三つ）。ア（正しい）　理事会は総会提出議案を検討する。イ（正しい）　理事長は管理組合の代表者である。ウ（誤り）　理事会は理事により構成される。エ（正しい）　監事は業務執行と財産状況を監査する。したがって、正しいものは三つである。,1:（1）「一つ」は、単独の記述としては法令上妥当な場合がありますが、本問で選ぶべき正答は（3）「三つ」です。問題文の条件（標準管理規約（単棟型）における理事会又は役員に関する次の記述のうち、正しいものはいくつあるか。ア…）と照らし、設問が問う論点に合う肢を選び直してください。;2:（2）「二つ」は、単独の記述としては法令上妥当な場合がありますが、本問で選ぶべき正答は（3）「三つ」です。問題文の条件（標準管理規約（単棟型）における理事会又は役員に関する次の記述のうち、正しいものはいくつあるか。ア…）と照らし、設問が問う論点に合う肢を選び直してください。;4:（4）「四つ」は、単独の記述としては法令上妥当な場合がありますが、本問で選ぶべき正答は（3）「三つ」です。問題文の条件（標準管理規約（単棟型）における理事会又は役員に関する次の記述のうち、正しいものはいくつあるか。ア…）と照らし、設問が問う論点に合う肢を選び直してください。,
309,single,標準管理規約（単棟型）,誤り選択;標準管理規約（単棟型）,標準管理規約（単棟型）における管理費等に関する次の記述のうち、内容が正確でないものはどれか。,,,,,,管理費等は、規約に定めるところにより、各組合員が負担する。,管理費会計と修繕積立金会計は、目的に応じて区分して経理することが重要である。,管理費等は、共用部分の管理と無関係であるため、組合員に負担させることはできない。,管理費等の改定は、収支状況、物価、委託費、修繕計画等を踏まえて検討されることがある。,3,正解は3。選択肢1（正しい）　管理費等は規約に基づき組合員が負担する。本肢の記述は正当である。選択肢2（正しい）　管理費と修繕積立金は区分経理が重要である。本肢の記述は正当である。選択肢3（誤り）　管理費等は共用部分等の管理費用として徴収される。本肢の記述は誤りである。選択肢4（正しい）　管理費等は必要に応じて見直される。本肢の記述は正当である。,選択肢3（誤り）　管理費等は共用部分等の管理費用として徴収される。,選択肢3（誤り）　管理費等は共用部分等の管理費用として徴収される。,1:（1）の内容は、正答（3）「管理費等は、共用部分の管理と無関係であるため、組合員に負担させることはできない。」が示す論点とずれています。;2:（2）の内容は、正答（3）「管理費等は、共用部分の管理と無関係であるため、組合員に負担させることはできない。」が示す論点とずれています。;4:（4）の内容は、正答（3）「管理費等は、共用部分の管理と無関係であるため、組合員に負担させることはできない。」が示す論点とずれています。,
310,single,標準管理規約（単棟型）,誤り選択;標準管理規約（単棟型）,標準管理規約（単棟型）における専用使用又は専有部分の使用に関する次の記述のうち、内容が正確でないものはどれか。,,,,,,専有部分の修繕等が共用部分や他の住戸に影響するおそれがある場合、理事長への申請や承認が求められることがある。,専有部分を貸与する場合、賃借人等に規約及び使用細則を遵守させることが重要である。,バルコニーや専用庭などについて、特定の区分所有者に専用使用権が認められることがある。,専有部分内の工事であれば、共用部分に影響しても届出や承認は一切不要である。,4,正解は4。選択肢1（正しい）　専有部分工事でも管理組合の手続が必要となる場合がある。本肢の記述は正当である。選択肢2（正しい）　占有者にも規約・細則の遵守が問題となる。本肢の記述は正当である。選択肢3（正しい）　バルコニー等には専用使用権が認められることがある。本肢の記述は正当である。選択肢4（誤り）　共用部分等に影響する工事では手続が必要となる。本肢の記述は誤りである。,選択肢4（誤り）　共用部分等に影響する工事では手続が必要となる。,選択肢4（誤り）　共用部分等に影響する工事では手続が必要となる。,1:（1）の内容は、正答（4）「専有部分内の工事であれば、共用部分に影響しても届出や承認は一切不要である。」が示す論点とずれています。;2:（2）の内容は、正答（4）「専有部分内の工事であれば、共用部分に影響しても届出や承認は一切不要である。」が示す論点とずれています。;3:（3）の内容は、正答（4）「専有部分内の工事であれば、共用部分に影響しても届出や承認は一切不要である。」が示す論点とずれています。,
311,single,標準管理規約（団地型）,正解選択;標準管理規約（団地型）,標準管理規約（団地型）に関する次の記述のうち、内容が正確なものはどれか。,,,,,,団地内に複数棟があっても、棟別の事情を考慮することは一切できない。,団地内の土地や附属施設の管理は、団地型規約で重要な事項となる。,団地型規約は単棟型規約と完全に同一であり、団地特有の規定は存在しない。,団地型規約では、団地全体の土地や附属施設の管理を考慮する必要がない。,2,正解は2。選択肢1（誤り）　棟別の事情を考慮する場面がある。本肢の記述は誤りである。選択肢2（正しい）　団地の土地・附属施設管理が重要である。本肢の記述は正当である。選択肢3（誤り）　団地型には団地特有の規定がある。本肢の記述は誤りである。選択肢4（誤り）　団地の土地や附属施設管理が重要である。本肢の記述は誤りである。,選択肢2（正しい）　団地の土地・附属施設管理が重要である。,選択肢2（正しい）　団地の土地・附属施設管理が重要である。,1:正答の解説と、主体・手続・効果のいずれかが一致していません。 選択肢（1）「団地内に複数棟があっても、棟別の事情を考慮することは一切できない。」は本問の正答（2）とは異なるため不適です。;3:正答の解説と、主体・手続・効果のいずれかが一致していません。 選択肢（3）「団地型規約は単棟型規約と完全に同一であり、団地特有の規定は存在しない。」は本問の正答（2）とは異なるため不適です。;4:正答の解説と、主体・手続・効果のいずれかが一致していません。 選択肢（4）「団地型規約では、団地全体の土地や附属施設の管理を考慮する必要がない。」は本問の正答（2）とは異なるため不適です。,
312,single,標準管理規約（複合用途型）,誤り選択;標準管理規約（複合用途型）,標準管理規約（複合用途型）に関する次の記述のうち、内容が正確でないものはどれか。,,,,,,住宅と店舗等が併存するマンションでは、用途ごとの利害調整が問題となることがある。,複合用途型では、住宅部分と店舗部分の利害が常に完全一致するため、区分経理を検討する余地はない。,複合用途型では、用途に応じて管理費負担や使用ルールを整理することがある。,複合用途型規約では、住宅部分と店舗部分の区分経理や部会が問題となることがある。,2,正解は2。選択肢1（正しい）　複合用途型では用途ごとの利害調整が重要である。本肢の記述は正当である。選択肢2（誤り）　用途により利害が異なる場合がある。本肢の記述は誤りである。選択肢3（正しい）　用途に応じた負担やルール整理が必要となる。本肢の記述は正当である。選択肢4（正しい）　用途別の区分経理や部会が検討される。本肢の記述は正当である。,選択肢2（誤り）　用途により利害が異なる場合がある。,選択肢2（誤り）　用途により利害が異なる場合がある。,1:（1）の内容は、正答（2）「複合用途型では、住宅部分と店舗部分の利害が常に完全一致するため、区分経理を検討する余地はない。」が示す論点とずれています。;3:（3）の内容は、正答（2）「複合用途型では、住宅部分と店舗部分の利害が常に完全一致するため、区分経理を検討する余地はない。」が示す論点とずれています。;4:（4）の内容は、正答（2）「複合用途型では、住宅部分と店舗部分の利害が常に完全一致するため、区分経理を検討する余地はない。」が示す論点とずれています。,
313,single,民法,正解選択;民法,共有に関する次の記述のうち、民法の定めによれば、内容が正確なものはどれか。,,,,,,共有者は、自分の持分割合に相当する面積以外を一切使用できない。,共有物の管理事項は、常に全員一致でなければ決められず、持分価格の過半数で決することはない。,共有物の保存行為は、常に共有者全員の同意がなければできない。,共有物の保存行為は、各共有者がすることができる。,4,正解は4。選択肢1（誤り）　共有物全部について持分に応じた使用ができる。本肢の記述は誤りである。選択肢2（誤り）　管理事項は持分価格の過半数で決するのが原則である。本肢の記述は誤りである。選択肢3（誤り）　保存行為は各共有者が行える。本肢の記述は誤りである。選択肢4（正しい）　保存行為は各共有者が単独でできる。本肢の記述は正当である。,選択肢4（正しい）　保存行為は各共有者が単独でできる。,選択肢4（正しい）　保存行為は各共有者が単独でできる。,1:正答の解説と、主体・手続・効果のいずれかが一致していません。 選択肢（1）「共有者は、自分の持分割合に相当する面積以外を一切使用できない。」は本問の正答（4）とは異なるため不適です。;2:正答の解説と、主体・手続・効果のいずれかが一致していません。 選択肢（2）「共有物の管理事項は、常に全員一致でなければ決められず、持分価格の過半数で決することはない。」は本問の正答（4）とは異なるため不適です。;3:正答の解説と、主体・手続・効果のいずれかが一致していません。 選択肢（3）「共有物の保存行為は、常に共有者全員の同意がなければできない。」は本問の正答（4）とは異なるため不適です。,
314,single,民法,誤り選択;民法,契約不適合責任に関する次の記述のうち、民法の定めによれば、内容が正確でないものはどれか。,,,,,,請負の仕事の目的物が契約内容に適合しない場合にも、契約不適合責任が問題となることがある。,目的物が契約の内容に適合しない場合、買主は履行の追完を請求できる場合がある。,契約不適合がある場合、代金減額請求、損害賠償請求、解除が問題となることがある。,契約不適合責任は、不動産売買や工事請負には一切関係しない。,4,正解は4。選択肢1（正しい）　工事請負でも契約不適合が問題となる。本肢の記述は正当である。選択肢2（正しい）　契約不適合では追完請求が認められる場合がある。本肢の記述は正当である。選択肢3（正しい）　契約不適合では複数の救済手段がある。本肢の記述は正当である。選択肢4（誤り）　不動産売買や工事請負でも問題となる。本肢の記述は誤りである。,選択肢4（誤り）　不動産売買や工事請負でも問題となる。,選択肢4（誤り）　不動産売買や工事請負でも問題となる。,1:正答の解説と、主体・手続・効果のいずれかが一致していません。 選択肢（1）「請負の仕事の目的物が契約内容に適合しない場合にも、契約不適合責任が問題となることがある。」は本問の正答（4）とは異なるため不適です。;2:正答の解説と、主体・手続・効果のいずれかが一致していません。 選択肢（2）「目的物が契約の内容に適合しない場合、買主は履行の追完を請求できる場合がある。」は本問の正答（4）とは異なるため不適です。;3:（3）の内容は、正答（4）「契約不適合責任は、不動産売買や工事請負には一切関係しない。」が示す論点とずれています。,
315,single,民法,正解選択;民法,賃貸借に関する次の記述のうち、民法又は借地借家法の定めによれば、内容が正確なものはどれか。,,,,,,賃借人は、賃貸人の承諾なしに常に自由に転貸できる。,賃貸人は、賃借人に目的物を使用及び収益させる義務を負う。,賃貸人は、賃借人に目的物を使用収益させる義務を一切負わない。,建物賃貸借では、賃貸人の更新拒絶に正当事由が問題となることはない。,2,正解は2。選択肢1（誤り）　転貸には賃貸人の承諾が必要である。本肢の記述は誤りである。選択肢2（正しい）　賃貸借では使用収益させる義務がある。本肢の記述は正当である。選択肢3（誤り）　賃貸人は使用収益させる義務を負う。本肢の記述は誤りである。選択肢4（誤り）　建物賃貸借では更新拒絶の正当事由が問題となる。本肢の記述は誤りである。,選択肢2（正しい）　賃貸借では使用収益させる義務がある。,選択肢2（正しい）　賃貸借では使用収益させる義務がある。,1:（1）の内容は、正答（2）「賃貸人は、賃借人に目的物を使用及び収益させる義務を負う。」が示す論点とずれています。;3:正答の解説と、主体・手続・効果のいずれかが一致していません。 選択肢（3）「賃貸人は、賃借人に目的物を使用収益させる義務を一切負わない。」は本問の正答（2）とは異なるため不適です。;4:正答の解説と、主体・手続・効果のいずれかが一致していません。 選択肢（4）「建物賃貸借では、賃貸人の更新拒絶に正当事由が問題となることはない。」は本問の正答（2）とは異なるため不適です。,
316,single,民法,誤り選択;民法,不法行為又は工作物責任に関する次の記述のうち、民法の定めによれば、内容が正確でないものはどれか。,,,,,,土地の工作物の設置又は保存に瑕疵がある場合、占有者又は所有者の責任が問題となる。,不法行為責任は、損害が発生していなくても常に成立する。,外壁タイルの剥落事故では、工作物責任が問題となることがある。,故意又は過失によって他人の権利又は法律上保護される利益を侵害した者は、損害賠償責任を負う。,2,正解は2。選択肢1（正しい）　土地工作物責任が問題となる。本肢の記述は正当である。選択肢2（誤り）　不法行為責任には損害の発生が必要である。本肢の記述は誤りである。選択肢3（正しい）　建物外壁の事故では工作物責任が問題となり得る。本肢の記述は正当である。選択肢4（正しい）　不法行為責任の基本である。本肢の記述は正当である。,選択肢2（誤り）　不法行為責任には損害の発生が必要である。,選択肢2（誤り）　不法行為責任には損害の発生が必要である。,1:（1）の内容は、正答（2）「不法行為責任は、損害が発生していなくても常に成立する。」が示す論点とずれています。;3:（3）の内容は、正答（2）「不法行為責任は、損害が発生していなくても常に成立する。」が示す論点とずれています。;4:（4）の内容は、正答（2）「不法行為責任は、損害が発生していなくても常に成立する。」が示す論点とずれています。,
317,single,民法,正解選択;民法;不動産登記法,不動産登記に関する次の記述のうち、民法及び不動産登記法の考え方によれば、内容が正確なものはどれか。,,,,,,敷地権の登記がされた場合でも、専有部分と敷地権は常に別々に自由処分できる。,不動産を取得した者は、登記がなくても常にすべての第三者に対抗できる。,区分建物については、専有部分ごとの登記記録を作成することは一切できない。,相続登記は、専有部分の権利者を明らかにし、管理費請求や総会通知の相手方確認にも関係することがある。,4,正解は4。選択肢1（誤り）　敷地権登記がある場合、分離処分が制限される。本肢の記述は誤りである。選択肢2（誤り）　登記がなければ対抗できない第三者がいる。本肢の記述は誤りである。選択肢3（誤り）　区分建物では専有部分ごとの登記がある。本肢の記述は誤りである。選択肢4（正しい）　相続登記は管理実務にも影響する。本肢の記述は正当である。,選択肢4（正しい）　相続登記は管理実務にも影響する。,選択肢4（正しい）　相続登記は管理実務にも影響する。,1:（1）の内容は、正答（4）「相続登記は、専有部分の権利者を明らかにし、管理費請求や総会通知の相手方確認にも関係することがある。」が示す論点とずれています。;2:（2）の内容は、正答（4）「相続登記は、専有部分の権利者を明らかにし、管理費請求や総会通知の相手方確認にも関係することがある。」が示す論点とずれています。;3:正答の解説と、主体・手続・効果のいずれかが一致していません。 選択肢（3）「区分建物については、専有部分ごとの登記記録を作成することは一切できない。」は本問の正答（4）とは異なるため不適です。,
318,single,マンション管理適正化法,誤り選択;マンション管理適正化法;5問免除,マンション管理士に関する次の記述のうち、マンション管理適正化法の定めによれば、内容が正確でないものはどれか。,,,,,,マンション管理士は、専門的知識をもって管理組合等の相談に応じ、助言、指導その他の援助を行う。,マンション管理士には、信用失墜行為の禁止が課されている。,マンション管理士には、業務上知り得た秘密を正当な理由なく漏らしてはならない義務がある。,マンション管理士は、登録を受けなくても名称を自由に使用できる。,4,正解は4。選択肢1（正しい）　マンション管理士の業務内容である。本肢の記述は正当である。選択肢2（正しい）　マンション管理士には信用保持義務がある。本肢の記述は正当である。選択肢3（正しい）　マンション管理士には秘密保持義務がある。本肢の記述は正当である。選択肢4（誤り）　名称使用には登録が必要である。本肢の記述は誤りである。,選択肢4（誤り）　名称使用には登録が必要である。,選択肢4（誤り）　名称使用には登録が必要である。,1:（1）の内容は、正答（4）「マンション管理士は、登録を受けなくても名称を自由に使用できる。」が示す論点とずれています。;2:（2）の内容は、正答（4）「マンション管理士は、登録を受けなくても名称を自由に使用できる。」が示す論点とずれています。;3:選択肢（3）「マンション管理士には、業務上知り得た秘密を正当な理由なく漏らしてはならない義務がある。,
319,single,マンション管理適正化法,組合せ;マンション管理適正化法;5問免除,マンション管理業者に関する次の記述のうち、マンション管理適正化法の定めによれば、正しいものの組合せはどれか。ア マンション管理業者は、管理受託契約の締結前に重要事項説明を行う必要がある場合がある。イ マンション管理業者は、管理組合の資金を自己の運転資金として自由に流用できる。ウ マンション管理業者には、管理組合の財産を適切に分別管理するための規制が設けられている。エ 重要事項説明書は、白紙で交付すれば常に足りる。,,,,,,アとイ,アとウ,イとエ,ウとエ,2,正解は2（アとウ）。ア（正しい）　重要事項説明制度がある。イ（誤り）　管理組合財産は分別管理が必要である。ウ（正しい）　分別管理規制がある。エ（誤り）　法定事項を記載して説明する必要がある。したがって、正しいものの組合せはアとウである。,正解は2（アとウ）。ア（正しい）　重要事項説明制度がある。イ（誤り）　管理組合財産は分別管理が必要である。ウ（正しい）　分別管理規制がある。エ（誤り）　法定事項を記載して説明する必要がある。したがって、正しいものの組合せはアとウである。,正解は2（アとウ）。ア（正しい）　重要事項説明制度がある。イ（誤り）　管理組合財産は分別管理が必要である。ウ（正しい）　分別管理規制がある。エ（誤り）　法定事項を記載して説明する必要がある。したがって、正しいものの組合せはアとウである。,1:（1）「アとイ」は正答（2）「アとウ」と異なる組合せです。 ア：正しい　重要事項説明制度がある。 イ：誤り　管理組合財産は分別管理が必要である。;3:（3）「イとエ」は正答（2）「アとウ」と異なる組合せです。 イ：誤り　管理組合財産は分別管理が必要である。 エ：誤り　法定事項を記載して説明する必要がある。;4:（4）「ウとエ」は正答（2）「アとウ」と異なる組合せです。 ウ：正しい　分別管理規制がある。 エ：誤り　法定事項を記載して説明する必要がある。,
320,single,マンション管理適正化法,誤り選択;マンション管理適正化法;5問免除,管理業務主任者に関する次の記述のうち、マンション管理適正化法の定めによれば、内容が正確でないものはどれか。,,,,,,管理業務主任者は、重要事項説明を行う際に管理業務主任者証を提示する必要がある。,管理業務主任者は、管理事務報告や重要事項説明と一切関係しない。,管理業務主任者は、管理受託契約に関する重要事項説明に関与する資格者である。,マンション管理業者は、事務所ごとに一定数の成年者である専任の管理業務主任者を置く必要がある。,2,正解は2。選択肢1（正しい）　重要事項説明時の主任者証提示が必要である。本肢の記述は正当である。選択肢2（誤り）　管理業務主任者は重要事項説明等に関与する。本肢の記述は誤りである。選択肢3（正しい）　管理業務主任者は重要事項説明に関与する。本肢の記述は正当である。選択肢4（正しい）　事務所ごとの専任主任者設置が必要である。本肢の記述は正当である。,選択肢2（誤り）　管理業務主任者は重要事項説明等に関与する。,選択肢2（誤り）　管理業務主任者は重要事項説明等に関与する。,1:（1）の内容は、正答（2）「管理業務主任者は、管理事務報告や重要事項説明と一切関係しない。」が示す論点とずれています。;3:（3）の内容は、正答（2）「管理業務主任者は、管理事務報告や重要事項説明と一切関係しない。」が示す論点とずれています。;4:（4）の内容は、正答（2）「管理業務主任者は、管理事務報告や重要事項説明と一切関係しない。」が示す論点とずれています。,
321,single,マンション管理適正化法,正解選択;マンション管理適正化法;5問免除,管理計画認定制度に関する次の記述のうち、マンション管理適正化法の考え方によれば、内容が正確なものはどれか。,,,,,,管理計画認定は、各住戸の壁紙の色だけを認定する制度である。,管理計画認定を受ければ、以後長期修繕計画を一切見直す必要がなくなる。,管理計画認定では、修繕積立金や長期修繕計画は一切確認されない。,管理計画認定制度は、マンションの管理計画が一定の基準に適合する場合に、地方公共団体から認定を受けることができる制度である。,4,正解は4。選択肢1（誤り）　管理組合の管理計画を認定する制度である。本肢の記述は誤りである。選択肢2（誤り）　認定後も継続的な管理・見直しが必要である。本肢の記述は誤りである。選択肢3（誤り）　修繕積立金や長期修繕計画は重要な確認事項である。本肢の記述は誤りである。選択肢4（正しい）　管理計画認定制度の基本である。本肢の記述は正当である。,選択肢4（正しい）　管理計画認定制度の基本である。,選択肢4（正しい）　管理計画認定制度の基本である。,1:（1）の内容は、正答（4）「管理計画認定制度は、マンションの管理計画が一定の基準に適合する場合に、地方公共団体から認定を受けることができる制…」が示す論点とずれています。;2:（2）の内容は、正答（4）「管理計画認定制度は、マンションの管理計画が一定の基準に適合する場合に、地方公共団体から認定を受けることができる制…」が示す論点とずれています。;3:正答の解説と、主体・手続・効果のいずれかが一致していません。 選択肢（3）「管理計画認定では、修繕積立金や長期修繕計画は一切確認されない。」は本問の正答（4）とは異なるため不適です。,
322,single,標準管理委託契約書,誤り選択;標準管理委託契約書,マンション標準管理委託契約書に関する次の記述のうち、内容が正確でないものはどれか。,,,,,,管理業者が一部業務を専門業者に委託する場合でも、責任や報告体制を明確にしておくことが重要である。,契約更新時には、業務内容、委託費、業務実績、重要事項説明を確認することが重要である。,管理委託契約では、管理事務の内容、委託業務費、契約期間などを明確に定めることが重要である。,管理委託契約は、契約期間や委託業務費を定める必要がなく、白紙で締結すれば足りる。,4,正解は4。選択肢1（正しい）　再委託時も責任と報告体制が重要である。本肢の記述は正当である。選択肢2（正しい）　更新時には条件確認が重要である。本肢の記述は正当である。選択肢3（正しい）　契約内容の明確化が重要である。本肢の記述は正当である。選択肢4（誤り）　契約内容を明確にする必要がある。本肢の記述は誤りである。,選択肢4（誤り）　契約内容を明確にする必要がある。,選択肢4（誤り）　契約内容を明確にする必要がある。,1:（1）の内容は、正答（4）「管理委託契約は、契約期間や委託業務費を定める必要がなく、白紙で締結すれば足りる。」が示す論点とずれています。;2:（2）の内容は、正答（4）「管理委託契約は、契約期間や委託業務費を定める必要がなく、白紙で締結すれば足りる。」が示す論点とずれています。;3:（3）の内容は、正答（4）「管理委託契約は、契約期間や委託業務費を定める必要がなく、白紙で締結すれば足りる。」が示す論点とずれています。,
323,single,会計,正解選択;会計,管理組合の会計に関する次の記述のうち、一般的な会計処理の考え方によれば、内容が正確なものはどれか。,,,,,,予備費は、理事長の個人的な旅行費用に自由に使うための費目である。,銀行印、通帳、キャッシュカード等は、内部統制の観点から保管者や使用手続を明確にすることが重要である。,預金残高が合っていれば、収支計算書や貸借対照表を作成する必要は一切ない。,管理組合の資金は、役員個人の生活費と自由に混同してよい。,2,正解は2。選択肢1（誤り）　予備費は私的支出に使う費目ではない。本肢の記述は誤りである。選択肢2（正しい）　資金管理では内部統制が重要である。本肢の記述は正当である。選択肢3（誤り）　収支状況や財産状態を明らかにする資料が必要である。本肢の記述は誤りである。選択肢4（誤り）　組合資金と個人資金を混同してはならない。本肢の記述は誤りである。,選択肢2（正しい）　資金管理では内部統制が重要である。,選択肢2（正しい）　資金管理では内部統制が重要である。,1:（1）の内容は、正答（2）「銀行印、通帳、キャッシュカード等は、内部統制の観点から保管者や使用手続を明確にすることが重要である。」が示す論点とずれています。;3:正答の解説と、主体・手続・効果のいずれかが一致していません。 選択肢（3）「預金残高が合っていれば、収支計算書や貸借対照表を作成する必要は一切ない。」は本問の正答（2）とは異なるため不適です。;4:（4）の内容は、正答（2）「銀行印、通帳、キャッシュカード等は、内部統制の観点から保管者や使用手続を明確にすることが重要である。」が示す論点とずれています。,
324,single,税務,誤り選択;税務;会計,管理組合の税務に関する次の記述のうち、一般的な税務の考え方によれば、内容が正確でないものはどれか。,,,,,,携帯電話基地局設置料など外部からの収入については、収益事業に該当するか等により法人税等の課税関係が問題となることがある。,管理組合が得る外部収入は、どのような内容でも税務上検討する必要が一切ない。,管理組合が外部に駐車場を貸し付けるなど対価性のある取引を行う場合、消費税の課税関係が問題となることがある。,組合員から徴収する管理費や修繕積立金と外部収入は、性質を区別して検討することが重要である。,2,正解は2。選択肢1（正しい）　外部収入は収益事業該当性が問題となる。本肢の記述は正当である。選択肢2（誤り）　外部収入には税務検討が必要な場合がある。本肢の記述は誤りである。選択肢3（正しい）　外部取引では消費税が問題となる場合がある。本肢の記述は正当である。選択肢4（正しい）　内部負担金と外部収入を区別することが重要である。本肢の記述は正当である。,選択肢2（誤り）　外部収入には税務検討が必要な場合がある。,選択肢2（誤り）　外部収入には税務検討が必要な場合がある。,1:（1）の内容は、正答（2）「管理組合が得る外部収入は、どのような内容でも税務上検討する必要が一切ない。」が示す論点とずれています。;3:（3）の内容は、正答（2）「管理組合が得る外部収入は、どのような内容でも税務上検討する必要が一切ない。」が示す論点とずれています。;4:（4）の内容は、正答（2）「管理組合が得る外部収入は、どのような内容でも税務上検討する必要が一切ない。」が示す論点とずれています。,
325,single,建築基準法,正解選択;建築基準法,建築基準法に関する次の記述のうち、内容が正確なものはどれか。,,,,,,建築確認は、建築主の好みの外観色だけを審査する手続である。,建蔽率は、建築物の高さを敷地面積で割った割合である。,建築基準法は、最高級の内装デザインだけを定める法律である。,建築確認は、建築計画が建築基準関係規定に適合するかを確認する手続である。,4,正解は4。選択肢1（誤り）　建築確認は建築基準関係規定への適合を確認する。本肢の記述は誤りである。選択肢2（誤り）　建蔽率は建築面積の敷地面積に対する割合である。本肢の記述は誤りである。選択肢3（誤り）　建築基準法は敷地・構造・設備・用途等の最低基準を定める。本肢の記述は誤りである。選択肢4（正しい）　建築確認は法令適合性を確認する手続である。本肢の記述は正当である。,選択肢4（正しい）　建築確認は法令適合性を確認する手続である。,選択肢4（正しい）　建築確認は法令適合性を確認する手続である。,1:（1）の内容は、正答（4）「建築確認は、建築計画が建築基準関係規定に適合するかを確認する手続である。」が示す論点とずれています。;2:（2）の内容は、正答（4）「建築確認は、建築計画が建築基準関係規定に適合するかを確認する手続である。」が示す論点とずれています。;3:根拠の記述が異なります。解説では「建築基準法」が根拠ですが、（3）は「内装デザインだけを定める法」を根拠とする内容です。,
326,single,都市計画法,誤り選択;都市計画法;建築基準法,都市計画法又は建築基準法に関する次の記述のうち、内容が正確でないものはどれか。,,,,,,用途地域ごとに、建築できる建築物の用途や建蔽率、容積率等の制限が異なる。,市街化区域は、すでに市街地を形成している区域及びおおむね10年以内に優先的かつ計画的に市街化を図るべき区域である。,市街化調整区域は、市街化を抑制すべき区域である。,容積率は、建築面積の敷地面積に対する割合である。,4,正解は4。選択肢1（正しい）　用途地域に応じて建築制限が異なる。本肢の記述は正当である。選択肢2（正しい）　市街化区域の定義である。本肢の記述は正当である。選択肢3（正しい）　市街化調整区域は市街化抑制区域である。本肢の記述は正当である。選択肢4（誤り）　容積率は延べ面積の敷地面積に対する割合である。本肢の記述は誤りである。,選択肢4（誤り）　容積率は延べ面積の敷地面積に対する割合である。,選択肢4（誤り）　容積率は延べ面積の敷地面積に対する割合である。,1:（1）の内容は、正答（4）「容積率は、建築面積の敷地面積に対する割合である。」が示す論点とずれています。;2:（2）の内容は、正答（4）「容積率は、建築面積の敷地面積に対する割合である。」が示す論点とずれています。;3:（3）の内容は、正答（4）「容積率は、建築面積の敷地面積に対する割合である。」が示す論点とずれています。,
327,single,マンション建替え等円滑化法,正解選択;マンション建替え等円滑化法,マンション建替え等円滑化法に関する次の記述のうち、内容が正確なものはどれか。,,,,,,マンション建替え等円滑化法は、戸建住宅の庭木だけを売却する制度である。,マンション建替組合は、マンション建替事業を実施するための法人である。,建替え事業では、区分所有者等の権利調整は一切不要である。,マンション建替組合は、建替え事業とは無関係の任意サークルである。,2,正解は2。選択肢1（誤り）　マンションの建替え等を円滑に進めるための法律である。本肢の記述は誤りである。選択肢2（正しい）　建替組合は建替事業の実施主体である。本肢の記述は正当である。選択肢3（誤り）　権利調整手続が重要である。本肢の記述は誤りである。選択肢4（誤り）　建替組合は建替事業の実施主体である。本肢の記述は誤りである。,選択肢2（正しい）　建替組合は建替事業の実施主体である。,選択肢2（正しい）　建替組合は建替事業の実施主体である。,1:根拠の記述が異なります。解説では「え等を円滑に進めるための法」が根拠ですが、（1）は「マンション建替え等円滑化法」を根拠とする内容です。;3:正答の解説と、主体・手続・効果のいずれかが一致していません。 選択肢（3）「建替え事業では、区分所有者等の権利調整は一切不要である。」は本問の正答（2）とは異なるため不適です。;4:（4）の内容は、正答（2）「マンション建替組合は、マンション建替事業を実施するための法人である。」が示す論点とずれています。,
328,single,建物・設備,いくつあるか;建物・設備,マンションの給排水設備に関する次の記述のうち、正しいものはいくつあるか。ア 排水管の詰まりや腐食は、漏水、悪臭、排水不良などの原因となることがある。イ 貯水槽水道では、受水槽の清掃、点検、水質管理などが衛生管理上重要となる。ウ 排水管は劣化しないため、清掃や点検は一切不要である。エ 受水槽方式では、水道本管から受水槽に水を受け、ポンプ等により各住戸へ給水する。,,,,,,一つ,二つ,三つ,四つ,3,正解は3（三つ）。ア（正しい）　排水管劣化は漏水等につながる。イ（正しい）　受水槽の衛生管理が重要である。ウ（誤り）　排水管も詰まりや劣化が生じる。エ（正しい）　受水槽方式の基本である。したがって、正しいものは三つである。,正解は3（三つ）。ア（正しい）　排水管劣化は漏水等につながる。イ（正しい）　受水槽の衛生管理が重要である。ウ（誤り）　排水管も詰まりや劣化が生じる。エ（正しい）　受水槽方式の基本である。したがって、正しいものは三つである。,正解は3（三つ）。ア（正しい）　排水管劣化は漏水等につながる。イ（正しい）　受水槽の衛生管理が重要である。ウ（誤り）　排水管も詰まりや劣化が生じる。エ（正しい）　受水槽方式の基本である。したがって、正しいものは三つである。,1:（1）「一つ」は、単独の記述としては法令上妥当な場合がありますが、本問で選ぶべき正答は（3）「三つ」です。問題文の条件（マンションの給排水設備に関する次の記述のうち、正しいものはいくつあるか。ア 排水管の詰まりや腐食…）と照らし、設問が問う論点に合う肢を選び直してください。;2:（2）「二つ」は、単独の記述としては法令上妥当な場合がありますが、本問で選ぶべき正答は（3）「三つ」です。問題文の条件（マンションの給排水設備に関する次の記述のうち、正しいものはいくつあるか。ア 排水管の詰まりや腐食…）と照らし、設問が問う論点に合う肢を選び直してください。;4:（4）「四つ」は、単独の記述としては法令上妥当な場合がありますが、本問で選ぶべき正答は（3）「三つ」です。問題文の条件（マンションの給排水設備に関する次の記述のうち、正しいものはいくつあるか。ア 排水管の詰まりや腐食…）と照らし、設問が問う論点に合う肢を選び直してください。,設備・維持保全は数値基準・点検周期・責任の所在がセットで出題されます。表や比較で整理し、他選択肢がどの要件（数値・主体・手続）とずれているかを確認してください。
329,single,建物・設備,誤り選択;建物・設備,マンションの電気設備、消防用設備又は昇降機に関する次の記述のうち、内容が正確でないものはどれか。,,,,,,非常用照明や誘導灯は、停電時や避難時の安全確保に関係する設備である。,消防用設備等は、設置後も定期的な点検及び報告が必要となる場合がある。,誘導灯は、避難方向を示す設備ではなく、給水ポンプの作動状況だけを表示する設備である。,エレベーターは、安全に利用できるよう、定期的な点検や保守が重要である。,3,正解は3。選択肢1（正しい）　非常用照明や誘導灯は避難安全に関係する。本肢の記述は正当である。選択肢2（正しい）　消防用設備等は定期点検・報告が必要となる。本肢の記述は正当である。選択肢3（誤り）　誘導灯は避難誘導に関係する設備である。本肢の記述は誤りである。選択肢4（正しい）　昇降機の保守点検は安全に関係する。本肢の記述は正当である。,選択肢3（誤り）　誘導灯は避難誘導に関係する設備である。,選択肢3（誤り）　誘導灯は避難誘導に関係する設備である。,1:（1）の内容は、正答（3）「誘導灯は、避難方向を示す設備ではなく、給水ポンプの作動状況だけを表示する設備である。」が示す論点とずれています。;2:（2）の内容は、正答（3）「誘導灯は、避難方向を示す設備ではなく、給水ポンプの作動状況だけを表示する設備である。」が示す論点とずれています。;4:（4）の内容は、正答（3）「誘導灯は、避難方向を示す設備ではなく、給水ポンプの作動状況だけを表示する設備である。」が示す論点とずれています。,設備・維持保全は数値基準・点検周期・責任の所在がセットで出題されます。表や比較で整理し、他選択肢がどの要件（数値・主体・手続）とずれているかを確認してください。
330,single,建物・設備,誤り選択;建物・設備;長期修繕計画,外壁又は防水に関する次の記述のうち、内容が正確でないものはどれか。,,,,,,タイルの浮きやひび割れは、落下事故や雨水浸入の原因となることがある。,屋上防水層の劣化は、漏水の原因となることがある。,シーリング材は、外壁目地やサッシ周りなどの防水性に関係する。,外壁タイルは施工後一切劣化せず、打診調査の対象となることはない。,4,正解は4。選択肢1（正しい）　外壁劣化は落下や漏水につながる。本肢の記述は正当である。選択肢2（正しい）　屋上防水劣化は漏水原因となる。本肢の記述は正当である。選択肢3（正しい）　シーリングは防水性に関係する。本肢の記述は正当である。選択肢4（誤り）　外壁タイルも浮きや剥落が生じる。本肢の記述は誤りである。,選択肢4（誤り）　外壁タイルも浮きや剥落が生じる。,選択肢4（誤り）　外壁タイルも浮きや剥落が生じる。,1:（1）の内容は、正答（4）「外壁タイルは施工後一切劣化せず、打診調査の対象となることはない。」が示す論点とずれています。;2:（2）の内容は、正答（4）「外壁タイルは施工後一切劣化せず、打診調査の対象となることはない。」が示す論点とずれています。;3:（3）の内容は、正答（4）「外壁タイルは施工後一切劣化せず、打診調査の対象となることはない。」が示す論点とずれています。,設備・維持保全は数値基準・点検周期・責任の所在がセットで出題されます。表や比較で整理し、他選択肢がどの要件（数値・主体・手続）とずれているかを確認してください。
331,single,長期修繕計画,正解選択;長期修繕計画,長期修繕計画に関する次の記述のうち、内容が正確なものはどれか。,,,,,,長期修繕計画は、翌月1か月分の清掃予定表を作成すれば足りる。,長期修繕計画は、修繕積立金の水準検討に活用される。,長期修繕計画は、修繕積立金の額の検討とは一切関係しない。,長期修繕計画は、新築時に一度作成すれば、以後永久に見直してはならない。,2,正解は2。選択肢1（誤り）　長期修繕計画は長期の修繕工事を見込むものである。本肢の記述は誤りである。選択肢2（正しい）　修繕積立金の検討資料となる。本肢の記述は正当である。選択肢3（誤り）　修繕積立金の検討と密接に関係する。本肢の記述は誤りである。選択肢4（誤り）　長期修繕計画は定期的に見直すことが重要である。本肢の記述は誤りである。,選択肢2（正しい）　修繕積立金の検討資料となる。,選択肢2（正しい）　修繕積立金の検討資料となる。,1:（1）の内容は、正答（2）「長期修繕計画は、修繕積立金の水準検討に活用される。」が示す論点とずれています。;3:正答の解説と、主体・手続・効果のいずれかが一致していません。 選択肢（3）「長期修繕計画は、修繕積立金の額の検討とは一切関係しない。」は本問の正答（2）とは異なるため不適です。;4:正答の解説と、主体・手続・効果のいずれかが一致していません。 選択肢（4）「長期修繕計画は、新築時に一度作成すれば、以後永久に見直してはならない。」は本問の正答（2）とは異なるため不適です。,
332,single,管理組合実務,誤り選択;管理組合実務;防災,管理組合の実務又は防災対応に関する次の記述のうち、内容が正確でないものはどれか。,,,,,,役員のなり手不足、総会未開催、修繕積立金不足は、管理不全につながる要因となることがある。,管理不全は、管理組合が存在する限り絶対に発生しない。,災害時に備えて、連絡体制、避難経路、防災備蓄、設備停止時の対応などを事前に検討しておくことが重要である。,居住者名簿、緊急連絡先、防犯カメラ映像等は、利用目的や閲覧権限を明確にして適切に管理することが重要である。,2,正解は2。選択肢1（正しい）　管理不全の要因となり得る。本肢の記述は正当である。選択肢2（誤り）　管理組合があっても管理不全は起こり得る。本肢の記述は誤りである。選択肢3（正しい）　防災対応では事前準備が重要である。本肢の記述は正当である。選択肢4（正しい）　個人情報の適切な管理が重要である。本肢の記述は正当である。,選択肢2（誤り）　管理組合があっても管理不全は起こり得る。,選択肢2（誤り）　管理組合があっても管理不全は起こり得る。,1:（1）の内容は、正答（2）「管理不全は、管理組合が存在する限り絶対に発生しない。」が示す論点とずれています。;3:（3）の内容は、正答（2）「管理不全は、管理組合が存在する限り絶対に発生しない。」が示す論点とずれています。;4:（4）の内容は、正答（2）「管理不全は、管理組合が存在する限り絶対に発生しない。」が示す論点とずれています。,
333,single,区分所有法,正解選択;区分所有法,区分所有者の団体に関する次の記述のうち、区分所有法の定めによれば、内容が正確なものはどれか。,,,,,,区分所有者の団体は、管理組合法人として登記しなければ一切成立しない。,区分所有者の団体は、規約を設定した日から初めて成立する。,区分所有者の団体は、管理者を選任しなければ法律上存在しない。,区分所有者は、全員で、建物並びにその敷地及び附属施設の管理を行うための団体を構成する。,4,正解は4。選択肢1（誤り）　法人化は団体成立の要件ではない。本肢の記述は誤りである。選択肢2（誤り）　規約設定前でも区分所有者の団体は構成される。本肢の記述は誤りである。選択肢3（誤り）　管理者選任は団体成立の要件ではない。本肢の記述は誤りである。選択肢4（正しい）　区分所有者は法律上当然に管理のための団体を構成する。本肢の記述は正当である。,選択肢4（正しい）　区分所有者は法律上当然に管理のための団体を構成する。,選択肢4（正しい）　区分所有者は法律上当然に管理のための団体を構成する。,1:根拠の記述が異なります。解説では「区分所有者は法」が根拠ですが、（1）は「管理組合法」を根拠とする内容です。 正答の解説と、主体・手続・効果のいずれかが一致していません。;2:（2）の内容は、正答（4）「区分所有者は、全員で、建物並びにその敷地及び附属施設の管理を行うための団体を構成する。」が示す論点とずれています。;3:根拠の記述が異なります。解説では「区分所有者は法」が根拠ですが、（3）は「管理者を選任しなければ法」を根拠とする内容です。 正答の解説と、主体・手続・効果のいずれかが一致していません。,
334,single,区分所有法,誤り選択;区分所有法,共用部分に関する次の記述のうち、区分所有法の定めによれば、内容が正確でないものはどれか。,,,,,,共用部分の持分割合は、原則として各共有者の有する専有部分の床面積の割合による。,各共有者は、共用部分の全部について、その用方に従って使用することができる。,数個の専有部分に通ずる廊下や階段室など、構造上共用に供されるべき部分は共用部分である。,各共有者は、共用部分を自己の持分割合に応じた面積だけしか使用できない。,4,正解は4。選択肢1（正しい）　共用部分の持分割合は専有部分の床面積割合を原則とする。本肢の記述は正当である。選択肢2（正しい）　共用部分は持分に応じた物理的区画だけを使うものではない。本肢の記述は正当である。選択肢3（正しい）　廊下や階段室などは法定共用部分となる。本肢の記述は正当である。選択肢4（誤り）　各共有者は共用部分全体を用方に従って使用できる。本肢の記述は誤りである。,選択肢4（誤り）　各共有者は共用部分全体を用方に従って使用できる。,選択肢4（誤り）　各共有者は共用部分全体を用方に従って使用できる。,1:（1）の内容は、正答（4）「各共有者は、共用部分を自己の持分割合に応じた面積だけしか使用できない。」が示す論点とずれています。;2:（2）の内容は、正答（4）「各共有者は、共用部分を自己の持分割合に応じた面積だけしか使用できない。」が示す論点とずれています。;3:（3）の内容は、正答（4）「各共有者は、共用部分を自己の持分割合に応じた面積だけしか使用できない。」が示す論点とずれています。,
335,single,区分所有法,正解選択;区分所有法,規約に関する次の記述のうち、区分所有法の定めによれば、内容が正確なものはどれか。,,,,,,規約には、強行法規や公序良俗に反する内容であっても常に有効に定めることができる。,建物又は敷地等の管理又は使用に関する区分所有者相互間の事項は、規約で定めることができる。,規約は、理事長が口頭で宣言すれば、総会決議なしに自由に変更できる。,規約は、区分所有者には効力を及ぼすが、特定承継人には一切効力を及ぼさない。,2,正解は2。選択肢1（誤り）　規約も強行法規等に反する内容まで有効となるわけではない。本肢の記述は誤りである。選択肢2（正しい）　管理又は使用に関する相互間事項は規約事項となる。本肢の記述は正当である。選択肢3（誤り）　規約変更には集会の特別多数決議が必要である。本肢の記述は誤りである。選択肢4（誤り）　規約は特定承継人にも効力を及ぼす。本肢の記述は誤りである。,選択肢2（正しい）　管理又は使用に関する相互間事項は規約事項となる。,選択肢2（正しい）　管理又は使用に関する相互間事項は規約事項となる。,1:（1）の内容は、正答（2）「建物又は敷地等の管理又は使用に関する区分所有者相互間の事項は、規約で定めることができる。」が示す論点とずれています。;3:（3）の内容は、正答（2）「建物又は敷地等の管理又は使用に関する区分所有者相互間の事項は、規約で定めることができる。」が示す論点とずれています。;4:正答の解説と、主体・手続・効果のいずれかが一致していません。 選択肢（4）「規約は、区分所有者には効力を及ぼすが、特定承継人には一切効力を及ぼさない。」は本問の正答（2）とは異なるため不適です。,
336,single,区分所有法,誤り選択;区分所有法,集会に関する次の記述のうち、区分所有法の定めによれば、内容が正確でないものはどれか。,,,,,,管理者は、少なくとも毎年1回集会を招集しなければならない。,集会では、あらかじめ通知した事項以外についても常に自由に決議できる。,集会の招集通知には、会議の目的たる事項を示さなければならない。,区分所有者は、規約に別段の定めがない限り、書面又は代理人によって議決権を行使することができる。,2,正解は2。選択肢1（正しい）　管理者には年1回以上の集会招集義務がある。本肢の記述は正当である。選択肢2（誤り）　集会は原則として通知事項について決議する。本肢の記述は誤りである。選択肢3（正しい）　招集通知では会議目的を示す必要がある。本肢の記述は正当である。選択肢4（正しい）　書面又は代理人による議決権行使が認められる。本肢の記述は正当である。,選択肢2（誤り）　集会は原則として通知事項について決議する。,選択肢2（誤り）　集会は原則として通知事項について決議する。,1:正答の解説と、主体・手続・効果のいずれかが一致していません。 選択肢（1）「管理者は、少なくとも毎年1回集会を招集しなければならない。」は本問の正答（2）とは異なるため不適です。;3:正答の解説と、主体・手続・効果のいずれかが一致していません。 選択肢（3）「集会の招集通知には、会議の目的たる事項を示さなければならない。」は本問の正答（2）とは異なるため不適です。;4:正答の解説と、主体・手続・効果のいずれかが一致していません。 選択肢（4）「区分所有者は、規約に別段の定めがない限り、書面又は代理人によって議決権を行使することができる。」は本問の正答（2）とは異なるため不適です。,
337,single,区分所有法,正解選択;区分所有法,管理者に関する次の記述のうち、区分所有法の定めによれば、内容が正確なものはどれか。,,,,,,管理者は、区分所有者の専有部分を自己の判断だけで自由に売却できる。,管理者に不正行為があっても、各区分所有者は裁判所に解任を請求できない。,管理者は、必ず区分所有者本人でなければならず、外部の者を選任することはできない。,管理者は、その職務に関し、区分所有者を代理する。,4,正解は4。選択肢1（誤り）　管理者に専有部分の自由処分権はない。本肢の記述は誤りである。選択肢2（誤り）　不正行為等がある場合、各区分所有者は解任請求できる。本肢の記述は誤りである。選択肢3（誤り）　管理者は区分所有者に限られない。本肢の記述は誤りである。選択肢4（正しい）　管理者には職務に関する代理権がある。本肢の記述は正当である。,選択肢4（正しい）　管理者には職務に関する代理権がある。,選択肢4（正しい）　管理者には職務に関する代理権がある。,1:（1）の内容は、正答（4）「管理者は、その職務に関し、区分所有者を代理する。」が示す論点とずれています。;2:正答の解説と、主体・手続・効果のいずれかが一致していません。 選択肢（2）「管理者に不正行為があっても、各区分所有者は裁判所に解任を請求できない。」は本問の正答（4）とは異なるため不適です。;3:正答の解説と、主体・手続・効果のいずれかが一致していません。 選択肢（3）「管理者は、必ず区分所有者本人でなければならず、外部の者を選任することはできない。」は本問の正答（4）とは異なるため不適です。,
338,single,区分所有法,誤り選択;区分所有法,共同の利益に反する行為をする者に対する措置に関する次の記述のうち、区分所有法の定めによれば、内容が正確でないものはどれか。,,,,,,競売請求は、共同生活上の障害が著しく、他の方法では障害を除去することが困難な場合に認められる厳しい措置である。,共同の利益に反する行為をする区分所有者に対しては、その行為の停止等を請求できる場合がある。,専有部分の使用禁止請求をするには、集会の決議を経て訴えを提起する必要がある。,使用禁止請求は、管理者が個人的に嫌いな区分所有者に対して常に自由に行える。,4,正解は4。選択肢1（正しい）　競売請求には厳格な要件がある。本肢の記述は正当である。選択肢2（正しい）　行為停止等請求の制度がある。本肢の記述は正当である。選択肢3（正しい）　使用禁止請求には集会決議と訴えが必要である。本肢の記述は正当である。選択肢4（誤り）　使用禁止請求には法定要件と集会決議が必要である。本肢の記述は誤りである。,選択肢4（誤り）　使用禁止請求には法定要件と集会決議が必要である。,選択肢4（誤り）　使用禁止請求には法定要件と集会決議が必要である。,1:根拠の記述が異なります。解説では「使用禁止請求には法」が根拠ですが、（1）は「他の方法」を根拠とする内容です。;2:（2）の内容は、正答（4）「使用禁止請求は、管理者が個人的に嫌いな区分所有者に対して常に自由に行える。」が示す論点とずれています。;3:（3）の内容は、正答（4）「使用禁止請求は、管理者が個人的に嫌いな区分所有者に対して常に自由に行える。」が示す論点とずれています。,
339,single,区分所有法,組合せ;区分所有法,復旧又は建替えに関する次の記述のうち、区分所有法の定めによれば、正しいものの組合せはどれか。ア 建替え決議は、区分所有者及び議決権の各5分の4以上の多数により行う。イ 建替え決議は、区分所有者1人の単独判断で成立する。ウ 大規模滅失の場合、復旧決議について特別の決議要件が問題となる。エ 建替え決議に反対した区分所有者は、常に無償で権利を失う。,,,,,,アとイ,アとウ,イとエ,ウとエ,2,正解は2（アとウ）。ア（正しい）　建替え決議には各5分の4以上の多数が必要である。イ（誤り）　建替え決議には特別多数が必要である。ウ（正しい）　建物価格の2分の1を超える滅失では復旧決議の制度がある。エ（誤り）　反対者が無償で権利を失うわけではない。したがって、正しいものの組合せはアとウである。,正解は2（アとウ）。ア（正しい）　建替え決議には各5分の4以上の多数が必要である。イ（誤り）　建替え決議には特別多数が必要である。ウ（正しい）　建物価格の2分の1を超える滅失では復旧決議の制度がある。エ（誤り）　反対者が無償で権利を失うわけではない。したがって、正しいものの組合せはアとウである。,正解は2（アとウ）。ア（正しい）　建替え決議には各5分の4以上の多数が必要である。イ（誤り）　建替え決議には特別多数が必要である。ウ（正しい）　建物価格の2分の1を超える滅失では復旧決議の制度がある。エ（誤り）　反対者が無償で権利を失うわけではない。したがって、正しいものの組合せはアとウである。,1:（1）「アとイ」は正答（2）「アとウ」と異なる組合せです。 ア：正しい　建替え決議には各5分の4以上の多数が必要である。 イ：誤り　建替え決議には特別多数が必要である。;3:（3）「イとエ」は正答（2）「アとウ」と異なる組合せです。 イ：誤り　建替え決議には特別多数が必要である。 エ：誤り　反対者が無償で権利を失うわけではない。;4:（4）「ウとエ」は正答（2）「アとウ」と異なる組合せです。 ウ：正しい　建物価格の2分の1を超える滅失では復旧決議の制度がある。 エ：誤り　反対者が無償で権利を失うわけではない。,
340,single,区分所有法,誤り選択;区分所有法,団地に関する次の記述のうち、区分所有法の定めによれば、内容が正確でないものはどれか。,,,,,,団地では、団地全体の管理事項と各棟固有の管理事項を区別する必要がある。,団地内の一括建替えは、理事長の単独判断だけで常に実施できる。,団地管理規約により、一定の建物の管理を団地管理組合の対象にできる場合がある。,一団地内の土地又は附属施設が数棟の建物の所有者の共有に属する場合、団地建物所有者は全員で団地管理組合を構成する。,2,正解は2。選択肢1（正しい）　団地全体と各棟の管理を区別することが重要である。本肢の記述は正当である。選択肢2（誤り）　一括建替えには法定の決議・手続が必要である。本肢の記述は誤りである。選択肢3（正しい）　団地規約により建物管理を対象にできる場合がある。本肢の記述は正当である。選択肢4（正しい）　団地管理組合は団地建物所有者全員で構成される。本肢の記述は正当である。,選択肢2（誤り）　一括建替えには法定の決議・手続が必要である。,選択肢2（誤り）　一括建替えには法定の決議・手続が必要である。,1:（1）の内容は、正答（2）「団地内の一括建替えは、理事長の単独判断だけで常に実施できる。」が示す論点とずれています。;3:（3）の内容は、正答（2）「団地内の一括建替えは、理事長の単独判断だけで常に実施できる。」が示す論点とずれています。;4:（4）の内容は、正答（2）「団地内の一括建替えは、理事長の単独判断だけで常に実施できる。」が示す論点とずれています。,
341,single,標準管理規約（単棟型）,正解選択;標準管理規約（単棟型）,標準管理規約（単棟型）における総会に関する次の記述のうち、内容が正確なものはどれか。,,,,,,総会議事録は、作成しても直ちに破棄し、組合員に一切見せてはならない。,総会は、管理会社の担当者だけが出席すれば、組合員が一人も関与しなくても自由に決議できる。,通常総会では、決算や事業報告を一切扱ってはならない。,議事録は、総会の議事の経過の要領及びその結果を記録する重要な資料である。,4,正解は4。選択肢1（誤り）　議事録は保管・閲覧の対象となる重要書類である。本肢の記述は誤りである。選択肢2（誤り）　総会は組合員の意思決定機関である。本肢の記述は誤りである。選択肢3（誤り）　決算や事業報告は通常総会の重要事項である。本肢の記述は誤りである。選択肢4（正しい）　総会議事録は意思決定を示す重要資料である。本肢の記述は正当である。,選択肢4（正しい）　総会議事録は意思決定を示す重要資料である。,選択肢4（正しい）　総会議事録は意思決定を示す重要資料である。,1:正答の解説と、主体・手続・効果のいずれかが一致していません。 選択肢（1）「総会議事録は、作成しても直ちに破棄し、組合員に一切見せてはならない。」は本問の正答（4）とは異なるため不適です。;2:（2）の内容は、正答（4）「議事録は、総会の議事の経過の要領及びその結果を記録する重要な資料である。」が示す論点とずれています。;3:正答の解説と、主体・手続・効果のいずれかが一致していません。 選択肢（3）「通常総会では、決算や事業報告を一切扱ってはならない。」は本問の正答（4）とは異なるため不適です。,
342,single,標準管理規約（単棟型）,誤り選択;標準管理規約（単棟型）,標準管理規約（単棟型）における理事会又は役員に関する次の記述のうち、内容が正確でないものはどれか。,,,,,,理事長は、管理組合を代表し、その業務を統括する。,監事は、管理組合の業務の執行及び財産の状況を監査する。,理事会は、総会に提出する議案を審議することがある。,監事は、理事会の議決権を当然に有し、理事と同じ立場で決議に参加する。,4,正解は4。選択肢1（正しい）　理事長は管理組合の代表者である。本肢の記述は正当である。選択肢2（正しい）　監事は業務執行と財産状況を監査する。本肢の記述は正当である。選択肢3（正しい）　理事会は総会提出議案を検討する。本肢の記述は正当である。選択肢4（誤り）　監事は理事ではなく、当然に議決権を有するわけではない。本肢の記述は誤りである。,選択肢4（誤り）　監事は理事ではなく、当然に議決権を有するわけではない。,選択肢4（誤り）　監事は理事ではなく、当然に議決権を有するわけではない。,1:（1）の内容は、正答（4）「監事は、理事会の議決権を当然に有し、理事と同じ立場で決議に参加する。」が示す論点とずれています。;2:（2）の内容は、正答（4）「監事は、理事会の議決権を当然に有し、理事と同じ立場で決議に参加する。」が示す論点とずれています。;3:（3）の内容は、正答（4）「監事は、理事会の議決権を当然に有し、理事と同じ立場で決議に参加する。」が示す論点とずれています。,
343,single,標準管理規約（単棟型）,正解選択;標準管理規約（単棟型）,標準管理規約（単棟型）における管理費等に関する次の記述のうち、内容が正確なものはどれか。,,,,,,修繕積立金は、日常清掃費だけに使うための会計である。,管理費会計と修繕積立金会計は、目的に応じて区分して経理することが重要である。,管理費等は一度定めたら、どれほど不足しても永久に変更できない。,管理費等は、共用部分の管理と無関係であるため、組合員に負担させることはできない。,2,正解は2。選択肢1（誤り）　修繕積立金は計画修繕等に備える資金である。本肢の記述は誤りである。選択肢2（正しい）　管理費と修繕積立金は区分経理が重要である。本肢の記述は正当である。選択肢3（誤り）　必要に応じて改定を検討できる。本肢の記述は誤りである。選択肢4（誤り）　管理費等は共用部分等の管理費用として徴収される。本肢の記述は誤りである。,選択肢2（正しい）　管理費と修繕積立金は区分経理が重要である。,選択肢2（正しい）　管理費と修繕積立金は区分経理が重要である。,1:（1）の内容は、正答（2）「管理費会計と修繕積立金会計は、目的に応じて区分して経理することが重要である。」が示す論点とずれています。;3:正答の解説と、主体・手続・効果のいずれかが一致していません。 選択肢（3）「管理費等は一度定めたら、どれほど不足しても永久に変更できない。」は本問の正答（2）とは異なるため不適です。;4:正答の解説と、主体・手続・効果のいずれかが一致していません。 選択肢（4）「管理費等は、共用部分の管理と無関係であるため、組合員に負担させることはできない。」は本問の正答（2）とは異なるため不適です。,
344,single,標準管理規約（単棟型）,誤り選択;標準管理規約（単棟型）,標準管理規約（単棟型）における専用使用又は専有部分の使用に関する次の記述のうち、内容が正確でないものはどれか。,,,,,,専有部分を貸与する場合、賃借人等に規約及び使用細則を遵守させることが重要である。,専有部分を賃貸すると、区分所有者は管理費等の支払義務を当然に免れる。,バルコニーや専用庭などについて、特定の区分所有者に専用使用権が認められることがある。,専有部分の修繕等が共用部分や他の住戸に影響するおそれがある場合、理事長への申請や承認が求められることがある。,2,正解は2。選択肢1（正しい）　占有者にも規約・細則の遵守が問題となる。本肢の記述は正当である。選択肢2（誤り）　賃貸しても区分所有者の管理費等負担は当然には消えない。本肢の記述は誤りである。選択肢3（正しい）　バルコニー等には専用使用権が認められることがある。本肢の記述は正当である。選択肢4（正しい）　専有部分工事でも管理組合の手続が必要となる場合がある。本肢の記述は正当である。,選択肢2（誤り）　賃貸しても区分所有者の管理費等負担は当然には消えない。,選択肢2（誤り）　賃貸しても区分所有者の管理費等負担は当然には消えない。,1:（1）の内容は、正答（2）「専有部分を賃貸すると、区分所有者は管理費等の支払義務を当然に免れる。」が示す論点とずれています。;3:（3）の内容は、正答（2）「専有部分を賃貸すると、区分所有者は管理費等の支払義務を当然に免れる。」が示す論点とずれています。;4:（4）の内容は、正答（2）「専有部分を賃貸すると、区分所有者は管理費等の支払義務を当然に免れる。」が示す論点とずれています。,
345,single,標準管理規約（団地型）,正解選択;標準管理規約（団地型）,標準管理規約（団地型）に関する次の記述のうち、内容が正確なものはどれか。,,,,,,団地型規約は単棟型規約と完全に同一であり、団地特有の規定は存在しない。,団地型規約では、団地全体の土地や附属施設の管理を考慮する必要がない。,団地内に複数棟があっても、棟別の事情を考慮することは一切できない。,団地型規約では、団地全体の管理と棟別の管理との関係を整理することが重要である。,4,正解は4。選択肢1（誤り）　団地型には団地特有の規定がある。本肢の記述は誤りである。選択肢2（誤り）　団地の土地や附属施設管理が重要である。本肢の記述は誤りである。選択肢3（誤り）　棟別の事情を考慮する場面がある。本肢の記述は誤りである。選択肢4（正しい）　団地全体と棟別管理の整理が重要である。本肢の記述は正当である。,選択肢4（正しい）　団地全体と棟別管理の整理が重要である。,選択肢4（正しい）　団地全体と棟別管理の整理が重要である。,1:正答の解説と、主体・手続・効果のいずれかが一致していません。 選択肢（1）「団地型規約は単棟型規約と完全に同一であり、団地特有の規定は存在しない。」は本問の正答（4）とは異なるため不適です。;2:正答の解説と、主体・手続・効果のいずれかが一致していません。 選択肢（2）「団地型規約では、団地全体の土地や附属施設の管理を考慮する必要がない。」は本問の正答（4）とは異なるため不適です。;3:正答の解説と、主体・手続・効果のいずれかが一致していません。 選択肢（3）「団地内に複数棟があっても、棟別の事情を考慮することは一切できない。」は本問の正答（4）とは異なるため不適です。,
346,single,標準管理規約（複合用途型）,誤り選択;標準管理規約（複合用途型）,標準管理規約（複合用途型）に関する次の記述のうち、内容が正確でないものはどれか。,,,,,,複合用途型では、用途に応じて管理費負担や使用ルールを整理することがある。,複合用途型規約では、住宅部分と店舗部分の区分経理や部会が問題となることがある。,住宅と店舗等が併存するマンションでは、用途ごとの利害調整が問題となることがある。,複合用途型規約は、店舗の営業音や営業時間などとは一切関係しない。,4,正解は4。選択肢1（正しい）　用途に応じた負担やルール整理が必要となる。本肢の記述は正当である。選択肢2（正しい）　用途別の区分経理や部会が検討される。本肢の記述は正当である。選択肢3（正しい）　複合用途型では用途ごとの利害調整が重要である。本肢の記述は正当である。選択肢4（誤り）　店舗の使用態様は共同生活に影響する場合がある。本肢の記述は誤りである。,選択肢4（誤り）　店舗の使用態様は共同生活に影響する場合がある。,選択肢4（誤り）　店舗の使用態様は共同生活に影響する場合がある。,1:（1）の内容は、正答（4）「複合用途型規約は、店舗の営業音や営業時間などとは一切関係しない。」が示す論点とずれています。;2:（2）の内容は、正答（4）「複合用途型規約は、店舗の営業音や営業時間などとは一切関係しない。」が示す論点とずれています。;3:（3）の内容は、正答（4）「複合用途型規約は、店舗の営業音や営業時間などとは一切関係しない。」が示す論点とずれています。,
347,single,民法,正解選択;民法,共有に関する次の記述のうち、民法の定めによれば、内容が正確なものはどれか。,,,,,,共有物の管理事項は、常に全員一致でなければ決められず、持分価格の過半数で決することはない。,共有物の変更には、原則として他の共有者全員の同意が必要である。,共有物の保存行為は、常に共有者全員の同意がなければできない。,共有者は、自分の持分割合に相当する面積以外を一切使用できない。,2,正解は2。選択肢1（誤り）　管理事項は持分価格の過半数で決するのが原則である。本肢の記述は誤りである。選択肢2（正しい）　変更には原則として全員同意が必要である。本肢の記述は正当である。選択肢3（誤り）　保存行為は各共有者が行える。本肢の記述は誤りである。選択肢4（誤り）　共有物全部について持分に応じた使用ができる。本肢の記述は誤りである。,選択肢2（正しい）　変更には原則として全員同意が必要である。,選択肢2（正しい）　変更には原則として全員同意が必要である。,1:正答の解説と、主体・手続・効果のいずれかが一致していません。 選択肢（1）「共有物の管理事項は、常に全員一致でなければ決められず、持分価格の過半数で決することはない。」は本問の正答（2）とは異なるため不適です。;3:正答の解説と、主体・手続・効果のいずれかが一致していません。 選択肢（3）「共有物の保存行為は、常に共有者全員の同意がなければできない。」は本問の正答（2）とは異なるため不適です。;4:正答の解説と、主体・手続・効果のいずれかが一致していません。 選択肢（4）「共有者は、自分の持分割合に相当する面積以外を一切使用できない。」は本問の正答（2）とは異なるため不適です。,
348,single,民法,いくつあるか;民法,契約不適合責任に関する次の記述のうち、民法の定めによれば、正しいものはいくつあるか。ア 目的物が契約の内容に適合しない場合、買主は履行の追完を請求できる場合がある。イ 契約不適合がある場合、代金減額請求、損害賠償請求、解除が問題となることがある。ウ 契約不適合があっても、買主は追完請求も代金減額請求も一切できない。エ 請負の仕事の目的物が契約内容に適合しない場合にも、契約不適合責任が問題となることがある。,,,,,,一つ,二つ,三つ,四つ,3,正解は3（三つ）。ア（正しい）　契約不適合では追完請求が認められる場合がある。イ（正しい）　契約不適合では複数の救済手段がある。ウ（誤り）　契約不適合では追完請求等が認められる場合がある。エ（正しい）　工事請負でも契約不適合が問題となる。したがって、正しいものは三つである。,正解は3（三つ）。ア（正しい）　契約不適合では追完請求が認められる場合がある。イ（正しい）　契約不適合では複数の救済手段がある。ウ（誤り）　契約不適合では追完請求等が認められる場合がある。エ（正しい）　工事請負でも契約不適合が問題となる。したがって、正しいものは三つである。,正解は3（三つ）。ア（正しい）　契約不適合では追完請求が認められる場合がある。イ（正しい）　契約不適合では複数の救済手段がある。ウ（誤り）　契約不適合では追完請求等が認められる場合がある。エ（正しい）　工事請負でも契約不適合が問題となる。したがって、正しいものは三つである。,1:（1）「一つ」は、単独の記述としては法令上妥当な場合がありますが、本問で選ぶべき正答は（3）「三つ」です。問題文の条件（契約不適合責任に関する次の記述のうち、民法の定めによれば、正しいものはいくつあるか。ア 目的物が…）と照らし、設問が問う論点に合う肢を選び直してください。;2:（2）「二つ」は、単独の記述としては法令上妥当な場合がありますが、本問で選ぶべき正答は（3）「三つ」です。問題文の条件（契約不適合責任に関する次の記述のうち、民法の定めによれば、正しいものはいくつあるか。ア 目的物が…）と照らし、設問が問う論点に合う肢を選び直してください。;4:（4）「四つ」は、単独の記述としては法令上妥当な場合がありますが、本問で選ぶべき正答は（3）「三つ」です。問題文の条件（契約不適合責任に関する次の記述のうち、民法の定めによれば、正しいものはいくつあるか。ア 目的物が…）と照らし、設問が問う論点に合う肢を選び直してください。,
349,single,民法,誤り選択;民法,賃貸借に関する次の記述のうち、民法又は借地借家法の定めによれば、内容が正確でないものはどれか。,,,,,,賃借人は、賃貸人の承諾を得なければ、賃借権を譲渡し、又は賃借物を転貸することができない。,建物の賃借権は、建物の引渡しを受けていれば、その後建物について物権を取得した者に対抗できる場合がある。,賃貸人は、賃借人に目的物を使用収益させる義務を一切負わない。,賃貸人は、賃借人に目的物を使用及び収益させる義務を負う。,3,正解は3。選択肢1（正しい）　無断譲渡・転貸は原則として認められない。本肢の記述は正当である。選択肢2（正しい）　建物賃借権の対抗力が問題となる。本肢の記述は正当である。選択肢3（誤り）　賃貸人は使用収益させる義務を負う。本肢の記述は誤りである。選択肢4（正しい）　賃貸借では使用収益させる義務がある。本肢の記述は正当である。,選択肢3（誤り）　賃貸人は使用収益させる義務を負う。,選択肢3（誤り）　賃貸人は使用収益させる義務を負う。,1:正答の解説と、主体・手続・効果のいずれかが一致していません。 選択肢（1）「賃借人は、賃貸人の承諾を得なければ、賃借権を譲渡し、又は賃借物を転貸することができない。」は本問の正答（3）とは異なるため不適です。;2:（2）の内容は、正答（3）「賃貸人は、賃借人に目的物を使用収益させる義務を一切負わない。」が示す論点とずれています。;4:（4）の内容は、正答（3）「賃貸人は、賃借人に目的物を使用収益させる義務を一切負わない。」が示す論点とずれています。,
350,single,民法,誤り選択;民法,不法行為又は工作物責任に関する次の記述のうち、民法の定めによれば、内容が正確でないものはどれか。,,,,,,外壁タイルの剥落事故では、工作物責任が問題となることがある。,故意又は過失によって他人の権利又は法律上保護される利益を侵害した者は、損害賠償責任を負う。,土地の工作物の設置又は保存に瑕疵がある場合、占有者又は所有者の責任が問題となる。,共用部分の管理不備による事故は、損害賠償責任と常に無関係である。,4,正解は4。選択肢1（正しい）　建物外壁の事故では工作物責任が問題となり得る。本肢の記述は正当である。選択肢2（正しい）　不法行為責任の基本である。本肢の記述は正当である。選択肢3（正しい）　土地工作物責任が問題となる。本肢の記述は正当である。選択肢4（誤り）　共用部分の管理不備は責任問題につながる。本肢の記述は誤りである。,選択肢4（誤り）　共用部分の管理不備は責任問題につながる。,選択肢4（誤り）　共用部分の管理不備は責任問題につながる。,1:（1）の内容は、正答（4）「共用部分の管理不備による事故は、損害賠償責任と常に無関係である。」が示す論点とずれています。;2:（2）の内容は、正答（4）「共用部分の管理不備による事故は、損害賠償責任と常に無関係である。」が示す論点とずれています。;3:（3）の内容は、正答（4）「共用部分の管理不備による事故は、損害賠償責任と常に無関係である。」が示す論点とずれています。,
351,single,民法,正解選択;民法;不動産登記法,不動産登記に関する次の記述のうち、民法及び不動産登記法の考え方によれば、内容が正確なものはどれか。,,,,,,不動産を取得した者は、登記がなくても常にすべての第三者に対抗できる。,不動産に関する物権の得喪及び変更は、原則として登記をしなければ第三者に対抗することができない。,区分建物については、専有部分ごとの登記記録を作成することは一切できない。,敷地権の登記がされた場合でも、専有部分と敷地権は常に別々に自由処分できる。,2,正解は2。選択肢1（誤り）　登記がなければ対抗できない第三者がいる。本肢の記述は誤りである。選択肢2（正しい）　不動産物権変動は登記が対抗要件となる。本肢の記述は正当である。選択肢3（誤り）　区分建物では専有部分ごとの登記がある。本肢の記述は誤りである。選択肢4（誤り）　敷地権登記がある場合、分離処分が制限される。本肢の記述は誤りである。,選択肢2（正しい）　不動産物権変動は登記が対抗要件となる。,選択肢2（正しい）　不動産物権変動は登記が対抗要件となる。,1:（1）の内容は、正答（2）「不動産に関する物権の得喪及び変更は、原則として登記をしなければ第三者に対抗することができない。」が示す論点とずれています。;3:正答の解説と、主体・手続・効果のいずれかが一致していません。 選択肢（3）「区分建物については、専有部分ごとの登記記録を作成することは一切できない。」は本問の正答（2）とは異なるため不適です。;4:（4）の内容は、正答（2）「不動産に関する物権の得喪及び変更は、原則として登記をしなければ第三者に対抗することができない。」が示す論点とずれています。,
352,single,マンション管理適正化法,誤り選択;マンション管理適正化法;5問免除,マンション管理士に関する次の記述のうち、マンション管理適正化法の定めによれば、内容が正確でないものはどれか。,,,,,,マンション管理士には、信用失墜行為の禁止が課されている。,マンション管理士は、管理組合の財産を当然に自己名義で自由に処分できる。,マンション管理士には、業務上知り得た秘密を正当な理由なく漏らしてはならない義務がある。,マンション管理士は、専門的知識をもって管理組合等の相談に応じ、助言、指導その他の援助を行う。,2,正解は2。選択肢1（正しい）　マンション管理士には信用保持義務がある。本肢の記述は正当である。選択肢2（誤り）　マンション管理士は助言等を行う資格者であり、財産処分権限を当然には有しない。本肢の記述は誤りである。選択肢3（正しい）　マンション管理士には秘密保持義務がある。本肢の記述は正当である。選択肢4（正しい）　マンション管理士の業務内容である。本肢の記述は正当である。,選択肢2（誤り）　マンション管理士は助言等を行う資格者であり、財産処分権限を当然には有しない。,選択肢2（誤り）　マンション管理士は助言等を行う資格者であり、財産処分権限を当然には有しない。,1:（1）の内容は、正答（2）「マンション管理士は、管理組合の財産を当然に自己名義で自由に処分できる。」が示す論点とずれています。;3:選択肢（3）「マンション管理士には、業務上知り得た秘密を正当な理由なく漏らしてはならない義務がある。;4:（4）の内容は、正答（2）「マンション管理士は、管理組合の財産を当然に自己名義で自由に処分できる。」が示す論点とずれています。,
353,single,マンション管理適正化法,正解選択;マンション管理適正化法;5問免除,マンション管理業者に関する次の記述のうち、マンション管理適正化法の定めによれば、内容が正確なものはどれか。,,,,,,重要事項説明書は、白紙で交付すれば常に足りる。,マンション管理業者は、登録を受けなくても常に自由に管理業を営むことができる。,マンション管理業者は、管理組合の資金を自己の運転資金として自由に流用できる。,マンション管理業者には、管理組合の財産を適切に分別管理するための規制が設けられている。,4,正解は4。選択肢1（誤り）　法定事項を記載して説明する必要がある。本肢の記述は誤りである。選択肢2（誤り）　マンション管理業には登録が必要である。本肢の記述は誤りである。選択肢3（誤り）　管理組合財産は分別管理が必要である。本肢の記述は誤りである。選択肢4（正しい）　分別管理規制がある。本肢の記述は正当である。,選択肢4（正しい）　分別管理規制がある。,選択肢4（正しい）　分別管理規制がある。,1:（1）の内容は、正答（4）「マンション管理業者には、管理組合の財産を適切に分別管理するための規制が設けられている。」が示す論点とずれています。;2:（2）の内容は、正答（4）「マンション管理業者には、管理組合の財産を適切に分別管理するための規制が設けられている。」が示す論点とずれています。;3:（3）の内容は、正答（4）「マンション管理業者には、管理組合の財産を適切に分別管理するための規制が設けられている。」が示す論点とずれています。,
354,single,マンション管理適正化法,誤り選択;マンション管理適正化法;5問免除,管理業務主任者に関する次の記述のうち、マンション管理適正化法の定めによれば、内容が正確でないものはどれか。,,,,,,管理業務主任者は、管理受託契約に関する重要事項説明に関与する資格者である。,マンション管理業者は、事務所ごとに一定数の成年者である専任の管理業務主任者を置く必要がある。,管理業務主任者は、重要事項説明を行う際に管理業務主任者証を提示する必要がある。,管理業務主任者証は、重要事項説明時にも提示する必要が一切ない。,4,正解は4。選択肢1（正しい）　管理業務主任者は重要事項説明に関与する。本肢の記述は正当である。選択肢2（正しい）　事務所ごとの専任主任者設置が必要である。本肢の記述は正当である。選択肢3（正しい）　重要事項説明時の主任者証提示が必要である。本肢の記述は正当である。選択肢4（誤り）　主任者証の提示が必要である。本肢の記述は誤りである。,選択肢4（誤り）　主任者証の提示が必要である。,選択肢4（誤り）　主任者証の提示が必要である。,1:（1）の内容は、正答（4）「管理業務主任者証は、重要事項説明時にも提示する必要が一切ない。」が示す論点とずれています。;2:（2）の内容は、正答（4）「管理業務主任者証は、重要事項説明時にも提示する必要が一切ない。」が示す論点とずれています。;3:（3）の内容は、正答（4）「管理業務主任者証は、重要事項説明時にも提示する必要が一切ない。」が示す論点とずれています。,
355,single,マンション管理適正化法,正解選択;マンション管理適正化法;5問免除,管理計画認定制度に関する次の記述のうち、マンション管理適正化法の考え方によれば、内容が正確なものはどれか。,,,,,,管理計画認定を受ければ、以後長期修繕計画を一切見直す必要がなくなる。,長期修繕計画や修繕積立金の状況は、管理計画認定で重要な確認事項となる。,管理計画認定では、修繕積立金や長期修繕計画は一切確認されない。,管理計画認定は、各住戸の壁紙の色だけを認定する制度である。,2,正解は2。選択肢1（誤り）　認定後も継続的な管理・見直しが必要である。本肢の記述は誤りである。選択肢2（正しい）　修繕計画・積立金は認定基準で重要である。本肢の記述は正当である。選択肢3（誤り）　修繕積立金や長期修繕計画は重要な確認事項である。本肢の記述は誤りである。選択肢4（誤り）　管理組合の管理計画を認定する制度である。本肢の記述は誤りである。,選択肢2（正しい）　修繕計画・積立金は認定基準で重要である。,選択肢2（正しい）　修繕計画・積立金は認定基準で重要である。,1:（1）の内容は、正答（2）「長期修繕計画や修繕積立金の状況は、管理計画認定で重要な確認事項となる。」が示す論点とずれています。;3:正答の解説と、主体・手続・効果のいずれかが一致していません。 選択肢（3）「管理計画認定では、修繕積立金や長期修繕計画は一切確認されない。」は本問の正答（2）とは異なるため不適です。;4:（4）の内容は、正答（2）「長期修繕計画や修繕積立金の状況は、管理計画認定で重要な確認事項となる。」が示す論点とずれています。,
356,single,標準管理委託契約書,誤り選択;標準管理委託契約書,マンション標準管理委託契約書に関する次の記述のうち、内容が正確でないものはどれか。,,,,,,契約更新時には、業務内容、委託費、業務実績、重要事項説明を確認することが重要である。,管理業者に委託した場合、理事会は管理組合運営に一切関与できなくなる。,管理委託契約では、管理事務の内容、委託業務費、契約期間などを明確に定めることが重要である。,管理業者が一部業務を専門業者に委託する場合でも、責任や報告体制を明確にしておくことが重要である。,2,正解は2。選択肢1（正しい）　更新時には条件確認が重要である。本肢の記述は正当である。選択肢2（誤り）　委託後も理事会の役割は残る。本肢の記述は誤りである。選択肢3（正しい）　契約内容の明確化が重要である。本肢の記述は正当である。選択肢4（正しい）　再委託時も責任と報告体制が重要である。本肢の記述は正当である。,選択肢2（誤り）　委託後も理事会の役割は残る。,選択肢2（誤り）　委託後も理事会の役割は残る。,1:（1）の内容は、正答（2）「管理業者に委託した場合、理事会は管理組合運営に一切関与できなくなる。」が示す論点とずれています。;3:（3）の内容は、正答（2）「管理業者に委託した場合、理事会は管理組合運営に一切関与できなくなる。」が示す論点とずれています。;4:（4）の内容は、正答（2）「管理業者に委託した場合、理事会は管理組合運営に一切関与できなくなる。」が示す論点とずれています。,
357,single,会計,正解選択;会計,管理組合の会計に関する次の記述のうち、一般的な会計処理の考え方によれば、内容が正確なものはどれか。,,,,,,預金残高が合っていれば、収支計算書や貸借対照表を作成する必要は一切ない。,管理組合の資金は、役員個人の生活費と自由に混同してよい。,予備費は、理事長の個人的な旅行費用に自由に使うための費目である。,未収管理費が発生した場合には、未収金として把握し、滞納状況を管理することが重要である。,4,正解は4。選択肢1（誤り）　収支状況や財産状態を明らかにする資料が必要である。本肢の記述は誤りである。選択肢2（誤り）　組合資金と個人資金を混同してはならない。本肢の記述は誤りである。選択肢3（誤り）　予備費は私的支出に使う費目ではない。本肢の記述は誤りである。選択肢4（正しい）　未収金管理は重要である。本肢の記述は正当である。,選択肢4（正しい）　未収金管理は重要である。,選択肢4（正しい）　未収金管理は重要である。,1:正答の解説と、主体・手続・効果のいずれかが一致していません。 選択肢（1）「預金残高が合っていれば、収支計算書や貸借対照表を作成する必要は一切ない。」は本問の正答（4）とは異なるため不適です。;2:（2）の内容は、正答（4）「未収管理費が発生した場合には、未収金として把握し、滞納状況を管理することが重要である。」が示す論点とずれています。;3:（3）の内容は、正答（4）「未収管理費が発生した場合には、未収金として把握し、滞納状況を管理することが重要である。」が示す論点とずれています。,
358,single,税務,誤り選択;税務;会計,管理組合の税務に関する次の記述のうち、一般的な税務の考え方によれば、内容が正確でないものはどれか。,,,,,,管理組合が外部に駐車場を貸し付けるなど対価性のある取引を行う場合、消費税の課税関係が問題となることがある。,組合員から徴収する管理費や修繕積立金と外部収入は、性質を区別して検討することが重要である。,携帯電話基地局設置料など外部からの収入については、収益事業に該当するか等により法人税等の課税関係が問題となることがある。,管理組合には、消費税の課税関係が絶対に発生しない。,4,正解は4。選択肢1（正しい）　外部取引では消費税が問題となる場合がある。本肢の記述は正当である。選択肢2（正しい）　内部負担金と外部収入を区別することが重要である。本肢の記述は正当である。選択肢3（正しい）　外部収入は収益事業該当性が問題となる。本肢の記述は正当である。選択肢4（誤り）　取引内容によって消費税が問題となる。本肢の記述は誤りである。,選択肢4（誤り）　取引内容によって消費税が問題となる。,選択肢4（誤り）　取引内容によって消費税が問題となる。,1:（1）の内容は、正答（4）「管理組合には、消費税の課税関係が絶対に発生しない。」が示す論点とずれています。;2:（2）の内容は、正答（4）「管理組合には、消費税の課税関係が絶対に発生しない。」が示す論点とずれています。;3:（3）の内容は、正答（4）「管理組合には、消費税の課税関係が絶対に発生しない。」が示す論点とずれています。,
359,single,建築基準法,組合せ;建築基準法,建築基準法に関する次の記述のうち、正しいものの組合せはどれか。ア 防火地域や準防火地域では、建築物の構造や防火措置について制限が設けられることがある。イ 建蔽率は、建築物の高さを敷地面積で割った割合である。ウ 建築基準法は、建築物の敷地、構造、設備及び用途に関する最低の基準を定める。エ 建築基準法は、最高級の内装デザインだけを定める法律である。,,,,,,アとイ,アとウ,イとエ,ウとエ,2,正解は2（アとウ）。ア（正しい）　防火地域等では防火上の制限がある。イ（誤り）　建蔽率は建築面積の敷地面積に対する割合である。ウ（正しい）　建築基準法は最低基準を定める法律である。エ（誤り）　建築基準法は敷地・構造・設備・用途等の最低基準を定める。したがって、正しいものの組合せはアとウである。,正解は2（アとウ）。ア（正しい）　防火地域等では防火上の制限がある。イ（誤り）　建蔽率は建築面積の敷地面積に対する割合である。ウ（正しい）　建築基準法は最低基準を定める法律である。エ（誤り）　建築基準法は敷地・構造・設備・用途等の最低基準を定める。したがって、正しいものの組合せはアとウである。,正解は2（アとウ）。ア（正しい）　防火地域等では防火上の制限がある。イ（誤り）　建蔽率は建築面積の敷地面積に対する割合である。ウ（正しい）　建築基準法は最低基準を定める法律である。エ（誤り）　建築基準法は敷地・構造・設備・用途等の最低基準を定める。したがって、正しいものの組合せはアとウである。,1:（1）「アとイ」は正答（2）「アとウ」と異なる組合せです。 ア：正しい　防火地域等では防火上の制限がある。 イ：誤り　建蔽率は建築面積の敷地面積に対する割合である。;3:（3）「イとエ」は正答（2）「アとウ」と異なる組合せです。 イ：誤り　建蔽率は建築面積の敷地面積に対する割合である。 エ：誤り　建築基準法は敷地・構造・設備・用途等の最低基準を定める。;4:（4）「ウとエ」は正答（2）「アとウ」と異なる組合せです。 ウ：正しい　建築基準法は最低基準を定める法律である。 エ：誤り　建築基準法は敷地・構造・設備・用途等の最低基準を定める。,
360,single,都市計画法,誤り選択;都市計画法;建築基準法,都市計画法又は建築基準法に関する次の記述のうち、内容が正確でないものはどれか。,,,,,,市街化区域は、すでに市街地を形成している区域及びおおむね10年以内に優先的かつ計画的に市街化を図るべき区域である。,市街化調整区域は、市街化を積極的に促進する区域である。,市街化調整区域は、市街化を抑制すべき区域である。,用途地域ごとに、建築できる建築物の用途や建蔽率、容積率等の制限が異なる。,2,正解は2。選択肢1（正しい）　市街化区域の定義である。本肢の記述は正当である。選択肢2（誤り）　市街化調整区域は市街化を抑制すべき区域である。本肢の記述は誤りである。選択肢3（正しい）　市街化調整区域は市街化抑制区域である。本肢の記述は正当である。選択肢4（正しい）　用途地域に応じて建築制限が異なる。本肢の記述は正当である。,選択肢2（誤り）　市街化調整区域は市街化を抑制すべき区域である。,選択肢2（誤り）　市街化調整区域は市街化を抑制すべき区域である。,1:（1）の内容は、正答（2）「市街化調整区域は、市街化を積極的に促進する区域である。」が示す論点とずれています。;3:（3）の内容は、正答（2）「市街化調整区域は、市街化を積極的に促進する区域である。」が示す論点とずれています。;4:（4）の内容は、正答（2）「市街化調整区域は、市街化を積極的に促進する区域である。」が示す論点とずれています。,
361,single,マンション建替え等円滑化法,正解選択;マンション建替え等円滑化法,マンション建替え等円滑化法に関する次の記述のうち、内容が正確なものはどれか。,,,,,,建替え事業では、区分所有者等の権利調整は一切不要である。,マンション建替組合は、建替え事業とは無関係の任意サークルである。,マンション建替え等円滑化法は、戸建住宅の庭木だけを売却する制度である。,建替え事業では、権利変換計画など区分所有者等の権利調整に関する手続が問題となる。,4,正解は4。選択肢1（誤り）　権利調整手続が重要である。本肢の記述は誤りである。選択肢2（誤り）　建替組合は建替事業の実施主体である。本肢の記述は誤りである。選択肢3（誤り）　マンションの建替え等を円滑に進めるための法律である。本肢の記述は誤りである。選択肢4（正しい）　権利変換計画が重要である。本肢の記述は正当である。,選択肢4（正しい）　権利変換計画が重要である。,選択肢4（正しい）　権利変換計画が重要である。,1:正答の解説と、主体・手続・効果のいずれかが一致していません。 選択肢（1）「建替え事業では、区分所有者等の権利調整は一切不要である。」は本問の正答（4）とは異なるため不適です。;2:（2）の内容は、正答（4）「建替え事業では、権利変換計画など区分所有者等の権利調整に関する手続が問題となる。」が示す論点とずれています。;3:根拠の記述が異なります。解説では「え等を円滑に進めるための法」が根拠ですが、（3）は「マンション建替え等円滑化法」を根拠とする内容です。,
362,single,建物・設備,誤り選択;建物・設備,マンションの給排水設備に関する次の記述のうち、内容が正確でないものはどれか。,,,,,,貯水槽水道では、受水槽の清掃、点検、水質管理などが衛生管理上重要となる。,受水槽方式では、水道本管から受水槽に水を受け、ポンプ等により各住戸へ給水する。,排水管の詰まりや腐食は、漏水、悪臭、排水不良などの原因となることがある。,受水槽は飲料水を貯留する設備ではないため、汚染を考慮する必要がない。,4,正解は4。選択肢1（正しい）　受水槽の衛生管理が重要である。本肢の記述は正当である。選択肢2（正しい）　受水槽方式の基本である。本肢の記述は正当である。選択肢3（正しい）　排水管劣化は漏水等につながる。本肢の記述は正当である。選択肢4（誤り）　受水槽は飲料水の衛生管理が重要である。本肢の記述は誤りである。,選択肢4（誤り）　受水槽は飲料水の衛生管理が重要である。,選択肢4（誤り）　受水槽は飲料水の衛生管理が重要である。,1:（1）の内容は、正答（4）「受水槽は飲料水を貯留する設備ではないため、汚染を考慮する必要がない。」が示す論点とずれています。;2:（2）の内容は、正答（4）「受水槽は飲料水を貯留する設備ではないため、汚染を考慮する必要がない。」が示す論点とずれています。;3:（3）の内容は、正答（4）「受水槽は飲料水を貯留する設備ではないため、汚染を考慮する必要がない。」が示す論点とずれています。,設備・維持保全は数値基準・点検周期・責任の所在がセットで出題されます。表や比較で整理し、他選択肢がどの要件（数値・主体・手続）とずれているかを確認してください。
363,single,建物・設備,正解選択;建物・設備,マンションの電気設備、消防用設備又は昇降機に関する次の記述のうち、内容が正確なものはどれか。,,,,,,自動火災報知設備は、一度設置すれば点検も故障対応も不要である。,消防用設備等は、設置後も定期的な点検及び報告が必要となる場合がある。,エレベーターは機械設備ではないため、摩耗や劣化が生じることはない。,誘導灯は、避難方向を示す設備ではなく、給水ポンプの作動状況だけを表示する設備である。,2,正解は2。選択肢1（誤り）　消防用設備等は維持管理が必要である。本肢の記述は誤りである。選択肢2（正しい）　消防用設備等は定期点検・報告が必要となる。本肢の記述は正当である。選択肢3（誤り）　エレベーターは機械設備であり保守が必要である。本肢の記述は誤りである。選択肢4（誤り）　誘導灯は避難誘導に関係する設備である。本肢の記述は誤りである。,選択肢2（正しい）　消防用設備等は定期点検・報告が必要となる。,選択肢2（正しい）　消防用設備等は定期点検・報告が必要となる。,1:正答の解説と、主体・手続・効果のいずれかが一致していません。 選択肢（1）「自動火災報知設備は、一度設置すれば点検も故障対応も不要である。」は本問の正答（2）とは異なるため不適です。;3:正答の解説と、主体・手続・効果のいずれかが一致していません。 選択肢（3）「エレベーターは機械設備ではないため、摩耗や劣化が生じることはない。」は本問の正答（2）とは異なるため不適です。;4:（4）の内容は、正答（2）「消防用設備等は、設置後も定期的な点検及び報告が必要となる場合がある。」が示す論点とずれています。,設備・維持保全は数値基準・点検周期・責任の所在がセットで出題されます。表や比較で整理し、他選択肢がどの要件（数値・主体・手続）とずれているかを確認してください。
364,single,建物・設備,誤り選択;建物・設備;長期修繕計画,外壁又は防水に関する次の記述のうち、内容が正確でないものはどれか。,,,,,,屋上防水層の劣化は、漏水の原因となることがある。,屋上防水は雨水と無関係であり、点検や改修の対象とする必要がない。,シーリング材は、外壁目地やサッシ周りなどの防水性に関係する。,タイルの浮きやひび割れは、落下事故や雨水浸入の原因となることがある。,2,正解は2。選択肢1（正しい）　屋上防水劣化は漏水原因となる。本肢の記述は正当である。選択肢2（誤り）　屋上防水は雨水浸入防止に重要である。本肢の記述は誤りである。選択肢3（正しい）　シーリングは防水性に関係する。本肢の記述は正当である。選択肢4（正しい）　外壁劣化は落下や漏水につながる。本肢の記述は正当である。,選択肢2（誤り）　屋上防水は雨水浸入防止に重要である。,選択肢2（誤り）　屋上防水は雨水浸入防止に重要である。,1:（1）の内容は、正答（2）「屋上防水は雨水と無関係であり、点検や改修の対象とする必要がない。」が示す論点とずれています。;3:（3）の内容は、正答（2）「屋上防水は雨水と無関係であり、点検や改修の対象とする必要がない。」が示す論点とずれています。;4:（4）の内容は、正答（2）「屋上防水は雨水と無関係であり、点検や改修の対象とする必要がない。」が示す論点とずれています。,設備・維持保全は数値基準・点検周期・責任の所在がセットで出題されます。表や比較で整理し、他選択肢がどの要件（数値・主体・手続）とずれているかを確認してください。
365,single,長期修繕計画,正解選択;長期修繕計画,長期修繕計画に関する次の記述のうち、内容が正確なものはどれか。,,,,,,長期修繕計画は、修繕積立金の額の検討とは一切関係しない。,長期修繕計画は、新築時に一度作成すれば、以後永久に見直してはならない。,長期修繕計画は、翌月1か月分の清掃予定表を作成すれば足りる。,長期修繕計画は、建物の劣化状況や工事費の変動に応じて定期的に見直すことが重要である。,4,正解は4。選択肢1（誤り）　修繕積立金の検討と密接に関係する。本肢の記述は誤りである。選択肢2（誤り）　長期修繕計画は定期的に見直すことが重要である。本肢の記述は誤りである。選択肢3（誤り）　長期修繕計画は長期の修繕工事を見込むものである。本肢の記述は誤りである。選択肢4（正しい）　定期的な見直しが必要である。本肢の記述は正当である。,選択肢4（正しい）　定期的な見直しが必要である。,選択肢4（正しい）　定期的な見直しが必要である。,1:正答の解説と、主体・手続・効果のいずれかが一致していません。 選択肢（1）「長期修繕計画は、修繕積立金の額の検討とは一切関係しない。」は本問の正答（4）とは異なるため不適です。;2:正答の解説と、主体・手続・効果のいずれかが一致していません。 選択肢（2）「長期修繕計画は、新築時に一度作成すれば、以後永久に見直してはならない。」は本問の正答（4）とは異なるため不適です。;3:（3）の内容は、正答（4）「長期修繕計画は、建物の劣化状況や工事費の変動に応じて定期的に見直すことが重要である。」が示す論点とずれています。,
366,single,管理組合実務,誤り選択;管理組合実務;防災,管理組合の実務又は防災対応に関する次の記述のうち、内容が正確でないものはどれか。,,,,,,災害時に備えて、連絡体制、避難経路、防災備蓄、設備停止時の対応などを事前に検討しておくことが重要である。,居住者名簿、緊急連絡先、防犯カメラ映像等は、利用目的や閲覧権限を明確にして適切に管理することが重要である。,役員のなり手不足、総会未開催、修繕積立金不足は、管理不全につながる要因となることがある。,防災備蓄品は、一度購入すれば期限や保管状態を確認する必要がなく、永久に使用できる。,4,正解は4。選択肢1（正しい）　防災対応では事前準備が重要である。本肢の記述は正当である。選択肢2（正しい）　個人情報の適切な管理が重要である。本肢の記述は正当である。選択肢3（正しい）　管理不全の要因となり得る。本肢の記述は正当である。選択肢4（誤り）　防災備蓄品は期限や状態の確認が必要である。本肢の記述は誤りである。,選択肢4（誤り）　防災備蓄品は期限や状態の確認が必要である。,選択肢4（誤り）　防災備蓄品は期限や状態の確認が必要である。,1:（1）の内容は、正答（4）「防災備蓄品は、一度購入すれば期限や保管状態を確認する必要がなく、永久に使用できる。」が示す論点とずれています。;2:（2）の内容は、正答（4）「防災備蓄品は、一度購入すれば期限や保管状態を確認する必要がなく、永久に使用できる。」が示す論点とずれています。;3:（3）の内容は、正答（4）「防災備蓄品は、一度購入すれば期限や保管状態を確認する必要がなく、永久に使用できる。」が示す論点とずれています。,
367,single,区分所有法,正解選択;区分所有法,区分所有者の団体に関する次の記述のうち、区分所有法の定めによれば、内容が正確なものはどれか。,,,,,,区分所有者の団体は、規約を設定した日から初めて成立する。,区分所有者の団体は、規約や管理者の有無にかかわらず、区分所有関係の成立により構成される。,区分所有者の団体は、管理者を選任しなければ法律上存在しない。,区分所有者の団体は、管理組合法人として登記しなければ一切成立しない。,2,正解は2。選択肢1（誤り）　規約設定前でも区分所有者の団体は構成される。本肢の記述は誤りである。選択肢2（正しい）　団体の構成は規約設定や管理者選任を成立要件としない。本肢の記述は正当である。選択肢3（誤り）　管理者選任は団体成立の要件ではない。本肢の記述は誤りである。選択肢4（誤り）　法人化は団体成立の要件ではない。本肢の記述は誤りである。,選択肢2（正しい）　団体の構成は規約設定や管理者選任を成立要件としない。,選択肢2（正しい）　団体の構成は規約設定や管理者選任を成立要件としない。,1:（1）の内容は、正答（2）「区分所有者の団体は、規約や管理者の有無にかかわらず、区分所有関係の成立により構成される。」が示す論点とずれています。;3:正答の解説と、主体・手続・効果のいずれかが一致していません。 選択肢（3）「区分所有者の団体は、管理者を選任しなければ法律上存在しない。」は本問の正答（2）とは異なるため不適です。;4:正答の解説と、主体・手続・効果のいずれかが一致していません。 選択肢（4）「区分所有者の団体は、管理組合法人として登記しなければ一切成立しない。」は本問の正答（2）とは異なるため不適です。,
368,single,区分所有法,いくつあるか;区分所有法,共用部分に関する次の記述のうち、区分所有法の定めによれば、正しいものはいくつあるか。ア 各共有者は、共用部分の全部について、その用方に従って使用することができる。イ 数個の専有部分に通ずる廊下や階段室など、構造上共用に供されるべき部分は共用部分である。ウ 法定共用部分は、規約により自由に専有部分へ変更することができる。エ 共用部分の持分割合は、原則として各共有者の有する専有部分の床面積の割合による。,,,,,,一つ,二つ,三つ,四つ,3,正解は3（三つ）。ア（正しい）　共用部分は持分に応じた物理的区画だけを使うものではない。イ（正しい）　廊下や階段室などは法定共用部分となる。ウ（誤り）　構造上当然の共用部分を自由に専有部分化することはできない。エ（正しい）　共用部分の持分割合は専有部分の床面積割合を原則とする。したがって、正しいものは三つである。,ア（正しい）　共用部分は持分に応じた物理的区画だけを使うものではない。,正解は3（三つ）。ア（正しい）　共用部分は持分に応じた物理的区画だけを使うものではない。イ（正しい）　廊下や階段室などは法定共用部分となる。ウ（誤り）　構造上当然の共用部分を自由に専有部分化することはできない。エ（正しい）　共用部分の持分割合は専有部分の床面積割合を原則とする。したがって、正しいものは三つである。,1:（1）の内容は、正答（3）「三つ」が示す論点とずれています。 選択肢（1）「一つ」は本問の正答（3）とは異なるため不適です。;2:（2）の内容は、正答（3）「三つ」が示す論点とずれています。 選択肢（2）「二つ」は本問の正答（3）とは異なるため不適です。;4:（4）の内容は、正答（3）「三つ」が示す論点とずれています。 選択肢（4）「四つ」は本問の正答（3）とは異なるため不適です。,
369,single,区分所有法,誤り選択;区分所有法,規約に関する次の記述のうち、区分所有法の定めによれば、内容が正確でないものはどれか。,,,,,,規約の設定、変更又は廃止は、原則として区分所有者及び議決権の各4分の3以上の多数による集会決議を要する。,規約の変更が一部の区分所有者の権利に特別の影響を及ぼすべきときは、その承諾を得なければならない。,規約は、理事長が口頭で宣言すれば、総会決議なしに自由に変更できる。,建物又は敷地等の管理又は使用に関する区分所有者相互間の事項は、規約で定めることができる。,3,正解は3。選択肢1（正しい）　規約の設定等には特別多数決議が必要である。本肢の記述は正当である。選択肢2（正しい）　特別の影響がある場合は対象者の承諾が必要である。本肢の記述は正当である。選択肢3（誤り）　規約変更には集会の特別多数決議が必要である。本肢の記述は誤りである。選択肢4（正しい）　管理又は使用に関する相互間事項は規約事項となる。本肢の記述は正当である。,選択肢3（誤り）　規約変更には集会の特別多数決議が必要である。,選択肢3（誤り）　規約変更には集会の特別多数決議が必要である。,1:（1）の内容は、正答（3）「規約は、理事長が口頭で宣言すれば、総会決議なしに自由に変更できる。」が示す論点とずれています。;2:正答の解説と、主体・手続・効果のいずれかが一致していません。 選択肢（2）「規約の変更が一部の区分所有者の権利に特別の影響を及ぼすべきときは、その承諾を得なければならない。」は本問の正答（3）とは異なるため不適です。;4:（4）の内容は、正答（3）「規約は、理事長が口頭で宣言すれば、総会決議なしに自由に変更できる。」が示す論点とずれています。,
370,single,区分所有法,誤り選択;区分所有法,集会に関する次の記述のうち、区分所有法の定めによれば、内容が正確でないものはどれか。,,,,,,集会の招集通知には、会議の目的たる事項を示さなければならない。,区分所有者は、規約に別段の定めがない限り、書面又は代理人によって議決権を行使することができる。,管理者は、少なくとも毎年1回集会を招集しなければならない。,集会の招集通知は、どのような議案でも会日の1時間前に口頭で告げれば足りる。,4,正解は4。選択肢1（正しい）　招集通知では会議目的を示す必要がある。本肢の記述は正当である。選択肢2（正しい）　書面又は代理人による議決権行使が認められる。本肢の記述は正当である。選択肢3（正しい）　管理者には年1回以上の集会招集義務がある。本肢の記述は正当である。選択肢4（誤り）　招集通知には法定・規約上の期間や方法が問題となる。本肢の記述は誤りである。,選択肢4（誤り）　招集通知には法定・規約上の期間や方法が問題となる。,選択肢4（誤り）　招集通知には法定・規約上の期間や方法が問題となる。,1:正答の解説と、主体・手続・効果のいずれかが一致していません。 選択肢（1）「集会の招集通知には、会議の目的たる事項を示さなければならない。」は本問の正答（4）とは異なるため不適です。;2:正答の解説と、主体・手続・効果のいずれかが一致していません。 選択肢（2）「区分所有者は、規約に別段の定めがない限り、書面又は代理人によって議決権を行使することができる。」は本問の正答（4）とは異なるため不適です。;3:正答の解説と、主体・手続・効果のいずれかが一致していません。 選択肢（3）「管理者は、少なくとも毎年1回集会を招集しなければならない。」は本問の正答（4）とは異なるため不適です。,
371,single,区分所有法,正解選択;区分所有法,管理者に関する次の記述のうち、区分所有法の定めによれば、内容が正確なものはどれか。,,,,,,管理者に不正行為があっても、各区分所有者は裁判所に解任を請求できない。,管理者は、集会において、毎年1回一定の時期に、その事務に関する報告をしなければならない。,管理者は、必ず区分所有者本人でなければならず、外部の者を選任することはできない。,管理者は、区分所有者の専有部分を自己の判断だけで自由に売却できる。,2,正解は2。選択肢1（誤り）　不正行為等がある場合、各区分所有者は解任請求できる。本肢の記述は誤りである。選択肢2（正しい）　管理者には事務報告義務がある。本肢の記述は正当である。選択肢3（誤り）　管理者は区分所有者に限られない。本肢の記述は誤りである。選択肢4（誤り）　管理者に専有部分の自由処分権はない。本肢の記述は誤りである。,選択肢2（正しい）　管理者には事務報告義務がある。,選択肢2（正しい）　管理者には事務報告義務がある。,1:正答の解説と、主体・手続・効果のいずれかが一致していません。 選択肢（1）「管理者に不正行為があっても、各区分所有者は裁判所に解任を請求できない。」は本問の正答（2）とは異なるため不適です。;3:正答の解説と、主体・手続・効果のいずれかが一致していません。 選択肢（3）「管理者は、必ず区分所有者本人でなければならず、外部の者を選任することはできない。」は本問の正答（2）とは異なるため不適です。;4:（4）の内容は、正答（2）「管理者は、集会において、毎年1回一定の時期に、その事務に関する報告をしなければならない。」が示す論点とずれています。,
372,single,区分所有法,誤り選択;区分所有法,共同の利益に反する行為をする者に対する措置に関する次の記述のうち、区分所有法の定めによれば、内容が正確でないものはどれか。,,,,,,共同の利益に反する行為をする区分所有者に対しては、その行為の停止等を請求できる場合がある。,共同利益違反が一度でもあれば、集会決議なしに直ちに競売請求が認められる。,専有部分の使用禁止請求をするには、集会の決議を経て訴えを提起する必要がある。,競売請求は、共同生活上の障害が著しく、他の方法では障害を除去することが困難な場合に認められる厳しい措置である。,2,正解は2。選択肢1（正しい）　行為停止等請求の制度がある。本肢の記述は正当である。選択肢2（誤り）　競売請求には厳格な要件と手続がある。本肢の記述は誤りである。選択肢3（正しい）　使用禁止請求には集会決議と訴えが必要である。本肢の記述は正当である。選択肢4（正しい）　競売請求には厳格な要件がある。本肢の記述は正当である。,選択肢2（誤り）　競売請求には厳格な要件と手続がある。,選択肢2（誤り）　競売請求には厳格な要件と手続がある。,1:（1）の内容は、正答（2）「共同利益違反が一度でもあれば、集会決議なしに直ちに競売請求が認められる。」が示す論点とずれています。;3:（3）の内容は、正答（2）「共同利益違反が一度でもあれば、集会決議なしに直ちに競売請求が認められる。」が示す論点とずれています。;4:（4）の内容は、正答（2）「共同利益違反が一度でもあれば、集会決議なしに直ちに競売請求が認められる。」が示す論点とずれています。,
373,single,区分所有法,正解選択;区分所有法,復旧又は建替えに関する次の記述のうち、区分所有法の定めによれば、内容が正確なものはどれか。,,,,,,建替え決議に反対した区分所有者は、常に無償で権利を失う。,建物が一部滅失した場合、復旧決議や建替え決議を検討することは一切できない。,建替え決議は、区分所有者1人の単独判断で成立する。,大規模滅失の場合、復旧決議について特別の決議要件が問題となる。,4,正解は4。選択肢1（誤り）　反対者が無償で権利を失うわけではない。本肢の記述は誤りである。選択肢2（誤り）　滅失の程度に応じて復旧や建替えの制度が問題となる。本肢の記述は誤りである。選択肢3（誤り）　建替え決議には特別多数が必要である。本肢の記述は誤りである。選択肢4（正しい）　建物価格の2分の1を超える滅失では復旧決議の制度がある。本肢の記述は正当である。,選択肢4（正しい）　建物価格の2分の1を超える滅失では復旧決議の制度がある。,選択肢4（正しい）　建物価格の2分の1を超える滅失では復旧決議の制度がある。,1:（1）の内容は、正答（4）「大規模滅失の場合、復旧決議について特別の決議要件が問題となる。」が示す論点とずれています。;2:正答の解説と、主体・手続・効果のいずれかが一致していません。 選択肢（2）「建物が一部滅失した場合、復旧決議や建替え決議を検討することは一切できない。」は本問の正答（4）とは異なるため不適です。;3:（3）の内容は、正答（4）「大規模滅失の場合、復旧決議について特別の決議要件が問題となる。」が示す論点とずれています。,
374,single,区分所有法,誤り選択;区分所有法,団地に関する次の記述のうち、区分所有法の定めによれば、内容が正確でないものはどれか。,,,,,,団地管理規約により、一定の建物の管理を団地管理組合の対象にできる場合がある。,一団地内の土地又は附属施設が数棟の建物の所有者の共有に属する場合、団地建物所有者は全員で団地管理組合を構成する。,団地では、団地全体の管理事項と各棟固有の管理事項を区別する必要がある。,団地管理組合では、土地や附属施設の管理を一切行うことができない。,4,正解は4。選択肢1（正しい）　団地規約により建物管理を対象にできる場合がある。本肢の記述は正当である。選択肢2（正しい）　団地管理組合は団地建物所有者全員で構成される。本肢の記述は正当である。選択肢3（正しい）　団地全体と各棟の管理を区別することが重要である。本肢の記述は正当である。選択肢4（誤り）　団地の土地や附属施設は管理対象となる。本肢の記述は誤りである。,選択肢4（誤り）　団地の土地や附属施設は管理対象となる。,選択肢4（誤り）　団地の土地や附属施設は管理対象となる。,1:（1）の内容は、正答（4）「団地管理組合では、土地や附属施設の管理を一切行うことができない。」が示す論点とずれています。;2:（2）の内容は、正答（4）「団地管理組合では、土地や附属施設の管理を一切行うことができない。」が示す論点とずれています。;3:（3）の内容は、正答（4）「団地管理組合では、土地や附属施設の管理を一切行うことができない。」が示す論点とずれています。,
375,single,標準管理規約（単棟型）,正解選択;標準管理規約（単棟型）,標準管理規約（単棟型）における総会に関する次の記述のうち、内容が正確なものはどれか。,,,,,,総会は、管理会社の担当者だけが出席すれば、組合員が一人も関与しなくても自由に決議できる。,通常総会は、毎年1回、新会計年度開始後一定期間内に招集するものとされる。,通常総会では、決算や事業報告を一切扱ってはならない。,総会議事録は、作成しても直ちに破棄し、組合員に一切見せてはならない。,2,正解は2。選択肢1（誤り）　総会は組合員の意思決定機関である。本肢の記述は誤りである。選択肢2（正しい）　通常総会は毎年1回招集される。本肢の記述は正当である。選択肢3（誤り）　決算や事業報告は通常総会の重要事項である。本肢の記述は誤りである。選択肢4（誤り）　議事録は保管・閲覧の対象となる重要書類である。本肢の記述は誤りである。,選択肢2（正しい）　通常総会は毎年1回招集される。,選択肢2（正しい）　通常総会は毎年1回招集される。,1:（1）の内容は、正答（2）「通常総会は、毎年1回、新会計年度開始後一定期間内に招集するものとされる。」が示す論点とずれています。;3:正答の解説と、主体・手続・効果のいずれかが一致していません。 選択肢（3）「通常総会では、決算や事業報告を一切扱ってはならない。」は本問の正答（2）とは異なるため不適です。;4:正答の解説と、主体・手続・効果のいずれかが一致していません。 選択肢（4）「総会議事録は、作成しても直ちに破棄し、組合員に一切見せてはならない。」は本問の正答（2）とは異なるため不適です。,
376,single,標準管理規約（単棟型）,誤り選択;標準管理規約（単棟型）,標準管理規約（単棟型）における理事会又は役員に関する次の記述のうち、内容が正確でないものはどれか。,,,,,,監事は、管理組合の業務の執行及び財産の状況を監査する。,理事長は、総会決議なしに規約を自由に変更できる。,理事会は、総会に提出する議案を審議することがある。,理事長は、管理組合を代表し、その業務を統括する。,2,正解は2。選択肢1（正しい）　監事は業務執行と財産状況を監査する。本肢の記述は正当である。選択肢2（誤り）　規約変更は総会の特別多数決議を要する。本肢の記述は誤りである。選択肢3（正しい）　理事会は総会提出議案を検討する。本肢の記述は正当である。選択肢4（正しい）　理事長は管理組合の代表者である。本肢の記述は正当である。,選択肢2（誤り）　規約変更は総会の特別多数決議を要する。,選択肢2（誤り）　規約変更は総会の特別多数決議を要する。,1:（1）の内容は、正答（2）「理事長は、総会決議なしに規約を自由に変更できる。」が示す論点とずれています。;3:（3）の内容は、正答（2）「理事長は、総会決議なしに規約を自由に変更できる。」が示す論点とずれています。;4:（4）の内容は、正答（2）「理事長は、総会決議なしに規約を自由に変更できる。」が示す論点とずれています。,
377,single,標準管理規約（単棟型）,正解選択;標準管理規約（単棟型）,標準管理規約（単棟型）における管理費等に関する次の記述のうち、内容が正確なものはどれか。,,,,,,管理費等は一度定めたら、どれほど不足しても永久に変更できない。,管理費等は、共用部分の管理と無関係であるため、組合員に負担させることはできない。,修繕積立金は、日常清掃費だけに使うための会計である。,管理費等の改定は、収支状況、物価、委託費、修繕計画等を踏まえて検討されることがある。,4,正解は4。選択肢1（誤り）　必要に応じて改定を検討できる。本肢の記述は誤りである。選択肢2（誤り）　管理費等は共用部分等の管理費用として徴収される。本肢の記述は誤りである。選択肢3（誤り）　修繕積立金は計画修繕等に備える資金である。本肢の記述は誤りである。選択肢4（正しい）　管理費等は必要に応じて見直される。本肢の記述は正当である。,選択肢4（正しい）　管理費等は必要に応じて見直される。,選択肢4（正しい）　管理費等は必要に応じて見直される。,1:正答の解説と、主体・手続・効果のいずれかが一致していません。 選択肢（1）「管理費等は一度定めたら、どれほど不足しても永久に変更できない。」は本問の正答（4）とは異なるため不適です。;2:正答の解説と、主体・手続・効果のいずれかが一致していません。 選択肢（2）「管理費等は、共用部分の管理と無関係であるため、組合員に負担させることはできない。」は本問の正答（4）とは異なるため不適です。;3:（3）の内容は、正答（4）「管理費等の改定は、収支状況、物価、委託費、修繕計画等を踏まえて検討されることがある。」が示す論点とずれています。,
378,single,標準管理規約（単棟型）,誤り選択;標準管理規約（単棟型）,標準管理規約（単棟型）における専用使用又は専有部分の使用に関する次の記述のうち、内容が正確でないものはどれか。,,,,,,バルコニーや専用庭などについて、特定の区分所有者に専用使用権が認められることがある。,専有部分の修繕等が共用部分や他の住戸に影響するおそれがある場合、理事長への申請や承認が求められることがある。,専有部分を貸与する場合、賃借人等に規約及び使用細則を遵守させることが重要である。,専用使用権がある部分は、当然に専有部分となり、管理組合は一切関与できない。,4,正解は4。選択肢1（正しい）　バルコニー等には専用使用権が認められることがある。本肢の記述は正当である。選択肢2（正しい）　専有部分工事でも管理組合の手続が必要となる場合がある。本肢の記述は正当である。選択肢3（正しい）　占有者にも規約・細則の遵守が問題となる。本肢の記述は正当である。選択肢4（誤り）　専用使用部分でも共用部分として管理上の制約を受けることがある。本肢の記述は誤りである。,選択肢4（誤り）　専用使用部分でも共用部分として管理上の制約を受けることがある。,選択肢4（誤り）　専用使用部分でも共用部分として管理上の制約を受けることがある。,1:（1）の内容は、正答（4）「専用使用権がある部分は、当然に専有部分となり、管理組合は一切関与できない。」が示す論点とずれています。;2:（2）の内容は、正答（4）「専用使用権がある部分は、当然に専有部分となり、管理組合は一切関与できない。」が示す論点とずれています。;3:（3）の内容は、正答（4）「専用使用権がある部分は、当然に専有部分となり、管理組合は一切関与できない。」が示す論点とずれています。,
379,single,標準管理規約（団地型）,組合せ;標準管理規約（団地型）,標準管理規約（団地型）に関する次の記述のうち、正しいものの組合せはどれか。ア 団地内に複数棟がある場合、棟別の事情や棟総会が問題となることがある。イ 団地型規約では、団地全体の土地や附属施設の管理を考慮する必要がない。ウ 団地内の土地や附属施設の管理は、団地型規約で重要な事項となる。エ 団地内に複数棟があっても、棟別の事情を考慮することは一切できない。,,,,,,アとイ,アとウ,イとエ,ウとエ,2,正解は2（アとウ）。ア（正しい）　複数棟では棟別管理が問題となる。イ（誤り）　団地の土地や附属施設管理が重要である。ウ（正しい）　団地の土地・附属施設管理が重要である。エ（誤り）　棟別の事情を考慮する場面がある。したがって、正しいものの組合せはアとウである。,正解は2（アとウ）。ア（正しい）　複数棟では棟別管理が問題となる。イ（誤り）　団地の土地や附属施設管理が重要である。ウ（正しい）　団地の土地・附属施設管理が重要である。エ（誤り）　棟別の事情を考慮する場面がある。したがって、正しいものの組合せはアとウである。,正解は2（アとウ）。ア（正しい）　複数棟では棟別管理が問題となる。イ（誤り）　団地の土地や附属施設管理が重要である。ウ（正しい）　団地の土地・附属施設管理が重要である。エ（誤り）　棟別の事情を考慮する場面がある。したがって、正しいものの組合せはアとウである。,1:（1）「アとイ」は正答（2）「アとウ」と異なる組合せです。 ア：正しい　複数棟では棟別管理が問題となる。 イ：誤り　団地の土地や附属施設管理が重要である。;3:（3）「イとエ」は正答（2）「アとウ」と異なる組合せです。 イ：誤り　団地の土地や附属施設管理が重要である。 エ：誤り　棟別の事情を考慮する場面がある。;4:（4）「ウとエ」は正答（2）「アとウ」と異なる組合せです。 ウ：正しい　団地の土地・附属施設管理が重要である。 エ：誤り　棟別の事情を考慮する場面がある。,
380,single,標準管理規約（複合用途型）,誤り選択;標準管理規約（複合用途型）,標準管理規約（複合用途型）に関する次の記述のうち、内容が正確でないものはどれか。,,,,,,複合用途型規約では、住宅部分と店舗部分の区分経理や部会が問題となることがある。,複合用途型では、用途に応じた管理費負担を定めることが一切できない。,住宅と店舗等が併存するマンションでは、用途ごとの利害調整が問題となることがある。,複合用途型では、用途に応じて管理費負担や使用ルールを整理することがある。,2,正解は2。選択肢1（正しい）　用途別の区分経理や部会が検討される。本肢の記述は正当である。選択肢2（誤り）　用途に応じた負担整理が検討される。本肢の記述は誤りである。選択肢3（正しい）　複合用途型では用途ごとの利害調整が重要である。本肢の記述は正当である。選択肢4（正しい）　用途に応じた負担やルール整理が必要となる。本肢の記述は正当である。,選択肢2（誤り）　用途に応じた負担整理が検討される。,選択肢2（誤り）　用途に応じた負担整理が検討される。,1:（1）の内容は、正答（2）「複合用途型では、用途に応じた管理費負担を定めることが一切できない。」が示す論点とずれています。;3:（3）の内容は、正答（2）「複合用途型では、用途に応じた管理費負担を定めることが一切できない。」が示す論点とずれています。;4:（4）の内容は、正答（2）「複合用途型では、用途に応じた管理費負担を定めることが一切できない。」が示す論点とずれています。,
381,single,民法,正解選択;民法,共有に関する次の記述のうち、民法の定めによれば、内容が正確なものはどれか。,,,,,,共有物の保存行為は、常に共有者全員の同意がなければできない。,共有者は、自分の持分割合に相当する面積以外を一切使用できない。,共有物の管理事項は、常に全員一致でなければ決められず、持分価格の過半数で決することはない。,各共有者は、共有物の全部について、その持分に応じた使用をすることができる。,4,正解は4。選択肢1（誤り）　保存行為は各共有者が行える。本肢の記述は誤りである。選択肢2（誤り）　共有物全部について持分に応じた使用ができる。本肢の記述は誤りである。選択肢3（誤り）　管理事項は持分価格の過半数で決するのが原則である。本肢の記述は誤りである。選択肢4（正しい）　共有者は共有物全部を持分に応じて使用できる。本肢の記述は正当である。,選択肢4（正しい）　共有者は共有物全部を持分に応じて使用できる。,選択肢4（正しい）　共有者は共有物全部を持分に応じて使用できる。,1:正答の解説と、主体・手続・効果のいずれかが一致していません。 選択肢（1）「共有物の保存行為は、常に共有者全員の同意がなければできない。」は本問の正答（4）とは異なるため不適です。;2:正答の解説と、主体・手続・効果のいずれかが一致していません。 選択肢（2）「共有者は、自分の持分割合に相当する面積以外を一切使用できない。」は本問の正答（4）とは異なるため不適です。;3:正答の解説と、主体・手続・効果のいずれかが一致していません。 選択肢（3）「共有物の管理事項は、常に全員一致でなければ決められず、持分価格の過半数で決することはない。」は本問の正答（4）とは異なるため不適です。,
382,single,民法,誤り選択;民法,契約不適合責任に関する次の記述のうち、民法の定めによれば、内容が正確でないものはどれか。,,,,,,契約不適合がある場合、代金減額請求、損害賠償請求、解除が問題となることがある。,請負の仕事の目的物が契約内容に適合しない場合にも、契約不適合責任が問題となることがある。,目的物が契約の内容に適合しない場合、買主は履行の追完を請求できる場合がある。,売主に過失がなければ、買主は契約不適合に関するいかなる権利も常に行使できない。,4,正解は4。選択肢1（正しい）　契約不適合では複数の救済手段がある。本肢の記述は正当である。選択肢2（正しい）　工事請負でも契約不適合が問題となる。本肢の記述は正当である。選択肢3（正しい）　契約不適合では追完請求が認められる場合がある。本肢の記述は正当である。選択肢4（誤り）　追完請求や代金減額請求は過失の有無だけで排除されない。本肢の記述は誤りである。,選択肢4（誤り）　追完請求や代金減額請求は過失の有無だけで排除されない。,選択肢4（誤り）　追完請求や代金減額請求は過失の有無だけで排除されない。,1:（1）の内容は、正答（4）「売主に過失がなければ、買主は契約不適合に関するいかなる権利も常に行使できない。」が示す論点とずれています。;2:正答の解説と、主体・手続・効果のいずれかが一致していません。 選択肢（2）「請負の仕事の目的物が契約内容に適合しない場合にも、契約不適合責任が問題となることがある。」は本問の正答（4）とは異なるため不適です。;3:正答の解説と、主体・手続・効果のいずれかが一致していません。 選択肢（3）「目的物が契約の内容に適合しない場合、買主は履行の追完を請求できる場合がある。」は本問の正答（4）とは異なるため不適です。,
383,single,民法,正解選択;民法,賃貸借に関する次の記述のうち、民法又は借地借家法の定めによれば、内容が正確なものはどれか。,,,,,,建物賃貸借では、賃貸人の更新拒絶に正当事由が問題となることはない。,建物の賃借権は、建物の引渡しを受けていれば、その後建物について物権を取得した者に対抗できる場合がある。,賃借人は、賃貸人の承諾なしに常に自由に転貸できる。,賃貸人は、賃借人に目的物を使用収益させる義務を一切負わない。,2,正解は2。選択肢1（誤り）　建物賃貸借では更新拒絶の正当事由が問題となる。本肢の記述は誤りである。選択肢2（正しい）　建物賃借権の対抗力が問題となる。本肢の記述は正当である。選択肢3（誤り）　転貸には賃貸人の承諾が必要である。本肢の記述は誤りである。選択肢4（誤り）　賃貸人は使用収益させる義務を負う。本肢の記述は誤りである。,選択肢2（正しい）　建物賃借権の対抗力が問題となる。,選択肢2（正しい）　建物賃借権の対抗力が問題となる。,1:正答の解説と、主体・手続・効果のいずれかが一致していません。 選択肢（1）「建物賃貸借では、賃貸人の更新拒絶に正当事由が問題となることはない。」は本問の正答（2）とは異なるため不適です。;3:（3）の内容は、正答（2）「建物の賃借権は、建物の引渡しを受けていれば、その後建物について物権を取得した者に対抗できる場合がある。」が示す論点とずれています。;4:正答の解説と、主体・手続・効果のいずれかが一致していません。 選択肢（4）「賃貸人は、賃借人に目的物を使用収益させる義務を一切負わない。」は本問の正答（2）とは異なるため不適です。,
384,single,民法,誤り選択;民法,不法行為又は工作物責任に関する次の記述のうち、民法の定めによれば、内容が正確でないものはどれか。,,,,,,故意又は過失によって他人の権利又は法律上保護される利益を侵害した者は、損害賠償責任を負う。,建物外壁が落下して通行人に損害を与えても、工作物責任は一切問題とならない。,土地の工作物の設置又は保存に瑕疵がある場合、占有者又は所有者の責任が問題となる。,外壁タイルの剥落事故では、工作物責任が問題となることがある。,2,正解は2。選択肢1（正しい）　不法行為責任の基本である。本肢の記述は正当である。選択肢2（誤り）　外壁落下では工作物責任が問題となる。本肢の記述は誤りである。選択肢3（正しい）　土地工作物責任が問題となる。本肢の記述は正当である。選択肢4（正しい）　建物外壁の事故では工作物責任が問題となり得る。本肢の記述は正当である。,選択肢2（誤り）　外壁落下では工作物責任が問題となる。,選択肢2（誤り）　外壁落下では工作物責任が問題となる。,1:（1）の内容は、正答（2）「建物外壁が落下して通行人に損害を与えても、工作物責任は一切問題とならない。」が示す論点とずれています。;3:（3）の内容は、正答（2）「建物外壁が落下して通行人に損害を与えても、工作物責任は一切問題とならない。」が示す論点とずれています。;4:（4）の内容は、正答（2）「建物外壁が落下して通行人に損害を与えても、工作物責任は一切問題とならない。」が示す論点とずれています。,
385,single,民法,正解選択;民法;不動産登記法,不動産登記に関する次の記述のうち、民法及び不動産登記法の考え方によれば、内容が正確なものはどれか。,,,,,,区分建物については、専有部分ごとの登記記録を作成することは一切できない。,敷地権の登記がされた場合でも、専有部分と敷地権は常に別々に自由処分できる。,不動産を取得した者は、登記がなくても常にすべての第三者に対抗できる。,区分建物では、専有部分の表示や敷地権に関する登記が問題となる。,4,正解は4。選択肢1（誤り）　区分建物では専有部分ごとの登記がある。本肢の記述は誤りである。選択肢2（誤り）　敷地権登記がある場合、分離処分が制限される。本肢の記述は誤りである。選択肢3（誤り）　登記がなければ対抗できない第三者がいる。本肢の記述は誤りである。選択肢4（正しい）　区分建物では敷地権登記等が重要である。本肢の記述は正当である。,選択肢4（正しい）　区分建物では敷地権登記等が重要である。,選択肢4（正しい）　区分建物では敷地権登記等が重要である。,1:正答の解説と、主体・手続・効果のいずれかが一致していません。 選択肢（1）「区分建物については、専有部分ごとの登記記録を作成することは一切できない。」は本問の正答（4）とは異なるため不適です。;2:（2）の内容は、正答（4）「区分建物では、専有部分の表示や敷地権に関する登記が問題となる。」が示す論点とずれています。;3:（3）の内容は、正答（4）「区分建物では、専有部分の表示や敷地権に関する登記が問題となる。」が示す論点とずれています。,
386,single,マンション管理適正化法,誤り選択;マンション管理適正化法;5問免除,マンション管理士に関する次の記述のうち、マンション管理適正化法の定めによれば、内容が正確でないものはどれか。,,,,,,マンション管理士には、業務上知り得た秘密を正当な理由なく漏らしてはならない義務がある。,マンション管理士は、専門的知識をもって管理組合等の相談に応じ、助言、指導その他の援助を行う。,マンション管理士には、信用失墜行為の禁止が課されている。,マンション管理士でない者も、マンション管理士の名称を自由に使用できる。,4,正解は4。選択肢1（正しい）　マンション管理士には秘密保持義務がある。本肢の記述は正当である。選択肢2（正しい）　マンション管理士の業務内容である。本肢の記述は正当である。選択肢3（正しい）　マンション管理士には信用保持義務がある。本肢の記述は正当である。選択肢4（誤り）　マンション管理士でない者の名称使用は制限される。本肢の記述は誤りである。,選択肢4（誤り）　マンション管理士でない者の名称使用は制限される。,選択肢4（誤り）　マンション管理士でない者の名称使用は制限される。,1:選択肢（1）「マンション管理士には、業務上知り得た秘密を正当な理由なく漏らしてはならない義務がある。;2:（2）の内容は、正答（4）「マンション管理士でない者も、マンション管理士の名称を自由に使用できる。」が示す論点とずれています。;3:（3）の内容は、正答（4）「マンション管理士でない者も、マンション管理士の名称を自由に使用できる。」が示す論点とずれています。,
387,single,マンション管理適正化法,正解選択;マンション管理適正化法;5問免除,マンション管理業者に関する次の記述のうち、マンション管理適正化法の定めによれば、内容が正確なものはどれか。,,,,,,マンション管理業者は、登録を受けなくても常に自由に管理業を営むことができる。,マンション管理業を営もうとする者は、原則として国土交通大臣の登録を受けなければならない。,マンション管理業者は、管理組合の資金を自己の運転資金として自由に流用できる。,重要事項説明書は、白紙で交付すれば常に足りる。,2,正解は2。選択肢1（誤り）　マンション管理業には登録が必要である。本肢の記述は誤りである。選択肢2（正しい）　マンション管理業者には登録制度がある。本肢の記述は正当である。選択肢3（誤り）　管理組合財産は分別管理が必要である。本肢の記述は誤りである。選択肢4（誤り）　法定事項を記載して説明する必要がある。本肢の記述は誤りである。,選択肢2（正しい）　マンション管理業者には登録制度がある。,選択肢2（正しい）　マンション管理業者には登録制度がある。,1:（1）の内容は、正答（2）「マンション管理業を営もうとする者は、原則として国土交通大臣の登録を受けなければならない。」が示す論点とずれています。;3:（3）の内容は、正答（2）「マンション管理業を営もうとする者は、原則として国土交通大臣の登録を受けなければならない。」が示す論点とずれています。;4:（4）の内容は、正答（2）「マンション管理業を営もうとする者は、原則として国土交通大臣の登録を受けなければならない。」が示す論点とずれています。,
388,single,マンション管理適正化法,いくつあるか;マンション管理適正化法;5問免除,管理業務主任者に関する次の記述のうち、マンション管理適正化法の定めによれば、正しいものはいくつあるか。ア マンション管理業者は、事務所ごとに一定数の成年者である専任の管理業務主任者を置く必要がある。イ 管理業務主任者は、重要事項説明を行う際に管理業務主任者証を提示する必要がある。ウ 管理業務主任者は、未成年者でも常に専任の主任者として設置できる。エ 管理業務主任者は、管理受託契約に関する重要事項説明に関与する資格者である。,,,,,,一つ,二つ,三つ,四つ,3,正解は3（三つ）。ア（正しい）　事務所ごとの専任主任者設置が必要である。イ（正しい）　重要事項説明時の主任者証提示が必要である。ウ（誤り）　成年者である専任主任者が必要である。エ（正しい）　管理業務主任者は重要事項説明に関与する。したがって、正しいものは三つである。,正解は3（三つ）。ア（正しい）　事務所ごとの専任主任者設置が必要である。イ（正しい）　重要事項説明時の主任者証提示が必要である。ウ（誤り）　成年者である専任主任者が必要である。エ（正しい）　管理業務主任者は重要事項説明に関与する。したがって、正しいものは三つである。,正解は3（三つ）。ア（正しい）　事務所ごとの専任主任者設置が必要である。イ（正しい）　重要事項説明時の主任者証提示が必要である。ウ（誤り）　成年者である専任主任者が必要である。エ（正しい）　管理業務主任者は重要事項説明に関与する。したがって、正しいものは三つである。,1:（1）「一つ」は、単独の記述としては法令上妥当な場合がありますが、本問で選ぶべき正答は（3）「三つ」です。問題文の条件（管理業務主任者に関する次の記述のうち、マンション管理適正化法の定めによれば、正しいものはいくつあ…）と照らし、設問が問う論点に合う肢を選び直してください。;2:（2）「二つ」は、単独の記述としては法令上妥当な場合がありますが、本問で選ぶべき正答は（3）「三つ」です。問題文の条件（管理業務主任者に関する次の記述のうち、マンション管理適正化法の定めによれば、正しいものはいくつあ…）と照らし、設問が問う論点に合う肢を選び直してください。;4:（4）「四つ」は、単独の記述としては法令上妥当な場合がありますが、本問で選ぶべき正答は（3）「三つ」です。問題文の条件（管理業務主任者に関する次の記述のうち、マンション管理適正化法の定めによれば、正しいものはいくつあ…）と照らし、設問が問う論点に合う肢を選び直してください。,
389,single,マンション管理適正化法,誤り選択;マンション管理適正化法;5問免除,管理計画認定制度に関する次の記述のうち、マンション管理適正化法の考え方によれば、内容が正確でないものはどれか。,,,,,,管理規約の整備や集会の開催状況は、管理水準の判断に関係する。,管理計画認定制度は、マンションの管理計画が一定の基準に適合する場合に、地方公共団体から認定を受けることができる制度である。,管理計画認定では、修繕積立金や長期修繕計画は一切確認されない。,長期修繕計画や修繕積立金の状況は、管理計画認定で重要な確認事項となる。,3,正解は3。選択肢1（正しい）　規約整備や集会開催は管理水準に関係する。本肢の記述は正当である。選択肢2（正しい）　管理計画認定制度の基本である。本肢の記述は正当である。選択肢3（誤り）　修繕積立金や長期修繕計画は重要な確認事項である。本肢の記述は誤りである。選択肢4（正しい）　修繕計画・積立金は認定基準で重要である。本肢の記述は正当である。,選択肢3（誤り）　修繕積立金や長期修繕計画は重要な確認事項である。,選択肢3（誤り）　修繕積立金や長期修繕計画は重要な確認事項である。,1:（1）の内容は、正答（3）「管理計画認定では、修繕積立金や長期修繕計画は一切確認されない。」が示す論点とずれています。;2:（2）の内容は、正答（3）「管理計画認定では、修繕積立金や長期修繕計画は一切確認されない。」が示す論点とずれています。;4:（4）の内容は、正答（3）「管理計画認定では、修繕積立金や長期修繕計画は一切確認されない。」が示す論点とずれています。,
390,single,標準管理委託契約書,誤り選択;標準管理委託契約書,マンション標準管理委託契約書に関する次の記述のうち、内容が正確でないものはどれか。,,,,,,管理委託契約では、管理事務の内容、委託業務費、契約期間などを明確に定めることが重要である。,管理業者が一部業務を専門業者に委託する場合でも、責任や報告体制を明確にしておくことが重要である。,契約更新時には、業務内容、委託費、業務実績、重要事項説明を確認することが重要である。,管理業者は、契約で定めがなくても、総会決議を自由に代替できる。,4,正解は4。選択肢1（正しい）　契約内容の明確化が重要である。本肢の記述は正当である。選択肢2（正しい）　再委託時も責任と報告体制が重要である。本肢の記述は正当である。選択肢3（正しい）　更新時には条件確認が重要である。本肢の記述は正当である。選択肢4（誤り）　管理業者は管理組合の意思決定機関ではない。本肢の記述は誤りである。,選択肢4（誤り）　管理業者は管理組合の意思決定機関ではない。,選択肢4（誤り）　管理業者は管理組合の意思決定機関ではない。,1:（1）の内容は、正答（4）「管理業者は、契約で定めがなくても、総会決議を自由に代替できる。」が示す論点とずれています。;2:（2）の内容は、正答（4）「管理業者は、契約で定めがなくても、総会決議を自由に代替できる。」が示す論点とずれています。;3:（3）の内容は、正答（4）「管理業者は、契約で定めがなくても、総会決議を自由に代替できる。」が示す論点とずれています。,
391,single,会計,正解選択;会計,管理組合の会計に関する次の記述のうち、一般的な会計処理の考え方によれば、内容が正確なものはどれか。,,,,,,管理組合の資金は、役員個人の生活費と自由に混同してよい。,収支予算案及び事業計画案は、総会で承認を受け、年度運営の基礎となる。,予備費は、理事長の個人的な旅行費用に自由に使うための費目である。,預金残高が合っていれば、収支計算書や貸借対照表を作成する必要は一切ない。,2,正解は2。選択肢1（誤り）　組合資金と個人資金を混同してはならない。本肢の記述は誤りである。選択肢2（正しい）　予算と事業計画は年度運営の基礎である。本肢の記述は正当である。選択肢3（誤り）　予備費は私的支出に使う費目ではない。本肢の記述は誤りである。選択肢4（誤り）　収支状況や財産状態を明らかにする資料が必要である。本肢の記述は誤りである。,選択肢2（正しい）　予算と事業計画は年度運営の基礎である。,選択肢2（正しい）　予算と事業計画は年度運営の基礎である。,1:（1）の内容は、正答（2）「収支予算案及び事業計画案は、総会で承認を受け、年度運営の基礎となる。」が示す論点とずれています。;3:（3）の内容は、正答（2）「収支予算案及び事業計画案は、総会で承認を受け、年度運営の基礎となる。」が示す論点とずれています。;4:正答の解説と、主体・手続・効果のいずれかが一致していません。 選択肢（4）「預金残高が合っていれば、収支計算書や貸借対照表を作成する必要は一切ない。」は本問の正答（2）とは異なるため不適です。,
392,single,税務,誤り選択;税務;会計,管理組合の税務に関する次の記述のうち、一般的な税務の考え方によれば、内容が正確でないものはどれか。,,,,,,組合員から徴収する管理費や修繕積立金と外部収入は、性質を区別して検討することが重要である。,税務処理では、収入の性質を区別する必要がない。,携帯電話基地局設置料など外部からの収入については、収益事業に該当するか等により法人税等の課税関係が問題となることがある。,管理組合が外部に駐車場を貸し付けるなど対価性のある取引を行う場合、消費税の課税関係が問題となることがある。,2,正解は2。選択肢1（正しい）　内部負担金と外部収入を区別することが重要である。本肢の記述は正当である。選択肢2（誤り）　収入の性質を区別して検討することが重要である。本肢の記述は誤りである。選択肢3（正しい）　外部収入は収益事業該当性が問題となる。本肢の記述は正当である。選択肢4（正しい）　外部取引では消費税が問題となる場合がある。本肢の記述は正当である。,選択肢2（誤り）　収入の性質を区別して検討することが重要である。,選択肢2（誤り）　収入の性質を区別して検討することが重要である。,1:（1）の内容は、正答（2）「税務処理では、収入の性質を区別する必要がない。」が示す論点とずれています。;3:（3）の内容は、正答（2）「税務処理では、収入の性質を区別する必要がない。」が示す論点とずれています。;4:（4）の内容は、正答（2）「税務処理では、収入の性質を区別する必要がない。」が示す論点とずれています。,
393,single,建築基準法,正解選択;建築基準法,建築基準法に関する次の記述のうち、内容が正確なものはどれか。,,,,,,建築基準法は、最高級の内装デザインだけを定める法律である。,建築確認は、建築主の好みの外観色だけを審査する手続である。,建蔽率は、建築物の高さを敷地面積で割った割合である。,建築基準法は、建築物の敷地、構造、設備及び用途に関する最低の基準を定める。,4,正解は4。選択肢1（誤り）　建築基準法は敷地・構造・設備・用途等の最低基準を定める。本肢の記述は誤りである。選択肢2（誤り）　建築確認は建築基準関係規定への適合を確認する。本肢の記述は誤りである。選択肢3（誤り）　建蔽率は建築面積の敷地面積に対する割合である。本肢の記述は誤りである。選択肢4（正しい）　建築基準法は最低基準を定める法律である。本肢の記述は正当である。,選択肢4（正しい）　建築基準法は最低基準を定める法律である。,選択肢4（正しい）　建築基準法は最低基準を定める法律である。,1:根拠の記述が異なります。解説では「建築基準法」が根拠ですが、（1）は「内装デザインだけを定める法」を根拠とする内容です。;2:（2）の内容は、正答（4）「建築基準法は、建築物の敷地、構造、設備及び用途に関する最低の基準を定める。」が示す論点とずれています。;3:（3）の内容は、正答（4）「建築基準法は、建築物の敷地、構造、設備及び用途に関する最低の基準を定める。」が示す論点とずれています。,
394,single,都市計画法,誤り選択;都市計画法;建築基準法,都市計画法又は建築基準法に関する次の記述のうち、内容が正確でないものはどれか。,,,,,,市街化調整区域は、市街化を抑制すべき区域である。,用途地域ごとに、建築できる建築物の用途や建蔽率、容積率等の制限が異なる。,市街化区域は、すでに市街地を形成している区域及びおおむね10年以内に優先的かつ計画的に市街化を図るべき区域である。,用途地域は、建築物の用途制限とは一切関係しない。,4,正解は4。選択肢1（正しい）　市街化調整区域は市街化抑制区域である。本肢の記述は正当である。選択肢2（正しい）　用途地域に応じて建築制限が異なる。本肢の記述は正当である。選択肢3（正しい）　市街化区域の定義である。本肢の記述は正当である。選択肢4（誤り）　用途地域は用途制限に関係する。本肢の記述は誤りである。,選択肢4（誤り）　用途地域は用途制限に関係する。,選択肢4（誤り）　用途地域は用途制限に関係する。,1:（1）の内容は、正答（4）「用途地域は、建築物の用途制限とは一切関係しない。」が示す論点とずれています。;2:（2）の内容は、正答（4）「用途地域は、建築物の用途制限とは一切関係しない。」が示す論点とずれています。;3:（3）の内容は、正答（4）「用途地域は、建築物の用途制限とは一切関係しない。」が示す論点とずれています。,
395,single,マンション建替え等円滑化法,正解選択;マンション建替え等円滑化法,マンション建替え等円滑化法に関する次の記述のうち、内容が正確なものはどれか。,,,,,,マンション建替組合は、建替え事業とは無関係の任意サークルである。,耐震性不足等のマンションでは、除却や敷地売却に関する制度が問題となる場合がある。,マンション建替え等円滑化法は、戸建住宅の庭木だけを売却する制度である。,建替え事業では、区分所有者等の権利調整は一切不要である。,2,正解は2。選択肢1（誤り）　建替組合は建替事業の実施主体である。本肢の記述は誤りである。選択肢2（正しい）　耐震性不足等では敷地売却制度等が問題となる。本肢の記述は正当である。選択肢3（誤り）　マンションの建替え等を円滑に進めるための法律である。本肢の記述は誤りである。選択肢4（誤り）　権利調整手続が重要である。本肢の記述は誤りである。,選択肢2（正しい）　耐震性不足等では敷地売却制度等が問題となる。,選択肢2（正しい）　耐震性不足等では敷地売却制度等が問題となる。,1:（1）の内容は、正答（2）「耐震性不足等のマンションでは、除却や敷地売却に関する制度が問題となる場合がある。」が示す論点とずれています。;3:根拠の記述が異なります。解説では「え等を円滑に進めるための法」が根拠ですが、（3）は「マンション建替え等円滑化法」を根拠とする内容です。;4:正答の解説と、主体・手続・効果のいずれかが一致していません。 選択肢（4）「建替え事業では、区分所有者等の権利調整は一切不要である。」は本問の正答（2）とは異なるため不適です。,
396,single,建物・設備,誤り選択;建物・設備,マンションの給排水設備に関する次の記述のうち、内容が正確でないものはどれか。,,,,,,受水槽方式では、水道本管から受水槽に水を受け、ポンプ等により各住戸へ給水する。,直結給水方式では、必ず受水槽を設置しなければならない。,排水管の詰まりや腐食は、漏水、悪臭、排水不良などの原因となることがある。,貯水槽水道では、受水槽の清掃、点検、水質管理などが衛生管理上重要となる。,2,正解は2。選択肢1（正しい）　受水槽方式の基本である。本肢の記述は正当である。選択肢2（誤り）　直結給水方式では受水槽を置かない方式がある。本肢の記述は誤りである。選択肢3（正しい）　排水管劣化は漏水等につながる。本肢の記述は正当である。選択肢4（正しい）　受水槽の衛生管理が重要である。本肢の記述は正当である。,選択肢2（誤り）　直結給水方式では受水槽を置かない方式がある。,選択肢2（誤り）　直結給水方式では受水槽を置かない方式がある。,1:（1）の内容は、正答（2）「直結給水方式では、必ず受水槽を設置しなければならない。」が示す論点とずれています。;3:（3）の内容は、正答（2）「直結給水方式では、必ず受水槽を設置しなければならない。」が示す論点とずれています。;4:（4）の内容は、正答（2）「直結給水方式では、必ず受水槽を設置しなければならない。」が示す論点とずれています。,設備・維持保全は数値基準・点検周期・責任の所在がセットで出題されます。表や比較で整理し、他選択肢がどの要件（数値・主体・手続）とずれているかを確認してください。
397,single,建物・設備,正解選択;建物・設備,マンションの電気設備、消防用設備又は昇降機に関する次の記述のうち、内容が正確なものはどれか。,,,,,,エレベーターは機械設備ではないため、摩耗や劣化が生じることはない。,誘導灯は、避難方向を示す設備ではなく、給水ポンプの作動状況だけを表示する設備である。,自動火災報知設備は、一度設置すれば点検も故障対応も不要である。,エレベーターは、安全に利用できるよう、定期的な点検や保守が重要である。,4,正解は4。選択肢1（誤り）　エレベーターは機械設備であり保守が必要である。本肢の記述は誤りである。選択肢2（誤り）　誘導灯は避難誘導に関係する設備である。本肢の記述は誤りである。選択肢3（誤り）　消防用設備等は維持管理が必要である。本肢の記述は誤りである。選択肢4（正しい）　昇降機の保守点検は安全に関係する。本肢の記述は正当である。,選択肢4（正しい）　昇降機の保守点検は安全に関係する。,選択肢4（正しい）　昇降機の保守点検は安全に関係する。,1:正答の解説と、主体・手続・効果のいずれかが一致していません。 選択肢（1）「エレベーターは機械設備ではないため、摩耗や劣化が生じることはない。」は本問の正答（4）とは異なるため不適です。;2:（2）の内容は、正答（4）「エレベーターは、安全に利用できるよう、定期的な点検や保守が重要である。」が示す論点とずれています。;3:正答の解説と、主体・手続・効果のいずれかが一致していません。 選択肢（3）「自動火災報知設備は、一度設置すれば点検も故障対応も不要である。」は本問の正答（4）とは異なるため不適です。,設備・維持保全は数値基準・点検周期・責任の所在がセットで出題されます。表や比較で整理し、他選択肢がどの要件（数値・主体・手続）とずれているかを確認してください。
398,single,建物・設備,誤り選択;建物・設備;長期修繕計画,外壁又は防水に関する次の記述のうち、内容が正確でないものはどれか。,,,,,,シーリング材は、外壁目地やサッシ周りなどの防水性に関係する。,タイルの浮きやひび割れは、落下事故や雨水浸入の原因となることがある。,屋上防水層の劣化は、漏水の原因となることがある。,シーリング工事は建物の防水とは無関係であり、劣化しても漏水原因にならない。,4,正解は4。選択肢1（正しい）　シーリングは防水性に関係する。本肢の記述は正当である。選択肢2（正しい）　外壁劣化は落下や漏水につながる。本肢の記述は正当である。選択肢3（正しい）　屋上防水劣化は漏水原因となる。本肢の記述は正当である。選択肢4（誤り）　シーリング劣化は漏水原因となる。本肢の記述は誤りである。,選択肢4（誤り）　シーリング劣化は漏水原因となる。,選択肢4（誤り）　シーリング劣化は漏水原因となる。,1:（1）の内容は、正答（4）「シーリング工事は建物の防水とは無関係であり、劣化しても漏水原因にならない。」が示す論点とずれています。;2:（2）の内容は、正答（4）「シーリング工事は建物の防水とは無関係であり、劣化しても漏水原因にならない。」が示す論点とずれています。;3:（3）の内容は、正答（4）「シーリング工事は建物の防水とは無関係であり、劣化しても漏水原因にならない。」が示す論点とずれています。,設備・維持保全は数値基準・点検周期・責任の所在がセットで出題されます。表や比較で整理し、他選択肢がどの要件（数値・主体・手続）とずれているかを確認してください。
399,single,長期修繕計画,組合せ;長期修繕計画,長期修繕計画に関する次の記述のうち、正しいものの組合せはどれか。ア 長期修繕計画は、将来見込まれる修繕工事の内容、時期、概算費用等を整理するものである。イ 長期修繕計画は、新築時に一度作成すれば、以後永久に見直してはならない。ウ 長期修繕計画は、修繕積立金の水準検討に活用される。エ 長期修繕計画は、翌月1か月分の清掃予定表を作成すれば足りる。,,,,,,アとイ,アとウ,イとエ,ウとエ,2,正解は2（アとウ）。ア（正しい）　長期修繕計画は将来工事を整理する計画である。イ（誤り）　長期修繕計画は定期的に見直すことが重要である。ウ（正しい）　修繕積立金の検討資料となる。エ（誤り）　長期修繕計画は長期の修繕工事を見込むものである。したがって、正しいものの組合せはアとウである。,正解は2（アとウ）。ア（正しい）　長期修繕計画は将来工事を整理する計画である。イ（誤り）　長期修繕計画は定期的に見直すことが重要である。ウ（正しい）　修繕積立金の検討資料となる。エ（誤り）　長期修繕計画は長期の修繕工事を見込むものである。したがって、正しいものの組合せはアとウである。,正解は2（アとウ）。ア（正しい）　長期修繕計画は将来工事を整理する計画である。イ（誤り）　長期修繕計画は定期的に見直すことが重要である。ウ（正しい）　修繕積立金の検討資料となる。エ（誤り）　長期修繕計画は長期の修繕工事を見込むものである。したがって、正しいものの組合せはアとウである。,1:（1）「アとイ」は正答（2）「アとウ」と異なる組合せです。 ア：正しい　長期修繕計画は将来工事を整理する計画である。 イ：誤り　長期修繕計画は定期的に見直すことが重要である。;3:（3）「イとエ」は正答（2）「アとウ」と異なる組合せです。 イ：誤り　長期修繕計画は定期的に見直すことが重要である。 エ：誤り　長期修繕計画は長期の修繕工事を見込むものである。;4:（4）「ウとエ」は正答（2）「アとウ」と異なる組合せです。 ウ：正しい　修繕積立金の検討資料となる。 エ：誤り　長期修繕計画は長期の修繕工事を見込むものである。,
400,single,管理組合実務,誤り選択;管理組合実務;防災,管理組合の実務又は防災対応に関する次の記述のうち、内容が正確でないものはどれか。,,,,,,居住者名簿、緊急連絡先、防犯カメラ映像等は、利用目的や閲覧権限を明確にして適切に管理することが重要である。,居住者名簿は、誰でも自由に持ち出し、外部公開してよい。,役員のなり手不足、総会未開催、修繕積立金不足は、管理不全につながる要因となることがある。,災害時に備えて、連絡体制、避難経路、防災備蓄、設備停止時の対応などを事前に検討しておくことが重要である。,2,正解は2。選択肢1（正しい）　個人情報の適切な管理が重要である。本肢の記述は正当である。選択肢2（誤り）　個人情報は適切に管理する必要がある。本肢の記述は誤りである。選択肢3（正しい）　管理不全の要因となり得る。本肢の記述は正当である。選択肢4（正しい）　防災対応では事前準備が重要である。本肢の記述は正当である。,選択肢2（誤り）　個人情報は適切に管理する必要がある。,選択肢2（誤り）　個人情報は適切に管理する必要がある。,1:（1）の内容は、正答（2）「居住者名簿は、誰でも自由に持ち出し、外部公開してよい。」が示す論点とずれています。;3:（3）の内容は、正答（2）「居住者名簿は、誰でも自由に持ち出し、外部公開してよい。」が示す論点とずれています。;4:（4）の内容は、正答（2）「居住者名簿は、誰でも自由に持ち出し、外部公開してよい。」が示す論点とずれています。,
401,single,区分所有法,正解選択;区分所有法,区分所有者の団体に関する次の記述のうち、区分所有法の定めによれば、内容が正確なものはどれか。,,,,,,区分所有者の団体は、管理者を選任しなければ法律上存在しない。,区分所有者の団体は、管理組合法人として登記しなければ一切成立しない。,区分所有者の団体は、規約を設定した日から初めて成立する。,管理組合は、共用部分、敷地及び附属施設の管理を目的とする団体である。,4,正解は4。選択肢1（誤り）　管理者選任は団体成立の要件ではない。本肢の記述は誤りである。選択肢2（誤り）　法人化は団体成立の要件ではない。本肢の記述は誤りである。選択肢3（誤り）　規約設定前でも区分所有者の団体は構成される。本肢の記述は誤りである。選択肢4（正しい）　管理組合は共同管理のための団体である。本肢の記述は正当である。,選択肢4（正しい）　管理組合は共同管理のための団体である。,選択肢4（正しい）　管理組合は共同管理のための団体である。,1:正答の解説と、主体・手続・効果のいずれかが一致していません。 選択肢（1）「区分所有者の団体は、管理者を選任しなければ法律上存在しない。」は本問の正答（4）とは異なるため不適です。;2:正答の解説と、主体・手続・効果のいずれかが一致していません。 選択肢（2）「区分所有者の団体は、管理組合法人として登記しなければ一切成立しない。」は本問の正答（4）とは異なるため不適です。;3:（3）の内容は、正答（4）「管理組合は、共用部分、敷地及び附属施設の管理を目的とする団体である。」が示す論点とずれています。,
402,single,区分所有法,誤り選択;区分所有法,共用部分に関する次の記述のうち、区分所有法の定めによれば、内容が正確でないものはどれか。,,,,,,数個の専有部分に通ずる廊下や階段室など、構造上共用に供されるべき部分は共用部分である。,共用部分の持分割合は、原則として各共有者の有する専有部分の床面積の割合による。,各共有者は、共用部分の全部について、その用方に従って使用することができる。,共用部分は、すべて特定の区分所有者1人の単独所有としなければならない。,4,正解は4。選択肢1（正しい）　廊下や階段室などは法定共用部分となる。本肢の記述は正当である。選択肢2（正しい）　共用部分の持分割合は専有部分の床面積割合を原則とする。本肢の記述は正当である。選択肢3（正しい）　共用部分は持分に応じた物理的区画だけを使うものではない。本肢の記述は正当である。選択肢4（誤り）　共用部分は原則として区分所有者の共有である。本肢の記述は誤りである。,選択肢4（誤り）　共用部分は原則として区分所有者の共有である。,選択肢4（誤り）　共用部分は原則として区分所有者の共有である。,1:（1）の内容は、正答（4）「共用部分は、すべて特定の区分所有者1人の単独所有としなければならない。」が示す論点とずれています。;2:（2）の内容は、正答（4）「共用部分は、すべて特定の区分所有者1人の単独所有としなければならない。」が示す論点とずれています。;3:（3）の内容は、正答（4）「共用部分は、すべて特定の区分所有者1人の単独所有としなければならない。」が示す論点とずれています。,
403,single,区分所有法,正解選択;区分所有法,規約に関する次の記述のうち、区分所有法の定めによれば、内容が正確なものはどれか。,,,,,,規約は、区分所有者には効力を及ぼすが、特定承継人には一切効力を及ぼさない。,規約の変更が一部の区分所有者の権利に特別の影響を及ぼすべきときは、その承諾を得なければならない。,規約には、強行法規や公序良俗に反する内容であっても常に有効に定めることができる。,規約は、理事長が口頭で宣言すれば、総会決議なしに自由に変更できる。,2,正解は2。選択肢1（誤り）　規約は特定承継人にも効力を及ぼす。本肢の記述は誤りである。選択肢2（正しい）　特別の影響がある場合は対象者の承諾が必要である。本肢の記述は正当である。選択肢3（誤り）　規約も強行法規等に反する内容まで有効となるわけではない。本肢の記述は誤りである。選択肢4（誤り）　規約変更には集会の特別多数決議が必要である。本肢の記述は誤りである。,選択肢2（正しい）　特別の影響がある場合は対象者の承諾が必要である。,選択肢2（正しい）　特別の影響がある場合は対象者の承諾が必要である。,1:正答の解説と、主体・手続・効果のいずれかが一致していません。 選択肢（1）「規約は、区分所有者には効力を及ぼすが、特定承継人には一切効力を及ぼさない。」は本問の正答（2）とは異なるため不適です。;3:（3）の内容は、正答（2）「規約の変更が一部の区分所有者の権利に特別の影響を及ぼすべきときは、その承諾を得なければならない。」が示す論点とずれています。;4:（4）の内容は、正答（2）「規約の変更が一部の区分所有者の権利に特別の影響を及ぼすべきときは、その承諾を得なければならない。」が示す論点とずれています。,
404,single,区分所有法,誤り選択;区分所有法,集会に関する次の記述のうち、区分所有法の定めによれば、内容が正確でないものはどれか。,,,,,,区分所有者は、規約に別段の定めがない限り、書面又は代理人によって議決権を行使することができる。,議事録は、集会終了後ただちに破棄しなければならない。,管理者は、少なくとも毎年1回集会を招集しなければならない。,集会の招集通知には、会議の目的たる事項を示さなければならない。,2,正解は2。選択肢1（正しい）　書面又は代理人による議決権行使が認められる。本肢の記述は正当である。選択肢2（誤り）　議事録は作成・保管されるべき重要書類である。本肢の記述は誤りである。選択肢3（正しい）　管理者には年1回以上の集会招集義務がある。本肢の記述は正当である。選択肢4（正しい）　招集通知では会議目的を示す必要がある。本肢の記述は正当である。,選択肢2（誤り）　議事録は作成・保管されるべき重要書類である。,選択肢2（誤り）　議事録は作成・保管されるべき重要書類である。,1:正答の解説と、主体・手続・効果のいずれかが一致していません。 選択肢（1）「区分所有者は、規約に別段の定めがない限り、書面又は代理人によって議決権を行使することができる。」は本問の正答（2）とは異なるため不適です。;3:正答の解説と、主体・手続・効果のいずれかが一致していません。 選択肢（3）「管理者は、少なくとも毎年1回集会を招集しなければならない。」は本問の正答（2）とは異なるため不適です。;4:正答の解説と、主体・手続・効果のいずれかが一致していません。 選択肢（4）「集会の招集通知には、会議の目的たる事項を示さなければならない。」は本問の正答（2）とは異なるため不適です。,
405,single,区分所有法,正解選択;区分所有法,管理者に関する次の記述のうち、区分所有法の定めによれば、内容が正確なものはどれか。,,,,,,管理者は、必ず区分所有者本人でなければならず、外部の者を選任することはできない。,管理者は、区分所有者の専有部分を自己の判断だけで自由に売却できる。,管理者に不正行為があっても、各区分所有者は裁判所に解任を請求できない。,管理者は、規約に別段の定めがない限り、集会の決議によって選任し、又は解任することができる。,4,正解は4。選択肢1（誤り）　管理者は区分所有者に限られない。本肢の記述は誤りである。選択肢2（誤り）　管理者に専有部分の自由処分権はない。本肢の記述は誤りである。選択肢3（誤り）　不正行為等がある場合、各区分所有者は解任請求できる。本肢の記述は誤りである。選択肢4（正しい）　管理者は集会決議で選任・解任できる。本肢の記述は正当である。,選択肢4（正しい）　管理者は集会決議で選任・解任できる。,選択肢4（正しい）　管理者は集会決議で選任・解任できる。,1:正答の解説と、主体・手続・効果のいずれかが一致していません。 選択肢（1）「管理者は、必ず区分所有者本人でなければならず、外部の者を選任することはできない。」は本問の正答（4）とは異なるため不適です。;2:（2）の内容は、正答（4）「管理者は、規約に別段の定めがない限り、集会の決議によって選任し、又は解任することができる。」が示す論点とずれています。;3:正答の解説と、主体・手続・効果のいずれかが一致していません。 選択肢（3）「管理者に不正行為があっても、各区分所有者は裁判所に解任を請求できない。」は本問の正答（4）とは異なるため不適です。,
406,single,区分所有法,誤り選択;区分所有法,共同の利益に反する行為をする者に対する措置に関する次の記述のうち、区分所有法の定めによれば、内容が正確でないものはどれか。,,,,,,専有部分の使用禁止請求をするには、集会の決議を経て訴えを提起する必要がある。,競売請求は、共同生活上の障害が著しく、他の方法では障害を除去することが困難な場合に認められる厳しい措置である。,共同の利益に反する行為をする区分所有者に対しては、その行為の停止等を請求できる場合がある。,占有者が共同利益に反する行為をしても、区分所有法上の対応は一切できない。,4,正解は4。選択肢1（正しい）　使用禁止請求には集会決議と訴えが必要である。本肢の記述は正当である。選択肢2（正しい）　競売請求には厳格な要件がある。本肢の記述は正当である。選択肢3（正しい）　行為停止等請求の制度がある。本肢の記述は正当である。選択肢4（誤り）　占有者に対しても行為停止等が問題となる。本肢の記述は誤りである。,選択肢4（誤り）　占有者に対しても行為停止等が問題となる。,選択肢4（誤り）　占有者に対しても行為停止等が問題となる。,1:（1）の内容は、正答（4）「占有者が共同利益に反する行為をしても、区分所有法上の対応は一切できない。」が示す論点とずれています。;2:（2）の内容は、正答（4）「占有者が共同利益に反する行為をしても、区分所有法上の対応は一切できない。」が示す論点とずれています。;3:（3）の内容は、正答（4）「占有者が共同利益に反する行為をしても、区分所有法上の対応は一切できない。」が示す論点とずれています。,
407,single,区分所有法,正解選択;区分所有法,復旧又は建替えに関する次の記述のうち、区分所有法の定めによれば、内容が正確なものはどれか。,,,,,,建物が一部滅失した場合、復旧決議や建替え決議を検討することは一切できない。,建替え決議後、建替えに参加しない者に対する売渡請求が問題となる場合がある。,建替え決議は、区分所有者1人の単独判断で成立する。,建替え決議に反対した区分所有者は、常に無償で権利を失う。,2,正解は2。選択肢1（誤り）　滅失の程度に応じて復旧や建替えの制度が問題となる。本肢の記述は誤りである。選択肢2（正しい）　建替え不参加者への売渡請求制度がある。本肢の記述は正当である。選択肢3（誤り）　建替え決議には特別多数が必要である。本肢の記述は誤りである。選択肢4（誤り）　反対者が無償で権利を失うわけではない。本肢の記述は誤りである。,選択肢2（正しい）　建替え不参加者への売渡請求制度がある。,選択肢2（正しい）　建替え不参加者への売渡請求制度がある。,1:正答の解説と、主体・手続・効果のいずれかが一致していません。 選択肢（1）「建物が一部滅失した場合、復旧決議や建替え決議を検討することは一切できない。」は本問の正答（2）とは異なるため不適です。;3:（3）の内容は、正答（2）「建替え決議後、建替えに参加しない者に対する売渡請求が問題となる場合がある。」が示す論点とずれています。;4:（4）の内容は、正答（2）「建替え決議後、建替えに参加しない者に対する売渡請求が問題となる場合がある。」が示す論点とずれています。,
408,single,区分所有法,いくつあるか;区分所有法,団地に関する次の記述のうち、区分所有法の定めによれば、正しいものはいくつあるか。ア 一団地内の土地又は附属施設が数棟の建物の所有者の共有に属する場合、団地建物所有者は全員で団地管理組合を構成する。イ 団地では、団地全体の管理事項と各棟固有の管理事項を区別する必要がある。ウ 団地管理組合が成立すると、各棟の管理関係は常にすべて消滅する。エ 団地管理規約により、一定の建物の管理を団地管理組合の対象にできる場合がある。,,,,,,一つ,二つ,三つ,四つ,3,正解は3（三つ）。ア（正しい）　団地管理組合は団地建物所有者全員で構成される。イ（正しい）　団地全体と各棟の管理を区別することが重要である。ウ（誤り）　団地全体の管理と各棟管理は区別される。エ（正しい）　団地規約により建物管理を対象にできる場合がある。したがって、正しいものは三つである。,ア（正しい）　団地管理組合は団地建物所有者全員で構成される。,正解は3（三つ）。ア（正しい）　団地管理組合は団地建物所有者全員で構成される。イ（正しい）　団地全体と各棟の管理を区別することが重要である。ウ（誤り）　団地全体の管理と各棟管理は区別される。エ（正しい）　団地規約により建物管理を対象にできる場合がある。したがって、正しいものは三つである。,1:（1）の内容は、正答（3）「三つ」が示す論点とずれています。 選択肢（1）「一つ」は本問の正答（3）とは異なるため不適です。;2:（2）の内容は、正答（3）「三つ」が示す論点とずれています。 選択肢（2）「二つ」は本問の正答（3）とは異なるため不適です。;4:（4）の内容は、正答（3）「三つ」が示す論点とずれています。 選択肢（4）「四つ」は本問の正答（3）とは異なるため不適です。,
409,single,標準管理規約（単棟型）,誤り選択;標準管理規約（単棟型）,標準管理規約（単棟型）における総会に関する次の記述のうち、内容が正確でないものはどれか。,,,,,,収支決算及び事業報告、収支予算及び事業計画は、総会で扱われる重要事項である。,議事録は、総会の議事の経過の要領及びその結果を記録する重要な資料である。,通常総会では、決算や事業報告を一切扱ってはならない。,通常総会は、毎年1回、新会計年度開始後一定期間内に招集するものとされる。,3,正解は3。選択肢1（正しい）　決算・予算等は総会の重要議案である。本肢の記述は正当である。選択肢2（正しい）　総会議事録は意思決定を示す重要資料である。本肢の記述は正当である。選択肢3（誤り）　決算や事業報告は通常総会の重要事項である。本肢の記述は誤りである。選択肢4（正しい）　通常総会は毎年1回招集される。本肢の記述は正当である。,選択肢3（誤り）　決算や事業報告は通常総会の重要事項である。,選択肢3（誤り）　決算や事業報告は通常総会の重要事項である。,1:（1）の内容は、正答（3）「通常総会では、決算や事業報告を一切扱ってはならない。」が示す論点とずれています。;2:（2）の内容は、正答（3）「通常総会では、決算や事業報告を一切扱ってはならない。」が示す論点とずれています。;4:（4）の内容は、正答（3）「通常総会では、決算や事業報告を一切扱ってはならない。」が示す論点とずれています。,
410,single,標準管理規約（単棟型）,誤り選択;標準管理規約（単棟型）,標準管理規約（単棟型）における理事会又は役員に関する次の記述のうち、内容が正確でないものはどれか。,,,,,,理事会は、総会に提出する議案を審議することがある。,理事長は、管理組合を代表し、その業務を統括する。,監事は、管理組合の業務の執行及び財産の状況を監査する。,理事会は、理事が一人も出席しなくても、管理会社だけで決議できる。,4,正解は4。選択肢1（正しい）　理事会は総会提出議案を検討する。本肢の記述は正当である。選択肢2（正しい）　理事長は管理組合の代表者である。本肢の記述は正当である。選択肢3（正しい）　監事は業務執行と財産状況を監査する。本肢の記述は正当である。選択肢4（誤り）　理事会は理事により構成される。本肢の記述は誤りである。,選択肢4（誤り）　理事会は理事により構成される。,選択肢4（誤り）　理事会は理事により構成される。,1:（1）の内容は、正答（4）「理事会は、理事が一人も出席しなくても、管理会社だけで決議できる。」が示す論点とずれています。;2:（2）の内容は、正答（4）「理事会は、理事が一人も出席しなくても、管理会社だけで決議できる。」が示す論点とずれています。;3:（3）の内容は、正答（4）「理事会は、理事が一人も出席しなくても、管理会社だけで決議できる。」が示す論点とずれています。,
411,single,標準管理規約（単棟型）,正解選択;標準管理規約（単棟型）,標準管理規約（単棟型）における管理費等に関する次の記述のうち、内容が正確なものはどれか。,,,,,,管理費等は、共用部分の管理と無関係であるため、組合員に負担させることはできない。,管理費等は、規約に定めるところにより、各組合員が負担する。,修繕積立金は、日常清掃費だけに使うための会計である。,管理費等は一度定めたら、どれほど不足しても永久に変更できない。,2,正解は2。選択肢1（誤り）　管理費等は共用部分等の管理費用として徴収される。本肢の記述は誤りである。選択肢2（正しい）　管理費等は規約に基づき組合員が負担する。本肢の記述は正当である。選択肢3（誤り）　修繕積立金は計画修繕等に備える資金である。本肢の記述は誤りである。選択肢4（誤り）　必要に応じて改定を検討できる。本肢の記述は誤りである。,選択肢2（正しい）　管理費等は規約に基づき組合員が負担する。,選択肢2（正しい）　管理費等は規約に基づき組合員が負担する。,1:正答の解説と、主体・手続・効果のいずれかが一致していません。 選択肢（1）「管理費等は、共用部分の管理と無関係であるため、組合員に負担させることはできない。」は本問の正答（2）とは異なるため不適です。;3:（3）の内容は、正答（2）「管理費等は、規約に定めるところにより、各組合員が負担する。」が示す論点とずれています。;4:正答の解説と、主体・手続・効果のいずれかが一致していません。 選択肢（4）「管理費等は一度定めたら、どれほど不足しても永久に変更できない。」は本問の正答（2）とは異なるため不適です。,
412,single,標準管理規約（単棟型）,誤り選択;標準管理規約（単棟型）,標準管理規約（単棟型）における専用使用又は専有部分の使用に関する次の記述のうち、内容が正確でないものはどれか。,,,,,,専有部分の修繕等が共用部分や他の住戸に影響するおそれがある場合、理事長への申請や承認が求められることがある。,専有部分内の工事であれば、共用部分に影響しても届出や承認は一切不要である。,専有部分を貸与する場合、賃借人等に規約及び使用細則を遵守させることが重要である。,バルコニーや専用庭などについて、特定の区分所有者に専用使用権が認められることがある。,2,正解は2。選択肢1（正しい）　専有部分工事でも管理組合の手続が必要となる場合がある。本肢の記述は正当である。選択肢2（誤り）　共用部分等に影響する工事では手続が必要となる。本肢の記述は誤りである。選択肢3（正しい）　占有者にも規約・細則の遵守が問題となる。本肢の記述は正当である。選択肢4（正しい）　バルコニー等には専用使用権が認められることがある。本肢の記述は正当である。,選択肢2（誤り）　共用部分等に影響する工事では手続が必要となる。,選択肢2（誤り）　共用部分等に影響する工事では手続が必要となる。,1:（1）の内容は、正答（2）「専有部分内の工事であれば、共用部分に影響しても届出や承認は一切不要である。」が示す論点とずれています。;3:（3）の内容は、正答（2）「専有部分内の工事であれば、共用部分に影響しても届出や承認は一切不要である。」が示す論点とずれています。;4:（4）の内容は、正答（2）「専有部分内の工事であれば、共用部分に影響しても届出や承認は一切不要である。」が示す論点とずれています。,
413,single,標準管理規約（団地型）,正解選択;標準管理規約（団地型）,標準管理規約（団地型）に関する次の記述のうち、内容が正確なものはどれか。,,,,,,団地内に複数棟があっても、棟別の事情を考慮することは一切できない。,団地型規約は単棟型規約と完全に同一であり、団地特有の規定は存在しない。,団地型規約では、団地全体の土地や附属施設の管理を考慮する必要がない。,団地内の土地や附属施設の管理は、団地型規約で重要な事項となる。,4,正解は4。選択肢1（誤り）　棟別の事情を考慮する場面がある。本肢の記述は誤りである。選択肢2（誤り）　団地型には団地特有の規定がある。本肢の記述は誤りである。選択肢3（誤り）　団地の土地や附属施設管理が重要である。本肢の記述は誤りである。選択肢4（正しい）　団地の土地・附属施設管理が重要である。本肢の記述は正当である。,選択肢4（正しい）　団地の土地・附属施設管理が重要である。,選択肢4（正しい）　団地の土地・附属施設管理が重要である。,1:正答の解説と、主体・手続・効果のいずれかが一致していません。 選択肢（1）「団地内に複数棟があっても、棟別の事情を考慮することは一切できない。」は本問の正答（4）とは異なるため不適です。;2:正答の解説と、主体・手続・効果のいずれかが一致していません。 選択肢（2）「団地型規約は単棟型規約と完全に同一であり、団地特有の規定は存在しない。」は本問の正答（4）とは異なるため不適です。;3:正答の解説と、主体・手続・効果のいずれかが一致していません。 選択肢（3）「団地型規約では、団地全体の土地や附属施設の管理を考慮する必要がない。」は本問の正答（4）とは異なるため不適です。,
414,single,標準管理規約（複合用途型）,誤り選択;標準管理規約（複合用途型）,標準管理規約（複合用途型）に関する次の記述のうち、内容が正確でないものはどれか。,,,,,,住宅と店舗等が併存するマンションでは、用途ごとの利害調整が問題となることがある。,複合用途型では、用途に応じて管理費負担や使用ルールを整理することがある。,複合用途型規約では、住宅部分と店舗部分の区分経理や部会が問題となることがある。,複合用途型では、住宅部分と店舗部分の利害が常に完全一致するため、区分経理を検討する余地はない。,4,正解は4。選択肢1（正しい）　複合用途型では用途ごとの利害調整が重要である。本肢の記述は正当である。選択肢2（正しい）　用途に応じた負担やルール整理が必要となる。本肢の記述は正当である。選択肢3（正しい）　用途別の区分経理や部会が検討される。本肢の記述は正当である。選択肢4（誤り）　用途により利害が異なる場合がある。本肢の記述は誤りである。,選択肢4（誤り）　用途により利害が異なる場合がある。,選択肢4（誤り）　用途により利害が異なる場合がある。,1:（1）の内容は、正答（4）「複合用途型では、住宅部分と店舗部分の利害が常に完全一致するため、区分経理を検討する余地はない。」が示す論点とずれています。;2:（2）の内容は、正答（4）「複合用途型では、住宅部分と店舗部分の利害が常に完全一致するため、区分経理を検討する余地はない。」が示す論点とずれています。;3:（3）の内容は、正答（4）「複合用途型では、住宅部分と店舗部分の利害が常に完全一致するため、区分経理を検討する余地はない。」が示す論点とずれています。,
415,single,民法,正解選択;民法,共有に関する次の記述のうち、民法の定めによれば、内容が正確なものはどれか。,,,,,,共有者は、自分の持分割合に相当する面積以外を一切使用できない。,共有物の保存行為は、各共有者がすることができる。,共有物の管理事項は、常に全員一致でなければ決められず、持分価格の過半数で決することはない。,共有物の保存行為は、常に共有者全員の同意がなければできない。,2,正解は2。選択肢1（誤り）　共有物全部について持分に応じた使用ができる。本肢の記述は誤りである。選択肢2（正しい）　保存行為は各共有者が単独でできる。本肢の記述は正当である。選択肢3（誤り）　管理事項は持分価格の過半数で決するのが原則である。本肢の記述は誤りである。選択肢4（誤り）　保存行為は各共有者が行える。本肢の記述は誤りである。,選択肢2（正しい）　保存行為は各共有者が単独でできる。,選択肢2（正しい）　保存行為は各共有者が単独でできる。,1:正答の解説と、主体・手続・効果のいずれかが一致していません。 選択肢（1）「共有者は、自分の持分割合に相当する面積以外を一切使用できない。」は本問の正答（2）とは異なるため不適です。;3:正答の解説と、主体・手続・効果のいずれかが一致していません。 選択肢（3）「共有物の管理事項は、常に全員一致でなければ決められず、持分価格の過半数で決することはない。」は本問の正答（2）とは異なるため不適です。;4:正答の解説と、主体・手続・効果のいずれかが一致していません。 選択肢（4）「共有物の保存行為は、常に共有者全員の同意がなければできない。」は本問の正答（2）とは異なるため不適です。,
416,single,民法,誤り選択;民法,契約不適合責任に関する次の記述のうち、民法の定めによれば、内容が正確でないものはどれか。,,,,,,請負の仕事の目的物が契約内容に適合しない場合にも、契約不適合責任が問題となることがある。,契約不適合責任は、不動産売買や工事請負には一切関係しない。,目的物が契約の内容に適合しない場合、買主は履行の追完を請求できる場合がある。,契約不適合がある場合、代金減額請求、損害賠償請求、解除が問題となることがある。,2,正解は2。選択肢1（正しい）　工事請負でも契約不適合が問題となる。本肢の記述は正当である。選択肢2（誤り）　不動産売買や工事請負でも問題となる。本肢の記述は誤りである。選択肢3（正しい）　契約不適合では追完請求が認められる場合がある。本肢の記述は正当である。選択肢4（正しい）　契約不適合では複数の救済手段がある。本肢の記述は正当である。,選択肢2（誤り）　不動産売買や工事請負でも問題となる。,選択肢2（誤り）　不動産売買や工事請負でも問題となる。,1:正答の解説と、主体・手続・効果のいずれかが一致していません。 選択肢（1）「請負の仕事の目的物が契約内容に適合しない場合にも、契約不適合責任が問題となることがある。」は本問の正答（2）とは異なるため不適です。;3:正答の解説と、主体・手続・効果のいずれかが一致していません。 選択肢（3）「目的物が契約の内容に適合しない場合、買主は履行の追完を請求できる場合がある。」は本問の正答（2）とは異なるため不適です。;4:（4）の内容は、正答（2）「契約不適合責任は、不動産売買や工事請負には一切関係しない。」が示す論点とずれています。,
417,single,民法,正解選択;民法,賃貸借に関する次の記述のうち、民法又は借地借家法の定めによれば、内容が正確なものはどれか。,,,,,,賃借人は、賃貸人の承諾なしに常に自由に転貸できる。,賃貸人は、賃借人に目的物を使用収益させる義務を一切負わない。,建物賃貸借では、賃貸人の更新拒絶に正当事由が問題となることはない。,賃貸人は、賃借人に目的物を使用及び収益させる義務を負う。,4,正解は4。選択肢1（誤り）　転貸には賃貸人の承諾が必要である。本肢の記述は誤りである。選択肢2（誤り）　賃貸人は使用収益させる義務を負う。本肢の記述は誤りである。選択肢3（誤り）　建物賃貸借では更新拒絶の正当事由が問題となる。本肢の記述は誤りである。選択肢4（正しい）　賃貸借では使用収益させる義務がある。本肢の記述は正当である。,選択肢4（正しい）　賃貸借では使用収益させる義務がある。,選択肢4（正しい）　賃貸借では使用収益させる義務がある。,1:（1）の内容は、正答（4）「賃貸人は、賃借人に目的物を使用及び収益させる義務を負う。」が示す論点とずれています。;2:正答の解説と、主体・手続・効果のいずれかが一致していません。 選択肢（2）「賃貸人は、賃借人に目的物を使用収益させる義務を一切負わない。」は本問の正答（4）とは異なるため不適です。;3:正答の解説と、主体・手続・効果のいずれかが一致していません。 選択肢（3）「建物賃貸借では、賃貸人の更新拒絶に正当事由が問題となることはない。」は本問の正答（4）とは異なるため不適です。,
418,single,民法,誤り選択;民法,不法行為又は工作物責任に関する次の記述のうち、民法の定めによれば、内容が正確でないものはどれか。,,,,,,土地の工作物の設置又は保存に瑕疵がある場合、占有者又は所有者の責任が問題となる。,外壁タイルの剥落事故では、工作物責任が問題となることがある。,故意又は過失によって他人の権利又は法律上保護される利益を侵害した者は、損害賠償責任を負う。,不法行為責任は、損害が発生していなくても常に成立する。,4,正解は4。選択肢1（正しい）　土地工作物責任が問題となる。本肢の記述は正当である。選択肢2（正しい）　建物外壁の事故では工作物責任が問題となり得る。本肢の記述は正当である。選択肢3（正しい）　不法行為責任の基本である。本肢の記述は正当である。選択肢4（誤り）　不法行為責任には損害の発生が必要である。本肢の記述は誤りである。,選択肢4（誤り）　不法行為責任には損害の発生が必要である。,選択肢4（誤り）　不法行為責任には損害の発生が必要である。,1:（1）の内容は、正答（4）「不法行為責任は、損害が発生していなくても常に成立する。」が示す論点とずれています。;2:（2）の内容は、正答（4）「不法行為責任は、損害が発生していなくても常に成立する。」が示す論点とずれています。;3:（3）の内容は、正答（4）「不法行為責任は、損害が発生していなくても常に成立する。」が示す論点とずれています。,
419,single,民法,組合せ;民法;不動産登記法,不動産登記に関する次の記述のうち、民法及び不動産登記法の考え方によれば、正しいものの組合せはどれか。ア 相続登記は、専有部分の権利者を明らかにし、管理費請求や総会通知の相手方確認にも関係することがある。イ 敷地権の登記がされた場合でも、専有部分と敷地権は常に別々に自由処分できる。ウ 不動産に関する物権の得喪及び変更は、原則として登記をしなければ第三者に対抗することができない。エ 不動産を取得した者は、登記がなくても常にすべての第三者に対抗できる。,,,,,,アとイ,アとウ,イとエ,ウとエ,2,正解は2（アとウ）。ア（正しい）　相続登記は管理実務にも影響する。イ（誤り）　敷地権登記がある場合、分離処分が制限される。ウ（正しい）　不動産物権変動は登記が対抗要件となる。エ（誤り）　登記がなければ対抗できない第三者がいる。したがって、正しいものの組合せはアとウである。,正解は2（アとウ）。ア（正しい）　相続登記は管理実務にも影響する。イ（誤り）　敷地権登記がある場合、分離処分が制限される。ウ（正しい）　不動産物権変動は登記が対抗要件となる。エ（誤り）　登記がなければ対抗できない第三者がいる。したがって、正しいものの組合せはアとウである。,正解は2（アとウ）。ア（正しい）　相続登記は管理実務にも影響する。イ（誤り）　敷地権登記がある場合、分離処分が制限される。ウ（正しい）　不動産物権変動は登記が対抗要件となる。エ（誤り）　登記がなければ対抗できない第三者がいる。したがって、正しいものの組合せはアとウである。,1:（1）「アとイ」は正答（2）「アとウ」と異なる組合せです。 ア：正しい　相続登記は管理実務にも影響する。 イ：誤り　敷地権登記がある場合、分離処分が制限される。;3:（3）「イとエ」は正答（2）「アとウ」と異なる組合せです。 イ：誤り　敷地権登記がある場合、分離処分が制限される。 エ：誤り　登記がなければ対抗できない第三者がいる。;4:（4）「ウとエ」は正答（2）「アとウ」と異なる組合せです。 ウ：正しい　不動産物権変動は登記が対抗要件となる。 エ：誤り　登記がなければ対抗できない第三者がいる。,
420,single,マンション管理適正化法,誤り選択;マンション管理適正化法;5問免除,マンション管理士に関する次の記述のうち、マンション管理適正化法の定めによれば、内容が正確でないものはどれか。,,,,,,マンション管理士は、専門的知識をもって管理組合等の相談に応じ、助言、指導その他の援助を行う。,マンション管理士は、登録を受けなくても名称を自由に使用できる。,マンション管理士には、信用失墜行為の禁止が課されている。,マンション管理士には、業務上知り得た秘密を正当な理由なく漏らしてはならない義務がある。,2,正解は2。選択肢1（正しい）　マンション管理士の業務内容である。本肢の記述は正当である。選択肢2（誤り）　名称使用には登録が必要である。本肢の記述は誤りである。選択肢3（正しい）　マンション管理士には信用保持義務がある。本肢の記述は正当である。選択肢4（正しい）　マンション管理士には秘密保持義務がある。本肢の記述は正当である。,選択肢2（誤り）　名称使用には登録が必要である。,選択肢2（誤り）　名称使用には登録が必要である。,1:（1）の内容は、正答（2）「マンション管理士は、登録を受けなくても名称を自由に使用できる。」が示す論点とずれています。;3:（3）の内容は、正答（2）「マンション管理士は、登録を受けなくても名称を自由に使用できる。」が示す論点とずれています。;4:選択肢（4）「マンション管理士には、業務上知り得た秘密を正当な理由なく漏らしてはならない義務がある。,
421,single,マンション管理適正化法,正解選択;マンション管理適正化法;5問免除,マンション管理業者に関する次の記述のうち、マンション管理適正化法の定めによれば、内容が正確なものはどれか。,,,,,,マンション管理業者は、管理組合の資金を自己の運転資金として自由に流用できる。,重要事項説明書は、白紙で交付すれば常に足りる。,マンション管理業者は、登録を受けなくても常に自由に管理業を営むことができる。,マンション管理業者は、管理受託契約の締結前に重要事項説明を行う必要がある場合がある。,4,正解は4。選択肢1（誤り）　管理組合財産は分別管理が必要である。本肢の記述は誤りである。選択肢2（誤り）　法定事項を記載して説明する必要がある。本肢の記述は誤りである。選択肢3（誤り）　マンション管理業には登録が必要である。本肢の記述は誤りである。選択肢4（正しい）　重要事項説明制度がある。本肢の記述は正当である。,選択肢4（正しい）　重要事項説明制度がある。,選択肢4（正しい）　重要事項説明制度がある。,1:（1）の内容は、正答（4）「マンション管理業者は、管理受託契約の締結前に重要事項説明を行う必要がある場合がある。」が示す論点とずれています。;2:（2）の内容は、正答（4）「マンション管理業者は、管理受託契約の締結前に重要事項説明を行う必要がある場合がある。」が示す論点とずれています。;3:（3）の内容は、正答（4）「マンション管理業者は、管理受託契約の締結前に重要事項説明を行う必要がある場合がある。」が示す論点とずれています。,
422,single,マンション管理適正化法,誤り選択;マンション管理適正化法;5問免除,管理業務主任者に関する次の記述のうち、マンション管理適正化法の定めによれば、内容が正確でないものはどれか。,,,,,,管理業務主任者は、重要事項説明を行う際に管理業務主任者証を提示する必要がある。,管理業務主任者は、管理受託契約に関する重要事項説明に関与する資格者である。,マンション管理業者は、事務所ごとに一定数の成年者である専任の管理業務主任者を置く必要がある。,管理業務主任者は、管理事務報告や重要事項説明と一切関係しない。,4,正解は4。選択肢1（正しい）　重要事項説明時の主任者証提示が必要である。本肢の記述は正当である。選択肢2（正しい）　管理業務主任者は重要事項説明に関与する。本肢の記述は正当である。選択肢3（正しい）　事務所ごとの専任主任者設置が必要である。本肢の記述は正当である。選択肢4（誤り）　管理業務主任者は重要事項説明等に関与する。本肢の記述は誤りである。,選択肢4（誤り）　管理業務主任者は重要事項説明等に関与する。,選択肢4（誤り）　管理業務主任者は重要事項説明等に関与する。,1:（1）の内容は、正答（4）「管理業務主任者は、管理事務報告や重要事項説明と一切関係しない。」が示す論点とずれています。;2:（2）の内容は、正答（4）「管理業務主任者は、管理事務報告や重要事項説明と一切関係しない。」が示す論点とずれています。;3:（3）の内容は、正答（4）「管理業務主任者は、管理事務報告や重要事項説明と一切関係しない。」が示す論点とずれています。,
423,single,マンション管理適正化法,正解選択;マンション管理適正化法;5問免除,管理計画認定制度に関する次の記述のうち、マンション管理適正化法の考え方によれば、内容が正確なものはどれか。,,,,,,管理計画認定は、各住戸の壁紙の色だけを認定する制度である。,管理計画認定制度は、マンションの管理計画が一定の基準に適合する場合に、地方公共団体から認定を受けることができる制度である。,管理計画認定を受ければ、以後長期修繕計画を一切見直す必要がなくなる。,管理計画認定では、修繕積立金や長期修繕計画は一切確認されない。,2,正解は2。選択肢1（誤り）　管理組合の管理計画を認定する制度である。本肢の記述は誤りである。選択肢2（正しい）　管理計画認定制度の基本である。本肢の記述は正当である。選択肢3（誤り）　認定後も継続的な管理・見直しが必要である。本肢の記述は誤りである。選択肢4（誤り）　修繕積立金や長期修繕計画は重要な確認事項である。本肢の記述は誤りである。,選択肢2（正しい）　管理計画認定制度の基本である。,選択肢2（正しい）　管理計画認定制度の基本である。,1:（1）の内容は、正答（2）「管理計画認定制度は、マンションの管理計画が一定の基準に適合する場合に、地方公共団体から認定を受けることができる制…」が示す論点とずれています。;3:（3）の内容は、正答（2）「管理計画認定制度は、マンションの管理計画が一定の基準に適合する場合に、地方公共団体から認定を受けることができる制…」が示す論点とずれています。;4:正答の解説と、主体・手続・効果のいずれかが一致していません。 選択肢（4）「管理計画認定では、修繕積立金や長期修繕計画は一切確認されない。」は本問の正答（2）とは異なるため不適です。,
424,single,標準管理委託契約書,誤り選択;標準管理委託契約書,マンション標準管理委託契約書に関する次の記述のうち、内容が正確でないものはどれか。,,,,,,管理業者が一部業務を専門業者に委託する場合でも、責任や報告体制を明確にしておくことが重要である。,管理委託契約は、契約期間や委託業務費を定める必要がなく、白紙で締結すれば足りる。,契約更新時には、業務内容、委託費、業務実績、重要事項説明を確認することが重要である。,管理委託契約では、管理事務の内容、委託業務費、契約期間などを明確に定めることが重要である。,2,正解は2。選択肢1（正しい）　再委託時も責任と報告体制が重要である。本肢の記述は正当である。選択肢2（誤り）　契約内容を明確にする必要がある。本肢の記述は誤りである。選択肢3（正しい）　更新時には条件確認が重要である。本肢の記述は正当である。選択肢4（正しい）　契約内容の明確化が重要である。本肢の記述は正当である。,選択肢2（誤り）　契約内容を明確にする必要がある。,選択肢2（誤り）　契約内容を明確にする必要がある。,1:（1）の内容は、正答（2）「管理委託契約は、契約期間や委託業務費を定める必要がなく、白紙で締結すれば足りる。」が示す論点とずれています。;3:（3）の内容は、正答（2）「管理委託契約は、契約期間や委託業務費を定める必要がなく、白紙で締結すれば足りる。」が示す論点とずれています。;4:（4）の内容は、正答（2）「管理委託契約は、契約期間や委託業務費を定める必要がなく、白紙で締結すれば足りる。」が示す論点とずれています。,
425,single,会計,正解選択;会計,管理組合の会計に関する次の記述のうち、一般的な会計処理の考え方によれば、内容が正確なものはどれか。,,,,,,予備費は、理事長の個人的な旅行費用に自由に使うための費目である。,預金残高が合っていれば、収支計算書や貸借対照表を作成する必要は一切ない。,管理組合の資金は、役員個人の生活費と自由に混同してよい。,銀行印、通帳、キャッシュカード等は、内部統制の観点から保管者や使用手続を明確にすることが重要である。,4,正解は4。選択肢1（誤り）　予備費は私的支出に使う費目ではない。本肢の記述は誤りである。選択肢2（誤り）　収支状況や財産状態を明らかにする資料が必要である。本肢の記述は誤りである。選択肢3（誤り）　組合資金と個人資金を混同してはならない。本肢の記述は誤りである。選択肢4（正しい）　資金管理では内部統制が重要である。本肢の記述は正当である。,選択肢4（正しい）　資金管理では内部統制が重要である。,選択肢4（正しい）　資金管理では内部統制が重要である。,1:（1）の内容は、正答（4）「銀行印、通帳、キャッシュカード等は、内部統制の観点から保管者や使用手続を明確にすることが重要である。」が示す論点とずれています。;2:正答の解説と、主体・手続・効果のいずれかが一致していません。 選択肢（2）「預金残高が合っていれば、収支計算書や貸借対照表を作成する必要は一切ない。」は本問の正答（4）とは異なるため不適です。;3:（3）の内容は、正答（4）「銀行印、通帳、キャッシュカード等は、内部統制の観点から保管者や使用手続を明確にすることが重要である。」が示す論点とずれています。,
426,single,税務,誤り選択;税務;会計,管理組合の税務に関する次の記述のうち、一般的な税務の考え方によれば、内容が正確でないものはどれか。,,,,,,携帯電話基地局設置料など外部からの収入については、収益事業に該当するか等により法人税等の課税関係が問題となることがある。,管理組合が外部に駐車場を貸し付けるなど対価性のある取引を行う場合、消費税の課税関係が問題となることがある。,組合員から徴収する管理費や修繕積立金と外部収入は、性質を区別して検討することが重要である。,管理組合が得る外部収入は、どのような内容でも税務上検討する必要が一切ない。,4,正解は4。選択肢1（正しい）　外部収入は収益事業該当性が問題となる。本肢の記述は正当である。選択肢2（正しい）　外部取引では消費税が問題となる場合がある。本肢の記述は正当である。選択肢3（正しい）　内部負担金と外部収入を区別することが重要である。本肢の記述は正当である。選択肢4（誤り）　外部収入には税務検討が必要な場合がある。本肢の記述は誤りである。,選択肢4（誤り）　外部収入には税務検討が必要な場合がある。,選択肢4（誤り）　外部収入には税務検討が必要な場合がある。,1:（1）の内容は、正答（4）「管理組合が得る外部収入は、どのような内容でも税務上検討する必要が一切ない。」が示す論点とずれています。;2:（2）の内容は、正答（4）「管理組合が得る外部収入は、どのような内容でも税務上検討する必要が一切ない。」が示す論点とずれています。;3:（3）の内容は、正答（4）「管理組合が得る外部収入は、どのような内容でも税務上検討する必要が一切ない。」が示す論点とずれています。,
427,single,建築基準法,正解選択;建築基準法,建築基準法に関する次の記述のうち、内容が正確なものはどれか。,,,,,,建築確認は、建築主の好みの外観色だけを審査する手続である。,建築確認は、建築計画が建築基準関係規定に適合するかを確認する手続である。,建蔽率は、建築物の高さを敷地面積で割った割合である。,建築基準法は、最高級の内装デザインだけを定める法律である。,2,正解は2。選択肢1（誤り）　建築確認は建築基準関係規定への適合を確認する。本肢の記述は誤りである。選択肢2（正しい）　建築確認は法令適合性を確認する手続である。本肢の記述は正当である。選択肢3（誤り）　建蔽率は建築面積の敷地面積に対する割合である。本肢の記述は誤りである。選択肢4（誤り）　建築基準法は敷地・構造・設備・用途等の最低基準を定める。本肢の記述は誤りである。,選択肢2（正しい）　建築確認は法令適合性を確認する手続である。,選択肢2（正しい）　建築確認は法令適合性を確認する手続である。,1:（1）の内容は、正答（2）「建築確認は、建築計画が建築基準関係規定に適合するかを確認する手続である。」が示す論点とずれています。;3:（3）の内容は、正答（2）「建築確認は、建築計画が建築基準関係規定に適合するかを確認する手続である。」が示す論点とずれています。;4:根拠の記述が異なります。解説では「建築確認は法」が根拠ですが、（4）は「内装デザインだけを定める法」を根拠とする内容です。,
428,single,都市計画法,いくつあるか;都市計画法;建築基準法,都市計画法又は建築基準法に関する次の記述のうち、正しいものはいくつあるか。ア 用途地域ごとに、建築できる建築物の用途や建蔽率、容積率等の制限が異なる。イ 市街化区域は、すでに市街地を形成している区域及びおおむね10年以内に優先的かつ計画的に市街化を図るべき区域である。ウ 容積率は、建築面積の敷地面積に対する割合である。エ 市街化調整区域は、市街化を抑制すべき区域である。,,,,,,一つ,二つ,三つ,四つ,3,正解は3（三つ）。ア（正しい）　用途地域に応じて建築制限が異なる。イ（正しい）　市街化区域の定義である。ウ（誤り）　容積率は延べ面積の敷地面積に対する割合である。エ（正しい）　市街化調整区域は市街化抑制区域である。したがって、正しいものは三つである。,正解は3（三つ）。ア（正しい）　用途地域に応じて建築制限が異なる。イ（正しい）　市街化区域の定義である。ウ（誤り）　容積率は延べ面積の敷地面積に対する割合である。エ（正しい）　市街化調整区域は市街化抑制区域である。したがって、正しいものは三つである。,正解は3（三つ）。ア（正しい）　用途地域に応じて建築制限が異なる。イ（正しい）　市街化区域の定義である。ウ（誤り）　容積率は延べ面積の敷地面積に対する割合である。エ（正しい）　市街化調整区域は市街化抑制区域である。したがって、正しいものは三つである。,1:（1）「一つ」は、単独の記述としては法令上妥当な場合がありますが、本問で選ぶべき正答は（3）「三つ」です。問題文の条件（都市計画法又は建築基準法に関する次の記述のうち、正しいものはいくつあるか。ア 用途地域ごとに、建…）と照らし、設問が問う論点に合う肢を選び直してください。;2:（2）「二つ」は、単独の記述としては法令上妥当な場合がありますが、本問で選ぶべき正答は（3）「三つ」です。問題文の条件（都市計画法又は建築基準法に関する次の記述のうち、正しいものはいくつあるか。ア 用途地域ごとに、建…）と照らし、設問が問う論点に合う肢を選び直してください。;4:（4）「四つ」は、単独の記述としては法令上妥当な場合がありますが、本問で選ぶべき正答は（3）「三つ」です。問題文の条件（都市計画法又は建築基準法に関する次の記述のうち、正しいものはいくつあるか。ア 用途地域ごとに、建…）と照らし、設問が問う論点に合う肢を選び直してください。,
429,single,マンション建替え等円滑化法,誤り選択;マンション建替え等円滑化法,マンション建替え等円滑化法に関する次の記述のうち、内容が正確でないものはどれか。,,,,,,マンション建替組合は、マンション建替事業を実施するための法人である。,建替え事業では、権利変換計画など区分所有者等の権利調整に関する手続が問題となる。,マンション建替え等円滑化法は、戸建住宅の庭木だけを売却する制度である。,耐震性不足等のマンションでは、除却や敷地売却に関する制度が問題となる場合がある。,3,正解は3。選択肢1（正しい）　建替組合は建替事業の実施主体である。本肢の記述は正当である。選択肢2（正しい）　権利変換計画が重要である。本肢の記述は正当である。選択肢3（誤り）　マンションの建替え等を円滑に進めるための法律である。本肢の記述は誤りである。選択肢4（正しい）　耐震性不足等では敷地売却制度等が問題となる。本肢の記述は正当である。,選択肢3（誤り）　マンションの建替え等を円滑に進めるための法律である。,選択肢3（誤り）　マンションの建替え等を円滑に進めるための法律である。,1:根拠の記述が異なります。解説では「え等を円滑に進めるための法」が根拠ですが、（1）は「建替事業を実施するための法」を根拠とする内容です。;2:（2）の内容は、正答（3）「マンション建替え等円滑化法は、戸建住宅の庭木だけを売却する制度である。」が示す論点とずれています。;4:（4）の内容は、正答（3）「マンション建替え等円滑化法は、戸建住宅の庭木だけを売却する制度である。」が示す論点とずれています。,
430,single,建物・設備,誤り選択;建物・設備,マンションの給排水設備に関する次の記述のうち、内容が正確でないものはどれか。,,,,,,排水管の詰まりや腐食は、漏水、悪臭、排水不良などの原因となることがある。,貯水槽水道では、受水槽の清掃、点検、水質管理などが衛生管理上重要となる。,受水槽方式では、水道本管から受水槽に水を受け、ポンプ等により各住戸へ給水する。,排水管は劣化しないため、清掃や点検は一切不要である。,4,正解は4。選択肢1（正しい）　排水管劣化は漏水等につながる。本肢の記述は正当である。選択肢2（正しい）　受水槽の衛生管理が重要である。本肢の記述は正当である。選択肢3（正しい）　受水槽方式の基本である。本肢の記述は正当である。選択肢4（誤り）　排水管も詰まりや劣化が生じる。本肢の記述は誤りである。,選択肢4（誤り）　排水管も詰まりや劣化が生じる。,選択肢4（誤り）　排水管も詰まりや劣化が生じる。,1:（1）の内容は、正答（4）「排水管は劣化しないため、清掃や点検は一切不要である。」が示す論点とずれています。;2:（2）の内容は、正答（4）「排水管は劣化しないため、清掃や点検は一切不要である。」が示す論点とずれています。;3:（3）の内容は、正答（4）「排水管は劣化しないため、清掃や点検は一切不要である。」が示す論点とずれています。,設備・維持保全は数値基準・点検周期・責任の所在がセットで出題されます。表や比較で整理し、他選択肢がどの要件（数値・主体・手続）とずれているかを確認してください。
431,single,建物・設備,正解選択;建物・設備,マンションの電気設備、消防用設備又は昇降機に関する次の記述のうち、内容が正確なものはどれか。,,,,,,誘導灯は、避難方向を示す設備ではなく、給水ポンプの作動状況だけを表示する設備である。,非常用照明や誘導灯は、停電時や避難時の安全確保に関係する設備である。,自動火災報知設備は、一度設置すれば点検も故障対応も不要である。,エレベーターは機械設備ではないため、摩耗や劣化が生じることはない。,2,正解は2。選択肢1（誤り）　誘導灯は避難誘導に関係する設備である。本肢の記述は誤りである。選択肢2（正しい）　非常用照明や誘導灯は避難安全に関係する。本肢の記述は正当である。選択肢3（誤り）　消防用設備等は維持管理が必要である。本肢の記述は誤りである。選択肢4（誤り）　エレベーターは機械設備であり保守が必要である。本肢の記述は誤りである。,選択肢2（正しい）　非常用照明や誘導灯は避難安全に関係する。,選択肢2（正しい）　非常用照明や誘導灯は避難安全に関係する。,1:（1）の内容は、正答（2）「非常用照明や誘導灯は、停電時や避難時の安全確保に関係する設備である。」が示す論点とずれています。;3:正答の解説と、主体・手続・効果のいずれかが一致していません。 選択肢（3）「自動火災報知設備は、一度設置すれば点検も故障対応も不要である。」は本問の正答（2）とは異なるため不適です。;4:正答の解説と、主体・手続・効果のいずれかが一致していません。 選択肢（4）「エレベーターは機械設備ではないため、摩耗や劣化が生じることはない。」は本問の正答（2）とは異なるため不適です。,設備・維持保全は数値基準・点検周期・責任の所在がセットで出題されます。表や比較で整理し、他選択肢がどの要件（数値・主体・手続）とずれているかを確認してください。
432,single,建物・設備,誤り選択;建物・設備;長期修繕計画,外壁又は防水に関する次の記述のうち、内容が正確でないものはどれか。,,,,,,タイルの浮きやひび割れは、落下事故や雨水浸入の原因となることがある。,外壁タイルは施工後一切劣化せず、打診調査の対象となることはない。,屋上防水層の劣化は、漏水の原因となることがある。,シーリング材は、外壁目地やサッシ周りなどの防水性に関係する。,2,正解は2。選択肢1（正しい）　外壁劣化は落下や漏水につながる。本肢の記述は正当である。選択肢2（誤り）　外壁タイルも浮きや剥落が生じる。本肢の記述は誤りである。選択肢3（正しい）　屋上防水劣化は漏水原因となる。本肢の記述は正当である。選択肢4（正しい）　シーリングは防水性に関係する。本肢の記述は正当である。,選択肢2（誤り）　外壁タイルも浮きや剥落が生じる。,選択肢2（誤り）　外壁タイルも浮きや剥落が生じる。,1:（1）の内容は、正答（2）「外壁タイルは施工後一切劣化せず、打診調査の対象となることはない。」が示す論点とずれています。;3:（3）の内容は、正答（2）「外壁タイルは施工後一切劣化せず、打診調査の対象となることはない。」が示す論点とずれています。;4:（4）の内容は、正答（2）「外壁タイルは施工後一切劣化せず、打診調査の対象となることはない。」が示す論点とずれています。,設備・維持保全は数値基準・点検周期・責任の所在がセットで出題されます。表や比較で整理し、他選択肢がどの要件（数値・主体・手続）とずれているかを確認してください。
433,single,長期修繕計画,正解選択;長期修繕計画,長期修繕計画に関する次の記述のうち、内容が正確なものはどれか。,,,,,,長期修繕計画は、翌月1か月分の清掃予定表を作成すれば足りる。,長期修繕計画は、修繕積立金の額の検討とは一切関係しない。,長期修繕計画は、新築時に一度作成すれば、以後永久に見直してはならない。,長期修繕計画は、修繕積立金の水準検討に活用される。,4,正解は4。選択肢1（誤り）　長期修繕計画は長期の修繕工事を見込むものである。本肢の記述は誤りである。選択肢2（誤り）　修繕積立金の検討と密接に関係する。本肢の記述は誤りである。選択肢3（誤り）　長期修繕計画は定期的に見直すことが重要である。本肢の記述は誤りである。選択肢4（正しい）　修繕積立金の検討資料となる。本肢の記述は正当である。,選択肢4（正しい）　修繕積立金の検討資料となる。,選択肢4（正しい）　修繕積立金の検討資料となる。,1:（1）の内容は、正答（4）「長期修繕計画は、修繕積立金の水準検討に活用される。」が示す論点とずれています。;2:正答の解説と、主体・手続・効果のいずれかが一致していません。 選択肢（2）「長期修繕計画は、修繕積立金の額の検討とは一切関係しない。」は本問の正答（4）とは異なるため不適です。;3:正答の解説と、主体・手続・効果のいずれかが一致していません。 選択肢（3）「長期修繕計画は、新築時に一度作成すれば、以後永久に見直してはならない。」は本問の正答（4）とは異なるため不適です。,
434,single,管理組合実務,誤り選択;管理組合実務;防災,管理組合の実務又は防災対応に関する次の記述のうち、内容が正確でないものはどれか。,,,,,,役員のなり手不足、総会未開催、修繕積立金不足は、管理不全につながる要因となることがある。,災害時に備えて、連絡体制、避難経路、防災備蓄、設備停止時の対応などを事前に検討しておくことが重要である。,居住者名簿、緊急連絡先、防犯カメラ映像等は、利用目的や閲覧権限を明確にして適切に管理することが重要である。,管理不全は、管理組合が存在する限り絶対に発生しない。,4,正解は4。選択肢1（正しい）　管理不全の要因となり得る。本肢の記述は正当である。選択肢2（正しい）　防災対応では事前準備が重要である。本肢の記述は正当である。選択肢3（正しい）　個人情報の適切な管理が重要である。本肢の記述は正当である。選択肢4（誤り）　管理組合があっても管理不全は起こり得る。本肢の記述は誤りである。,選択肢4（誤り）　管理組合があっても管理不全は起こり得る。,選択肢4（誤り）　管理組合があっても管理不全は起こり得る。,1:（1）の内容は、正答（4）「管理不全は、管理組合が存在する限り絶対に発生しない。」が示す論点とずれています。;2:（2）の内容は、正答（4）「管理不全は、管理組合が存在する限り絶対に発生しない。」が示す論点とずれています。;3:（3）の内容は、正答（4）「管理不全は、管理組合が存在する限り絶対に発生しない。」が示す論点とずれています。,
435,single,区分所有法,正解選択;区分所有法,管理者が滞納管理費の回収方針を検討している。この場合に関する次の記述のうち、内容が正確なものはどれか。,,,,,,規約又は集会決議により、管理者が区分所有者のために原告となって訴訟を追行できる場合がある。,管理者は、滞納者の専有部分を裁判手続なしに直ちに売却できる。,管理者は、滞納管理費の請求について一切関与できない。,滞納管理費は、区分所有法上の管理とは無関係である。,1,正解は1。選択肢1（正しい）　管理者の訴訟追行権は、規約又は集会決議に基づいて認められる場合がある。本肢の記述は正当である。選択肢2（誤り）　管理者にそのような当然の売却権限はない。本肢の記述は誤っている。選択肢3（誤り）　管理者が訴訟追行できる場合がある。本肢の記述は誤っている。選択肢4（誤り）　管理費等の回収は管理組合運営に関係する。本肢の記述は誤っている。,選択肢1（正しい）　管理者の訴訟追行権は、規約又は集会決議に基づいて認められる場合がある。,選択肢1（正しい）　管理者の訴訟追行権は、規約又は集会決議に基づいて認められる場合がある。,2:（2）の内容は、正答（1）「規約又は集会決議により、管理者が区分所有者のために原告となって訴訟を追行できる場合がある。」が示す論点とずれています。;3:正答の解説と、主体・手続・効果のいずれかが一致していません。 選択肢（3）「管理者は、滞納管理費の請求について一切関与できない。」は本問の正答（1）とは異なるため不適です。;4:（4）の内容は、正答（1）「規約又は集会決議により、管理者が区分所有者のために原告となって訴訟を追行できる場合がある。」が示す論点とずれています。,
436,single,区分所有法,誤り選択;区分所有法,規約改正案が一部の区分所有者に大きな不利益を与える可能性がある。この場合に関する次の記述のうち、内容が正確でないものはどれか。,,,,,,区分所有者は、全員で建物等の管理を行うための団体を構成する。,規約変更は、理事長の署名だけで常に成立する。,規約の設定、変更又は廃止には、原則として区分所有者及び議決権の各4分の3以上の多数が必要である。,管理者は、その職務に関し、区分所有者を代理する。,2,正解は2。選択肢1（正しい）　区分所有者全員で管理のための団体を構成する。本肢の記述は正当である。選択肢2（誤り）　法令又は標準的な管理実務の考え方と異なる。本肢の記述は誤りである。選択肢3（正しい）　規約変更等には特別多数決議が必要である。本肢の記述は正当である。選択肢4（正しい）　管理者には職務に関する代理権がある。本肢の記述は正当である。,選択肢2（誤り）　法令又は標準的な管理実務の考え方と異なる。,選択肢2（誤り）　法令又は標準的な管理実務の考え方と異なる。,1:（1）の内容は、正答（2）「規約変更は、理事長の署名だけで常に成立する。」が示す論点とずれています。;3:（3）の内容は、正答（2）「規約変更は、理事長の署名だけで常に成立する。」が示す論点とずれています。;4:（4）の内容は、正答（2）「規約変更は、理事長の署名だけで常に成立する。」が示す論点とずれています。,
437,single,区分所有法,正解選択;区分所有法,バルコニーの使用方法をめぐって管理組合が対応を検討している。この場合に関する次の記述のうち、内容が正確なものはどれか。,,,,,,専用使用権がある部分は、常に専有部分となる。,バルコニーの避難経路をふさぐ使用は、管理組合が一切問題にできない。,バルコニーは専用使用部分とされることが多いが、共用部分として管理上の制約を受けることがある。,専用使用部分には、規約や細則を適用できない。,3,正解は3。選択肢1（誤り）　専用使用権があっても当然に専有部分となるわけではない。本肢の記述は誤っている。選択肢2（誤り）　避難や共同利益の観点から問題となる。本肢の記述は誤っている。選択肢3（正しい）　専用使用部分でも共用部分としての管理制約がある。本肢の記述は正当である。選択肢4（誤り）　規約や細則で使用方法を定めることがある。本肢の記述は誤っている。,選択肢3（正しい）　専用使用部分でも共用部分としての管理制約がある。,選択肢3（正しい）　専用使用部分でも共用部分としての管理制約がある。,1:（1）の内容は、正答（3）「バルコニーは専用使用部分とされることが多いが、共用部分として管理上の制約を受けることがある。」が示す論点とずれています。;2:正答の解説と、主体・手続・効果のいずれかが一致していません。 選択肢（2）「バルコニーの避難経路をふさぐ使用は、管理組合が一切問題にできない。」は本問の正答（3）とは異なるため不適です。;4:正答の解説と、主体・手続・効果のいずれかが一致していません。 選択肢（4）「専用使用部分には、規約や細則を適用できない。」は本問の正答（3）とは異なるため不適です。,
438,single,区分所有法,誤り選択;区分所有法,占有者が騒音を発生させている場合に関する次の記述のうち、内容が正確でないものはどれか。,,,,,,区分所有者は、全員で建物等の管理を行うための団体を構成する。,規約の設定、変更又は廃止には、原則として区分所有者及び議決権の各4分の3以上の多数が必要である。,管理者は、その職務に関し、区分所有者を代理する。,占有者は区分所有者でないため、規約や使用細則を一切守る必要がない。,4,正解は4。選択肢1（正しい）　区分所有者全員で管理のための団体を構成する。本肢の記述は正当である。選択肢2（正しい）　規約変更等には特別多数決議が必要である。本肢の記述は正当である。選択肢3（正しい）　管理者には職務に関する代理権がある。本肢の記述は正当である。選択肢4（誤り）　法令又は標準的な管理実務の考え方と異なる。本肢の記述は誤りである。,選択肢4（誤り）　法令又は標準的な管理実務の考え方と異なる。,選択肢4（誤り）　法令又は標準的な管理実務の考え方と異なる。,1:（1）の内容は、正答（4）「占有者は区分所有者でないため、規約や使用細則を一切守る必要がない。」が示す論点とずれています。;2:（2）の内容は、正答（4）「占有者は区分所有者でないため、規約や使用細則を一切守る必要がない。」が示す論点とずれています。;3:（3）の内容は、正答（4）「占有者は区分所有者でないため、規約や使用細則を一切守る必要がない。」が示す論点とずれています。,
439,single,区分所有法,正解選択;区分所有法,管理組合法人が理事を選任する場合に関する次の記述のうち、内容が正確なものはどれか。,,,,,,管理組合法人には、理事及び監事を置かなければならない。,管理組合法人には理事を置くことができない。,管理組合法人には監事を置くことが禁止されている。,管理組合法人の理事は、名称だけの役職で事務執行と無関係である。,1,正解は1。選択肢1（正しい）　管理組合法人には理事と監事が必要である。本肢の記述は正当である。選択肢2（誤り）　理事を置く必要がある。本肢の記述は誤っている。選択肢3（誤り）　監事を置く必要がある。本肢の記述は誤っている。選択肢4（誤り）　理事は法人の事務執行に関係する。本肢の記述は誤っている。,選択肢1（正しい）　管理組合法人には理事と監事が必要である。,選択肢1（正しい）　管理組合法人には理事と監事が必要である。,2:正答の解説と、主体・手続・効果のいずれかが一致していません。 選択肢（2）「管理組合法人には理事を置くことができない。」は本問の正答（1）とは異なるため不適です。;3:（3）の内容は、正答（1）「管理組合法人には、理事及び監事を置かなければならない。」が示す論点とずれています。;4:（4）の内容は、正答（1）「管理組合法人には、理事及び監事を置かなければならない。」が示す論点とずれています。,
440,single,区分所有法,誤り選択;区分所有法,団地内の複数棟の管理方法を検討している。この場合に関する次の記述のうち、内容が正確でないものはどれか。,,,,,,区分所有者は、全員で建物等の管理を行うための団体を構成する。,団地内建物の一括建替えは、理事長が単独で実施できる。,規約の設定、変更又は廃止には、原則として区分所有者及び議決権の各4分の3以上の多数が必要である。,管理者は、その職務に関し、区分所有者を代理する。,2,正解は2。選択肢1（正しい）　区分所有者全員で管理のための団体を構成する。本肢の記述は正当である。選択肢2（誤り）　法令又は標準的な管理実務の考え方と異なる。本肢の記述は誤りである。選択肢3（正しい）　規約変更等には特別多数決議が必要である。本肢の記述は正当である。選択肢4（正しい）　管理者には職務に関する代理権がある。本肢の記述は正当である。,選択肢2（誤り）　法令又は標準的な管理実務の考え方と異なる。,選択肢2（誤り）　法令又は標準的な管理実務の考え方と異なる。,1:（1）の内容は、正答（2）「団地内建物の一括建替えは、理事長が単独で実施できる。」が示す論点とずれています。;3:（3）の内容は、正答（2）「団地内建物の一括建替えは、理事長が単独で実施できる。」が示す論点とずれています。;4:（4）の内容は、正答（2）「団地内建物の一括建替えは、理事長が単独で実施できる。」が示す論点とずれています。,
441,single,標準管理規約（単棟型）,正解選択;標準管理規約（単棟型）,理事会が大規模修繕工事の議案を準備している。この場合に関する次の記述のうち、内容が正確なものはどれか。,,,,,,理事会は、総会決議が必要な事項をすべて単独で最終決定できる。,理事会は、工事資料を組合員に一切示してはならない。,理事会は、総会に提出する議案を審議し、必要な資料を整えることがある。,理事会には、管理組合運営に関する役割がない。,3,正解は3。選択肢1（誤り）　総会決議事項は総会で決する必要がある。本肢の記述は誤っている。選択肢2（誤り）　資料提示は合意形成に重要である。本肢の記述は誤っている。選択肢3（正しい）　理事会は総会提出議案を準備する役割を担う。本肢の記述は正当である。選択肢4（誤り）　理事会は管理組合運営で重要な役割を担う。本肢の記述は誤っている。,選択肢3（正しい）　理事会は総会提出議案を準備する役割を担う。,選択肢3（正しい）　理事会は総会提出議案を準備する役割を担う。,1:（1）の内容は、正答（3）「理事会は、総会に提出する議案を審議し、必要な資料を整えることがある。」が示す論点とずれています。;2:正答の解説と、主体・手続・効果のいずれかが一致していません。 選択肢（2）「理事会は、工事資料を組合員に一切示してはならない。」は本問の正答（3）とは異なるため不適です。;4:正答の解説と、主体・手続・効果のいずれかが一致していません。 選択肢（4）「理事会には、管理組合運営に関する役割がない。」は本問の正答（3）とは異なるため不適です。,
442,single,標準管理規約（単棟型）,誤り選択;標準管理規約（単棟型）,監事が会計資料を確認する場面に関する次の記述のうち、内容が正確でないものはどれか。,,,,,,理事長は、管理組合を代表し、その業務を統括する。,監事は、管理組合の業務の執行及び財産の状況を監査する。,総会では、収支予算及び事業計画、収支決算及び事業報告などを審議する。,監事は、会計資料を見てはならない。,4,正解は4。選択肢1（正しい）　理事長は管理組合の代表者である。本肢の記述は正当である。選択肢2（正しい）　監事は業務と財産状況を監査する。本肢の記述は正当である。選択肢3（正しい）　予算・決算等は総会の重要事項である。本肢の記述は正当である。選択肢4（誤り）　法令又は標準的な管理実務の考え方と異なる。本肢の記述は誤りである。,選択肢4（誤り）　法令又は標準的な管理実務の考え方と異なる。,選択肢4（誤り）　法令又は標準的な管理実務の考え方と異なる。,1:（1）の内容は、正答（4）「監事は、会計資料を見てはならない。」が示す論点とずれています。;2:（2）の内容は、正答（4）「監事は、会計資料を見てはならない。」が示す論点とずれています。;3:（3）の内容は、正答（4）「監事は、会計資料を見てはならない。」が示す論点とずれています。,
443,single,標準管理規約（単棟型）,正解選択;標準管理規約（単棟型）,ペット飼育細則を定める場合に関する次の記述のうち、内容が正確なものはどれか。,,,,,,ペット飼育を認める場合でも、種類、頭数、共用部分での移動方法等を定めることがある。,ペット飼育は共同生活に影響しないため、細則で定めることは一切できない。,ペット飼育細則は、規約と矛盾しても常に優先する。,ペットによる迷惑防止を管理組合が検討することはできない。,1,正解は1。選択肢1（正しい）　共同生活秩序のため具体的ルールを定める。本肢の記述は正当である。選択肢2（誤り）　細則で具体的ルールを定めることがある。本肢の記述は誤っている。選択肢3（誤り）　細則は規約に反することはできない。本肢の記述は誤っている。選択肢4（誤り）　共同生活上の迷惑防止として検討できる。本肢の記述は誤っている。,選択肢1（正しい）　共同生活秩序のため具体的ルールを定める。,選択肢1（正しい）　共同生活秩序のため具体的ルールを定める。,2:正答の解説と、主体・手続・効果のいずれかが一致していません。 選択肢（2）「ペット飼育は共同生活に影響しないため、細則で定めることは一切できない。」は本問の正答（1）とは異なるため不適です。;3:（3）の内容は、正答（1）「ペット飼育を認める場合でも、種類、頭数、共用部分での移動方法等を定めることがある。」が示す論点とずれています。;4:正答の解説と、主体・手続・効果のいずれかが一致していません。 選択肢（4）「ペットによる迷惑防止を管理組合が検討することはできない。」は本問の正答（1）とは異なるため不適です。,
444,single,標準管理規約（団地型）,誤り選択;標準管理規約（団地型）,団地型管理規約の運用に関する次の記述のうち、内容が正確でないものはどれか。,,,,,,理事長は、管理組合を代表し、その業務を統括する。,団地型規約では、棟別の事情を考慮することが一切できない。,監事は、管理組合の業務の執行及び財産の状況を監査する。,総会では、収支予算及び事業計画、収支決算及び事業報告などを審議する。,2,正解は2。選択肢1（正しい）　理事長は管理組合の代表者である。本肢の記述は正当である。選択肢2（誤り）　法令又は標準的な管理実務の考え方と異なる。本肢の記述は誤りである。選択肢3（正しい）　監事は業務と財産状況を監査する。本肢の記述は正当である。選択肢4（正しい）　予算・決算等は総会の重要事項である。本肢の記述は正当である。,選択肢2（誤り）　法令又は標準的な管理実務の考え方と異なる。,選択肢2（誤り）　法令又は標準的な管理実務の考え方と異なる。,1:（1）の内容は、正答（2）「団地型規約では、棟別の事情を考慮することが一切できない。」が示す論点とずれています。;3:（3）の内容は、正答（2）「団地型規約では、棟別の事情を考慮することが一切できない。」が示す論点とずれています。;4:（4）の内容は、正答（2）「団地型規約では、棟別の事情を考慮することが一切できない。」が示す論点とずれています。,
445,single,標準管理規約（複合用途型）,正解選択;標準管理規約（複合用途型）,住宅と店舗が併存するマンションに関する次の記述のうち、内容が正確なものはどれか。,,,,,,住宅部分と店舗部分の利害は常に完全に一致する。,店舗の営業時間や騒音は、管理規約と一切関係しない。,用途に応じて管理費負担や使用ルールを整理することがある。,複合用途型では区分経理を検討してはならない。,3,正解は3。選択肢1（誤り）　用途により利害が異なることがある。本肢の記述は誤っている。選択肢2（誤り）　共同生活に影響する場合がある。本肢の記述は誤っている。選択肢3（正しい）　複合用途型では用途別の利害調整が必要となる。本肢の記述は正当である。選択肢4（誤り）　区分経理が検討される場合がある。本肢の記述は誤っている。,選択肢3（正しい）　複合用途型では用途別の利害調整が必要となる。,選択肢3（正しい）　複合用途型では用途別の利害調整が必要となる。,1:（1）の内容は、正答（3）「用途に応じて管理費負担や使用ルールを整理することがある。」が示す論点とずれています。;2:正答の解説と、主体・手続・効果のいずれかが一致していません。 選択肢（2）「店舗の営業時間や騒音は、管理規約と一切関係しない。」は本問の正答（3）とは異なるため不適です。;4:正答の解説と、主体・手続・効果のいずれかが一致していません。 選択肢（4）「複合用途型では区分経理を検討してはならない。」は本問の正答（3）とは異なるため不適です。,
446,single,民法,誤り選択;民法,管理組合が工事請負契約を締結する場面に関する次の記述のうち、内容が正確でないものはどれか。,,,,,,共有物の保存行為は、各共有者がすることができる。,賃借人は、賃貸人の承諾を得なければ、賃借権を譲渡し又は転貸することができない。,請負は、仕事の完成と報酬の支払を内容とする契約である。,請負契約は、報酬の支払と無関係である。,4,正解は4。選択肢1（正しい）　保存行為は各共有者ができる。本肢の記述は正当である。選択肢2（正しい）　譲渡・転貸には賃貸人の承諾が必要である。本肢の記述は正当である。選択肢3（正しい）　請負契約は仕事完成と報酬支払を内容とする。本肢の記述は正当である。選択肢4（誤り）　法令又は標準的な管理実務の考え方と異なる。本肢の記述は誤りである。,選択肢4（誤り）　法令又は標準的な管理実務の考え方と異なる。,選択肢4（誤り）　法令又は標準的な管理実務の考え方と異なる。,1:（1）の内容は、正答（4）「請負契約は、報酬の支払と無関係である。」が示す論点とずれています。;2:正答の解説と、主体・手続・効果のいずれかが一致していません。 選択肢（2）「賃借人は、賃貸人の承諾を得なければ、賃借権を譲渡し又は転貸することができない。」は本問の正答（4）とは異なるため不適です。;3:（3）の内容は、正答（4）「請負契約は、報酬の支払と無関係である。」が示す論点とずれています。,
447,single,民法,正解選択;民法,管理組合が第三者に損害賠償を請求する場面に関する次の記述のうち、内容が正確なものはどれか。,,,,,,故意又は過失によって他人の権利又は法律上保護される利益を侵害した者は、損害賠償責任を負う。,損害が発生しなくても、不法行為責任は常に成立する。,故意又は過失は、不法行為で一切問題とならない。,共用部分の事故は、損害賠償と常に無関係である。,1,正解は1。選択肢1（正しい）　不法行為責任の基本である。本肢の記述は正当である。選択肢2（誤り）　損害の発生が必要である。本肢の記述は誤っている。選択肢3（誤り）　故意又は過失が問題となる。本肢の記述は誤っている。選択肢4（誤り）　事故状況により責任が問題となる。本肢の記述は誤っている。,選択肢1（正しい）　不法行為責任の基本である。,選択肢1（正しい）　不法行為責任の基本である。,2:（2）の内容は、正答（1）「故意又は過失によって他人の権利又は法律上保護される利益を侵害した者は、損害賠償責任を負う。」が示す論点とずれています。;3:正答の解説と、主体・手続・効果のいずれかが一致していません。 選択肢（3）「故意又は過失は、不法行為で一切問題とならない。」は本問の正答（1）とは異なるため不適です。;4:（4）の内容は、正答（1）「故意又は過失によって他人の権利又は法律上保護される利益を侵害した者は、損害賠償責任を負う。」が示す論点とずれています。,
448,single,民法,誤り選択;民法;不動産登記法,専有部分の売買と登記に関する次の記述のうち、内容が正確でないものはどれか。,,,,,,共有物の保存行為は、各共有者がすることができる。,区分建物では、敷地権の登記が問題となることはない。,賃借人は、賃貸人の承諾を得なければ、賃借権を譲渡し又は転貸することができない。,請負は、仕事の完成と報酬の支払を内容とする契約である。,2,正解は2。選択肢1（正しい）　保存行為は各共有者ができる。本肢の記述は正当である。選択肢2（誤り）　法令又は標準的な管理実務の考え方と異なる。本肢の記述は誤りである。選択肢3（正しい）　譲渡・転貸には賃貸人の承諾が必要である。本肢の記述は正当である。選択肢4（正しい）　請負契約は仕事完成と報酬支払を内容とする。本肢の記述は正当である。,選択肢2（誤り）　法令又は標準的な管理実務の考え方と異なる。,選択肢2（誤り）　法令又は標準的な管理実務の考え方と異なる。,1:（1）の内容は、正答（2）「区分建物では、敷地権の登記が問題となることはない。」が示す論点とずれています。;3:正答の解説と、主体・手続・効果のいずれかが一致していません。 選択肢（3）「賃借人は、賃貸人の承諾を得なければ、賃借権を譲渡し又は転貸することができない。」は本問の正答（2）とは異なるため不適です。;4:（4）の内容は、正答（2）「区分建物では、敷地権の登記が問題となることはない。」が示す論点とずれています。,
449,single,マンション管理適正化法,正解選択;マンション管理適正化法;5問免除,管理業務主任者が重要事項説明を行う場面に関する次の記述のうち、内容が正確なものはどれか。,,,,,,管理業務主任者証は、どのような場合でも提示不要である。,重要事項説明は、管理業務主任者でない者が自由に行えば足りる。,管理業務主任者は、重要事項説明を行う際、管理業務主任者証を提示する必要がある。,管理業務主任者は、管理受託契約と無関係である。,3,正解は3。選択肢1（誤り）　重要事項説明時には提示が必要である。本肢の記述は誤っている。選択肢2（誤り）　管理業務主任者が関与する必要がある。本肢の記述は誤っている。選択肢3（正しい）　主任者証の提示が必要である。本肢の記述は正当である。選択肢4（誤り）　管理受託契約の説明等に関与する。本肢の記述は誤っている。,選択肢3（正しい）　主任者証の提示が必要である。,選択肢3（正しい）　主任者証の提示が必要である。,1:正答の解説と、主体・手続・効果のいずれかが一致していません。 選択肢（1）「管理業務主任者証は、どのような場合でも提示不要である。」は本問の正答（3）とは異なるため不適です。;2:正答の解説と、主体・手続・効果のいずれかが一致していません。 選択肢（2）「重要事項説明は、管理業務主任者でない者が自由に行えば足りる。」は本問の正答（3）とは異なるため不適です。;4:（4）の内容は、正答（3）「管理業務主任者は、重要事項説明を行う際、管理業務主任者証を提示する必要がある。」が示す論点とずれています。,
450,single,マンション管理適正化法,誤り選択;マンション管理適正化法;5問免除,管理計画認定を申請する管理組合に関する次の記述のうち、内容が正確でないものはどれか。,,,,,,マンション管理士は、管理組合等の相談に応じ、助言、指導その他の援助を行う。,マンション管理業者には、登録制度が設けられている。,管理業務主任者は、管理受託契約に関する重要事項説明に関与する。,管理計画認定は、各住戸の壁紙の色だけを認定する制度である。,4,正解は4。選択肢1（正しい）　マンション管理士の基本的業務である。本肢の記述は正当である。選択肢2（正しい）　マンション管理業には登録制度がある。本肢の記述は正当である。選択肢3（正しい）　管理業務主任者は重要事項説明に関与する。本肢の記述は正当である。選択肢4（誤り）　法令又は標準的な管理実務の考え方と異なる。本肢の記述は誤りである。,選択肢4（誤り）　法令又は標準的な管理実務の考え方と異なる。,選択肢4（誤り）　法令又は標準的な管理実務の考え方と異なる。,1:（1）の内容は、正答（4）「管理計画認定は、各住戸の壁紙の色だけを認定する制度である。」が示す論点とずれています。;2:（2）の内容は、正答（4）「管理計画認定は、各住戸の壁紙の色だけを認定する制度である。」が示す論点とずれています。;3:（3）の内容は、正答（4）「管理計画認定は、各住戸の壁紙の色だけを認定する制度である。」が示す論点とずれています。,
451,single,標準管理委託契約書,正解選択;標準管理委託契約書,管理委託契約の更新を検討する場面に関する次の記述のうち、内容が正確なものはどれか。,,,,,,契約更新時には、業務内容、委託費、業務実績、契約期間を確認することが重要である。,管理委託契約は、満了後も確認なしに永久に同一条件で続く。,管理委託契約では、委託費を記載してはならない。,管理業者は、総会決議を自由に代替できる。,1,正解は1。選択肢1（正しい）　更新時は契約条件の確認が重要である。本肢の記述は正当である。選択肢2（誤り）　契約期間と更新手続の確認が必要である。本肢の記述は誤っている。選択肢3（誤り）　委託費は重要な契約事項である。本肢の記述は誤っている。選択肢4（誤り）　管理業者は意思決定機関ではない。本肢の記述は誤っている。,選択肢1（正しい）　更新時は契約条件の確認が重要である。,選択肢1（正しい）　更新時は契約条件の確認が重要である。,2:（2）の内容は、正答（1）「契約更新時には、業務内容、委託費、業務実績、契約期間を確認することが重要である。」が示す論点とずれています。;3:正答の解説と、主体・手続・効果のいずれかが一致していません。 選択肢（3）「管理委託契約では、委託費を記載してはならない。」は本問の正答（1）とは異なるため不適です。;4:（4）の内容は、正答（1）「契約更新時には、業務内容、委託費、業務実績、契約期間を確認することが重要である。」が示す論点とずれています。,
452,single,会計,誤り選択;会計,修繕積立金会計の処理に関する次の記述のうち、内容が正確でないものはどれか。,,,,,,管理費会計と修繕積立金会計は、目的に応じて区分して経理することが重要である。,修繕積立金は、必ず日常清掃費だけに使わなければならない。,未収管理費は、滞納状況を把握できるよう管理することが重要である。,収支予算案及び事業計画案は、総会で承認を受けることにより年度運営の基礎となる。,2,正解は2。選択肢1（正しい）　目的別の区分経理が重要である。本肢の記述は正当である。選択肢2（誤り）　法令又は標準的な管理実務の考え方と異なる。本肢の記述は誤りである。選択肢3（正しい）　未収金管理は重要である。本肢の記述は正当である。選択肢4（正しい）　予算と事業計画は年度運営の基礎である。本肢の記述は正当である。,選択肢2（誤り）　法令又は標準的な管理実務の考え方と異なる。,選択肢2（誤り）　法令又は標準的な管理実務の考え方と異なる。,1:（1）の内容は、正答（2）「修繕積立金は、必ず日常清掃費だけに使わなければならない。」が示す論点とずれています。;3:（3）の内容は、正答（2）「修繕積立金は、必ず日常清掃費だけに使わなければならない。」が示す論点とずれています。;4:（4）の内容は、正答（2）「修繕積立金は、必ず日常清掃費だけに使わなければならない。」が示す論点とずれています。,
453,single,税務,正解選択;税務;会計,外部貸し駐車場収入に関する次の記述のうち、内容が正確なものはどれか。,,,,,,外部収入は、どのような場合でも税務上検討不要である。,管理費と外部収入は、性質を区別してはならない。,管理組合が外部に駐車場を貸す場合、法人税や消費税の課税関係が問題となることがある。,税務処理は、管理組合会計と完全に無関係である。,3,正解は3。選択肢1（誤り）　外部収入は課税関係が問題となることがある。本肢の記述は誤っている。選択肢2（誤り）　性質を区別して検討する。本肢の記述は誤っている。選択肢3（正しい）　外部収入は税務上の検討が必要となる場合がある。本肢の記述は正当である。選択肢4（誤り）　会計処理と税務検討は関係する。本肢の記述は誤っている。,選択肢3（正しい）　外部収入は税務上の検討が必要となる場合がある。,選択肢3（正しい）　外部収入は税務上の検討が必要となる場合がある。,1:正答の解説と、主体・手続・効果のいずれかが一致していません。 選択肢（1）「外部収入は、どのような場合でも税務上検討不要である。」は本問の正答（3）とは異なるため不適です。;2:正答の解説と、主体・手続・効果のいずれかが一致していません。 選択肢（2）「管理費と外部収入は、性質を区別してはならない。」は本問の正答（3）とは異なるため不適です。;4:（4）の内容は、正答（3）「管理組合が外部に駐車場を貸す場合、法人税や消費税の課税関係が問題となることがある。」が示す論点とずれています。,
454,single,建築基準法,誤り選択;建築基準法,定期報告制度に関する次の記述のうち、内容が正確でないものはどれか。,,,,,,建築基準法は、建築物の敷地、構造、設備及び用途に関する最低の基準を定める。,建築確認は、建築計画が建築基準関係規定に適合するかを確認する手続である。,一定の建築物や建築設備は、定期報告の対象となる場合がある。,定期報告では、建物の用途や規模を確認してはならない。,4,正解は4。選択肢1（正しい）　建築基準法は最低基準を定める。本肢の記述は正当である。選択肢2（正しい）　建築確認は法令適合性の確認手続である。本肢の記述は正当である。選択肢3（正しい）　定期報告制度が問題となる場合がある。本肢の記述は正当である。選択肢4（誤り）　法令又は標準的な管理実務の考え方と異なる。本肢の記述は誤りである。,選択肢4（誤り）　法令又は標準的な管理実務の考え方と異なる。,選択肢4（誤り）　法令又は標準的な管理実務の考え方と異なる。,1:（1）の内容は、正答（4）「定期報告では、建物の用途や規模を確認してはならない。」が示す論点とずれています。;2:（2）の内容は、正答（4）「定期報告では、建物の用途や規模を確認してはならない。」が示す論点とずれています。;3:（3）の内容は、正答（4）「定期報告では、建物の用途や規模を確認してはならない。」が示す論点とずれています。,
455,single,都市計画法,正解選択;都市計画法;建築基準法,用途地域内のマンション建築に関する次の記述のうち、内容が正確なものはどれか。,,,,,,用途地域ごとに、建築できる建築物の用途、建蔽率、容積率等の制限が異なる。,用途地域は、建築物の用途制限と一切関係しない。,容積率は、建築面積の敷地面積に対する割合である。,市街化調整区域は、市街化を促進する区域である。,1,正解は1。選択肢1（正しい）　用途地域ごとに建築制限が異なる。本肢の記述は正当である。選択肢2（誤り）　用途地域は用途制限と関係する。本肢の記述は誤っている。選択肢3（誤り）　容積率は延べ面積の敷地面積に対する割合である。本肢の記述は誤っている。選択肢4（誤り）　市街化調整区域は市街化を抑制する区域である。本肢の記述は誤っている。,選択肢1（正しい）　用途地域ごとに建築制限が異なる。,選択肢1（正しい）　用途地域ごとに建築制限が異なる。,2:正答の解説と、主体・手続・効果のいずれかが一致していません。 選択肢（2）「用途地域は、建築物の用途制限と一切関係しない。」は本問の正答（1）とは異なるため不適です。;3:（3）の内容は、正答（1）「用途地域ごとに、建築できる建築物の用途、建蔽率、容積率等の制限が異なる。」が示す論点とずれています。;4:（4）の内容は、正答（1）「用途地域ごとに、建築できる建築物の用途、建蔽率、容積率等の制限が異なる。」が示す論点とずれています。,
456,single,建物・設備,誤り選択;建物・設備,給排水設備の維持管理に関する次の記述のうち、内容が正確でないものはどれか。,,,,,,給水管や排水管は、経年により劣化し、漏水や詰まりの原因となることがある。,排水管は劣化しないため、清掃や点検は一切不要である。,消防用設備等は、定期的な点検及び報告が必要となる場合がある。,エレベーターは、安全に利用できるよう定期的な点検や保守が重要である。,2,正解は2。選択肢1（正しい）　給排水管は劣化する。本肢の記述は正当である。選択肢2（誤り）　法令又は標準的な管理実務の考え方と異なる。本肢の記述は誤りである。選択肢3（正しい）　消防用設備は点検・報告が必要となる。本肢の記述は正当である。選択肢4（正しい）　昇降機の保守点検は安全に関係する。本肢の記述は正当である。,選択肢2（誤り）　法令又は標準的な管理実務の考え方と異なる。,選択肢2（誤り）　法令又は標準的な管理実務の考え方と異なる。,1:（1）の内容は、正答（2）「排水管は劣化しないため、清掃や点検は一切不要である。」が示す論点とずれています。;3:（3）の内容は、正答（2）「排水管は劣化しないため、清掃や点検は一切不要である。」が示す論点とずれています。;4:（4）の内容は、正答（2）「排水管は劣化しないため、清掃や点検は一切不要である。」が示す論点とずれています。,設備・維持保全は数値基準・点検周期・責任の所在がセットで出題されます。表や比較で整理し、他選択肢がどの要件（数値・主体・手続）とずれているかを確認してください。
457,single,建物・設備,正解選択;建物・設備;長期修繕計画,外壁と屋上防水の劣化に関する次の記述のうち、内容が正確なものはどれか。,,,,,,外壁タイルは施工後一切劣化しない。,屋上防水は雨水と無関係である。,外壁タイルの浮きや屋上防水層の劣化は、落下事故や漏水の原因となることがある。,シーリング材の劣化は、防水性と一切関係しない。,3,正解は3。選択肢1（誤り）　外壁タイルも浮きや剥落が生じる。本肢の記述は誤っている。選択肢2（誤り）　屋上防水は雨水浸入防止に重要である。本肢の記述は誤っている。選択肢3（正しい）　外壁・防水の劣化は事故や漏水につながる。本肢の記述は正当である。選択肢4（誤り）　シーリング材は防水性に関係する。本肢の記述は誤っている。,選択肢3（正しい）　外壁・防水の劣化は事故や漏水につながる。,選択肢3（正しい）　外壁・防水の劣化は事故や漏水につながる。,1:正答の解説と、主体・手続・効果のいずれかが一致していません。 選択肢（1）「外壁タイルは施工後一切劣化しない。」は本問の正答（3）とは異なるため不適です。;2:（2）「屋上防水は雨水と無関係である。」は、単独の記述としては法令上妥当な場合がありますが、本問で選ぶべき正答は（3）「外壁タイルの浮きや屋上防水層の劣化は、落下事故や漏水の原因となることがある。」です。問題文の条件（外壁と屋上防水の劣化に関する次の記述のうち、内容が正確なものはどれか。…）と照らし、設問が問う論点に合う肢を選び直してください。;4:正答の解説と、主体・手続・効果のいずれかが一致していません。 選択肢（4）「シーリング材の劣化は、防水性と一切関係しない。」は本問の正答（3）とは異なるため不適です。,設備・維持保全は数値基準・点検周期・責任の所在がセットで出題されます。表や比較で整理し、他選択肢がどの要件（数値・主体・手続）とずれているかを確認してください。
458,single,長期修繕計画,誤り選択;長期修繕計画,長期修繕計画の見直しに関する次の記述のうち、内容が正確でないものはどれか。,,,,,,給水管や排水管は、経年により劣化し、漏水や詰まりの原因となることがある。,消防用設備等は、定期的な点検及び報告が必要となる場合がある。,エレベーターは、安全に利用できるよう定期的な点検や保守が重要である。,修繕積立金の水準は、長期修繕計画と一切関係しない。,4,正解は4。選択肢1（正しい）　給排水管は劣化する。本肢の記述は正当である。選択肢2（正しい）　消防用設備は点検・報告が必要となる。本肢の記述は正当である。選択肢3（正しい）　昇降機の保守点検は安全に関係する。本肢の記述は正当である。選択肢4（誤り）　法令又は標準的な管理実務の考え方と異なる。本肢の記述は誤りである。,選択肢4（誤り）　法令又は標準的な管理実務の考え方と異なる。,選択肢4（誤り）　法令又は標準的な管理実務の考え方と異なる。,1:（1）の内容は、正答（4）「修繕積立金の水準は、長期修繕計画と一切関係しない。」が示す論点とずれています。;2:（2）の内容は、正答（4）「修繕積立金の水準は、長期修繕計画と一切関係しない。」が示す論点とずれています。;3:（3）の内容は、正答（4）「修繕積立金の水準は、長期修繕計画と一切関係しない。」が示す論点とずれています。,
459,single,管理組合実務,正解選択;管理組合実務;防災,災害時対応を検討する管理組合に関する次の記述のうち、内容が正確なものはどれか。,,,,,,連絡体制、避難経路、防災備蓄、設備停止時対応を事前に検討しておくことが重要である。,防災備蓄品は期限確認が不要で永久に使える。,災害時の安否確認では、個人情報への配慮は不要である。,防災訓練は常に法律で禁止されている。,1,正解は1。選択肢1（正しい）　災害対応では事前準備が重要である。本肢の記述は正当である。選択肢2（誤り）　備蓄品は期限や保管状態の確認が必要である。本肢の記述は誤っている。選択肢3（誤り）　個人情報やプライバシーへの配慮が必要である。本肢の記述は誤っている。選択肢4（誤り）　防災訓練は実施されることがある。本肢の記述は誤っている。,選択肢1（正しい）　災害対応では事前準備が重要である。,選択肢1（正しい）　災害対応では事前準備が重要である。,2:正答の解説と、主体・手続・効果のいずれかが一致していません。 選択肢（2）「防災備蓄品は期限確認が不要で永久に使える。」は本問の正答（1）とは異なるため不適です。;3:正答の解説と、主体・手続・効果のいずれかが一致していません。 選択肢（3）「災害時の安否確認では、個人情報への配慮は不要である。」は本問の正答（1）とは異なるため不適です。;4:（4）の内容は、正答（1）「連絡体制、避難経路、防災備蓄、設備停止時対応を事前に検討しておくことが重要である。」が示す論点とずれています。,
460,single,区分所有法,誤り選択;区分所有法,管理者が滞納管理費の回収方針を検討している。この場合に関する次の記述のうち、内容が正確でないものはどれか。,,,,,,区分所有者は、全員で建物等の管理を行うための団体を構成する。,管理者は、滞納管理費の請求について一切関与できない。,規約の設定、変更又は廃止には、原則として区分所有者及び議決権の各4分の3以上の多数が必要である。,管理者は、その職務に関し、区分所有者を代理する。,2,正解は2。選択肢1（正しい）　区分所有者全員で管理のための団体を構成する。本肢の記述は正当である。選択肢2（誤り）　法令又は標準的な管理実務の考え方と異なる。本肢の記述は誤りである。選択肢3（正しい）　規約変更等には特別多数決議が必要である。本肢の記述は正当である。選択肢4（正しい）　管理者には職務に関する代理権がある。本肢の記述は正当である。,選択肢2（誤り）　法令又は標準的な管理実務の考え方と異なる。,選択肢2（誤り）　法令又は標準的な管理実務の考え方と異なる。,1:（1）の内容は、正答（2）「管理者は、滞納管理費の請求について一切関与できない。」が示す論点とずれています。;3:（3）の内容は、正答（2）「管理者は、滞納管理費の請求について一切関与できない。」が示す論点とずれています。;4:（4）の内容は、正答（2）「管理者は、滞納管理費の請求について一切関与できない。」が示す論点とずれています。,
461,single,区分所有法,正解選択;区分所有法,規約改正案が一部の区分所有者に大きな不利益を与える可能性がある。この場合に関する次の記述のうち、内容が正確なものはどれか。,,,,,,特別の影響があっても、対象者の承諾は常に不要である。,規約変更は、理事長の署名だけで常に成立する。,規約変更が一部の区分所有者の権利に特別の影響を及ぼすべきときは、その承諾を得なければならない。,規約変更は、専有部分の使用には一切関係しない。,3,正解は3。選択肢1（誤り）　区分所有法は承諾を要求している。本肢の記述は誤っている。選択肢2（誤り）　規約変更には集会の特別多数決議が必要である。本肢の記述は誤っている。選択肢3（正しい）　特別の影響がある場合は対象者の承諾が必要である。本肢の記述は正当である。選択肢4（誤り）　使用方法に関する規約事項が問題となる場合がある。本肢の記述は誤っている。,選択肢3（正しい）　特別の影響がある場合は対象者の承諾が必要である。,選択肢3（正しい）　特別の影響がある場合は対象者の承諾が必要である。,1:正答の解説と、主体・手続・効果のいずれかが一致していません。 選択肢（1）「特別の影響があっても、対象者の承諾は常に不要である。」は本問の正答（3）とは異なるため不適です。;2:（2）の内容は、正答（3）「規約変更が一部の区分所有者の権利に特別の影響を及ぼすべきときは、その承諾を得なければならない。」が示す論点とずれています。;4:正答の解説と、主体・手続・効果のいずれかが一致していません。 選択肢（4）「規約変更は、専有部分の使用には一切関係しない。」は本問の正答（3）とは異なるため不適です。,
462,single,区分所有法,誤り選択;区分所有法,バルコニーの使用方法をめぐって管理組合が対応を検討している。この場合に関する次の記述のうち、内容が正確でないものはどれか。,,,,,,区分所有者は、全員で建物等の管理を行うための団体を構成する。,規約の設定、変更又は廃止には、原則として区分所有者及び議決権の各4分の3以上の多数が必要である。,管理者は、その職務に関し、区分所有者を代理する。,専用使用権がある部分は、常に専有部分となる。,4,正解は4。選択肢1（正しい）　区分所有者全員で管理のための団体を構成する。本肢の記述は正当である。選択肢2（正しい）　規約変更等には特別多数決議が必要である。本肢の記述は正当である。選択肢3（正しい）　管理者には職務に関する代理権がある。本肢の記述は正当である。選択肢4（誤り）　法令又は標準的な管理実務の考え方と異なる。本肢の記述は誤りである。,選択肢4（誤り）　法令又は標準的な管理実務の考え方と異なる。,選択肢4（誤り）　法令又は標準的な管理実務の考え方と異なる。,1:（1）の内容は、正答（4）「専用使用権がある部分は、常に専有部分となる。」が示す論点とずれています。;2:（2）の内容は、正答（4）「専用使用権がある部分は、常に専有部分となる。」が示す論点とずれています。;3:（3）の内容は、正答（4）「専用使用権がある部分は、常に専有部分となる。」が示す論点とずれています。,
463,single,区分所有法,正解選択;区分所有法,占有者が騒音を発生させている場合に関する次の記述のうち、内容が正確なものはどれか。,,,,,,占有者も、建物等の使用方法について規約又は集会決議で定めた事項を守らなければならない。,占有者は区分所有者でないため、規約や使用細則を一切守る必要がない。,占有者が共同利益に反する行為をしても、行為停止請求は一切できない。,占有者は、集会の目的事項に利害関係があっても意見を述べることができない。,1,正解は1。選択肢1（正しい）　占有者にも使用方法に関する規約等の遵守義務がある。本肢の記述は正当である。選択肢2（誤り）　占有者にも遵守義務がある。本肢の記述は誤っている。選択肢3（誤り）　占有者に対しても対応が問題となる。本肢の記述は誤っている。選択肢4（誤り）　利害関係がある場合、集会で意見を述べることができる。本肢の記述は誤っている。,選択肢1（正しい）　占有者にも使用方法に関する規約等の遵守義務がある。,選択肢1（正しい）　占有者にも使用方法に関する規約等の遵守義務がある。,2:正答の解説と、主体・手続・効果のいずれかが一致していません。 選択肢（2）「占有者は区分所有者でないため、規約や使用細則を一切守る必要がない。」は本問の正答（1）とは異なるため不適です。;3:正答の解説と、主体・手続・効果のいずれかが一致していません。 選択肢（3）「占有者が共同利益に反する行為をしても、行為停止請求は一切できない。」は本問の正答（1）とは異なるため不適です。;4:正答の解説と、主体・手続・効果のいずれかが一致していません。 選択肢（4）「占有者は、集会の目的事項に利害関係があっても意見を述べることができない。」は本問の正答（1）とは異なるため不適です。,
464,single,区分所有法,誤り選択;区分所有法,管理組合法人が理事を選任する場合に関する次の記述のうち、内容が正確でないものはどれか。,,,,,,区分所有者は、全員で建物等の管理を行うための団体を構成する。,管理組合法人の理事は、名称だけの役職で事務執行と無関係である。,規約の設定、変更又は廃止には、原則として区分所有者及び議決権の各4分の3以上の多数が必要である。,管理者は、その職務に関し、区分所有者を代理する。,2,正解は2。選択肢1（正しい）　区分所有者全員で管理のための団体を構成する。本肢の記述は正当である。選択肢2（誤り）　法令又は標準的な管理実務の考え方と異なる。本肢の記述は誤りである。選択肢3（正しい）　規約変更等には特別多数決議が必要である。本肢の記述は正当である。選択肢4（正しい）　管理者には職務に関する代理権がある。本肢の記述は正当である。,選択肢2（誤り）　法令又は標準的な管理実務の考え方と異なる。,選択肢2（誤り）　法令又は標準的な管理実務の考え方と異なる。,1:（1）の内容は、正答（2）「管理組合法人の理事は、名称だけの役職で事務執行と無関係である。」が示す論点とずれています。;3:（3）の内容は、正答（2）「管理組合法人の理事は、名称だけの役職で事務執行と無関係である。」が示す論点とずれています。;4:（4）の内容は、正答（2）「管理組合法人の理事は、名称だけの役職で事務執行と無関係である。」が示す論点とずれています。,
465,single,区分所有法,正解選択;区分所有法,団地内の複数棟の管理方法を検討している。この場合に関する次の記述のうち、内容が正確なものはどれか。,,,,,,団地管理組合が成立すると、各棟の管理関係は常に消滅する。,団地の土地や附属施設は、団地管理組合の管理対象にならない。,団地全体の管理事項と各棟固有の管理事項を区別する必要がある。,団地内建物の一括建替えは、理事長が単独で実施できる。,3,正解は3。選択肢1（誤り）　各棟固有の管理関係は残る場合がある。本肢の記述は誤っている。選択肢2（誤り）　団地の土地や附属施設は管理対象となる。本肢の記述は誤っている。選択肢3（正しい）　団地では団地全体と棟別管理の区別が重要である。本肢の記述は正当である。選択肢4（誤り）　法定決議や手続が必要である。本肢の記述は誤っている。,選択肢3（正しい）　団地では団地全体と棟別管理の区別が重要である。,選択肢3（正しい）　団地では団地全体と棟別管理の区別が重要である。,1:（1）の内容は、正答（3）「団地全体の管理事項と各棟固有の管理事項を区別する必要がある。」が示す論点とずれています。;2:正答の解説と、主体・手続・効果のいずれかが一致していません。 選択肢（2）「団地の土地や附属施設は、団地管理組合の管理対象にならない。」は本問の正答（3）とは異なるため不適です。;4:（4）の内容は、正答（3）「団地全体の管理事項と各棟固有の管理事項を区別する必要がある。」が示す論点とずれています。,
466,single,標準管理規約（単棟型）,誤り選択;標準管理規約（単棟型）,理事会が大規模修繕工事の議案を準備している。この場合に関する次の記述のうち、内容が正確でないものはどれか。,,,,,,理事長は、管理組合を代表し、その業務を統括する。,監事は、管理組合の業務の執行及び財産の状況を監査する。,総会では、収支予算及び事業計画、収支決算及び事業報告などを審議する。,理事会は、工事資料を組合員に一切示してはならない。,4,正解は4。選択肢1（正しい）　理事長は管理組合の代表者である。本肢の記述は正当である。選択肢2（正しい）　監事は業務と財産状況を監査する。本肢の記述は正当である。選択肢3（正しい）　予算・決算等は総会の重要事項である。本肢の記述は正当である。選択肢4（誤り）　法令又は標準的な管理実務の考え方と異なる。本肢の記述は誤りである。,選択肢4（誤り）　法令又は標準的な管理実務の考え方と異なる。,選択肢4（誤り）　法令又は標準的な管理実務の考え方と異なる。,1:（1）の内容は、正答（4）「理事会は、工事資料を組合員に一切示してはならない。」が示す論点とずれています。;2:（2）の内容は、正答（4）「理事会は、工事資料を組合員に一切示してはならない。」が示す論点とずれています。;3:（3）の内容は、正答（4）「理事会は、工事資料を組合員に一切示してはならない。」が示す論点とずれています。,
467,single,標準管理規約（単棟型）,正解選択;標準管理規約（単棟型）,監事が会計資料を確認する場面に関する次の記述のうち、内容が正確なものはどれか。,,,,,,監事は、管理組合の業務の執行及び財産の状況を監査する。,監事は、理事長の私的秘書としてだけ行動する。,監事は、会計資料を見てはならない。,監事は、監査結果を一切報告してはならない。,1,正解は1。選択肢1（正しい）　監事の基本的職務である。本肢の記述は正当である。選択肢2（誤り）　監事は監査機関である。本肢の記述は誤っている。選択肢3（誤り）　財産状況の監査には会計資料確認が必要である。本肢の記述は誤っている。選択肢4（誤り）　監査結果は総会で報告される。本肢の記述は誤っている。,選択肢1（正しい）　監事の基本的職務である。,選択肢1（正しい）　監事の基本的職務である。,2:（2）の内容は、正答（1）「監事は、管理組合の業務の執行及び財産の状況を監査する。」が示す論点とずれています。;3:（3）「監事は、会計資料を見てはならない。」は、単独の記述としては法令上妥当な場合がありますが、本問で選ぶべき正答は（1）「監事は、管理組合の業務の執行及び財産の状況を監査する。」です。問題文の条件（監事が会計資料を確認する場面に関する次の記述のうち、内容が正確なものはどれか。…）と照らし、設問が問う論点に合う肢を選び直してください。;4:正答の解説と、主体・手続・効果のいずれかが一致していません。 選択肢（4）「監事は、監査結果を一切報告してはならない。」は本問の正答（1）とは異なるため不適です。,
468,single,標準管理規約（単棟型）,誤り選択;標準管理規約（単棟型）,ペット飼育細則を定める場合に関する次の記述のうち、内容が正確でないものはどれか。,,,,,,理事長は、管理組合を代表し、その業務を統括する。,ペット飼育は共同生活に影響しないため、細則で定めることは一切できない。,監事は、管理組合の業務の執行及び財産の状況を監査する。,総会では、収支予算及び事業計画、収支決算及び事業報告などを審議する。,2,正解は2。選択肢1（正しい）　理事長は管理組合の代表者である。本肢の記述は正当である。選択肢2（誤り）　法令又は標準的な管理実務の考え方と異なる。本肢の記述は誤りである。選択肢3（正しい）　監事は業務と財産状況を監査する。本肢の記述は正当である。選択肢4（正しい）　予算・決算等は総会の重要事項である。本肢の記述は正当である。,選択肢2（誤り）　法令又は標準的な管理実務の考え方と異なる。,選択肢2（誤り）　法令又は標準的な管理実務の考え方と異なる。,1:（1）の内容は、正答（2）「ペット飼育は共同生活に影響しないため、細則で定めることは一切できない。」が示す論点とずれています。;3:（3）の内容は、正答（2）「ペット飼育は共同生活に影響しないため、細則で定めることは一切できない。」が示す論点とずれています。;4:（4）の内容は、正答（2）「ペット飼育は共同生活に影響しないため、細則で定めることは一切できない。」が示す論点とずれています。,
469,single,標準管理規約（団地型）,正解選択;標準管理規約（団地型）,団地型管理規約の運用に関する次の記述のうち、内容が正確なものはどれか。,,,,,,団地型規約では、棟別の事情を考慮することが一切できない。,団地型規約は単棟型規約と完全に同じである。,団地全体の管理と棟別の管理との関係を整理することが重要である。,団地の土地管理は、団地型規約と無関係である。,3,正解は3。選択肢1（誤り）　棟別の事情が問題となる場合がある。本肢の記述は誤っている。選択肢2（誤り）　団地特有の規定がある。本肢の記述は誤っている。選択肢3（正しい）　団地型では全体管理と棟別管理を区別する。本肢の記述は正当である。選択肢4（誤り）　団地の土地管理は重要事項である。本肢の記述は誤っている。,選択肢3（正しい）　団地型では全体管理と棟別管理を区別する。,選択肢3（正しい）　団地型では全体管理と棟別管理を区別する。,1:正答の解説と、主体・手続・効果のいずれかが一致していません。 選択肢（1）「団地型規約では、棟別の事情を考慮することが一切できない。」は本問の正答（3）とは異なるため不適です。;2:（2）の内容は、正答（3）「団地全体の管理と棟別の管理との関係を整理することが重要である。」が示す論点とずれています。;4:（4）の内容は、正答（3）「団地全体の管理と棟別の管理との関係を整理することが重要である。」が示す論点とずれています。,
470,single,標準管理規約（複合用途型）,誤り選択;標準管理規約（複合用途型）,住宅と店舗が併存するマンションに関する次の記述のうち、内容が正確でないものはどれか。,,,,,,理事長は、管理組合を代表し、その業務を統括する。,監事は、管理組合の業務の執行及び財産の状況を監査する。,総会では、収支予算及び事業計画、収支決算及び事業報告などを審議する。,複合用途型では区分経理を検討してはならない。,4,正解は4。選択肢1（正しい）　理事長は管理組合の代表者である。本肢の記述は正当である。選択肢2（正しい）　監事は業務と財産状況を監査する。本肢の記述は正当である。選択肢3（正しい）　予算・決算等は総会の重要事項である。本肢の記述は正当である。選択肢4（誤り）　法令又は標準的な管理実務の考え方と異なる。本肢の記述は誤りである。,選択肢4（誤り）　法令又は標準的な管理実務の考え方と異なる。,選択肢4（誤り）　法令又は標準的な管理実務の考え方と異なる。,1:（1）の内容は、正答（4）「複合用途型では区分経理を検討してはならない。」が示す論点とずれています。;2:（2）の内容は、正答（4）「複合用途型では区分経理を検討してはならない。」が示す論点とずれています。;3:（3）の内容は、正答（4）「複合用途型では区分経理を検討してはならない。」が示す論点とずれています。,
471,single,民法,正解選択;民法,管理組合が工事請負契約を締結する場面に関する次の記述のうち、内容が正確なものはどれか。,,,,,,請負は、当事者の一方が仕事を完成することを約し、相手方が報酬を支払うことを約する契約である。,請負人は仕事を完成する義務を一切負わない。,工事契約では契約不適合責任が一切問題にならない。,請負契約は、報酬の支払と無関係である。,1,正解は1。選択肢1（正しい）　請負契約の基本である。本肢の記述は正当である。選択肢2（誤り）　請負は仕事完成を目的とする。本肢の記述は誤っている。選択肢3（誤り）　工事目的物の契約不適合が問題となる。本肢の記述は誤っている。選択肢4（誤り）　報酬支払が請負契約の要素である。本肢の記述は誤っている。,選択肢1（正しい）　請負契約の基本である。,選択肢1（正しい）　請負契約の基本である。,2:（2）「請負人は仕事を完成する義務を一切負わない。」は、単独の記述としては法令上妥当な場合がありますが、本問で選ぶべき正答は（1）「請負は、当事者の一方が仕事を完成することを約し、相手方が報酬を支払うことを約する契約である。」です。問題文の条件（管理組合が工事請負契約を締結する場面に関する次の記述のうち、内容が正確なものはどれか。…）と照らし、設問が問う論点に合う肢を選び直してください。;3:正答の解説と、主体・手続・効果のいずれかが一致していません。 選択肢（3）「工事契約では契約不適合責任が一切問題にならない。」は本問の正答（1）とは異なるため不適です。;4:（4）「請負契約は、報酬の支払と無関係である。」は、単独の記述としては法令上妥当な場合がありますが、本問で選ぶべき正答は（1）「請負は、当事者の一方が仕事を完成することを約し、相手方が報酬を支払うことを約する契約である。」です。問題文の条件（管理組合が工事請負契約を締結する場面に関する次の記述のうち、内容が正確なものはどれか。…）と照らし、設問が問う論点に合う肢を選び直してください。,
472,single,民法,誤り選択;民法,管理組合が第三者に損害賠償を請求する場面に関する次の記述のうち、内容が正確でないものはどれか。,,,,,,共有物の保存行為は、各共有者がすることができる。,故意又は過失は、不法行為で一切問題とならない。,賃借人は、賃貸人の承諾を得なければ、賃借権を譲渡し又は転貸することができない。,請負は、仕事の完成と報酬の支払を内容とする契約である。,2,正解は2。選択肢1（正しい）　保存行為は各共有者ができる。本肢の記述は正当である。選択肢2（誤り）　法令又は標準的な管理実務の考え方と異なる。本肢の記述は誤りである。選択肢3（正しい）　譲渡・転貸には賃貸人の承諾が必要である。本肢の記述は正当である。選択肢4（正しい）　請負契約は仕事完成と報酬支払を内容とする。本肢の記述は正当である。,選択肢2（誤り）　法令又は標準的な管理実務の考え方と異なる。,選択肢2（誤り）　法令又は標準的な管理実務の考え方と異なる。,1:（1）の内容は、正答（2）「故意又は過失は、不法行為で一切問題とならない。」が示す論点とずれています。;3:正答の解説と、主体・手続・効果のいずれかが一致していません。 選択肢（3）「賃借人は、賃貸人の承諾を得なければ、賃借権を譲渡し又は転貸することができない。」は本問の正答（2）とは異なるため不適です。;4:（4）の内容は、正答（2）「故意又は過失は、不法行為で一切問題とならない。」が示す論点とずれています。,
473,single,民法,正解選択;民法;不動産登記法,専有部分の売買と登記に関する次の記述のうち、内容が正確なものはどれか。,,,,,,不動産を取得すれば、登記がなくても常にすべての第三者に対抗できる。,区分建物では、敷地権の登記が問題となることはない。,不動産に関する物権変動は、原則として登記をしなければ第三者に対抗できない。,相続登記は、所有者確認と一切関係しない。,3,正解は3。選択肢1（誤り）　登記がなければ対抗できない第三者がいる。本肢の記述は誤っている。選択肢2（誤り）　敷地権登記は重要である。本肢の記述は誤っている。選択肢3（正しい）　不動産登記は対抗要件として重要である。本肢の記述は正当である。選択肢4（誤り）　所有者確認に関係する。本肢の記述は誤っている。,選択肢3（正しい）　不動産登記は対抗要件として重要である。,選択肢3（正しい）　不動産登記は対抗要件として重要である。,1:（1）の内容は、正答（3）「不動産に関する物権変動は、原則として登記をしなければ第三者に対抗できない。」が示す論点とずれています。;2:正答の解説と、主体・手続・効果のいずれかが一致していません。 選択肢（2）「区分建物では、敷地権の登記が問題となることはない。」は本問の正答（3）とは異なるため不適です。;4:（4）「相続登記は、所有者確認と一切関係しない。」は、単独の記述としては法令上妥当な場合がありますが、本問で選ぶべき正答は（3）「不動産に関する物権変動は、原則として登記をしなければ第三者に対抗できない。」です。問題文の条件（専有部分の売買と登記に関する次の記述のうち、内容が正確なものはどれか。…）と照らし、設問が問う論点に合う肢を選び直してください。,
474,single,マンション管理適正化法,誤り選択;マンション管理適正化法;5問免除,管理業務主任者が重要事項説明を行う場面に関する次の記述のうち、内容が正確でないものはどれか。,,,,,,マンション管理士は、管理組合等の相談に応じ、助言、指導その他の援助を行う。,マンション管理業者には、登録制度が設けられている。,管理業務主任者は、管理受託契約に関する重要事項説明に関与する。,管理業務主任者証は、どのような場合でも提示不要である。,4,正解は4。選択肢1（正しい）　マンション管理士の基本的業務である。本肢の記述は正当である。選択肢2（正しい）　マンション管理業には登録制度がある。本肢の記述は正当である。選択肢3（正しい）　管理業務主任者は重要事項説明に関与する。本肢の記述は正当である。選択肢4（誤り）　法令又は標準的な管理実務の考え方と異なる。本肢の記述は誤りである。,選択肢4（誤り）　法令又は標準的な管理実務の考え方と異なる。,選択肢4（誤り）　法令又は標準的な管理実務の考え方と異なる。,1:（1）の内容は、正答（4）「管理業務主任者証は、どのような場合でも提示不要である。」が示す論点とずれています。;2:（2）の内容は、正答（4）「管理業務主任者証は、どのような場合でも提示不要である。」が示す論点とずれています。;3:（3）の内容は、正答（4）「管理業務主任者証は、どのような場合でも提示不要である。」が示す論点とずれています。,
475,single,マンション管理適正化法,正解選択;マンション管理適正化法;5問免除,管理計画認定を申請する管理組合に関する次の記述のうち、内容が正確なものはどれか。,,,,,,長期修繕計画、修繕積立金、管理規約、集会開催状況などは認定基準で重要な確認事項となる。,管理計画認定は、各住戸の壁紙の色だけを認定する制度である。,認定を受ければ、以後は修繕積立金を徴収してはならない。,管理規約の整備状況は、認定と一切関係しない。,1,正解は1。選択肢1（正しい）　管理計画認定では管理運営状況が確認される。本肢の記述は正当である。選択肢2（誤り）　管理組合の管理計画を認定する制度である。本肢の記述は誤っている。選択肢3（誤り）　認定後も適切な積立てが必要である。本肢の記述は誤っている。選択肢4（誤り）　規約整備は重要な確認事項である。本肢の記述は誤っている。,選択肢1（正しい）　管理計画認定では管理運営状況が確認される。,選択肢1（正しい）　管理計画認定では管理運営状況が確認される。,2:（2）の内容は、正答（1）「長期修繕計画、修繕積立金、管理規約、集会開催状況などは認定基準で重要な確認事項となる。」が示す論点とずれています。;3:正答の解説と、主体・手続・効果のいずれかが一致していません。 選択肢（3）「認定を受ければ、以後は修繕積立金を徴収してはならない。」は本問の正答（1）とは異なるため不適です。;4:正答の解説と、主体・手続・効果のいずれかが一致していません。 選択肢（4）「管理規約の整備状況は、認定と一切関係しない。」は本問の正答（1）とは異なるため不適です。,
476,single,標準管理委託契約書,誤り選択;標準管理委託契約書,管理委託契約の更新を検討する場面に関する次の記述のうち、内容が正確でないものはどれか。,,,,,,管理委託契約では、管理事務の内容、委託業務費、契約期間を明確にすることが重要である。,管理業者は、総会決議を自由に代替できる。,管理業者は、契約で定められた管理事務を行う。,契約更新時には、業務内容や委託費を確認することが重要である。,2,正解は2。選択肢1（正しい）　委託内容等の明確化が重要である。本肢の記述は正当である。選択肢2（誤り）　法令又は標準的な管理実務の考え方と異なる。本肢の記述は誤りである。選択肢3（正しい）　管理業者の業務範囲は契約で定められる。本肢の記述は正当である。選択肢4（正しい）　更新時は契約条件の確認が重要である。本肢の記述は正当である。,選択肢2（誤り）　法令又は標準的な管理実務の考え方と異なる。,選択肢2（誤り）　法令又は標準的な管理実務の考え方と異なる。,1:（1）の内容は、正答（2）「管理業者は、総会決議を自由に代替できる。」が示す論点とずれています。;3:（3）の内容は、正答（2）「管理業者は、総会決議を自由に代替できる。」が示す論点とずれています。;4:（4）の内容は、正答（2）「管理業者は、総会決議を自由に代替できる。」が示す論点とずれています。,
477,single,会計,正解選択;会計,修繕積立金会計の処理に関する次の記述のうち、内容が正確なものはどれか。,,,,,,修繕積立金は、理事長の私的支出に自由に使える。,修繕積立金会計は、長期修繕計画と一切関係しない。,修繕積立金会計は、管理費会計と目的に応じて区分して経理することが重要である。,修繕積立金は、必ず日常清掃費だけに使わなければならない。,3,正解は3。選択肢1（誤り）　修繕積立金は管理組合の目的資金である。本肢の記述は誤っている。選択肢2（誤り）　長期修繕計画と密接に関係する。本肢の記述は誤っている。選択肢3（正しい）　区分経理が重要である。本肢の記述は正当である。選択肢4（誤り）　計画修繕等に備える資金である。本肢の記述は誤っている。,選択肢3（正しい）　区分経理が重要である。,選択肢3（正しい）　区分経理が重要である。,1:（1）の内容は、正答（3）「修繕積立金会計は、管理費会計と目的に応じて区分して経理することが重要である。」が示す論点とずれています。;2:正答の解説と、主体・手続・効果のいずれかが一致していません。 選択肢（2）「修繕積立金会計は、長期修繕計画と一切関係しない。」は本問の正答（3）とは異なるため不適です。;4:正答の解説と、主体・手続・効果のいずれかが一致していません。 選択肢（4）「修繕積立金は、必ず日常清掃費だけに使わなければならない。」は本問の正答（3）とは異なるため不適です。,
478,single,税務,誤り選択;税務;会計,外部貸し駐車場収入に関する次の記述のうち、内容が正確でないものはどれか。,,,,,,管理費会計と修繕積立金会計は、目的に応じて区分して経理することが重要である。,未収管理費は、滞納状況を把握できるよう管理することが重要である。,収支予算案及び事業計画案は、総会で承認を受けることにより年度運営の基礎となる。,管理費と外部収入は、性質を区別してはならない。,4,正解は4。選択肢1（正しい）　目的別の区分経理が重要である。本肢の記述は正当である。選択肢2（正しい）　未収金管理は重要である。本肢の記述は正当である。選択肢3（正しい）　予算と事業計画は年度運営の基礎である。本肢の記述は正当である。選択肢4（誤り）　法令又は標準的な管理実務の考え方と異なる。本肢の記述は誤りである。,選択肢4（誤り）　法令又は標準的な管理実務の考え方と異なる。,選択肢4（誤り）　法令又は標準的な管理実務の考え方と異なる。,1:（1）の内容は、正答（4）「管理費と外部収入は、性質を区別してはならない。」が示す論点とずれています。;2:（2）の内容は、正答（4）「管理費と外部収入は、性質を区別してはならない。」が示す論点とずれています。;3:（3）の内容は、正答（4）「管理費と外部収入は、性質を区別してはならない。」が示す論点とずれています。,
479,single,建築基準法,正解選択;建築基準法,定期報告制度に関する次の記述のうち、内容が正確なものはどれか。,,,,,,一定の建築物、建築設備、防火設備、昇降機等は、定期報告の対象となる場合がある。,定期報告制度は存在せず、建築物の安全性と無関係である。,定期報告では、建物の用途や規模を確認してはならない。,昇降機は、定期検査報告制度と一切関係しない。,1,正解は1。選択肢1（正しい）　定期報告制度の対象となる場合がある。本肢の記述は正当である。選択肢2（誤り）　定期報告制度は安全性確保に関係する。本肢の記述は誤っている。選択肢3（誤り）　用途や規模により対象が異なる。本肢の記述は誤っている。選択肢4（誤り）　昇降機は対象となる場合がある。本肢の記述は誤っている。,選択肢1（正しい）　定期報告制度の対象となる場合がある。,選択肢1（正しい）　定期報告制度の対象となる場合がある。,2:（2）の内容は、正答（1）「一定の建築物、建築設備、防火設備、昇降機等は、定期報告の対象となる場合がある。」が示す論点とずれています。;3:正答の解説と、主体・手続・効果のいずれかが一致していません。 選択肢（3）「定期報告では、建物の用途や規模を確認してはならない。」は本問の正答（1）とは異なるため不適です。;4:正答の解説と、主体・手続・効果のいずれかが一致していません。 選択肢（4）「昇降機は、定期検査報告制度と一切関係しない。」は本問の正答（1）とは異なるため不適です。,
480,single,都市計画法,誤り選択;都市計画法;建築基準法,用途地域内のマンション建築に関する次の記述のうち、内容が正確でないものはどれか。,,,,,,市街化区域は、すでに市街地を形成している区域等である。,用途地域は、建築物の用途制限と一切関係しない。,市街化調整区域は、市街化を抑制すべき区域である。,用途地域ごとに、建築できる建築物の用途等が異なる。,2,正解は2。選択肢1（正しい）　市街化区域の基本的内容である。本肢の記述は正当である。選択肢2（誤り）　法令又は標準的な管理実務の考え方と異なる。本肢の記述は誤りである。選択肢3（正しい）　市街化調整区域は市街化抑制区域である。本肢の記述は正当である。選択肢4（正しい）　用途地域に応じて用途制限が異なる。本肢の記述は正当である。,選択肢2（誤り）　法令又は標準的な管理実務の考え方と異なる。,選択肢2（誤り）　法令又は標準的な管理実務の考え方と異なる。,1:（1）の内容は、正答（2）「用途地域は、建築物の用途制限と一切関係しない。」が示す論点とずれています。;3:（3）の内容は、正答（2）「用途地域は、建築物の用途制限と一切関係しない。」が示す論点とずれています。;4:（4）の内容は、正答（2）「用途地域は、建築物の用途制限と一切関係しない。」が示す論点とずれています。,
481,single,建物・設備,正解選択;建物・設備,給排水設備の維持管理に関する次の記述のうち、内容が正確なものはどれか。,,,,,,排水管は劣化しないため、清掃や点検は一切不要である。,受水槽は飲料水を貯留しないため、衛生管理は不要である。,排水管の詰まりや腐食は、漏水、悪臭、排水不良などの原因となることがある。,給水方式の変更は、水圧や管径と無関係に必ず実施できる。,3,正解は3。選択肢1（誤り）　排水管も劣化や詰まりが生じる。本肢の記述は誤っている。選択肢2（誤り）　受水槽は衛生管理が重要である。本肢の記述は誤っている。選択肢3（正しい）　排水管劣化は不具合の原因となる。本肢の記述は正当である。選択肢4（誤り）　水圧や管径等の検討が必要である。本肢の記述は誤っている。,選択肢3（正しい）　排水管劣化は不具合の原因となる。,選択肢3（正しい）　排水管劣化は不具合の原因となる。,1:正答の解説と、主体・手続・効果のいずれかが一致していません。 選択肢（1）「排水管は劣化しないため、清掃や点検は一切不要である。」は本問の正答（3）とは異なるため不適です。;2:正答の解説と、主体・手続・効果のいずれかが一致していません。 選択肢（2）「受水槽は飲料水を貯留しないため、衛生管理は不要である。」は本問の正答（3）とは異なるため不適です。;4:（4）の内容は、正答（3）「排水管の詰まりや腐食は、漏水、悪臭、排水不良などの原因となることがある。」が示す論点とずれています。,設備・維持保全は数値基準・点検周期・責任の所在がセットで出題されます。表や比較で整理し、他選択肢がどの要件（数値・主体・手続）とずれているかを確認してください。
482,single,建物・設備,誤り選択;建物・設備;長期修繕計画,外壁と屋上防水の劣化に関する次の記述のうち、内容が正確でないものはどれか。,,,,,,給水管や排水管は、経年により劣化し、漏水や詰まりの原因となることがある。,消防用設備等は、定期的な点検及び報告が必要となる場合がある。,エレベーターは、安全に利用できるよう定期的な点検や保守が重要である。,シーリング材の劣化は、防水性と一切関係しない。,4,正解は4。選択肢1（正しい）　給排水管は劣化する。本肢の記述は正当である。選択肢2（正しい）　消防用設備は点検・報告が必要となる。本肢の記述は正当である。選択肢3（正しい）　昇降機の保守点検は安全に関係する。本肢の記述は正当である。選択肢4（誤り）　法令又は標準的な管理実務の考え方と異なる。本肢の記述は誤りである。,選択肢4（誤り）　法令又は標準的な管理実務の考え方と異なる。,選択肢4（誤り）　法令又は標準的な管理実務の考え方と異なる。,1:（1）の内容は、正答（4）「シーリング材の劣化は、防水性と一切関係しない。」が示す論点とずれています。;2:（2）の内容は、正答（4）「シーリング材の劣化は、防水性と一切関係しない。」が示す論点とずれています。;3:（3）の内容は、正答（4）「シーリング材の劣化は、防水性と一切関係しない。」が示す論点とずれています。,設備・維持保全は数値基準・点検周期・責任の所在がセットで出題されます。表や比較で整理し、他選択肢がどの要件（数値・主体・手続）とずれているかを確認してください。
483,single,長期修繕計画,正解選択;長期修繕計画,長期修繕計画の見直しに関する次の記述のうち、内容が正確なものはどれか。,,,,,,長期修繕計画は、建物の劣化状況や工事費の変動に応じて定期的に見直すことが重要である。,長期修繕計画は一度作成すれば永久に見直してはならない。,長期修繕計画は、翌月の清掃予定表だけを作るものである。,修繕積立金の水準は、長期修繕計画と一切関係しない。,1,正解は1。選択肢1（正しい）　定期的な見直しが必要である。本肢の記述は正当である。選択肢2（誤り）　定期的な見直しが重要である。本肢の記述は誤っている。選択肢3（誤り）　長期の修繕工事を見込む計画である。本肢の記述は誤っている。選択肢4（誤り）　長期修繕計画は積立金水準検討に使われる。本肢の記述は誤っている。,選択肢1（正しい）　定期的な見直しが必要である。,選択肢1（正しい）　定期的な見直しが必要である。,2:正答の解説と、主体・手続・効果のいずれかが一致していません。 選択肢（2）「長期修繕計画は一度作成すれば永久に見直してはならない。」は本問の正答（1）とは異なるため不適です。;3:（3）の内容は、正答（1）「長期修繕計画は、建物の劣化状況や工事費の変動に応じて定期的に見直すことが重要である。」が示す論点とずれています。;4:正答の解説と、主体・手続・効果のいずれかが一致していません。 選択肢（4）「修繕積立金の水準は、長期修繕計画と一切関係しない。」は本問の正答（1）とは異なるため不適です。,
484,single,管理組合実務,誤り選択;管理組合実務;防災,災害時対応を検討する管理組合に関する次の記述のうち、内容が正確でないものはどれか。,,,,,,災害時に備えて、連絡体制や防災備蓄を事前に検討しておくことが重要である。,災害時の安否確認では、個人情報への配慮は不要である。,居住者名簿や防犯カメラ映像は、個人情報に配慮して管理する必要がある。,管理不全を防ぐため、総会開催、役員確保、修繕積立金の確保が重要である。,2,正解は2。選択肢1（正しい）　防災対応では事前準備が重要である。本肢の記述は正当である。選択肢2（誤り）　法令又は標準的な管理実務の考え方と異なる。本肢の記述は誤りである。選択肢3（正しい）　個人情報管理が重要である。本肢の記述は正当である。選択肢4（正しい）　管理不全予防には運営体制が重要である。本肢の記述は正当である。,選択肢2（誤り）　法令又は標準的な管理実務の考え方と異なる。,選択肢2（誤り）　法令又は標準的な管理実務の考え方と異なる。,1:（1）の内容は、正答（2）「災害時の安否確認では、個人情報への配慮は不要である。」が示す論点とずれています。;3:（3）の内容は、正答（2）「災害時の安否確認では、個人情報への配慮は不要である。」が示す論点とずれています。;4:（4）の内容は、正答（2）「災害時の安否確認では、個人情報への配慮は不要である。」が示す論点とずれています。,
485,single,区分所有法,正解選択;区分所有法,管理者が滞納管理費の回収方針を検討している。この場合に関する次の記述のうち、内容が正確なものはどれか。,,,,,,管理者は、滞納者の専有部分を裁判手続なしに直ちに売却できる。,管理者は、滞納管理費の請求について一切関与できない。,規約又は集会決議により、管理者が区分所有者のために原告となって訴訟を追行できる場合がある。,滞納管理費は、区分所有法上の管理とは無関係である。,3,正解は3。選択肢1（誤り）　管理者にそのような当然の売却権限はない。本肢の記述は誤っている。選択肢2（誤り）　管理者が訴訟追行できる場合がある。本肢の記述は誤っている。選択肢3（正しい）　管理者の訴訟追行権は、規約又は集会決議に基づいて認められる場合がある。本肢の記述は正当である。選択肢4（誤り）　管理費等の回収は管理組合運営に関係する。本肢の記述は誤っている。,選択肢3（正しい）　管理者の訴訟追行権は、規約又は集会決議に基づいて認められる場合がある。,選択肢3（正しい）　管理者の訴訟追行権は、規約又は集会決議に基づいて認められる場合がある。,1:（1）の内容は、正答（3）「規約又は集会決議により、管理者が区分所有者のために原告となって訴訟を追行できる場合がある。」が示す論点とずれています。;2:正答の解説と、主体・手続・効果のいずれかが一致していません。 選択肢（2）「管理者は、滞納管理費の請求について一切関与できない。」は本問の正答（3）とは異なるため不適です。;4:（4）の内容は、正答（3）「規約又は集会決議により、管理者が区分所有者のために原告となって訴訟を追行できる場合がある。」が示す論点とずれています。,
486,single,区分所有法,誤り選択;区分所有法,規約改正案が一部の区分所有者に大きな不利益を与える可能性がある。この場合に関する次の記述のうち、内容が正確でないものはどれか。,,,,,,区分所有者は、全員で建物等の管理を行うための団体を構成する。,規約の設定、変更又は廃止には、原則として区分所有者及び議決権の各4分の3以上の多数が必要である。,管理者は、その職務に関し、区分所有者を代理する。,特別の影響があっても、対象者の承諾は常に不要である。,4,正解は4。選択肢1（正しい）　区分所有者全員で管理のための団体を構成する。本肢の記述は正当である。選択肢2（正しい）　規約変更等には特別多数決議が必要である。本肢の記述は正当である。選択肢3（正しい）　管理者には職務に関する代理権がある。本肢の記述は正当である。選択肢4（誤り）　法令又は標準的な管理実務の考え方と異なる。本肢の記述は誤りである。,選択肢4（誤り）　法令又は標準的な管理実務の考え方と異なる。,選択肢4（誤り）　法令又は標準的な管理実務の考え方と異なる。,1:（1）の内容は、正答（4）「特別の影響があっても、対象者の承諾は常に不要である。」が示す論点とずれています。;2:（2）の内容は、正答（4）「特別の影響があっても、対象者の承諾は常に不要である。」が示す論点とずれています。;3:（3）の内容は、正答（4）「特別の影響があっても、対象者の承諾は常に不要である。」が示す論点とずれています。,
487,single,区分所有法,正解選択;区分所有法,バルコニーの使用方法をめぐって管理組合が対応を検討している。この場合に関する次の記述のうち、内容が正確なものはどれか。,,,,,,バルコニーは専用使用部分とされることが多いが、共用部分として管理上の制約を受けることがある。,専用使用権がある部分は、常に専有部分となる。,バルコニーの避難経路をふさぐ使用は、管理組合が一切問題にできない。,専用使用部分には、規約や細則を適用できない。,1,正解は1。選択肢1（正しい）　専用使用部分でも共用部分としての管理制約がある。本肢の記述は正当である。選択肢2（誤り）　専用使用権があっても当然に専有部分となるわけではない。本肢の記述は誤っている。選択肢3（誤り）　避難や共同利益の観点から問題となる。本肢の記述は誤っている。選択肢4（誤り）　規約や細則で使用方法を定めることがある。本肢の記述は誤っている。,選択肢1（正しい）　専用使用部分でも共用部分としての管理制約がある。,選択肢1（正しい）　専用使用部分でも共用部分としての管理制約がある。,2:（2）の内容は、正答（1）「バルコニーは専用使用部分とされることが多いが、共用部分として管理上の制約を受けることがある。」が示す論点とずれています。;3:正答の解説と、主体・手続・効果のいずれかが一致していません。 選択肢（3）「バルコニーの避難経路をふさぐ使用は、管理組合が一切問題にできない。」は本問の正答（1）とは異なるため不適です。;4:正答の解説と、主体・手続・効果のいずれかが一致していません。 選択肢（4）「専用使用部分には、規約や細則を適用できない。」は本問の正答（1）とは異なるため不適です。,
488,single,区分所有法,誤り選択;区分所有法,占有者が騒音を発生させている場合に関する次の記述のうち、内容が正確でないものはどれか。,,,,,,区分所有者は、全員で建物等の管理を行うための団体を構成する。,占有者は、集会の目的事項に利害関係があっても意見を述べることができない。,規約の設定、変更又は廃止には、原則として区分所有者及び議決権の各4分の3以上の多数が必要である。,管理者は、その職務に関し、区分所有者を代理する。,2,正解は2。選択肢1（正しい）　区分所有者全員で管理のための団体を構成する。本肢の記述は正当である。選択肢2（誤り）　法令又は標準的な管理実務の考え方と異なる。本肢の記述は誤りである。選択肢3（正しい）　規約変更等には特別多数決議が必要である。本肢の記述は正当である。選択肢4（正しい）　管理者には職務に関する代理権がある。本肢の記述は正当である。,選択肢2（誤り）　法令又は標準的な管理実務の考え方と異なる。,選択肢2（誤り）　法令又は標準的な管理実務の考え方と異なる。,1:（1）の内容は、正答（2）「占有者は、集会の目的事項に利害関係があっても意見を述べることができない。」が示す論点とずれています。;3:（3）の内容は、正答（2）「占有者は、集会の目的事項に利害関係があっても意見を述べることができない。」が示す論点とずれています。;4:（4）の内容は、正答（2）「占有者は、集会の目的事項に利害関係があっても意見を述べることができない。」が示す論点とずれています。,
489,single,区分所有法,正解選択;区分所有法,管理組合法人が理事を選任する場合に関する次の記述のうち、内容が正確なものはどれか。,,,,,,管理組合法人には理事を置くことができない。,管理組合法人には監事を置くことが禁止されている。,管理組合法人には、理事及び監事を置かなければならない。,管理組合法人の理事は、名称だけの役職で事務執行と無関係である。,3,正解は3。選択肢1（誤り）　理事を置く必要がある。本肢の記述は誤っている。選択肢2（誤り）　監事を置く必要がある。本肢の記述は誤っている。選択肢3（正しい）　管理組合法人には理事と監事が必要である。本肢の記述は正当である。選択肢4（誤り）　理事は法人の事務執行に関係する。本肢の記述は誤っている。,選択肢3（正しい）　管理組合法人には理事と監事が必要である。,選択肢3（正しい）　管理組合法人には理事と監事が必要である。,1:正答の解説と、主体・手続・効果のいずれかが一致していません。 選択肢（1）「管理組合法人には理事を置くことができない。」は本問の正答（3）とは異なるため不適です。;2:（2）の内容は、正答（3）「管理組合法人には、理事及び監事を置かなければならない。」が示す論点とずれています。;4:（4）の内容は、正答（3）「管理組合法人には、理事及び監事を置かなければならない。」が示す論点とずれています。,
490,single,区分所有法,誤り選択;区分所有法,団地内の複数棟の管理方法を検討している。この場合に関する次の記述のうち、内容が正確でないものはどれか。,,,,,,区分所有者は、全員で建物等の管理を行うための団体を構成する。,規約の設定、変更又は廃止には、原則として区分所有者及び議決権の各4分の3以上の多数が必要である。,管理者は、その職務に関し、区分所有者を代理する。,団地の土地や附属施設は、団地管理組合の管理対象にならない。,4,正解は4。選択肢1（正しい）　区分所有者全員で管理のための団体を構成する。本肢の記述は正当である。選択肢2（正しい）　規約変更等には特別多数決議が必要である。本肢の記述は正当である。選択肢3（正しい）　管理者には職務に関する代理権がある。本肢の記述は正当である。選択肢4（誤り）　法令又は標準的な管理実務の考え方と異なる。本肢の記述は誤りである。,選択肢4（誤り）　法令又は標準的な管理実務の考え方と異なる。,選択肢4（誤り）　法令又は標準的な管理実務の考え方と異なる。,1:（1）の内容は、正答（4）「団地の土地や附属施設は、団地管理組合の管理対象にならない。」が示す論点とずれています。;2:（2）の内容は、正答（4）「団地の土地や附属施設は、団地管理組合の管理対象にならない。」が示す論点とずれています。;3:（3）の内容は、正答（4）「団地の土地や附属施設は、団地管理組合の管理対象にならない。」が示す論点とずれています。,
491,single,標準管理規約（単棟型）,正解選択;標準管理規約（単棟型）,理事会が大規模修繕工事の議案を準備している。この場合に関する次の記述のうち、内容が正確なものはどれか。,,,,,,理事会は、総会に提出する議案を審議し、必要な資料を整えることがある。,理事会は、総会決議が必要な事項をすべて単独で最終決定できる。,理事会は、工事資料を組合員に一切示してはならない。,理事会には、管理組合運営に関する役割がない。,1,正解は1。選択肢1（正しい）　理事会は総会提出議案を準備する役割を担う。本肢の記述は正当である。選択肢2（誤り）　総会決議事項は総会で決する必要がある。本肢の記述は誤っている。選択肢3（誤り）　資料提示は合意形成に重要である。本肢の記述は誤っている。選択肢4（誤り）　理事会は管理組合運営で重要な役割を担う。本肢の記述は誤っている。,選択肢1（正しい）　理事会は総会提出議案を準備する役割を担う。,選択肢1（正しい）　理事会は総会提出議案を準備する役割を担う。,2:（2）の内容は、正答（1）「理事会は、総会に提出する議案を審議し、必要な資料を整えることがある。」が示す論点とずれています。;3:正答の解説と、主体・手続・効果のいずれかが一致していません。 選択肢（3）「理事会は、工事資料を組合員に一切示してはならない。」は本問の正答（1）とは異なるため不適です。;4:正答の解説と、主体・手続・効果のいずれかが一致していません。 選択肢（4）「理事会には、管理組合運営に関する役割がない。」は本問の正答（1）とは異なるため不適です。,
492,single,標準管理規約（単棟型）,誤り選択;標準管理規約（単棟型）,監事が会計資料を確認する場面に関する次の記述のうち、内容が正確でないものはどれか。,,,,,,理事長は、管理組合を代表し、その業務を統括する。,監事は、理事長の私的秘書としてだけ行動する。,監事は、管理組合の業務の執行及び財産の状況を監査する。,総会では、収支予算及び事業計画、収支決算及び事業報告などを審議する。,2,正解は2。選択肢1（正しい）　理事長は管理組合の代表者である。本肢の記述は正当である。選択肢2（誤り）　法令又は標準的な管理実務の考え方と異なる。本肢の記述は誤りである。選択肢3（正しい）　監事は業務と財産状況を監査する。本肢の記述は正当である。選択肢4（正しい）　予算・決算等は総会の重要事項である。本肢の記述は正当である。,選択肢2（誤り）　法令又は標準的な管理実務の考え方と異なる。,選択肢2（誤り）　法令又は標準的な管理実務の考え方と異なる。,1:（1）の内容は、正答（2）「監事は、理事長の私的秘書としてだけ行動する。」が示す論点とずれています。;3:（3）の内容は、正答（2）「監事は、理事長の私的秘書としてだけ行動する。」が示す論点とずれています。;4:（4）の内容は、正答（2）「監事は、理事長の私的秘書としてだけ行動する。」が示す論点とずれています。,
493,single,標準管理規約（単棟型）,正解選択;標準管理規約（単棟型）,ペット飼育細則を定める場合に関する次の記述のうち、内容が正確なものはどれか。,,,,,,ペット飼育は共同生活に影響しないため、細則で定めることは一切できない。,ペット飼育細則は、規約と矛盾しても常に優先する。,ペット飼育を認める場合でも、種類、頭数、共用部分での移動方法等を定めることがある。,ペットによる迷惑防止を管理組合が検討することはできない。,3,正解は3。選択肢1（誤り）　細則で具体的ルールを定めることがある。本肢の記述は誤っている。選択肢2（誤り）　細則は規約に反することはできない。本肢の記述は誤っている。選択肢3（正しい）　共同生活秩序のため具体的ルールを定める。本肢の記述は正当である。選択肢4（誤り）　共同生活上の迷惑防止として検討できる。本肢の記述は誤っている。,選択肢3（正しい）　共同生活秩序のため具体的ルールを定める。,選択肢3（正しい）　共同生活秩序のため具体的ルールを定める。,1:正答の解説と、主体・手続・効果のいずれかが一致していません。 選択肢（1）「ペット飼育は共同生活に影響しないため、細則で定めることは一切できない。」は本問の正答（3）とは異なるため不適です。;2:（2）の内容は、正答（3）「ペット飼育を認める場合でも、種類、頭数、共用部分での移動方法等を定めることがある。」が示す論点とずれています。;4:正答の解説と、主体・手続・効果のいずれかが一致していません。 選択肢（4）「ペットによる迷惑防止を管理組合が検討することはできない。」は本問の正答（3）とは異なるため不適です。,
494,single,標準管理規約（団地型）,誤り選択;標準管理規約（団地型）,団地型管理規約の運用に関する次の記述のうち、内容が正確でないものはどれか。,,,,,,理事長は、管理組合を代表し、その業務を統括する。,監事は、管理組合の業務の執行及び財産の状況を監査する。,総会では、収支予算及び事業計画、収支決算及び事業報告などを審議する。,団地の土地管理は、団地型規約と無関係である。,4,正解は4。選択肢1（正しい）　理事長は管理組合の代表者である。本肢の記述は正当である。選択肢2（正しい）　監事は業務と財産状況を監査する。本肢の記述は正当である。選択肢3（正しい）　予算・決算等は総会の重要事項である。本肢の記述は正当である。選択肢4（誤り）　法令又は標準的な管理実務の考え方と異なる。本肢の記述は誤りである。,選択肢4（誤り）　法令又は標準的な管理実務の考え方と異なる。,選択肢4（誤り）　法令又は標準的な管理実務の考え方と異なる。,1:（1）の内容は、正答（4）「団地の土地管理は、団地型規約と無関係である。」が示す論点とずれています。;2:（2）の内容は、正答（4）「団地の土地管理は、団地型規約と無関係である。」が示す論点とずれています。;3:（3）の内容は、正答（4）「団地の土地管理は、団地型規約と無関係である。」が示す論点とずれています。,
495,single,標準管理規約（複合用途型）,正解選択;標準管理規約（複合用途型）,住宅と店舗が併存するマンションに関する次の記述のうち、内容が正確なものはどれか。,,,,,,用途に応じて管理費負担や使用ルールを整理することがある。,住宅部分と店舗部分の利害は常に完全に一致する。,店舗の営業時間や騒音は、管理規約と一切関係しない。,複合用途型では区分経理を検討してはならない。,1,正解は1。選択肢1（正しい）　複合用途型では用途別の利害調整が必要となる。本肢の記述は正当である。選択肢2（誤り）　用途により利害が異なることがある。本肢の記述は誤っている。選択肢3（誤り）　共同生活に影響する場合がある。本肢の記述は誤っている。選択肢4（誤り）　区分経理が検討される場合がある。本肢の記述は誤っている。,選択肢1（正しい）　複合用途型では用途別の利害調整が必要となる。,選択肢1（正しい）　複合用途型では用途別の利害調整が必要となる。,2:（2）の内容は、正答（1）「用途に応じて管理費負担や使用ルールを整理することがある。」が示す論点とずれています。;3:正答の解説と、主体・手続・効果のいずれかが一致していません。 選択肢（3）「店舗の営業時間や騒音は、管理規約と一切関係しない。」は本問の正答（1）とは異なるため不適です。;4:正答の解説と、主体・手続・効果のいずれかが一致していません。 選択肢（4）「複合用途型では区分経理を検討してはならない。」は本問の正答（1）とは異なるため不適です。,
496,single,民法,誤り選択;民法,管理組合が工事請負契約を締結する場面に関する次の記述のうち、内容が正確でないものはどれか。,,,,,,共有物の保存行為は、各共有者がすることができる。,工事契約では契約不適合責任が一切問題にならない。,賃借人は、賃貸人の承諾を得なければ、賃借権を譲渡し又は転貸することができない。,請負は、仕事の完成と報酬の支払を内容とする契約である。,2,正解は2。選択肢1（正しい）　保存行為は各共有者ができる。本肢の記述は正当である。選択肢2（誤り）　法令又は標準的な管理実務の考え方と異なる。本肢の記述は誤りである。選択肢3（正しい）　譲渡・転貸には賃貸人の承諾が必要である。本肢の記述は正当である。選択肢4（正しい）　請負契約は仕事完成と報酬支払を内容とする。本肢の記述は正当である。,選択肢2（誤り）　法令又は標準的な管理実務の考え方と異なる。,選択肢2（誤り）　法令又は標準的な管理実務の考え方と異なる。,1:（1）の内容は、正答（2）「工事契約では契約不適合責任が一切問題にならない。」が示す論点とずれています。;3:正答の解説と、主体・手続・効果のいずれかが一致していません。 選択肢（3）「賃借人は、賃貸人の承諾を得なければ、賃借権を譲渡し又は転貸することができない。」は本問の正答（2）とは異なるため不適です。;4:（4）の内容は、正答（2）「工事契約では契約不適合責任が一切問題にならない。」が示す論点とずれています。,
497,single,民法,正解選択;民法,管理組合が第三者に損害賠償を請求する場面に関する次の記述のうち、内容が正確なものはどれか。,,,,,,損害が発生しなくても、不法行為責任は常に成立する。,故意又は過失は、不法行為で一切問題とならない。,故意又は過失によって他人の権利又は法律上保護される利益を侵害した者は、損害賠償責任を負う。,共用部分の事故は、損害賠償と常に無関係である。,3,正解は3。選択肢1（誤り）　損害の発生が必要である。本肢の記述は誤っている。選択肢2（誤り）　故意又は過失が問題となる。本肢の記述は誤っている。選択肢3（正しい）　不法行為責任の基本である。本肢の記述は正当である。選択肢4（誤り）　事故状況により責任が問題となる。本肢の記述は誤っている。,選択肢3（正しい）　不法行為責任の基本である。,選択肢3（正しい）　不法行為責任の基本である。,1:（1）の内容は、正答（3）「故意又は過失によって他人の権利又は法律上保護される利益を侵害した者は、損害賠償責任を負う。」が示す論点とずれています。;2:正答の解説と、主体・手続・効果のいずれかが一致していません。 選択肢（2）「故意又は過失は、不法行為で一切問題とならない。」は本問の正答（3）とは異なるため不適です。;4:（4）の内容は、正答（3）「故意又は過失によって他人の権利又は法律上保護される利益を侵害した者は、損害賠償責任を負う。」が示す論点とずれています。,
498,single,民法,誤り選択;民法;不動産登記法,専有部分の売買と登記に関する次の記述のうち、内容が正確でないものはどれか。,,,,,,共有物の保存行為は、各共有者がすることができる。,賃借人は、賃貸人の承諾を得なければ、賃借権を譲渡し又は転貸することができない。,請負は、仕事の完成と報酬の支払を内容とする契約である。,不動産を取得すれば、登記がなくても常にすべての第三者に対抗できる。,4,正解は4。選択肢1（正しい）　保存行為は各共有者ができる。本肢の記述は正当である。選択肢2（正しい）　譲渡・転貸には賃貸人の承諾が必要である。本肢の記述は正当である。選択肢3（正しい）　請負契約は仕事完成と報酬支払を内容とする。本肢の記述は正当である。選択肢4（誤り）　法令又は標準的な管理実務の考え方と異なる。本肢の記述は誤りである。,選択肢4（誤り）　法令又は標準的な管理実務の考え方と異なる。,選択肢4（誤り）　法令又は標準的な管理実務の考え方と異なる。,1:（1）の内容は、正答（4）「不動産を取得すれば、登記がなくても常にすべての第三者に対抗できる。」が示す論点とずれています。;2:正答の解説と、主体・手続・効果のいずれかが一致していません。 選択肢（2）「賃借人は、賃貸人の承諾を得なければ、賃借権を譲渡し又は転貸することができない。」は本問の正答（4）とは異なるため不適です。;3:（3）の内容は、正答（4）「不動産を取得すれば、登記がなくても常にすべての第三者に対抗できる。」が示す論点とずれています。,
499,single,マンション管理適正化法,正解選択;マンション管理適正化法;5問免除,管理業務主任者が重要事項説明を行う場面に関する次の記述のうち、内容が正確なものはどれか。,,,,,,管理業務主任者は、重要事項説明を行う際、管理業務主任者証を提示する必要がある。,管理業務主任者証は、どのような場合でも提示不要である。,重要事項説明は、管理業務主任者でない者が自由に行えば足りる。,管理業務主任者は、管理受託契約と無関係である。,1,正解は1。選択肢1（正しい）　主任者証の提示が必要である。本肢の記述は正当である。選択肢2（誤り）　重要事項説明時には提示が必要である。本肢の記述は誤っている。選択肢3（誤り）　管理業務主任者が関与する必要がある。本肢の記述は誤っている。選択肢4（誤り）　管理受託契約の説明等に関与する。本肢の記述は誤っている。,選択肢1（正しい）　主任者証の提示が必要である。,選択肢1（正しい）　主任者証の提示が必要である。,2:正答の解説と、主体・手続・効果のいずれかが一致していません。 選択肢（2）「管理業務主任者証は、どのような場合でも提示不要である。」は本問の正答（1）とは異なるため不適です。;3:正答の解説と、主体・手続・効果のいずれかが一致していません。 選択肢（3）「重要事項説明は、管理業務主任者でない者が自由に行えば足りる。」は本問の正答（1）とは異なるため不適です。;4:（4）の内容は、正答（1）「管理業務主任者は、重要事項説明を行う際、管理業務主任者証を提示する必要がある。」が示す論点とずれています。,
500,single,マンション管理適正化法,誤り選択;マンション管理適正化法;5問免除,管理計画認定を申請する管理組合に関する次の記述のうち、内容が正確でないものはどれか。,,,,,,マンション管理士は、管理組合等の相談に応じ、助言、指導その他の援助を行う。,管理規約の整備状況は、認定と一切関係しない。,マンション管理業者には、登録制度が設けられている。,管理業務主任者は、管理受託契約に関する重要事項説明に関与する。,2,正解は2。選択肢1（正しい）　マンション管理士の基本的業務である。本肢の記述は正当である。選択肢2（誤り）　法令又は標準的な管理実務の考え方と異なる。本肢の記述は誤りである。選択肢3（正しい）　マンション管理業には登録制度がある。本肢の記述は正当である。選択肢4（正しい）　管理業務主任者は重要事項説明に関与する。本肢の記述は正当である。,選択肢2（誤り）　法令又は標準的な管理実務の考え方と異なる。,選択肢2（誤り）　法令又は標準的な管理実務の考え方と異なる。,1:（1）の内容は、正答（2）「管理規約の整備状況は、認定と一切関係しない。」が示す論点とずれています。;3:（3）の内容は、正答（2）「管理規約の整備状況は、認定と一切関係しない。」が示す論点とずれています。;4:（4）の内容は、正答（2）「管理規約の整備状況は、認定と一切関係しない。」が示す論点とずれています。,
